t_s,rss_kb,phase
0.001,351480,start
0.102,369216,warmup
0.203,386788,warmup
0.304,396496,warmup
0.405,405968,warmup
0.505,428828,warmup
0.606,434504,warmup
0.706,443136,warmup
0.806,443516,warmup
0.907,444000,warmup
1.007,470440,warmup
1.108,473796,warmup
1.208,483900,warmup
1.309,494616,warmup
1.409,506280,warmup
1.510,510648,warmup
1.610,511384,warmup
1.711,511408,warmup
1.811,512080,warmup
1.911,514112,warmup
2.012,520596,warmup
2.112,525952,warmup
2.213,531428,warmup
2.313,531472,warmup
2.414,531472,warmup
2.514,531472,warmup
2.615,533060,warmup
2.715,533300,warmup
2.815,533300,warmup
2.916,533300,warmup
3.017,534944,setup
3.117,548588,jit
3.218,548596,jit
3.319,550644,loop
3.420,562668,loop
3.521,562668,loop
3.622,562676,loop
3.722,562676,loop
3.823,562676,loop
3.923,562684,loop
4.023,562684,loop
4.124,562684,loop
4.224,562684,loop
4.325,562684,loop
4.425,562684,loop
4.526,562684,loop
4.626,562684,loop
4.727,562684,loop
4.827,562684,loop
4.927,566108,loop
5.028,588188,loop
5.128,588188,loop
5.229,588188,loop
5.329,588188,loop
5.430,588188,loop
5.530,588188,loop
5.631,588188,loop
5.731,588188,loop
5.831,588188,loop
5.932,588188,loop
6.032,588188,loop
6.133,588188,loop
6.233,588188,loop
6.334,588188,loop
6.434,588188,loop
6.535,588188,loop
6.635,588188,loop
6.735,588188,loop
6.836,588188,loop
6.936,588188,loop
7.037,588188,loop
7.137,588188,loop
7.238,588188,loop
7.338,588188,loop
7.438,588188,loop
7.539,588188,loop
7.639,588188,loop
7.740,588188,loop
7.840,588188,loop
7.941,588188,loop
8.041,588188,loop
8.142,600844,loop
8.242,600844,loop
8.342,600844,loop
8.443,600844,loop
8.543,600844,loop
8.644,600844,loop
8.744,600844,loop
8.844,600844,loop
8.945,600844,loop
9.045,600844,loop
9.146,600844,loop
9.246,600844,loop
9.347,600844,loop
9.447,600848,loop
9.548,601836,loop
9.648,601836,loop
9.748,601836,loop
9.849,601836,loop
9.949,601836,loop
10.050,601836,loop
10.150,601836,loop
10.251,602068,loop
10.351,602068,loop
10.451,602068,loop
10.552,602068,loop
10.652,602068,loop
10.753,602068,loop
10.853,602068,loop
10.954,602068,loop
11.054,602068,loop
11.155,602068,loop
11.255,607432,loop
11.355,602068,loop
11.456,602068,loop
11.556,602068,loop
11.657,602068,loop
11.757,602068,loop
11.858,602068,loop
11.958,602068,loop
12.058,602068,loop
12.159,602068,loop
12.259,602068,loop
12.360,602068,loop
12.460,602068,loop
12.561,602068,loop
12.661,602068,loop
12.762,602068,loop
12.862,602068,loop
12.963,602068,loop
13.063,602068,loop
13.163,602068,loop
13.264,602068,loop
13.364,602068,loop
13.465,602068,loop
13.565,602068,loop
13.666,602068,loop
13.766,602068,loop
13.866,602068,loop
13.967,602068,loop
14.067,602068,loop
14.168,602068,loop
14.268,602068,loop
14.369,602068,loop
14.469,602068,loop
14.570,602068,loop
14.670,602068,loop
14.770,602068,loop
14.871,602068,loop
14.971,602068,loop
15.072,602068,loop
15.172,602068,loop
15.273,602068,loop
15.373,602068,loop
15.474,602068,loop
15.574,602068,loop
15.674,602068,loop
15.775,602068,loop
15.875,602068,loop
15.976,602068,loop
16.076,602068,loop
16.177,602068,loop
16.277,602068,loop
16.378,602068,loop
16.478,602068,loop
16.578,602068,loop
16.679,602068,loop
16.779,602068,loop
16.880,602068,loop
16.980,602068,loop
17.081,602068,loop
17.181,602068,loop
17.281,602068,loop
17.382,602068,loop
17.482,602068,loop
17.583,602068,loop
17.683,602068,loop
17.784,602068,loop
17.884,602068,loop
17.985,602068,loop
18.085,602068,loop
18.185,602068,loop
18.286,602068,loop
18.386,602068,loop
18.487,602068,loop
18.587,602068,loop
18.688,602068,loop
18.788,602068,loop
18.889,602068,loop
18.989,602068,loop
19.089,602068,loop
19.190,602068,loop
19.290,602068,loop
19.391,602068,loop
19.491,602068,loop
19.592,602068,loop
19.692,602068,loop
19.792,602068,loop
19.893,602068,loop
19.993,602068,loop
20.094,602068,loop
20.194,602068,loop
20.295,602068,loop
20.395,602068,loop
20.496,602952,loop
20.596,602952,loop
20.696,602952,loop
20.797,602952,loop
20.897,602952,loop
20.998,602952,loop
21.098,602952,loop
21.199,602952,loop
21.299,602952,loop
21.400,602952,loop
21.500,602952,loop
21.600,602952,loop
21.701,602952,loop
21.801,602952,loop
21.902,602952,loop
22.002,602952,loop
22.103,602952,loop
22.203,602952,loop
22.303,602952,loop
22.404,602952,loop
22.504,602952,loop
22.605,602952,loop
22.705,602952,loop
22.806,602952,loop
22.906,602952,loop
23.007,602952,loop
23.107,602952,loop
23.208,602952,loop
23.308,602952,loop
23.408,602952,loop
23.509,602952,loop
23.609,602952,loop
23.710,602952,loop
23.810,602952,loop
23.911,602952,loop
24.011,602952,loop
24.112,602952,loop
24.212,602952,loop
24.312,602952,loop
24.413,602952,loop
24.513,602952,loop
24.614,602952,loop
24.714,602952,loop
24.815,602952,loop
24.915,602952,loop
25.016,602952,loop
25.116,606256,loop
25.216,613912,loop
25.317,613912,loop
25.417,613912,loop
25.518,613912,loop
25.618,613912,loop
25.719,613912,loop
25.819,613912,loop
25.920,613912,loop
26.020,613912,loop
26.120,613912,loop
26.221,613912,loop
26.321,613912,loop
26.422,613912,loop
26.522,613912,loop
26.623,613912,loop
26.723,613912,loop
26.824,613912,loop
26.924,613916,loop
27.024,613912,loop
27.125,613912,loop
27.225,613912,loop
27.326,613912,loop
27.426,613912,loop
27.526,613912,loop
27.627,613912,loop
27.727,613912,loop
27.828,613912,loop
27.928,613912,loop
28.029,613912,loop
28.129,613912,loop
28.230,613912,loop
28.330,613912,loop
28.431,613912,loop
28.531,613912,loop
28.631,613912,loop
28.732,613912,loop
28.832,613912,loop
28.933,613912,loop
29.033,613912,loop
29.134,613912,loop
29.234,613912,loop
29.334,613912,loop
29.435,613912,loop
29.535,613912,loop
29.636,613912,loop
29.736,613912,loop
29.837,613912,loop
29.937,613912,loop
30.038,613912,loop
30.138,613912,loop
30.239,613912,loop
30.339,613912,loop
30.439,613912,loop
30.540,613912,loop
30.640,613912,loop
30.741,613944,loop
30.841,613944,loop
30.942,613944,loop
31.042,613944,loop
31.143,613944,loop
31.243,613944,loop
31.344,613944,loop
31.444,613944,loop
31.544,613944,loop
31.645,613944,loop
31.745,613944,loop
31.846,613944,loop
31.946,613944,loop
32.047,613944,loop
32.147,613944,loop
32.247,613944,loop
32.348,613944,loop
32.448,613944,loop
32.549,613944,loop
32.649,613944,loop
32.750,613944,loop
32.850,613944,loop
32.951,613944,loop
33.051,613944,loop
33.151,613944,loop
33.252,613944,loop
33.352,613944,loop
33.453,613944,loop
33.553,613944,loop
33.654,613944,loop
33.754,613944,loop
33.855,613944,loop
33.955,613944,loop
34.055,613944,loop
34.156,613944,loop
34.256,613944,loop
34.357,613944,loop
34.457,613944,loop
34.558,613944,loop
34.658,613944,loop
34.759,613944,loop
34.859,613944,loop
34.959,613944,loop
35.060,613944,loop
35.160,613944,loop
35.261,613944,loop
35.361,613944,loop
35.461,613944,loop
35.562,613944,loop
35.662,613944,loop
35.763,613944,loop
35.863,613944,loop
35.964,613944,loop
36.064,613944,loop
36.165,613944,loop
36.265,613944,loop
36.365,613944,loop
36.466,613944,loop
36.566,613944,loop
36.667,613944,loop
36.767,613944,loop
36.868,613944,loop
36.968,613944,loop
37.068,613944,loop
37.169,613944,loop
37.269,613944,loop
37.370,613944,loop
37.470,613944,loop
37.571,613944,loop
37.671,613944,loop
37.772,613944,loop
37.872,613944,loop
37.972,613944,loop
38.073,613944,loop
38.173,613944,loop
38.274,613944,loop
38.374,613944,loop
38.475,613944,loop
38.575,613944,loop
38.675,613944,loop
38.776,613944,loop
38.876,613944,loop
38.977,613944,loop
39.077,613944,loop
39.178,613944,loop
39.278,613944,loop
39.379,613944,loop
39.479,613944,loop
39.579,613944,loop
39.680,613948,loop
39.780,613948,loop
39.881,613948,loop
39.981,613948,loop
40.082,613948,loop
40.182,613948,loop
40.282,613948,loop
40.383,613948,loop
40.483,613948,loop
40.584,613948,loop
40.684,613948,loop
40.785,613948,loop
40.885,613948,loop
40.986,613980,loop
41.086,613980,loop
41.186,613980,loop
41.287,613980,loop
41.387,613980,loop
41.488,613980,loop
41.588,613980,loop
41.689,613980,loop
41.789,613980,loop
41.890,613980,loop
41.990,613980,loop
42.090,613980,loop
42.191,613980,loop
42.291,613980,loop
42.392,613980,loop
42.492,613980,loop
42.593,613980,loop
42.693,613980,loop
42.793,613980,loop
42.894,613980,loop
42.994,613980,loop
43.095,613980,loop
43.195,613980,loop
43.296,613980,loop
43.396,613980,loop
43.497,613980,loop
43.597,613980,loop
43.698,613980,loop
43.798,613980,loop
43.898,613980,loop
43.999,613980,loop
44.099,613980,loop
44.200,613980,loop
44.300,613980,loop
44.401,613980,loop
44.501,613980,loop
44.601,613980,loop
44.702,613980,loop
44.802,613980,loop
44.903,613980,loop
45.003,613980,loop
45.104,613980,loop
45.204,613980,loop
45.305,613980,loop
45.405,613980,loop
45.505,613980,loop
45.606,613980,loop
45.706,613980,loop
45.807,613980,loop
45.907,613980,loop
46.008,613980,loop
46.108,613980,loop
46.209,613980,loop
46.309,613980,loop
46.409,613980,loop
46.510,613980,loop
46.610,613980,loop
46.711,613980,loop
46.811,613980,loop
46.912,613980,loop
47.012,613980,loop
47.112,613980,loop
47.213,613980,loop
47.313,613980,loop
47.414,613980,loop
47.514,613980,loop
47.615,613980,loop
47.715,613980,loop
47.815,613980,loop
47.916,613980,loop
48.016,613980,loop
48.117,613980,loop
48.217,613980,loop
48.318,613980,loop
48.418,613980,loop
48.519,613980,loop
48.619,613980,loop
48.719,613980,loop
48.820,613980,loop
48.920,613980,loop
49.021,613980,loop
49.121,613980,loop
49.222,613980,loop
49.322,613980,loop
49.422,613980,loop
49.523,613980,loop
49.623,613980,loop
49.724,613980,loop
49.824,613980,loop
49.925,613980,loop
50.025,613980,loop
50.125,613980,loop
50.226,613980,loop
50.326,613980,loop
50.427,613980,loop
50.527,613980,loop
50.628,613980,loop
50.728,613980,loop
50.828,613980,loop
50.929,613980,loop
51.029,613980,loop
51.130,613980,loop
51.230,613980,loop
51.331,613980,loop
51.431,613980,loop
51.531,613980,loop
51.632,613980,loop
51.732,613980,loop
51.833,613980,loop
51.933,613980,loop
52.034,613980,loop
52.134,613980,loop
52.235,613980,loop
52.335,613980,loop
52.435,613980,loop
52.536,613980,loop
52.636,613980,loop
52.737,613980,loop
52.837,613980,loop
52.938,613980,loop
53.038,613980,loop
53.138,613980,loop
53.239,613980,loop
53.339,613980,loop
53.440,613980,loop
53.540,613980,loop
53.641,613980,loop
53.741,613980,loop
53.842,613980,loop
53.942,613980,loop
54.042,613980,loop
54.143,613980,loop
54.243,613980,loop
54.344,613980,loop
54.444,613980,loop
54.545,613980,loop
54.645,613980,loop
54.745,613980,loop
54.846,613980,loop
54.946,613980,loop
55.047,613980,loop
55.147,613980,loop
55.248,613980,loop
55.348,613980,loop
55.449,613980,loop
55.549,613980,loop
55.649,613980,loop
55.750,613980,loop
55.850,613980,loop
55.951,613980,loop
56.051,613980,loop
56.152,613980,loop
56.252,613980,loop
56.353,613980,loop
56.453,613980,loop
56.553,613980,loop
56.654,613980,loop
56.754,613980,loop
56.855,613980,loop
56.955,613980,loop
57.056,613980,loop
57.156,613980,loop
57.257,613980,loop
57.357,613980,loop
57.457,613980,loop
57.558,613980,loop
57.658,613980,loop
57.759,613980,loop
57.859,613980,loop
57.960,613980,loop
58.060,613980,loop
58.160,613980,loop
58.261,613980,loop
58.361,613980,loop
58.462,613980,loop
58.562,613980,loop
58.663,613980,loop
58.763,613980,loop
58.863,613980,loop
58.964,613980,loop
59.064,613980,loop
59.165,613980,loop
59.265,613980,loop
59.366,613980,loop
59.466,613980,loop
59.567,613980,loop
59.667,613980,loop
59.767,613980,loop
59.868,613980,loop
59.968,613980,loop
60.069,613980,loop
60.169,613980,loop
60.270,613980,loop
60.370,613980,loop
60.471,613980,loop
60.571,613980,loop
60.672,613980,loop
60.772,613980,loop
60.872,613980,loop
60.973,613980,loop
61.073,613980,loop
61.174,613980,loop
61.274,613980,loop
61.374,613980,loop
61.475,614036,loop
61.575,614036,loop
61.676,614036,loop
61.776,614036,loop
61.877,614036,loop
61.977,614036,loop
62.078,614036,loop
62.178,614036,loop
62.278,614036,loop
62.379,614036,loop
62.479,614036,loop
62.580,614036,loop
62.680,614036,loop
62.781,614036,loop
62.881,614036,loop
62.981,614036,loop
63.082,614036,loop
63.182,614036,loop
63.283,614036,loop
63.383,614036,loop
63.484,614036,loop
63.584,614036,loop
63.684,614036,loop
63.785,614036,loop
63.885,614036,loop
63.986,614036,loop
64.086,614036,loop
64.187,614036,loop
64.287,614036,loop
64.388,614036,loop
64.488,614036,loop
64.588,614036,loop
64.689,614036,loop
64.789,614036,loop
64.890,614036,loop
64.990,614036,loop
65.091,614036,loop
65.191,614036,loop
65.291,614036,loop
65.392,614036,loop
65.492,614036,loop
65.593,614036,loop
65.693,614036,loop
65.794,614036,loop
65.894,614036,loop
65.995,614036,loop
66.095,614036,loop
66.195,614036,loop
66.296,614036,loop
66.396,614036,loop
66.497,614036,loop
66.597,614036,loop
66.697,614036,loop
66.798,614036,loop
66.898,614036,loop
66.999,614036,loop
67.099,614036,loop
67.200,614036,loop
67.300,614036,loop
67.401,614036,loop
67.501,614036,loop
67.601,614036,loop
67.702,614036,loop
67.802,614036,loop
67.903,614036,loop
68.003,614036,loop
68.104,614036,loop
68.204,614036,loop
68.305,614036,loop
68.405,614036,loop
68.505,614036,loop
68.606,614036,loop
68.706,614036,loop
68.807,614036,loop
68.907,614036,loop
69.008,614036,loop
69.108,614036,loop
69.208,614036,loop
69.309,614036,loop
69.409,614036,loop
69.510,614036,loop
69.610,614036,loop
69.711,614036,loop
69.811,614036,loop
69.911,614036,loop
70.012,614036,loop
70.112,614036,loop
70.213,614036,loop
70.313,614036,loop
70.414,614036,loop
70.514,614036,loop
70.615,614036,loop
70.715,614036,loop
70.815,614036,loop
70.916,614036,loop
71.016,614036,loop
71.117,614036,loop
71.217,614036,loop
71.318,614036,loop
71.418,614036,loop
71.518,614036,loop
71.619,614036,loop
71.719,614036,loop
71.820,614036,loop
71.920,614036,loop
72.021,614036,loop
72.121,614036,loop
72.222,614036,loop
72.322,614036,loop
72.422,614036,loop
72.523,614036,loop
72.623,614036,loop
72.724,614036,loop
72.824,614036,loop
72.925,614036,loop
73.025,614036,loop
73.125,614036,loop
73.226,614036,loop
73.326,614036,loop
73.427,614036,loop
73.527,614036,loop
73.628,614036,loop
73.728,614036,loop
73.828,614036,loop
73.929,614036,loop
74.029,614036,loop
74.130,614036,loop
74.230,614036,loop
74.331,614036,loop
74.431,614036,loop
74.532,614036,loop
74.632,614036,loop
74.733,614036,loop
74.833,614036,loop
74.933,614036,loop
75.034,614036,loop
75.134,614036,loop
75.235,614036,loop
75.335,614036,loop
75.435,614036,loop
75.536,614036,loop
75.636,614036,loop
75.737,614036,loop
75.837,614036,loop
75.938,614036,loop
76.038,614036,loop
76.139,614036,loop
76.239,614036,loop
76.339,614036,loop
76.440,614036,loop
76.540,614036,loop
76.641,614036,loop
76.741,614036,loop
76.842,614036,loop
76.942,614036,loop
77.042,614036,loop
77.143,614036,loop
77.243,614036,loop
77.344,614036,loop
77.444,614036,loop
77.545,614036,loop
77.645,614036,loop
77.746,614036,loop
77.846,614036,loop
77.946,614036,loop
78.047,614036,loop
78.147,614036,loop
78.248,614036,loop
78.348,614036,loop
78.449,614036,loop
78.549,614036,loop
78.649,614036,loop
78.750,614036,loop
78.850,614036,loop
78.951,614036,loop
79.051,614036,loop
79.152,614036,loop
79.252,614036,loop
79.353,614036,loop
79.453,614036,loop
79.553,614036,loop
79.654,614036,loop
79.754,614036,loop
79.855,614036,loop
79.955,614036,loop
80.056,614036,loop
80.156,614036,loop
80.257,614036,loop
80.357,614036,loop
80.457,614036,loop
80.558,614036,loop
80.658,614036,loop
80.759,614036,loop
80.859,614036,loop
80.960,614036,loop
81.060,614036,loop
81.161,614036,loop
81.261,614036,loop
81.361,614036,loop
81.462,614036,loop
81.562,614036,loop
81.663,614036,loop
81.763,614036,loop
81.864,614036,loop
81.964,614040,loop
82.065,614040,loop
82.165,614040,loop
82.265,614040,loop
82.366,614040,loop
82.466,614040,loop
82.567,614040,loop
82.667,614040,loop
82.768,614040,loop
82.868,614040,loop
82.968,614040,loop
83.069,614040,loop
83.169,614040,loop
83.270,614040,loop
83.370,614040,loop
83.471,614040,loop
83.571,614040,loop
83.672,614040,loop
83.772,614040,loop
83.872,614040,loop
83.973,614040,loop
84.073,614040,loop
84.174,614040,loop
84.274,614040,loop
84.375,614040,loop
84.475,614040,loop
84.575,614040,loop
84.676,614040,loop
84.776,614040,loop
84.877,614040,loop
84.977,614040,loop
85.078,614040,loop
85.178,614040,loop
85.279,614040,loop
85.379,614040,loop
85.479,614040,loop
85.580,614040,loop
85.680,614040,loop
85.781,614040,loop
85.881,614040,loop
85.982,614040,loop
86.082,614040,loop
86.183,614040,loop
86.283,614040,loop
86.383,614040,loop
86.484,614040,loop
86.584,614040,loop
86.685,614040,loop
86.785,614040,loop
86.886,614040,loop
86.986,614040,loop
87.087,614040,loop
87.187,614040,loop
87.287,614040,loop
87.388,614040,loop
87.488,614040,loop
87.589,614040,loop
87.689,614040,loop
87.790,614040,loop
87.890,614040,loop
87.991,614040,loop
88.091,614040,loop
88.191,614040,loop
88.292,614040,loop
88.392,614040,loop
88.493,614040,loop
88.593,614040,loop
88.694,614040,loop
88.794,614040,loop
88.895,614040,loop
88.995,614040,loop
89.095,614040,loop
89.196,614040,loop
89.296,614040,loop
89.397,614040,loop
89.497,614040,loop
89.598,614040,loop
89.698,614040,loop
89.798,614040,loop
89.899,614040,loop
89.999,614040,loop
90.100,614040,loop
90.200,614040,loop
90.301,614040,loop
90.401,614040,loop
90.501,614040,loop
90.602,614040,loop
90.702,614040,loop
90.803,614040,loop
90.903,614040,loop
91.004,614040,loop
91.104,614040,loop
91.204,614040,loop
91.305,614040,loop
91.405,614040,loop
91.506,614040,loop
91.606,614040,loop
91.707,614040,loop
91.807,614040,loop
91.907,614040,loop
92.008,614040,loop
92.108,614040,loop
92.209,614040,loop
92.309,614040,loop
92.410,614040,loop
92.510,614040,loop
92.611,614040,loop
92.711,614040,loop
92.811,614040,loop
92.912,614040,loop
93.012,614040,loop
93.113,614040,loop
93.213,614040,loop
93.314,614040,loop
93.414,614040,loop
93.515,614040,loop
93.615,614040,loop
93.715,614040,loop
93.816,614040,loop
93.916,614040,loop
94.017,614040,loop
94.117,614040,loop
94.218,614040,loop
94.318,614040,loop
94.418,614040,loop
94.519,614040,loop
94.619,614040,loop
94.720,614040,loop
94.820,614040,loop
94.921,614040,loop
95.021,614040,loop
95.122,614040,loop
95.222,614040,loop
95.322,614040,loop
95.423,614040,loop
95.523,614040,loop
95.624,614040,loop
95.724,614040,loop
95.825,614040,loop
95.925,614040,loop
96.025,614040,loop
96.126,614040,loop
96.226,614040,loop
96.327,614040,loop
96.427,614040,loop
96.528,614040,loop
96.628,614040,loop
96.729,614040,loop
96.829,614040,loop
96.929,614040,loop
97.030,614040,loop
97.130,614040,loop
97.231,614040,loop
97.331,614040,loop
97.432,614040,loop
97.532,614040,loop
97.632,614040,loop
97.733,614040,loop
97.833,614040,loop
97.934,614040,loop
98.034,614040,loop
98.135,614040,loop
98.235,614040,loop
98.336,614040,loop
98.436,614040,loop
98.536,614040,loop
98.637,614040,loop
98.737,614040,loop
98.838,614040,loop
98.938,614040,loop
99.039,614040,loop
99.139,614040,loop
99.239,614040,loop
99.340,614040,loop
99.440,614040,loop
99.541,614040,loop
99.641,614040,loop
99.742,614040,loop
99.842,614040,loop
99.943,614040,loop
100.043,614040,loop
100.143,614040,loop
100.244,614040,loop
100.344,614040,loop
100.445,614040,loop
100.545,614040,loop
100.646,614040,loop
100.746,614040,loop
100.846,614040,loop
100.947,614040,loop
101.047,614040,loop
101.148,614040,loop
101.248,614040,loop
101.349,614040,loop
101.449,614040,loop
101.549,614040,loop
101.650,614040,loop
101.750,614040,loop
101.851,614040,loop
101.951,614040,loop
102.052,614040,loop
102.152,614040,loop
102.252,614040,loop
102.353,614040,loop
102.453,614040,loop
102.554,614040,loop
102.654,614040,loop
102.755,614040,loop
102.855,614040,loop
102.955,614040,loop
103.056,614040,loop
103.156,614040,loop
103.257,614040,loop
103.357,614040,loop
103.458,614040,loop
103.558,614040,loop
103.659,614040,loop
103.759,614040,loop
103.859,614040,loop
103.960,614040,loop
104.060,614040,loop
104.161,614040,loop
104.261,614040,loop
104.362,614040,loop
104.462,614040,loop
104.563,614040,loop
104.663,614040,loop
104.763,614040,loop
104.864,614040,loop
104.964,614040,loop
105.065,614040,loop
105.165,614040,loop
105.265,614040,loop
105.366,614040,loop
105.466,614040,loop
105.567,614040,loop
105.667,614040,loop
105.768,614040,loop
105.868,614040,loop
105.968,614040,loop
106.069,614040,loop
106.169,614040,loop
106.270,614040,loop
106.370,614040,loop
106.471,614040,loop
106.571,614040,loop
106.671,614040,loop
106.772,614040,loop
106.872,614040,loop
106.973,614040,loop
107.073,614040,loop
107.174,614040,loop
107.274,614040,loop
107.374,614040,loop
107.475,614040,loop
107.575,614040,loop
107.676,614040,loop
107.776,614040,loop
107.877,614040,loop
107.977,614040,loop
108.077,614040,loop
108.178,614040,loop
108.278,614040,loop
108.379,614040,loop
108.479,614040,loop
108.580,614040,loop
108.680,614040,loop
108.781,614040,loop
108.881,614040,loop
108.981,614040,loop
109.082,614040,loop
109.182,614040,loop
109.283,614040,loop
109.383,614040,loop
109.484,614040,loop
109.584,614040,loop
109.684,614040,loop
109.785,614040,loop
109.885,614040,loop
109.986,614040,loop
110.086,614044,loop
110.187,616648,loop
110.287,616648,loop
110.387,616648,loop
110.488,616648,loop
110.588,616648,loop
110.689,616648,loop
110.789,616648,loop
110.890,616648,loop
110.990,616648,loop
111.090,616648,loop
111.191,616648,loop
111.291,616648,loop
111.392,616648,loop
111.492,616648,loop
111.593,616648,loop
111.693,616648,loop
111.794,616648,loop
111.894,616648,loop
111.994,616648,loop
112.095,616648,loop
112.195,616648,loop
112.296,616648,loop
112.396,616648,loop
112.497,616648,loop
112.597,616648,loop
112.698,616648,loop
112.798,616648,loop
112.898,616648,loop
112.999,616648,loop
113.099,616648,loop
113.200,616648,loop
113.300,616648,loop
113.401,616648,loop
113.501,616648,loop
113.601,616648,loop
113.702,616648,loop
113.802,616648,loop
113.903,616648,loop
114.003,616648,loop
114.104,616648,loop
114.204,616648,loop
114.305,616648,loop
114.405,616648,loop
114.505,616648,loop
114.606,616648,loop
114.706,616648,loop
114.807,616648,loop
114.907,616648,loop
115.008,616648,loop
115.108,616648,loop
115.208,616648,loop
115.309,616648,loop
115.409,616648,loop
115.510,616648,loop
115.610,616648,loop
115.711,616648,loop
115.811,616648,loop
115.912,616648,loop
116.012,616648,loop
116.112,616648,loop
116.213,616648,loop
116.313,616648,loop
116.414,616648,loop
116.514,616648,loop
116.615,616648,loop
116.715,616648,loop
116.816,616648,loop
116.916,616648,loop
117.016,616648,loop
117.117,616648,loop
117.217,616648,loop
117.318,616648,loop
117.418,616648,loop
117.519,616648,loop
117.619,616648,loop
117.720,616648,loop
117.820,616648,loop
117.920,616648,loop
118.021,616648,loop
118.121,616648,loop
118.222,616648,loop
118.322,616648,loop
118.423,616648,loop
118.523,616648,loop
118.624,616648,loop
118.724,616648,loop
118.824,616648,loop
118.925,616648,loop
119.025,616648,loop
119.126,616648,loop
119.226,616648,loop
119.327,616648,loop
119.427,616648,loop
119.528,616648,loop
119.628,616648,loop
119.729,616648,loop
119.829,616648,loop
119.930,616648,loop
120.030,616648,loop
120.130,616648,loop
120.231,616648,loop
120.331,616648,loop
120.432,616648,loop
120.532,616648,loop
120.633,616648,loop
120.733,616648,loop
120.833,616648,loop
120.934,616648,loop
121.034,616648,loop
121.135,616648,loop
121.235,616648,loop
121.336,616648,loop
121.436,616648,loop
121.537,616648,loop
121.637,616648,loop
121.737,616648,loop
121.838,616648,loop
121.938,616648,loop
122.039,616648,loop
122.139,616648,loop
122.240,616648,loop
122.340,616648,loop
122.441,616648,loop
122.541,616648,loop
122.641,616648,loop
122.742,616648,loop
122.842,616648,loop
122.943,616648,loop
123.043,616648,loop
123.144,616648,loop
123.244,616648,loop
123.344,616648,loop
123.445,616648,loop
123.545,616648,loop
123.646,616648,loop
123.746,616648,loop
123.847,616648,loop
123.947,616648,loop
124.047,616648,loop
124.148,616648,loop
124.248,616648,loop
124.349,616648,loop
124.449,616648,loop
124.550,616648,loop
124.650,616648,loop
124.751,616648,loop
124.851,616648,loop
124.951,616648,loop
125.052,616648,loop
125.152,616648,loop
125.253,616648,loop
125.353,616648,loop
125.454,616648,loop
125.554,616648,loop
125.654,616648,loop
125.755,616648,loop
125.855,616648,loop
125.956,616648,loop
126.056,616648,loop
126.157,616648,loop
126.257,616648,loop
126.358,616648,loop
126.458,616648,loop
126.558,616648,loop
126.659,616648,loop
126.759,616648,loop
126.860,616648,loop
126.960,616648,loop
127.061,616648,loop
127.161,616648,loop
127.261,616648,loop
127.362,616648,loop
127.462,616648,loop
127.563,616648,loop
127.663,616648,loop
127.764,616648,loop
127.864,616648,loop
127.964,616648,loop
128.065,616648,loop
128.165,616648,loop
128.266,616648,loop
128.366,616648,loop
128.467,616648,loop
128.567,616648,loop
128.668,616648,loop
128.768,616648,loop
128.868,616648,loop
128.969,616648,loop
129.069,616648,loop
129.170,616648,loop
129.270,616648,loop
129.371,616648,loop
129.471,616648,loop
129.571,616648,loop
129.672,616648,loop
129.772,616648,loop
129.873,616648,loop
129.973,616648,loop
130.074,616648,loop
130.174,616648,loop
130.275,616648,loop
130.375,616648,loop
130.475,616648,loop
130.576,616648,loop
130.676,616648,loop
130.777,616648,loop
130.877,616648,loop
130.978,616648,loop
131.078,616648,loop
131.178,616648,loop
131.279,616648,loop
131.379,616648,loop
131.480,616648,loop
131.580,616648,loop
131.681,616648,loop
131.781,616648,loop
131.882,616648,loop
131.982,616648,loop
132.082,616648,loop
132.183,616648,loop
132.283,616648,loop
132.384,616648,loop
132.484,616648,loop
132.585,616648,loop
132.685,616648,loop
132.786,616648,loop
132.886,616648,loop
132.986,616648,loop
133.087,616648,loop
133.187,617960,loop
133.288,617960,loop
133.388,617960,loop
133.489,617960,loop
133.589,617960,loop
133.689,617960,loop
133.790,617960,loop
133.890,617960,loop
133.991,617960,loop
134.091,617960,loop
134.192,617960,loop
134.292,617960,loop
134.392,617960,loop
134.493,617960,loop
134.593,617960,loop
134.694,617960,loop
134.794,617960,loop
134.895,617960,loop
134.995,617960,loop
135.095,617960,loop
135.196,617960,loop
135.296,617960,loop
135.397,617960,loop
135.497,617960,loop
135.598,617960,loop
135.698,617960,loop
135.799,617960,loop
135.899,617960,loop
135.999,617960,loop
136.100,617960,loop
136.200,617960,loop
136.301,617960,loop
136.401,617960,loop
136.502,617960,loop
136.602,617960,loop
136.702,617960,loop
136.803,617960,loop
136.903,617960,loop
137.004,617960,loop
137.104,617960,loop
137.205,617960,loop
137.305,617960,loop
137.406,617960,loop
137.506,617960,loop
137.606,617960,loop
137.707,617960,loop
137.807,617960,loop
137.908,617960,loop
138.008,617960,loop
138.109,617960,loop
138.209,617960,loop
138.309,617960,loop
138.410,617960,loop
138.510,617960,loop
138.611,617960,loop
138.711,617960,loop
138.812,617960,loop
138.912,617960,loop
139.013,617960,loop
139.113,617960,loop
139.213,617960,loop
139.314,617960,loop
139.414,617960,loop
139.515,617960,loop
139.615,617960,loop
139.716,617960,loop
139.816,617960,loop
139.917,617960,loop
140.017,617960,loop
140.118,617960,loop
140.218,617960,loop
140.318,617960,loop
140.419,617960,loop
140.519,617960,loop
140.620,617960,loop
140.720,617960,loop
140.821,617960,loop
140.921,617960,loop
141.021,617960,loop
141.122,617960,loop
141.222,617960,loop
141.323,617960,loop
141.423,617960,loop
141.524,617960,loop
141.624,617960,loop
141.725,617960,loop
141.825,617960,loop
141.925,617960,loop
142.026,617960,loop
142.126,617960,loop
142.227,617960,loop
142.327,617960,loop
142.428,617960,loop
142.528,617960,loop
142.629,617960,loop
142.729,617960,loop
142.829,617960,loop
142.930,617960,loop
143.030,617960,loop
143.131,617960,loop
143.231,617960,loop
143.332,617960,loop
143.432,617960,loop
143.532,617960,loop
143.633,617960,loop
143.733,617960,loop
143.834,617960,loop
143.934,617960,loop
144.035,617960,loop
144.135,617960,loop
144.236,617960,loop
144.336,617960,loop
144.436,617960,loop
144.537,617960,loop
144.637,617960,loop
144.738,617960,loop
144.838,617960,loop
144.939,617960,loop
145.039,617960,loop
145.139,617960,loop
145.240,617960,loop
145.340,617960,loop
145.441,617960,loop
145.541,617960,loop
145.642,617960,loop
145.742,617960,loop
145.842,617960,loop
145.943,617960,loop
146.043,617960,loop
146.144,617960,loop
146.244,617960,loop
146.345,617960,loop
146.445,617960,loop
146.545,617960,loop
146.646,617960,loop
146.746,617960,loop
146.847,617960,loop
146.947,617960,loop
147.048,617960,loop
147.148,617960,loop
147.249,617960,loop
147.349,617960,loop
147.449,617960,loop
147.550,617960,loop
147.650,617960,loop
147.751,617960,loop
147.851,617960,loop
147.952,617960,loop
148.052,617960,loop
148.152,617960,loop
148.253,617960,loop
148.353,617960,loop
148.454,617960,loop
148.554,617960,loop
148.655,617960,loop
148.755,617960,loop
148.856,617960,loop
148.956,617960,loop
149.056,617960,loop
149.157,617960,loop
149.257,617960,loop
149.358,617960,loop
149.458,617960,loop
149.559,617960,loop
149.659,617960,loop
149.760,617960,loop
149.860,617960,loop
149.960,617960,loop
150.061,617960,loop
150.161,617960,loop
150.262,617960,loop
150.362,617960,loop
150.463,617960,loop
150.563,617960,loop
150.664,617960,loop
150.764,617960,loop
150.864,617960,loop
150.965,617960,loop
151.065,617960,loop
151.166,617960,loop
151.266,617960,loop
151.367,617960,loop
151.467,617960,loop
151.568,617960,loop
151.668,617960,loop
151.768,617960,loop
151.869,617960,loop
151.969,617960,loop
152.070,617960,loop
152.170,617960,loop
152.271,617960,loop
152.371,617960,loop
152.471,617960,loop
152.572,617960,loop
152.672,617960,loop
152.773,617960,loop
152.873,617960,loop
152.974,617960,loop
153.074,617960,loop
153.175,617960,loop
153.275,617960,loop
153.375,617960,loop
153.476,617960,loop
153.576,617960,loop
153.677,617960,loop
153.777,617960,loop
153.878,617960,loop
153.978,617960,loop
154.079,617960,loop
154.179,617960,loop
154.279,617960,loop
154.380,617960,loop
154.480,617960,loop
154.581,617960,loop
154.681,617960,loop
154.782,617960,loop
154.882,617960,loop
154.982,617960,loop
155.083,617960,loop
155.183,617960,loop
155.284,617960,loop
155.384,617960,loop
155.485,617960,loop
155.585,617960,loop
155.686,617960,loop
155.786,617960,loop
155.886,617960,loop
155.987,617960,loop
156.087,617960,loop
156.188,617960,loop
156.288,617960,loop
156.389,617960,loop
156.489,617960,loop
156.589,617960,loop
156.690,617960,loop
156.790,617960,loop
156.891,617960,loop
156.991,617960,loop
157.092,617960,loop
157.192,617960,loop
157.293,617960,loop
157.393,617960,loop
157.493,617960,loop
157.594,617960,loop
157.694,617960,loop
157.795,617960,loop
157.895,617960,loop
157.996,617960,loop
158.096,617960,loop
158.196,617960,loop
158.297,617960,loop
158.397,617960,loop
158.498,617960,loop
158.598,617960,loop
158.698,617960,loop
158.799,617960,loop
158.899,617960,loop
159.000,617960,loop
159.100,617960,loop
159.201,617960,loop
159.301,617960,loop
159.401,617960,loop
159.502,617960,loop
159.602,617960,loop
159.703,617960,loop
159.803,617960,loop
159.904,617960,loop
160.004,617960,loop
160.105,617960,loop
160.205,617960,loop
160.305,617960,loop
160.406,617960,loop
160.506,617960,loop
160.607,617960,loop
160.707,617960,loop
160.808,617960,loop
160.908,617960,loop
161.009,617960,loop
161.109,617960,loop
161.209,617960,loop
161.310,617960,loop
161.410,617960,loop
161.511,617960,loop
161.611,617960,loop
161.712,617960,loop
161.812,617960,loop
161.912,617960,loop
162.013,617960,loop
162.113,617960,loop
162.214,617960,loop
162.314,617960,loop
162.415,617960,loop
162.515,617960,loop
162.616,617960,loop
162.716,617960,loop
162.816,617960,loop
162.917,617960,loop
163.017,617960,loop
163.118,617960,loop
163.218,617960,loop
163.319,617960,loop
163.419,617960,loop
163.519,617960,loop
163.620,617960,loop
163.720,617960,loop
163.821,617960,loop
163.921,617960,loop
164.022,617960,loop
164.122,617960,loop
164.223,617960,loop
164.323,617960,loop
164.423,617960,loop
164.524,617960,loop
164.624,617960,loop
164.725,617960,loop
164.825,617960,loop
164.926,617960,loop
165.026,617960,loop
165.126,617960,loop
165.227,617960,loop
165.327,617960,loop
165.428,617960,loop
165.528,617960,loop
165.629,617960,loop
165.729,617960,loop
165.830,617960,loop
165.930,617960,loop
166.030,617960,loop
166.131,617960,loop
166.231,617960,loop
166.332,617960,loop
166.432,617960,loop
166.533,617960,loop
166.633,617960,loop
166.734,617960,loop
166.834,617960,loop
166.934,617960,loop
167.035,617960,loop
167.135,617960,loop
167.236,617960,loop
167.336,617960,loop
167.437,617960,loop
167.537,617960,loop
167.637,617960,loop
167.738,617960,loop
167.838,617960,loop
167.939,617960,loop
168.039,617960,loop
168.140,617960,loop
168.240,617960,loop
168.340,617960,loop
168.441,617960,loop
168.541,617960,loop
168.642,617960,loop
168.742,617960,loop
168.843,617960,loop
168.943,617960,loop
169.044,617960,loop
169.144,617960,loop
169.244,617960,loop
169.345,617960,loop
169.445,617960,loop
169.546,617960,loop
169.646,617960,loop
169.747,617960,loop
169.847,617960,loop
169.948,617960,loop
170.048,617960,loop
170.149,617960,loop
170.249,617960,loop
170.349,617960,loop
170.450,617960,loop
170.550,617960,loop
170.651,617960,loop
170.751,617960,loop
170.852,617960,loop
170.952,617960,loop
171.053,617960,loop
171.153,617960,loop
171.253,617960,loop
171.354,617960,loop
171.454,617960,loop
171.555,617960,loop
171.655,617960,loop
171.756,617960,loop
171.856,617960,loop
171.957,617960,loop
172.057,617960,loop
172.157,617960,loop
172.258,617960,loop
172.358,617960,loop
172.459,617960,loop
172.559,617960,loop
172.660,617960,loop
172.760,617960,loop
172.860,617960,loop
172.961,617960,loop
173.061,617960,loop
173.162,617960,loop
173.262,617960,loop
173.363,617960,loop
173.463,617960,loop
173.564,617960,loop
173.664,617960,loop
173.764,617960,loop
173.865,617960,loop
173.965,617960,loop
174.066,617960,loop
174.166,617960,loop
174.267,617960,loop
174.367,617960,loop
174.468,617960,loop
174.568,617960,loop
174.668,617960,loop
174.769,617960,loop
174.869,617960,loop
174.970,617960,loop
175.070,617960,loop
175.171,617960,loop
175.271,617960,loop
175.372,617960,loop
175.472,617960,loop
175.572,617960,loop
175.673,617960,loop
175.773,617960,loop
175.874,617960,loop
175.974,617960,loop
176.075,617960,loop
176.175,617960,loop
176.276,617960,loop
176.376,617960,loop
176.476,617960,loop
176.577,617960,loop
176.677,617960,loop
176.778,617960,loop
176.878,617960,loop
176.978,617960,loop
177.079,617960,loop
177.179,617960,loop
177.280,617960,loop
177.380,617960,loop
177.481,617960,loop
177.581,617960,loop
177.682,617960,loop
177.782,617960,loop
177.882,617960,loop
177.983,617960,loop
178.083,617960,loop
178.184,617960,loop
178.284,617960,loop
178.385,617960,loop
178.485,617960,loop
178.585,617960,loop
178.686,617960,loop
178.786,617960,loop
178.887,617960,loop
178.987,617960,loop
179.088,617960,loop
179.188,617960,loop
179.288,617960,loop
179.389,617960,loop
179.489,617960,loop
179.590,617960,loop
179.690,617960,loop
179.791,617960,loop
179.891,617960,loop
179.992,617960,loop
180.092,617960,loop
180.192,617960,loop
180.293,617960,loop
180.393,617960,loop
180.494,617960,loop
180.594,617960,loop
180.695,617960,loop
180.795,617960,loop
180.896,617960,loop
180.996,617960,loop
181.096,617960,loop
181.197,617960,loop
181.297,617960,loop
181.398,617960,loop
181.498,617960,loop
181.598,617960,loop
181.699,617960,loop
181.799,617960,loop
181.900,617960,loop
182.000,617960,loop
182.101,617960,loop
182.201,617960,loop
182.302,617960,loop
182.402,617960,loop
182.503,617960,loop
182.603,617960,loop
182.703,617960,loop
182.804,617960,loop
182.904,617960,loop
183.005,617960,loop
183.105,617960,loop
183.206,617960,loop
183.306,617960,loop
183.406,617960,loop
183.507,617960,loop
183.607,617960,loop
183.708,617960,loop
183.808,617960,loop
183.909,617960,loop
184.009,617960,loop
184.110,617960,loop
184.210,617960,loop
184.310,617960,loop
184.411,617960,loop
184.511,617960,loop
184.612,617960,loop
184.712,617960,loop
184.813,617960,loop
184.913,617960,loop
185.013,617960,loop
185.114,617960,loop
185.214,617960,loop
185.315,617960,loop
185.415,617960,loop
185.516,617960,loop
185.616,617960,loop
185.717,617960,loop
185.817,617960,loop
185.917,617960,loop
186.018,617960,loop
186.118,617960,loop
186.219,617960,loop
186.319,617960,loop
186.420,617960,loop
186.520,617960,loop
186.621,617960,loop
186.721,617960,loop
186.821,617960,loop
186.922,617960,loop
187.022,617960,loop
187.123,617960,loop
187.223,617960,loop
187.324,617960,loop
187.424,617960,loop
187.525,617960,loop
187.625,617960,loop
187.725,617960,loop
187.826,617960,loop
187.926,617960,loop
188.027,617960,loop
188.127,617960,loop
188.228,617960,loop
188.328,617960,loop
188.428,617960,loop
188.529,617960,loop
188.629,617960,loop
188.730,617960,loop
188.830,617960,loop
188.931,617960,loop
189.031,617960,loop
189.132,617960,loop
189.232,617960,loop
189.332,617960,loop
189.433,617960,loop
189.533,617960,loop
189.634,617960,loop
189.734,617960,loop
189.835,617960,loop
189.935,617960,loop
190.036,617960,loop
190.136,617960,loop
190.236,617960,loop
190.337,617960,loop
190.437,617960,loop
190.538,617960,loop
190.638,617960,loop
190.739,617960,loop
190.839,617960,loop
190.940,617960,loop
191.040,617960,loop
191.140,617960,loop
191.241,617960,loop
191.341,617960,loop
191.442,617960,loop
191.542,617960,loop
191.643,617960,loop
191.743,617960,loop
191.843,617960,loop
191.944,617960,loop
192.044,617960,loop
192.145,617960,loop
192.245,617960,loop
192.346,617960,loop
192.446,617960,loop
192.547,617960,loop
192.647,617960,loop
192.747,617960,loop
192.848,617960,loop
192.948,617960,loop
193.049,617960,loop
193.149,617960,loop
193.250,617960,loop
193.350,617960,loop
193.450,617960,loop
193.551,617960,loop
193.651,617960,loop
193.752,617960,loop
193.852,617960,loop
193.953,617960,loop
194.053,617960,loop
194.153,617960,loop
194.254,617960,loop
194.354,617960,loop
194.455,617960,loop
194.555,617960,loop
194.656,617960,loop
194.756,617960,loop
194.857,617960,loop
194.957,617960,loop
195.057,617960,loop
195.158,617960,loop
195.258,617960,loop
195.359,617960,loop
195.459,617960,loop
195.560,617960,loop
195.660,617960,loop
195.761,617960,loop
195.861,617960,loop
195.961,617960,loop
196.062,617960,loop
196.162,617960,loop
196.263,617960,loop
196.363,617960,loop
196.464,617960,loop
196.564,617960,loop
196.665,617960,loop
196.765,617960,loop
196.865,617960,loop
196.966,617960,loop
197.066,617960,loop
197.167,617960,loop
197.267,617960,loop
197.368,617960,loop
197.468,617960,loop
197.568,617960,loop
197.669,617960,loop
197.769,617960,loop
197.870,617960,loop
197.970,617960,loop
198.071,617960,loop
198.171,617960,loop
198.272,617960,loop
198.372,617960,loop
198.473,617960,loop
198.573,617960,loop
198.673,617960,loop
198.774,617960,loop
198.874,617960,loop
198.975,617960,loop
199.075,617960,loop
199.176,617960,loop
199.276,617960,loop
199.376,617960,loop
199.477,617960,loop
199.577,617960,loop
199.678,617960,loop
199.778,617960,loop
199.879,617960,loop
199.979,617960,loop
200.080,617960,loop
200.180,617960,loop
200.280,617960,loop
200.381,617960,loop
200.481,617960,loop
200.582,617960,loop
200.682,617960,loop
200.783,617960,loop
200.883,617960,loop
200.984,617960,loop
201.084,617960,loop
201.184,617960,loop
201.285,617960,loop
201.385,617960,loop
201.486,617960,loop
201.586,617960,loop
201.687,617960,loop
201.787,617960,loop
201.888,617960,loop
201.988,617960,loop
202.088,617960,loop
202.189,617960,loop
202.289,617960,loop
202.390,617960,loop
202.490,617960,loop
202.591,617960,loop
202.691,617960,loop
202.792,617960,loop
202.892,617960,loop
202.992,617960,loop
203.093,617960,loop
203.193,617960,loop
203.294,617960,loop
203.394,617960,loop
203.495,617960,loop
203.595,617960,loop
203.695,617960,loop
203.796,617960,loop
203.896,617960,loop
203.997,617960,loop
204.097,617960,loop
204.198,617960,loop
204.298,617960,loop
204.399,617960,loop
204.499,617960,loop
204.599,617960,loop
204.700,617960,loop
204.800,617960,loop
204.901,617960,loop
205.001,617960,loop
205.102,617960,loop
205.202,617960,loop
205.303,617960,loop
205.403,617960,loop
205.504,617960,loop
205.604,617960,loop
205.704,617960,loop
205.805,617960,loop
205.905,617960,loop
206.006,617960,loop
206.106,617960,loop
206.207,617960,loop
206.307,617960,loop
206.407,617960,loop
206.508,617960,loop
206.608,617960,loop
206.709,617960,loop
206.809,617960,loop
206.910,617960,loop
207.010,617960,loop
207.110,617960,loop
207.211,617960,loop
207.311,617960,loop
207.412,617960,loop
207.512,617960,loop
207.613,617960,loop
207.713,617960,loop
207.814,617960,loop
207.914,617960,loop
208.014,617960,loop
208.115,617960,loop
208.215,617960,loop
208.316,617960,loop
208.416,617960,loop
208.517,617960,loop
208.617,617960,loop
208.717,617960,loop
208.818,617960,loop
208.918,617960,loop
209.019,617960,loop
209.119,617960,loop
209.220,617960,loop
209.320,617960,loop
209.421,617960,loop
209.521,617960,loop
209.622,617960,loop
209.722,617960,loop
209.822,617960,loop
209.923,617960,loop
210.023,617960,loop
210.124,617960,loop
210.224,617960,loop
210.325,617960,loop
210.425,617960,loop
210.525,617960,loop
210.626,617960,loop
210.726,617960,loop
210.827,617960,loop
210.927,617960,loop
211.028,617960,loop
211.128,617960,loop
211.229,617960,loop
211.329,617960,loop
211.429,617960,loop
211.530,617960,loop
211.630,617960,loop
211.731,617960,loop
211.831,617960,loop
211.932,617960,loop
212.032,617960,loop
212.133,617960,loop
212.233,617960,loop
212.333,617960,loop
212.434,617960,loop
212.534,617960,loop
212.635,617960,loop
212.735,617960,loop
212.836,617960,loop
212.936,617960,loop
213.037,617960,loop
213.137,617960,loop
213.237,617960,loop
213.338,617960,loop
213.438,617960,loop
213.539,617960,loop
213.639,617960,loop
213.740,617960,loop
213.840,617960,loop
213.941,617960,loop
214.041,617960,loop
214.141,617960,loop
214.242,617960,loop
214.342,617960,loop
214.443,617960,loop
214.543,617960,loop
214.644,617960,loop
214.744,617960,loop
214.845,617960,loop
214.945,617960,loop
215.045,617960,loop
215.146,617960,loop
215.246,617960,loop
215.347,617960,loop
215.447,617960,loop
215.548,617960,loop
215.648,617960,loop
215.749,617960,loop
215.849,617960,loop
215.949,617960,loop
216.050,617960,loop
216.150,617960,loop
216.251,617960,loop
216.351,617960,loop
216.452,617960,loop
216.552,617960,loop
216.652,617960,loop
216.753,617960,loop
216.853,617960,loop
216.954,617960,loop
217.054,617960,loop
217.155,617960,loop
217.255,617960,loop
217.356,617960,loop
217.456,617960,loop
217.556,617960,loop
217.657,617960,loop
217.757,617960,loop
217.858,617960,loop
217.958,617960,loop
218.059,617960,loop
218.159,617960,loop
218.260,617960,loop
218.360,617960,loop
218.460,617960,loop
218.561,617960,loop
218.661,617960,loop
218.762,617960,loop
218.862,617960,loop
218.963,617960,loop
219.063,617960,loop
219.164,617960,loop
219.264,617960,loop
219.364,617960,loop
219.465,617960,loop
219.565,617960,loop
219.666,617960,loop
219.766,617960,loop
219.867,617960,loop
219.967,617960,loop
220.068,617960,loop
220.168,617960,loop
220.268,617960,loop
220.369,617960,loop
220.469,617960,loop
220.570,617960,loop
220.670,617960,loop
220.771,617960,loop
220.871,617960,loop
220.972,617960,loop
221.072,617960,loop
221.172,617960,loop
221.273,617960,loop
221.373,617960,loop
221.474,617960,loop
221.574,617960,loop
221.675,617960,loop
221.775,617960,loop
221.876,617960,loop
221.976,617960,loop
222.076,617960,loop
222.177,617960,loop
222.277,617960,loop
222.378,617960,loop
222.478,617960,loop
222.579,617960,loop
222.679,617960,loop
222.779,617960,loop
222.880,617960,loop
222.980,617960,loop
223.081,617960,loop
223.181,617960,loop
223.282,617960,loop
223.382,617960,loop
223.483,617960,loop
223.583,617960,loop
223.683,617960,loop
223.784,617960,loop
223.884,617960,loop
223.985,617960,loop
224.085,617960,loop
224.186,617960,loop
224.286,617960,loop
224.387,617960,loop
224.487,617960,loop
224.587,617960,loop
224.688,617960,loop
224.788,617960,loop
224.889,617960,loop
224.989,617960,loop
225.090,617960,loop
225.190,617960,loop
225.290,620092,loop
225.391,620092,loop
225.491,620092,loop
225.592,620092,loop
225.692,620092,loop
225.793,620092,loop
225.893,620092,loop
225.994,620092,loop
226.094,620092,loop
226.194,620092,loop
226.295,620092,loop
226.395,620092,loop
226.496,620092,loop
226.596,620092,loop
226.697,620092,loop
226.797,620092,loop
226.898,620092,loop
226.998,620092,loop
227.099,620092,loop
227.199,620092,loop
227.299,620092,loop
227.400,620092,loop
227.500,620092,loop
227.601,620092,loop
227.701,620092,loop
227.802,620092,loop
227.902,620092,loop
228.003,620092,loop
228.103,620092,loop
228.203,620092,loop
228.304,620092,loop
228.404,620092,loop
228.505,620092,loop
228.605,620092,loop
228.706,620092,loop
228.806,620092,loop
228.907,620092,loop
229.007,620092,loop
229.107,620092,loop
229.208,620092,loop
229.308,620092,loop
229.409,620092,loop
229.509,620092,loop
229.610,620092,loop
229.710,620092,loop
229.810,620092,loop
229.911,620092,loop
230.011,620092,loop
230.112,620092,loop
230.212,620092,loop
230.313,620092,loop
230.413,620092,loop
230.513,620092,loop
230.614,620092,loop
230.714,620092,loop
230.815,620092,loop
230.915,620092,loop
231.016,620092,loop
231.116,620092,loop
231.216,620092,loop
231.317,620092,loop
231.417,620092,loop
231.518,620092,loop
231.618,620092,loop
231.719,620092,loop
231.819,620092,loop
231.920,620092,loop
232.020,620092,loop
232.120,620092,loop
232.221,620092,loop
232.321,620092,loop
232.422,620092,loop
232.522,620092,loop
232.623,620092,loop
232.723,620092,loop
232.824,620092,loop
232.924,620092,loop
233.024,620092,loop
233.125,620092,loop
233.225,620092,loop
233.326,620092,loop
233.426,620092,loop
233.527,620092,loop
233.627,620092,loop
233.728,620092,loop
233.828,620092,loop
233.928,620092,loop
234.029,620092,loop
234.129,620092,loop
234.230,620092,loop
234.330,620092,loop
234.431,620092,loop
234.531,620092,loop
234.631,620092,loop
234.732,620092,loop
234.832,620092,loop
234.933,620092,loop
235.033,620092,loop
235.134,620092,loop
235.234,620092,loop
235.334,620092,loop
235.435,620092,loop
235.535,620092,loop
235.636,620092,loop
235.736,620092,loop
235.837,620092,loop
235.937,620092,loop
236.038,620092,loop
236.138,620092,loop
236.238,620092,loop
236.339,620092,loop
236.439,620092,loop
236.540,620092,loop
236.640,620092,loop
236.741,620092,loop
236.841,620092,loop
236.941,620092,loop
237.042,620092,loop
237.142,620092,loop
237.243,620092,loop
237.343,620092,loop
237.444,620092,loop
237.544,620092,loop
237.645,620092,loop
237.745,620092,loop
237.845,620092,loop
237.946,620092,loop
238.046,620092,loop
238.147,620092,loop
238.247,620092,loop
238.348,620092,loop
238.448,620092,loop
238.548,620092,loop
238.649,620092,loop
238.749,620092,loop
238.850,620092,loop
238.950,620092,loop
239.051,620092,loop
239.151,620092,loop
239.252,620092,loop
239.352,620092,loop
239.452,620092,loop
239.553,620092,loop
239.653,620092,loop
239.754,620092,loop
239.854,620092,loop
239.955,620092,loop
240.055,620092,loop
240.155,620092,loop
240.256,620092,loop
240.356,620092,loop
240.457,620092,loop
240.557,620092,loop
240.658,620092,loop
240.758,620092,loop
240.859,620092,loop
240.959,620092,loop
241.059,620092,loop
241.160,620092,loop
241.260,620092,loop
241.361,620092,loop
241.461,620092,loop
241.562,620092,loop
241.662,620092,loop
241.762,620092,loop
241.863,620092,loop
241.963,620092,loop
242.064,620092,loop
242.164,620092,loop
242.265,620092,loop
242.365,620092,loop
242.466,620092,loop
242.566,620092,loop
242.666,620092,loop
242.767,620092,loop
242.867,620092,loop
242.968,620092,loop
243.068,620092,loop
243.169,620092,loop
243.269,620092,loop
243.369,620092,loop
243.470,620092,loop
243.570,620092,loop
243.671,620092,loop
243.771,620092,loop
243.872,620092,loop
243.972,620092,loop
244.072,620092,loop
244.173,620092,loop
244.273,620092,loop
244.374,620092,loop
244.474,620092,loop
244.575,620092,loop
244.675,620092,loop
244.776,620092,loop
244.876,620092,loop
244.976,620092,loop
245.077,620092,loop
245.177,620092,loop
245.278,620092,loop
245.378,620092,loop
245.479,620092,loop
245.579,620092,loop
245.680,620092,loop
245.780,620092,loop
245.880,620092,loop
245.981,620092,loop
246.081,620092,loop
246.182,620092,loop
246.282,620092,loop
246.383,620092,loop
246.483,620092,loop
246.583,620092,loop
246.684,620092,loop
246.784,620092,loop
246.885,620092,loop
246.985,620092,loop
247.086,620092,loop
247.186,620092,loop
247.286,620092,loop
247.387,620092,loop
247.487,620092,loop
247.588,620092,loop
247.688,620092,loop
247.789,620092,loop
247.889,620092,loop
247.990,620092,loop
248.090,620092,loop
248.190,620092,loop
248.291,620092,loop
248.391,620092,loop
248.492,620092,loop
248.592,620092,loop
248.693,620092,loop
248.793,620092,loop
248.893,620092,loop
248.994,620092,loop
249.094,620092,loop
249.195,620092,loop
249.295,620092,loop
249.396,620092,loop
249.496,620092,loop
249.596,620092,loop
249.697,620092,loop
249.797,620092,loop
249.898,620092,loop
249.998,620092,loop
250.099,620092,loop
250.199,620092,loop
250.300,620092,loop
250.400,620092,loop
250.500,620092,loop
250.601,620092,loop
250.701,620092,loop
250.802,620092,loop
250.902,620092,loop
251.003,620092,loop
251.103,620092,loop
251.204,620092,loop
251.304,620092,loop
251.404,620092,loop
251.505,620092,loop
251.605,620092,loop
251.706,620092,loop
251.806,620092,loop
251.907,620092,loop
252.007,620092,loop
252.107,620092,loop
252.208,620092,loop
252.308,620092,loop
252.409,620092,loop
252.509,620092,loop
252.610,620092,loop
252.710,620092,loop
252.811,620092,loop
252.911,620092,loop
253.012,620092,loop
253.112,620092,loop
253.212,620092,loop
253.313,620092,loop
253.413,620092,loop
253.514,620092,loop
253.614,620092,loop
253.714,620092,loop
253.815,620092,loop
253.915,620092,loop
254.016,620092,loop
254.116,620092,loop
254.217,620092,loop
254.317,620092,loop
254.417,620092,loop
254.518,620092,loop
254.618,620092,loop
254.719,620092,loop
254.819,620092,loop
254.920,620092,loop
255.020,620092,loop
255.121,620092,loop
255.221,620092,loop
255.321,620092,loop
255.422,620092,loop
255.522,620092,loop
255.623,620092,loop
255.723,620092,loop
255.824,620092,loop
255.924,620092,loop
256.024,620092,loop
256.125,620092,loop
256.225,620092,loop
256.326,620092,loop
256.426,620092,loop
256.527,620092,loop
256.627,620092,loop
256.728,620092,loop
256.828,620092,loop
256.928,620092,loop
257.029,620092,loop
257.129,620092,loop
257.230,620092,loop
257.330,620092,loop
257.431,620092,loop
257.531,620092,loop
257.631,620092,loop
257.732,620092,loop
257.832,620092,loop
257.933,620092,loop
258.033,620092,loop
258.134,620092,loop
258.234,620092,loop
258.335,620092,loop
258.435,620092,loop
258.535,620092,loop
258.636,620092,loop
258.736,620092,loop
258.837,620092,loop
258.937,620092,loop
259.038,620092,loop
259.138,620092,loop
259.239,620092,loop
259.339,620092,loop
259.439,620092,loop
259.540,620092,loop
259.640,620092,loop
259.741,620092,loop
259.841,620092,loop
259.942,620092,loop
260.042,620092,loop
260.142,620092,loop
260.243,620092,loop
260.343,620092,loop
260.444,620092,loop
260.544,620092,loop
260.645,620092,loop
260.745,620092,loop
260.845,620092,loop
260.946,620092,loop
261.046,620092,loop
261.147,620092,loop
261.247,620092,loop
261.348,620092,loop
261.448,620092,loop
261.549,620092,loop
261.649,620092,loop
261.749,620092,loop
261.850,620092,loop
261.950,620092,loop
262.051,620092,loop
262.151,620092,loop
262.252,620092,loop
262.352,620092,loop
262.453,620092,loop
262.553,620092,loop
262.653,620092,loop
262.754,620092,loop
262.854,620092,loop
262.955,620092,loop
263.055,620092,loop
263.156,620092,loop
263.256,620092,loop
263.356,620092,loop
263.457,620092,loop
263.557,620092,loop
263.658,620092,loop
263.758,620092,loop
263.859,620092,loop
263.959,620092,loop
264.059,620092,loop
264.160,620092,loop
264.260,620092,loop
264.361,620092,loop
264.461,620092,loop
264.562,620092,loop
264.662,620092,loop
264.763,620092,loop
264.863,620092,loop
264.963,620092,loop
265.064,620092,loop
265.164,620092,loop
265.265,620092,loop
265.365,620092,loop
265.466,620092,loop
265.566,620092,loop
265.667,620092,loop
265.767,620092,loop
265.867,620092,loop
265.968,620092,loop
266.068,620092,loop
266.169,620092,loop
266.269,620092,loop
266.369,620092,loop
266.470,620092,loop
266.570,620092,loop
266.671,620092,loop
266.771,620092,loop
266.872,620092,loop
266.972,620092,loop
267.072,620092,loop
267.173,620092,loop
267.273,620092,loop
267.374,620092,loop
267.474,620092,loop
267.575,620092,loop
267.675,620092,loop
267.776,620092,loop
267.876,620092,loop
267.976,620092,loop
268.077,620092,loop
268.177,620092,loop
268.278,620092,loop
268.378,620092,loop
268.479,620092,loop
268.579,620092,loop
268.679,620092,loop
268.780,620092,loop
268.880,620092,loop
268.981,620092,loop
269.081,620092,loop
269.182,620092,loop
269.282,620092,loop
269.383,620092,loop
269.483,620092,loop
269.583,620092,loop
269.684,620092,loop
269.784,620092,loop
269.885,620092,loop
269.985,620092,loop
270.086,620092,loop
270.186,620092,loop
270.286,620092,loop
270.387,620092,loop
270.487,620092,loop
270.588,620092,loop
270.688,620092,loop
270.789,620092,loop
270.889,620092,loop
270.989,620092,loop
271.090,620092,loop
271.190,620092,loop
271.291,620092,loop
271.391,620092,loop
271.492,620092,loop
271.592,620092,loop
271.692,620092,loop
271.793,620092,loop
271.893,620092,loop
271.994,620092,loop
272.094,620092,loop
272.195,620092,loop
272.295,620092,loop
272.395,620092,loop
272.496,620092,loop
272.596,620092,loop
272.697,620092,loop
272.797,620092,loop
272.898,620092,loop
272.998,620092,loop
273.099,620092,loop
273.199,620092,loop
273.299,620092,loop
273.400,620092,loop
273.500,620092,loop
273.601,620092,loop
273.701,620092,loop
273.802,620092,loop
273.902,620092,loop
274.002,620092,loop
274.103,620092,loop
274.203,620092,loop
274.304,620092,loop
274.404,620092,loop
274.505,620092,loop
274.605,620092,loop
274.705,620092,loop
274.806,620092,loop
274.906,620092,loop
275.007,620092,loop
275.107,620092,loop
275.208,620092,loop
275.308,620092,loop
275.409,620092,loop
275.509,620092,loop
275.609,620092,loop
275.710,620092,loop
275.810,620092,loop
275.911,620092,loop
276.011,620092,loop
276.111,620092,loop
276.212,620092,loop
276.312,620092,loop
276.413,620092,loop
276.513,620092,loop
276.614,620092,loop
276.714,620092,loop
276.815,620092,loop
276.915,620092,loop
277.015,620092,loop
277.116,620092,loop
277.216,620092,loop
277.317,620092,loop
277.417,620092,loop
277.518,620092,loop
277.618,620092,loop
277.718,620092,loop
277.819,620092,loop
277.919,620092,loop
278.020,620092,loop
278.120,620092,loop
278.221,620092,loop
278.321,620092,loop
278.422,620092,loop
278.522,620092,loop
278.622,620092,loop
278.723,620092,loop
278.823,620092,loop
278.924,620092,loop
279.024,620092,loop
279.125,620092,loop
279.225,620092,loop
279.326,620092,loop
279.426,620092,loop
279.526,620092,loop
279.627,620092,loop
279.727,620092,loop
279.828,620092,loop
279.928,620092,loop
280.029,620092,loop
280.129,620092,loop
280.230,620092,loop
280.330,620092,loop
280.430,620092,loop
280.531,620092,loop
280.631,620092,loop
280.732,620092,loop
280.832,620092,loop
280.933,620092,loop
281.033,620092,loop
281.134,620092,loop
281.234,620092,loop
281.335,620092,loop
281.435,620092,loop
281.535,620092,loop
281.636,620092,loop
281.736,620092,loop
281.837,620092,loop
281.937,620092,loop
282.038,620092,loop
282.138,620092,loop
282.238,620092,loop
282.339,620092,loop
282.439,620092,loop
282.540,620092,loop
282.640,620092,loop
282.741,620092,loop
282.841,620092,loop
282.942,620092,loop
283.042,620092,loop
283.142,620092,loop
283.243,620092,loop
283.343,620092,loop
283.444,620092,loop
283.544,620092,loop
283.645,620092,loop
283.745,620092,loop
283.845,620092,loop
283.946,620092,loop
284.046,620092,loop
284.147,620092,loop
284.247,620092,loop
284.348,620092,loop
284.448,620092,loop
284.549,620092,loop
284.649,620092,loop
284.749,620092,loop
284.850,620092,loop
284.950,620092,loop
285.051,620092,loop
285.151,620092,loop
285.252,620092,loop
285.352,620092,loop
285.453,620092,loop
285.553,620092,loop
285.653,620092,loop
285.754,620092,loop
285.854,620092,loop
285.955,620092,loop
286.055,620092,loop
286.156,620092,loop
286.256,620092,loop
286.356,620092,loop
286.457,620092,loop
286.557,620092,loop
286.658,620092,loop
286.758,620092,loop
286.858,620092,loop
286.959,620092,loop
287.059,620092,loop
287.160,620092,loop
287.260,620092,loop
287.361,620092,loop
287.461,620092,loop
287.562,620092,loop
287.662,620092,loop
287.762,620092,loop
287.863,620092,loop
287.963,620092,loop
288.064,620092,loop
288.164,620092,loop
288.265,620092,loop
288.365,620092,loop
288.465,620092,loop
288.566,620092,loop
288.666,620092,loop
288.767,620092,loop
288.867,620092,loop
288.968,620092,loop
289.068,620092,loop
289.169,620092,loop
289.269,620092,loop
289.369,620092,loop
289.470,620092,loop
289.570,620092,loop
289.671,620092,loop
289.771,620092,loop
289.872,620092,loop
289.972,620092,loop
290.072,620092,loop
290.173,620092,loop
290.273,620092,loop
290.374,620092,loop
290.474,620092,loop
290.575,620092,loop
290.675,620092,loop
290.776,620092,loop
290.876,620092,loop
290.976,620092,loop
291.077,620092,loop
291.177,620092,loop
291.278,620092,loop
291.378,620092,loop
291.479,620092,loop
291.579,620092,loop
291.680,620092,loop
291.780,620092,loop
291.880,620092,loop
291.981,620092,loop
292.081,620092,loop
292.182,620092,loop
292.282,620092,loop
292.383,620092,loop
292.483,620092,loop
292.583,620092,loop
292.684,620092,loop
292.784,620092,loop
292.885,620092,loop
292.985,620092,loop
293.086,620092,loop
293.186,620092,loop
293.287,620092,loop
293.387,620092,loop
293.487,620092,loop
293.588,620092,loop
293.688,620092,loop
293.789,620092,loop
293.889,620092,loop
293.990,620092,loop
294.090,620092,loop
294.190,620092,loop
294.291,620092,loop
294.391,620092,loop
294.492,620092,loop
294.592,620092,loop
294.693,620092,loop
294.793,620092,loop
294.893,620092,loop
294.994,620092,loop
295.094,620092,loop
295.195,620092,loop
295.295,620092,loop
295.396,620092,loop
295.496,620092,loop
295.596,620092,loop
295.697,620092,loop
295.797,620092,loop
295.898,620092,loop
295.998,620092,loop
296.099,620092,loop
296.199,620092,loop
296.299,620092,loop
296.400,620092,loop
296.500,620092,loop
296.601,620092,loop
296.701,620092,loop
296.802,620092,loop
296.902,620092,loop
297.002,620092,loop
297.103,620092,loop
297.203,620092,loop
297.304,620092,loop
297.404,620092,loop
297.505,620092,loop
297.605,620092,loop
297.706,620092,loop
297.806,620092,loop
297.906,620092,loop
298.007,620092,loop
298.107,620092,loop
298.208,620092,loop
298.308,620092,loop
298.409,620092,loop
298.509,620092,loop
298.609,620092,loop
298.710,620092,loop
298.810,620092,loop
298.911,620092,loop
299.011,620092,loop
299.112,620092,loop
299.212,620092,loop
299.313,620092,loop
299.413,620092,loop
299.513,620092,loop
299.614,620092,loop
299.714,620092,loop
299.815,620092,loop
299.915,620092,loop
300.016,620092,loop
300.116,620092,loop
300.216,620092,loop
300.317,620092,loop
300.417,620092,loop
300.518,620092,loop
300.618,620092,loop
300.719,620092,loop
300.819,620092,loop
300.919,620092,loop
301.020,620092,loop
301.120,620092,loop
301.221,620092,loop
301.321,620092,loop
301.422,620092,loop
301.522,620092,loop
301.622,620092,loop
301.723,620092,loop
301.823,620092,loop
301.924,620092,loop
302.024,620092,loop
302.125,620092,loop
302.225,620092,loop
302.325,620092,loop
302.426,620092,loop
302.526,620092,loop
302.627,620092,loop
302.727,620092,loop
302.828,620092,loop
302.928,620092,loop
303.028,620092,loop
303.129,620092,loop
303.229,620092,loop
303.330,620092,loop
303.430,620092,loop
303.531,620092,loop
303.631,620092,loop
303.731,620092,loop
303.832,620092,loop
303.932,620092,loop
304.033,620092,loop
304.133,620092,loop
304.234,620092,loop
304.334,620092,loop
304.434,620092,loop
304.535,620092,loop
304.635,620092,loop
304.736,620092,loop
304.836,620092,loop
304.937,620092,loop
305.037,620092,loop
305.137,620092,loop
305.238,620092,loop
305.338,620092,loop
305.439,620092,loop
305.539,620092,loop
305.640,620092,loop
305.740,620092,loop
305.841,620092,loop
305.941,620092,loop
306.041,620092,loop
306.142,620092,loop
306.242,620092,loop
306.343,620092,loop
306.443,620092,loop
306.544,620092,loop
306.644,620092,loop
306.744,620092,loop
306.845,620092,loop
306.945,620092,loop
307.046,620092,loop
307.146,620092,loop
307.247,620092,loop
307.347,620092,loop
307.448,620092,loop
307.548,620092,loop
307.648,620092,loop
307.749,620092,loop
307.849,620092,loop
307.950,620092,loop
308.050,620092,loop
308.150,620092,loop
308.251,620092,loop
308.351,620092,loop
308.452,620092,loop
308.552,620092,loop
308.653,620092,loop
308.753,620092,loop
308.854,620092,loop
308.954,620092,loop
309.054,620092,loop
309.155,620092,loop
309.255,620092,loop
309.356,620092,loop
309.456,620092,loop
309.557,620092,loop
309.657,620092,loop
309.757,620092,loop
309.858,620092,loop
309.958,620092,loop
310.059,620092,loop
310.159,620092,loop
310.260,620092,loop
310.360,620092,loop
310.461,620092,loop
310.561,620092,loop
310.661,620092,loop
310.762,620092,loop
310.862,620092,loop
310.963,620092,loop
311.063,620092,loop
311.164,620092,loop
311.264,620092,loop
311.364,620092,loop
311.465,620092,loop
311.565,620092,loop
311.666,620092,loop
311.766,620092,loop
311.867,620092,loop
311.967,620092,loop
312.068,620092,loop
312.168,620092,loop
312.268,620092,loop
312.369,620092,loop
312.469,620092,loop
312.570,620092,loop
312.670,620092,loop
312.771,620092,loop
312.871,620092,loop
312.971,620092,loop
313.072,620092,loop
313.172,620092,loop
313.273,620092,loop
313.373,620092,loop
313.474,620092,loop
313.574,620092,loop
313.674,620092,loop
313.775,620092,loop
313.875,620092,loop
313.976,620092,loop
314.076,620092,loop
314.176,620092,loop
314.277,620092,loop
314.377,620092,loop
314.478,620092,loop
314.578,620092,loop
314.679,620092,loop
314.779,620092,loop
314.880,620092,loop
314.980,620092,loop
315.080,620092,loop
315.181,620092,loop
315.281,620092,loop
315.382,620092,loop
315.482,620092,loop
315.582,620092,loop
315.683,620092,loop
315.783,620092,loop
315.884,620092,loop
315.984,620092,loop
316.085,620092,loop
316.185,620092,loop
316.286,620092,loop
316.386,620092,loop
316.486,620092,loop
316.587,620092,loop
316.687,620092,loop
316.788,620092,loop
316.888,620092,loop
316.989,620092,loop
317.089,620092,loop
317.189,620092,loop
317.290,620092,loop
317.390,620092,loop
317.491,620092,loop
317.591,620092,loop
317.692,620092,loop
317.792,620092,loop
317.893,620092,loop
317.993,620092,loop
318.093,620092,loop
318.194,620092,loop
318.294,620092,loop
318.395,620092,loop
318.495,620092,loop
318.596,620092,loop
318.696,620092,loop
318.796,620092,loop
318.897,620092,loop
318.997,620092,loop
319.098,620092,loop
319.198,620092,loop
319.299,620092,loop
319.399,620092,loop
319.500,620092,loop
319.600,620092,loop
319.700,620092,loop
319.801,620092,loop
319.901,620092,loop
320.002,620092,loop
320.102,620092,loop
320.203,620092,loop
320.303,620092,loop
320.404,620092,loop
320.504,620092,loop
320.604,620092,loop
320.705,620092,loop
320.805,620092,loop
320.906,620092,loop
321.006,620092,loop
321.107,620092,loop
321.207,620092,loop
321.307,620092,loop
321.408,620092,loop
321.508,620092,loop
321.609,620092,loop
321.709,620092,loop
321.810,620092,loop
321.910,620092,loop
322.010,620092,loop
322.111,620092,loop
322.211,620092,loop
322.312,620092,loop
322.412,620092,loop
322.513,620092,loop
322.613,620092,loop
322.713,620092,loop
322.814,620092,loop
322.914,620092,loop
323.015,620092,loop
323.115,620092,loop
323.216,620092,loop
323.316,620092,loop
323.416,620092,loop
323.517,620092,loop
323.617,620092,loop
323.718,620092,loop
323.818,620092,loop
323.919,620092,loop
324.019,620092,loop
324.119,620092,loop
324.220,620092,loop
324.320,620092,loop
324.421,620092,loop
324.521,620092,loop
324.622,620092,loop
324.722,620092,loop
324.822,620092,loop
324.923,620092,loop
325.023,620092,loop
325.124,620092,loop
325.224,620092,loop
325.324,620092,loop
325.425,620092,loop
325.525,620092,loop
325.626,620092,loop
325.726,620092,loop
325.827,620092,loop
325.927,620092,loop
326.027,620092,loop
326.128,620092,loop
326.228,620092,loop
326.329,620092,loop
326.429,620092,loop
326.530,620092,loop
326.630,620092,loop
326.731,620092,loop
326.831,620092,loop
326.931,620092,loop
327.032,620092,loop
327.132,620092,loop
327.233,620092,loop
327.333,620092,loop
327.433,620092,loop
327.534,620092,loop
327.634,620092,loop
327.735,620092,loop
327.835,620092,loop
327.936,620092,loop
328.036,620092,loop
328.136,620092,loop
328.237,620092,loop
328.337,620092,loop
328.438,620092,loop
328.538,620092,loop
328.639,620092,loop
328.739,620092,loop
328.839,620092,loop
328.940,620092,loop
329.040,620092,loop
329.141,620092,loop
329.241,620092,loop
329.342,620092,loop
329.442,620092,loop
329.543,620092,loop
329.643,620092,loop
329.743,620092,loop
329.844,620092,loop
329.944,620092,loop
330.045,620092,loop
330.145,620092,loop
330.246,620092,loop
330.346,620092,loop
330.446,620092,loop
330.547,620092,loop
330.647,620092,loop
330.748,620092,loop
330.848,620092,loop
330.949,620092,loop
331.049,620092,loop
331.149,620092,loop
331.250,620092,loop
331.350,620092,loop
331.451,620092,loop
331.551,620092,loop
331.651,620092,loop
331.752,620092,loop
331.852,620092,loop
331.953,620092,loop
332.053,620092,loop
332.154,620092,loop
332.254,620092,loop
332.355,620092,loop
332.455,620092,loop
332.555,620092,loop
332.656,620092,loop
332.756,620092,loop
332.857,620092,loop
332.957,620092,loop
333.058,620092,loop
333.158,620092,loop
333.258,620092,loop
333.359,620092,loop
333.459,620092,loop
333.560,620092,loop
333.660,620092,loop
333.761,620092,loop
333.861,620092,loop
333.961,620092,loop
334.062,620092,loop
334.162,620092,loop
334.263,620092,loop
334.363,620092,loop
334.464,620092,loop
334.564,620092,loop
334.664,620092,loop
334.765,620092,loop
334.865,620092,loop
334.966,620092,loop
335.066,620092,loop
335.167,620092,loop
335.267,620092,loop
335.367,620092,loop
335.468,620092,loop
335.568,620092,loop
335.669,620092,loop
335.769,620092,loop
335.870,620092,loop
335.970,620092,loop
336.070,620092,loop
336.171,620092,loop
336.271,620092,loop
336.372,620092,loop
336.472,620092,loop
336.573,620092,loop
336.673,620092,loop
336.774,620092,loop
336.874,620092,loop
336.974,620092,loop
337.075,620092,loop
337.175,620092,loop
337.276,620092,loop
337.376,620092,loop
337.477,620092,loop
337.577,620092,loop
337.678,620092,loop
337.778,620092,loop
337.878,620092,loop
337.979,620092,loop
338.079,620092,loop
338.180,620092,loop
338.280,620092,loop
338.381,620092,loop
338.481,620092,loop
338.581,620092,loop
338.682,620092,loop
338.782,620092,loop
338.883,620092,loop
338.983,620092,loop
339.084,620092,loop
339.184,620092,loop
339.284,620092,loop
339.385,620092,loop
339.485,620092,loop
339.586,620092,loop
339.686,620092,loop
339.787,620092,loop
339.887,620092,loop
339.988,620092,loop
340.088,620092,loop
340.188,620092,loop
340.289,620092,loop
340.389,620092,loop
340.490,620092,loop
340.590,620092,loop
340.691,620092,loop
340.791,620092,loop
340.891,620092,loop
340.992,620092,loop
341.092,620092,loop
341.193,620092,loop
341.293,620092,loop
341.394,620092,loop
341.494,620092,loop
341.595,620092,loop
341.695,620092,loop
341.795,620092,loop
341.896,620092,loop
341.996,620092,loop
342.097,620092,loop
342.197,620092,loop
342.298,620092,loop
342.398,620092,loop
342.499,620092,loop
342.599,620092,loop
342.699,620092,loop
342.800,620092,loop
342.900,620092,loop
343.001,620092,loop
343.101,620092,loop
343.202,620092,loop
343.302,620092,loop
343.402,620092,loop
343.503,620092,loop
343.603,620092,loop
343.704,620092,loop
343.804,620092,loop
343.904,620092,loop
344.005,620092,loop
344.105,620092,loop
344.206,620092,loop
344.306,620092,loop
344.407,620092,loop
344.507,620092,loop
344.608,620092,loop
344.708,620092,loop
344.808,620092,loop
344.909,620092,loop
345.009,620092,loop
345.110,620092,loop
345.210,620092,loop
345.311,620092,loop
345.411,620092,loop
345.511,620092,loop
345.612,620092,loop
345.712,620092,loop
345.813,620092,loop
345.913,620092,loop
346.014,620092,loop
346.114,620092,loop
346.215,620092,loop
346.315,620092,loop
346.415,620092,loop
346.516,620092,loop
346.616,620092,loop
346.717,620092,loop
346.817,620092,loop
346.917,620092,loop
347.018,620092,loop
347.118,620092,loop
347.219,620092,loop
347.319,620092,loop
347.420,620092,loop
347.520,620092,loop
347.620,620092,loop
347.721,620092,loop
347.821,620092,loop
347.922,620092,loop
348.022,620092,loop
348.123,620092,loop
348.223,620092,loop
348.323,620092,loop
348.424,620092,loop
348.524,620092,loop
348.625,620092,loop
348.725,620092,loop
348.826,620092,loop
348.926,620092,loop
349.027,620092,loop
349.127,620092,loop
349.227,620092,loop
349.328,620092,loop
349.428,620092,loop
349.529,620092,loop
349.629,620092,loop
349.730,620092,loop
349.830,620092,loop
349.930,620092,loop
350.031,620092,loop
350.131,620092,loop
350.232,620092,loop
350.332,620092,loop
350.433,620092,loop
350.533,620092,loop
350.634,620092,loop
350.734,620092,loop
350.834,620092,loop
350.935,620092,loop
351.035,620092,loop
351.136,620092,loop
351.236,620092,loop
351.337,620092,loop
351.437,620092,loop
351.538,620092,loop
351.638,620092,loop
351.738,620092,loop
351.839,620092,loop
351.939,620092,loop
352.040,620092,loop
352.140,620092,loop
352.241,620092,loop
352.341,620092,loop
352.441,620092,loop
352.542,620092,loop
352.642,620092,loop
352.743,620092,loop
352.843,620092,loop
352.944,620092,loop
353.044,620092,loop
353.145,620092,loop
353.245,620092,loop
353.345,620092,loop
353.446,620092,loop
353.546,620092,loop
353.647,620092,loop
353.747,620092,loop
353.848,620092,loop
353.948,620092,loop
354.049,620092,loop
354.149,620092,loop
354.249,620092,loop
354.350,620092,loop
354.450,620092,loop
354.551,620092,loop
354.651,620092,loop
354.752,620092,loop
354.852,620092,loop
354.953,620092,loop
355.053,620092,loop
355.154,620092,loop
355.254,620092,loop
355.354,620092,loop
355.455,620092,loop
355.555,620092,loop
355.656,620092,loop
355.756,620092,loop
355.857,620092,loop
355.957,620092,loop
356.058,620092,loop
356.158,620092,loop
356.258,620092,loop
356.359,620092,loop
356.459,620092,loop
356.560,620092,loop
356.660,620092,loop
356.761,620092,loop
356.861,620092,loop
356.961,620092,loop
357.062,620092,loop
357.162,620092,loop
357.263,620092,loop
357.363,620092,loop
357.464,620092,loop
357.564,620092,loop
357.665,620092,loop
357.765,620092,loop
357.865,620092,loop
357.966,620092,loop
358.066,620092,loop
358.167,620092,loop
358.267,620092,loop
358.368,620092,loop
358.468,620092,loop
358.569,620092,loop
358.669,620092,loop
358.769,620092,loop
358.870,620092,loop
358.970,620092,loop
359.071,620092,loop
359.171,620092,loop
359.272,620092,loop
359.372,620092,loop
359.472,620092,loop
359.573,620092,loop
359.673,620092,loop
359.774,620092,loop
359.874,620092,loop
359.975,620092,loop
360.075,620092,loop
360.176,620092,loop
360.276,620092,loop
360.376,620092,loop
360.477,620092,loop
360.577,620092,loop
360.678,620092,loop
360.778,620092,loop
360.879,620092,loop
360.979,620092,loop
361.080,620092,loop
361.180,620092,loop
361.280,620092,loop
361.381,620092,loop
361.481,620092,loop
361.582,620092,loop
361.682,620092,loop
361.783,620092,loop
361.883,620092,loop
361.984,620092,loop
362.084,620092,loop
362.184,620092,loop
362.285,620092,loop
362.385,620092,loop
362.486,620092,loop
362.586,620092,loop
362.687,620092,loop
362.787,620092,loop
362.888,620092,loop
362.988,620092,loop
363.088,620092,loop
363.189,620092,loop
363.289,620092,loop
363.390,620092,loop
363.490,620092,loop
363.591,620092,loop
363.691,620092,loop
363.791,620092,loop
363.892,620092,loop
363.992,620092,loop
364.093,620092,loop
364.193,620092,loop
364.294,620092,loop
364.394,620092,loop
364.495,620092,loop
364.595,620092,loop
364.695,620092,loop
364.796,620092,loop
364.896,620092,loop
364.997,620092,loop
365.097,620092,loop
365.198,620092,loop
365.298,620092,loop
365.399,620092,loop
365.499,620092,loop
365.599,620092,loop
365.700,620092,loop
365.800,620092,loop
365.901,620092,loop
366.001,620092,loop
366.102,620092,loop
366.202,620092,loop
366.303,620092,loop
366.403,620092,loop
366.504,620092,loop
366.604,620092,loop
366.704,620092,loop
366.805,620092,loop
366.905,620092,loop
367.006,620092,loop
367.106,620092,loop
367.207,620092,loop
367.307,620092,loop
367.408,620092,loop
367.508,620092,loop
367.608,620092,loop
367.709,620092,loop
367.809,620092,loop
367.910,620092,loop
368.010,620092,loop
368.110,620092,loop
368.211,620092,loop
368.311,620092,loop
368.412,620092,loop
368.512,620092,loop
368.613,620092,loop
368.713,620092,loop
368.814,620092,loop
368.914,620092,loop
369.014,620092,loop
369.115,620092,loop
369.215,620092,loop
369.316,620092,loop
369.416,620092,loop
369.517,620092,loop
369.617,620092,loop
369.718,620092,loop
369.818,620092,loop
369.918,620092,loop
370.019,620092,loop
370.119,620092,loop
370.220,620092,loop
370.320,620092,loop
370.421,620092,loop
370.521,620092,loop
370.622,620092,loop
370.722,620092,loop
370.822,620092,loop
370.923,620092,loop
371.023,620092,loop
371.124,620092,loop
371.224,620092,loop
371.325,620092,loop
371.425,620092,loop
371.526,620092,loop
371.626,620092,loop
371.727,620092,loop
371.827,620092,loop
371.927,620092,loop
372.028,620092,loop
372.128,620092,loop
372.229,620092,loop
372.329,620092,loop
372.430,620092,loop
372.530,620092,loop
372.630,620092,loop
372.731,620092,loop
372.831,620092,loop
372.932,620092,loop
373.032,620092,loop
373.133,620092,loop
373.233,620092,loop
373.333,620092,loop
373.434,620092,loop
373.534,620092,loop
373.635,620092,loop
373.735,620092,loop
373.836,620092,loop
373.936,620092,loop
374.037,620092,loop
374.137,620092,loop
374.237,620092,loop
374.338,620092,loop
374.438,620092,loop
374.539,620092,loop
374.639,620092,loop
374.740,620092,loop
374.840,620092,loop
374.941,620092,loop
375.041,620092,loop
375.141,620092,loop
375.242,620092,loop
375.342,620092,loop
375.443,620092,loop
375.543,620092,loop
375.643,620092,loop
375.744,620092,loop
375.844,620092,loop
375.945,620092,loop
376.045,620092,loop
376.146,620092,loop
376.246,620092,loop
376.347,620092,loop
376.447,620092,loop
376.548,620092,loop
376.648,620092,loop
376.748,620092,loop
376.849,620092,loop
376.949,620092,loop
377.050,620092,loop
377.150,620092,loop
377.251,620092,loop
377.351,620092,loop
377.451,620092,loop
377.552,620092,loop
377.652,620092,loop
377.753,620092,loop
377.853,620092,loop
377.954,620092,loop
378.054,620092,loop
378.154,620092,loop
378.255,620092,loop
378.355,620092,loop
378.456,620092,loop
378.556,620092,loop
378.657,620092,loop
378.757,620092,loop
378.858,620092,loop
378.958,620092,loop
379.059,620092,loop
379.159,620092,loop
379.259,620092,loop
379.360,620092,loop
379.460,620092,loop
379.561,620092,loop
379.661,620092,loop
379.762,620092,loop
379.862,620092,loop
379.962,620092,loop
380.063,620092,loop
380.163,620092,loop
380.264,620092,loop
380.364,620092,loop
380.465,620092,loop
380.565,620092,loop
380.666,620092,loop
380.766,620092,loop
380.866,620092,loop
380.967,620092,loop
381.067,620092,loop
381.168,620092,loop
381.268,620092,loop
381.369,620092,loop
381.469,620092,loop
381.570,620092,loop
381.670,620092,loop
381.770,620092,loop
381.871,620092,loop
381.971,620092,loop
382.072,620092,loop
382.172,620092,loop
382.273,620092,loop
382.373,620092,loop
382.474,620092,loop
382.574,620092,loop
382.674,620092,loop
382.775,620092,loop
382.875,620092,loop
382.976,620092,loop
383.076,620092,loop
383.176,620092,loop
383.277,620092,loop
383.377,620092,loop
383.478,620092,loop
383.578,620092,loop
383.679,620092,loop
383.779,620092,loop
383.880,620092,loop
383.980,620092,loop
384.080,620092,loop
384.181,620092,loop
384.281,620092,loop
384.382,620092,loop
384.482,620092,loop
384.583,620092,loop
384.683,620092,loop
384.784,620092,loop
384.884,620092,loop
384.984,620092,loop
385.085,620092,loop
385.185,620092,loop
385.286,620092,loop
385.386,620092,loop
385.487,620092,loop
385.587,620092,loop
385.688,620092,loop
385.788,620092,loop
385.888,620092,loop
385.989,620092,loop
386.089,620092,loop
386.190,620092,loop
386.290,620092,loop
386.391,620092,loop
386.491,620092,loop
386.592,620092,loop
386.692,620092,loop
386.792,620092,loop
386.893,620092,loop
386.993,620092,loop
387.094,620092,loop
387.194,620092,loop
387.295,620092,loop
387.395,620092,loop
387.495,620092,loop
387.596,620092,loop
387.696,620092,loop
387.797,620092,loop
387.897,620092,loop
387.998,620092,loop
388.098,620092,loop
388.199,620092,loop
388.299,620092,loop
388.399,620092,loop
388.500,620092,loop
388.600,620092,loop
388.701,620092,loop
388.801,620092,loop
388.902,620092,loop
389.002,620092,loop
389.103,620092,loop
389.203,620092,loop
389.304,620092,loop
389.404,620092,loop
389.504,620092,loop
389.605,620092,loop
389.705,620092,loop
389.806,620092,loop
389.906,620092,loop
390.007,620092,loop
390.107,620092,loop
390.208,620092,loop
390.308,620092,loop
390.408,620092,loop
390.509,620092,loop
390.609,620092,loop
390.710,620092,loop
390.810,620092,loop
390.910,620092,loop
391.011,620092,loop
391.111,620092,loop
391.212,620092,loop
391.312,620092,loop
391.413,620092,loop
391.513,620092,loop
391.614,620092,loop
391.714,620092,loop
391.815,620092,loop
391.915,620092,loop
392.015,620092,loop
392.116,620092,loop
392.216,620092,loop
392.317,620092,loop
392.417,620092,loop
392.518,620092,loop
392.618,620092,loop
392.718,620092,loop
392.819,620092,loop
392.919,620092,loop
393.020,620092,loop
393.120,620092,loop
393.221,620092,loop
393.321,620092,loop
393.422,620092,loop
393.522,620092,loop
393.622,620092,loop
393.723,620092,loop
393.823,620092,loop
393.924,620092,loop
394.024,620092,loop
394.125,620092,loop
394.225,620092,loop
394.325,620092,loop
394.426,620092,loop
394.526,620092,loop
394.627,620092,loop
394.727,620092,loop
394.828,620092,loop
394.928,620092,loop
395.029,620092,loop
395.129,620092,loop
395.229,620092,loop
395.330,620092,loop
395.430,620092,loop
395.531,620092,loop
395.631,620092,loop
395.732,620092,loop
395.832,620092,loop
395.932,620092,loop
396.033,620092,loop
396.133,620092,loop
396.234,620092,loop
396.334,620092,loop
396.435,620092,loop
396.535,620092,loop
396.636,620092,loop
396.736,620092,loop
396.836,620092,loop
396.937,620092,loop
397.037,620092,loop
397.138,620092,loop
397.238,620092,loop
397.339,620092,loop
397.439,620092,loop
397.539,620092,loop
397.640,620092,loop
397.740,620092,loop
397.841,620092,loop
397.941,620092,loop
398.042,620092,loop
398.142,620092,loop
398.242,620092,loop
398.343,620092,loop
398.443,620092,loop
398.544,620092,loop
398.644,620092,loop
398.745,620092,loop
398.845,620092,loop
398.946,620092,loop
399.046,620092,loop
399.146,620092,loop
399.247,620092,loop
399.347,620092,loop
399.448,620092,loop
399.548,620092,loop
399.649,620092,loop
399.749,620092,loop
399.850,620092,loop
399.950,620092,loop
400.050,620092,loop
400.151,620092,loop
400.251,620092,loop
400.352,620092,loop
400.452,620092,loop
400.553,620092,loop
400.653,620092,loop
400.753,620092,loop
400.854,620092,loop
400.954,620092,loop
401.055,620092,loop
401.155,620092,loop
401.256,620092,loop
401.356,620092,loop
401.457,620092,loop
401.557,620092,loop
401.657,620092,loop
401.758,620092,loop
401.858,620092,loop
401.959,620092,loop
402.059,620092,loop
402.160,620092,loop
402.260,620092,loop
402.361,620092,loop
402.461,620092,loop
402.562,620092,loop
402.662,620092,loop
402.762,620092,loop
402.863,620092,loop
402.963,620092,loop
403.064,620092,loop
403.164,620092,loop
403.265,620092,loop
403.365,620092,loop
403.466,620092,loop
403.566,620092,loop
403.666,620092,loop
403.767,620092,loop
403.867,620092,loop
403.968,620092,loop
404.068,620092,loop
404.169,620092,loop
404.269,620092,loop
404.370,620092,loop
404.470,620092,loop
404.570,620092,loop
404.671,620092,loop
404.771,620092,loop
404.872,620092,loop
404.972,620092,loop
405.073,620092,loop
405.173,620092,loop
405.273,620092,loop
405.374,620092,loop
405.474,620092,loop
405.575,620092,loop
405.675,620092,loop
405.776,620092,loop
405.876,620092,loop
405.977,620092,loop
406.077,620092,loop
406.177,620092,loop
406.278,620092,loop
406.378,620092,loop
406.479,620092,loop
406.579,620092,loop
406.679,620092,loop
406.780,620092,loop
406.880,620092,loop
406.981,620092,loop
407.081,620092,loop
407.182,620092,loop
407.282,620092,loop
407.383,620092,loop
407.483,620092,loop
407.583,620092,loop
407.684,620092,loop
407.784,620092,loop
407.885,620092,loop
407.985,620092,loop
408.086,620092,loop
408.186,620092,loop
408.286,620092,loop
408.387,620092,loop
408.487,620092,loop
408.588,620092,loop
408.688,620092,loop
408.789,620092,loop
408.889,620092,loop
408.990,620092,loop
409.090,620092,loop
409.190,620092,loop
409.291,620092,loop
409.391,620092,loop
409.492,620092,loop
409.592,620092,loop
409.693,620092,loop
409.793,620092,loop
409.894,620092,loop
409.994,620092,loop
410.094,598348,loop
410.195,598352,loop
410.295,598352,loop
410.396,598352,loop
410.496,598352,loop
410.597,598352,loop
410.697,598352,loop
410.797,598352,loop
410.898,598352,loop
410.998,598352,loop
411.099,598352,loop
411.199,598352,loop
411.300,608232,loop
411.400,608236,loop
411.501,608236,loop
411.601,608236,loop
411.701,608236,loop
411.802,608236,loop
411.902,608236,loop
412.003,608236,loop
412.103,608236,loop
412.204,612360,loop
412.304,613648,loop
412.405,614848,loop
412.505,614848,loop
412.605,614848,loop
412.706,614848,loop
412.806,614848,loop
412.907,614848,loop
413.007,614848,loop
413.108,614848,loop
413.208,614848,loop
413.308,614848,loop
413.409,614848,loop
413.509,614848,loop
413.610,614848,loop
413.710,614848,loop
413.811,614848,loop
413.911,614848,loop
414.012,614848,loop
414.112,614848,loop
414.212,614848,loop
414.313,614848,loop
414.413,614848,loop
414.514,614848,loop
414.614,614848,loop
414.715,614848,loop
414.815,614848,loop
414.916,614848,loop
415.016,614848,loop
415.116,614848,loop
415.217,614848,loop
415.317,614848,loop
415.418,614848,loop
415.518,614848,loop
415.619,614848,loop
415.719,614848,loop
415.819,614848,loop
415.920,614848,loop
416.020,614848,loop
416.121,614852,loop
416.221,614852,loop
416.322,614852,loop
416.422,614852,loop
416.523,614852,loop
416.623,614852,loop
416.724,614852,loop
416.824,614852,loop
416.924,614852,loop
417.025,614852,loop
417.125,614852,loop
417.226,614852,loop
417.326,614852,loop
417.426,614852,loop
417.527,614852,loop
417.627,614852,loop
417.728,614852,loop
417.828,614852,loop
417.929,614852,loop
418.029,614852,loop
418.130,614852,loop
418.230,614852,loop
418.330,614852,loop
418.431,614852,loop
418.531,614852,loop
418.632,614852,loop
418.732,614852,loop
418.833,614852,loop
418.933,614852,loop
419.034,614852,loop
419.134,614852,loop
419.234,614852,loop
419.335,614852,loop
419.435,614852,loop
419.536,614852,loop
419.636,614852,loop
419.737,614852,loop
419.837,614852,loop
419.938,614852,loop
420.038,614852,loop
420.138,614852,loop
420.239,614852,loop
420.339,614852,loop
420.440,614852,loop
420.540,614852,loop
420.641,614852,loop
420.741,614852,loop
420.841,614852,loop
420.942,614852,loop
421.042,614852,loop
421.143,614852,loop
421.243,614852,loop
421.344,614852,loop
421.444,614852,loop
421.545,614852,loop
421.645,614852,loop
421.746,614852,loop
421.846,614852,loop
421.946,614852,loop
422.047,614852,loop
422.147,614852,loop
422.248,614852,loop
422.348,614852,loop
422.449,614852,loop
422.549,614852,loop
422.650,614852,loop
422.750,614852,loop
422.850,614852,loop
422.951,614852,loop
423.051,614852,loop
423.152,614852,loop
423.252,614852,loop
423.353,614852,loop
423.453,614852,loop
423.554,614852,loop
423.654,614852,loop
423.754,614852,loop
423.855,614852,loop
423.955,614852,loop
424.056,614852,loop
424.156,614852,loop
424.257,614852,loop
424.357,614852,loop
424.458,614852,loop
424.558,614852,loop
424.658,614852,loop
424.759,614852,loop
424.859,614852,loop
424.960,614852,loop
425.060,614852,loop
425.160,614852,loop
425.261,614852,loop
425.361,614852,loop
425.462,614852,loop
425.562,614852,loop
425.663,614852,loop
425.763,614852,loop
425.864,614852,loop
425.964,614852,loop
426.064,614852,loop
426.165,614852,loop
426.265,614852,loop
426.366,614852,loop
426.466,614852,loop
426.566,614852,loop
426.667,614852,loop
426.767,614852,loop
426.868,614852,loop
426.968,614852,loop
427.069,614852,loop
427.169,614852,loop
427.270,614852,loop
427.370,614852,loop
427.470,614852,loop
427.571,614852,loop
427.671,614852,loop
427.772,614852,loop
427.872,614852,loop
427.973,614852,loop
428.073,614852,loop
428.173,614852,loop
428.274,614852,loop
428.374,614852,loop
428.475,614852,loop
428.575,614852,loop
428.676,614852,loop
428.776,614852,loop
428.877,614852,loop
428.977,614852,loop
429.077,614852,loop
429.178,614852,loop
429.278,614852,loop
429.379,614852,loop
429.479,614852,loop
429.580,614852,loop
429.680,614852,loop
429.781,614852,loop
429.881,614852,loop
429.981,614852,loop
430.082,614852,loop
430.182,614852,loop
430.283,614852,loop
430.383,614852,loop
430.483,614852,loop
430.584,614852,loop
430.684,614852,loop
430.785,614852,loop
430.885,614852,loop
430.986,614852,loop
431.086,614852,loop
431.187,614852,loop
431.287,614852,loop
431.388,614852,loop
431.488,614852,loop
431.588,614852,loop
431.689,614852,loop
431.789,614852,loop
431.890,614852,loop
431.990,614852,loop
432.090,614852,loop
432.191,614852,loop
432.291,614852,loop
432.392,614852,loop
432.492,614852,loop
432.593,614852,loop
432.693,614852,loop
432.794,614852,loop
432.894,614852,loop
432.994,614852,loop
433.095,614852,loop
433.195,614852,loop
433.296,614852,loop
433.396,614852,loop
433.497,614852,loop
433.597,614852,loop
433.698,614852,loop
433.798,614852,loop
433.898,614852,loop
433.999,614852,loop
434.099,614852,loop
434.200,614852,loop
434.300,614852,loop
434.401,614852,loop
434.501,614852,loop
434.602,614852,loop
434.702,614852,loop
434.802,614852,loop
434.903,614852,loop
435.003,614852,loop
435.104,614852,loop
435.204,614852,loop
435.305,614852,loop
435.405,614852,loop
435.505,614852,loop
435.606,614852,loop
435.706,614852,loop
435.807,614852,loop
435.907,614852,loop
436.008,614852,loop
436.108,614852,loop
436.208,614852,loop
436.309,614852,loop
436.409,614852,loop
436.510,614852,loop
436.610,614852,loop
436.711,614852,loop
436.811,614852,loop
436.912,614852,loop
437.012,614852,loop
437.112,614852,loop
437.213,614852,loop
437.313,614852,loop
437.414,614852,loop
437.514,614852,loop
437.615,614852,loop
437.715,614852,loop
437.816,614852,loop
437.916,614852,loop
438.016,614852,loop
438.117,614852,loop
438.217,614852,loop
438.318,614852,loop
438.418,614852,loop
438.519,614852,loop
438.619,614852,loop
438.719,614852,loop
438.820,614852,loop
438.920,614852,loop
439.021,614852,loop
439.121,614852,loop
439.222,614852,loop
439.322,614852,loop
439.423,614852,loop
439.523,614852,loop
439.623,614852,loop
439.724,614852,loop
439.824,614852,loop
439.925,614852,loop
440.025,614852,loop
440.126,614852,loop
440.226,614852,loop
440.326,615972,loop
440.427,615972,loop
440.527,615972,loop
440.628,615972,loop
440.728,615972,loop
440.829,615972,loop
440.929,615972,loop
441.030,615972,loop
441.130,615972,loop
441.230,615972,loop
441.331,615972,loop
441.431,615972,loop
441.532,615972,loop
441.632,615976,loop
441.733,615976,loop
441.833,615976,loop
441.933,615976,loop
442.034,615976,loop
442.134,615976,loop
442.235,615976,loop
442.335,615976,loop
442.436,615976,loop
442.536,615976,loop
442.637,615976,loop
442.737,615976,loop
442.837,615976,loop
442.938,615976,loop
443.038,615976,loop
443.139,615976,loop
443.239,615976,loop
443.340,615976,loop
443.440,615976,loop
443.541,615980,loop
443.641,615980,loop
443.741,615980,loop
443.842,615980,loop
443.942,615980,loop
444.043,615980,loop
444.143,615980,loop
444.244,615980,loop
444.344,615980,loop
444.445,615980,loop
444.545,615980,loop
444.646,615980,loop
444.746,615980,loop
444.846,615980,loop
444.947,615980,loop
445.047,615980,loop
445.148,615980,loop
445.248,615980,loop
445.348,615980,loop
445.449,615980,loop
445.549,615980,loop
445.650,615980,loop
445.750,615980,loop
445.851,615980,loop
445.951,615980,loop
446.052,615980,loop
446.152,615980,loop
446.253,615980,loop
446.353,615980,loop
446.453,615980,loop
446.554,615980,loop
446.654,615980,loop
446.755,615980,loop
446.855,615980,loop
446.956,615980,loop
447.056,615980,loop
447.157,615980,loop
447.257,615980,loop
447.358,615980,loop
447.458,615980,loop
447.558,615980,loop
447.659,615980,loop
447.759,615980,loop
447.860,615980,loop
447.960,615980,loop
448.061,615980,loop
448.161,615980,loop
448.261,615980,loop
448.362,615980,loop
448.462,615980,loop
448.563,615980,loop
448.663,615980,loop
448.764,615980,loop
448.864,615980,loop
448.965,615980,loop
449.065,615980,loop
449.165,615980,loop
449.266,615980,loop
449.366,615980,loop
449.467,615980,loop
449.567,615980,loop
449.668,615980,loop
449.768,615980,loop
449.868,615980,loop
449.969,615980,loop
450.069,615980,loop
450.170,615980,loop
450.270,615980,loop
450.371,615980,loop
450.471,615980,loop
450.572,615980,loop
450.672,615980,loop
450.773,615980,loop
450.873,615980,loop
450.973,615980,loop
451.074,615980,loop
451.174,615980,loop
451.275,615980,loop
451.375,615980,loop
451.476,615980,loop
451.576,615980,loop
451.676,615980,loop
451.777,615980,loop
451.877,615980,loop
451.978,615980,loop
452.078,615980,loop
452.179,615980,loop
452.279,615980,loop
452.380,615980,loop
452.480,615980,loop
452.581,615980,loop
452.681,615980,loop
452.781,615980,loop
452.882,615980,loop
452.982,615980,loop
453.083,615980,loop
453.183,615980,loop
453.284,615980,loop
453.384,615980,loop
453.484,615980,loop
453.585,615980,loop
453.685,615980,loop
453.786,615980,loop
453.886,615980,loop
453.987,615980,loop
454.087,615980,loop
454.187,615980,loop
454.288,615980,loop
454.388,615980,loop
454.489,615980,loop
454.589,615980,loop
454.690,615980,loop
454.790,615980,loop
454.891,615980,loop
454.991,615980,loop
455.091,615980,loop
455.192,615980,loop
455.292,615980,loop
455.393,615980,loop
455.493,615980,loop
455.594,615980,loop
455.694,615980,loop
455.795,615980,loop
455.895,615980,loop
455.995,615980,loop
456.096,615980,loop
456.196,615980,loop
456.297,615980,loop
456.397,615980,loop
456.498,615980,loop
456.598,615980,loop
456.699,615980,loop
456.799,615980,loop
456.899,615980,loop
457.000,615980,loop
457.100,615980,loop
457.201,615980,loop
457.301,615980,loop
457.402,615980,loop
457.502,615980,loop
457.603,615980,loop
457.703,615980,loop
457.804,615980,loop
457.904,615980,loop
458.004,615980,loop
458.105,615980,loop
458.205,615980,loop
458.306,615980,loop
458.406,615980,loop
458.507,615980,loop
458.607,615980,loop
458.708,615980,loop
458.808,615980,loop
458.908,615980,loop
459.009,615980,loop
459.109,615980,loop
459.210,615980,loop
459.310,615980,loop
459.411,615980,loop
459.511,615980,loop
459.612,615980,loop
459.712,615980,loop
459.812,615980,loop
459.913,615980,loop
460.013,615980,loop
460.114,615980,loop
460.214,615980,loop
460.315,615980,loop
460.415,615980,loop
460.516,615980,loop
460.616,615980,loop
460.716,615980,loop
460.817,615980,loop
460.917,615980,loop
461.018,615980,loop
461.118,615980,loop
461.219,615980,loop
461.319,615980,loop
461.420,615980,loop
461.520,615980,loop
461.620,615980,loop
461.721,615980,loop
461.821,615980,loop
461.922,615980,loop
462.022,615980,loop
462.123,615980,loop
462.223,615980,loop
462.324,615980,loop
462.424,615980,loop
462.524,615980,loop
462.625,615980,loop
462.725,615980,loop
462.826,615980,loop
462.926,615980,loop
463.027,615980,loop
463.127,615980,loop
463.228,615980,loop
463.328,615980,loop
463.428,615980,loop
463.529,615980,loop
463.629,615980,loop
463.730,615980,loop
463.830,615980,loop
463.931,615980,loop
464.031,615980,loop
464.131,615980,loop
464.232,615980,loop
464.332,615980,loop
464.433,615980,loop
464.533,615980,loop
464.634,615980,loop
464.734,615980,loop
464.835,615980,loop
464.935,615980,loop
465.036,615980,loop
465.136,615980,loop
465.236,615980,loop
465.337,615980,loop
465.437,615980,loop
465.538,615980,loop
465.638,615980,loop
465.739,615980,loop
465.839,615980,loop
465.940,615980,loop
466.040,615980,loop
466.140,615980,loop
466.241,615980,loop
466.341,615980,loop
466.442,615980,loop
466.542,615980,loop
466.643,615980,loop
466.743,615980,loop
466.843,615980,loop
466.944,615980,loop
467.044,615980,loop
467.145,615980,loop
467.245,615980,loop
467.346,615980,loop
467.446,615980,loop
467.546,615980,loop
467.647,615980,loop
467.747,615980,loop
467.848,615980,loop
467.948,615980,loop
468.049,615980,loop
468.149,615980,loop
468.250,615980,loop
468.350,615980,loop
468.450,615980,loop
468.551,615980,loop
468.651,615980,loop
468.752,615980,loop
468.852,615980,loop
468.953,615980,loop
469.053,615980,loop
469.153,615980,loop
469.254,615980,loop
469.354,615980,loop
469.455,615980,loop
469.555,615980,loop
469.656,615980,loop
469.756,615980,loop
469.857,615980,loop
469.957,615980,loop
470.057,615980,loop
470.158,615980,loop
470.258,615980,loop
470.359,615980,loop
470.459,615980,loop
470.560,615980,loop
470.660,615980,loop
470.760,615980,loop
470.861,615980,loop
470.961,615980,loop
471.062,615980,loop
471.162,615980,loop
471.263,615980,loop
471.363,615980,loop
471.464,615980,loop
471.564,615980,loop
471.664,615980,loop
471.765,615980,loop
471.865,615980,loop
471.966,615980,loop
472.066,615980,loop
472.166,615980,loop
472.267,615980,loop
472.367,615980,loop
472.468,615980,loop
472.568,615980,loop
472.669,615980,loop
472.769,615980,loop
472.870,615980,loop
472.970,615980,loop
473.070,615980,loop
473.171,615980,loop
473.271,615980,loop
473.372,615980,loop
473.472,615980,loop
473.573,615980,loop
473.673,615980,loop
473.773,615980,loop
473.874,615980,loop
473.974,615980,loop
474.075,615980,loop
474.175,615980,loop
474.276,615980,loop
474.376,615980,loop
474.477,615980,loop
474.577,615980,loop
474.677,615980,loop
474.778,615980,loop
474.878,615980,loop
474.979,615980,loop
475.079,615980,loop
475.180,615980,loop
475.280,615980,loop
475.381,615980,loop
475.481,615980,loop
475.581,615980,loop
475.682,615980,loop
475.782,615980,loop
475.883,615980,loop
475.983,615980,loop
476.084,615980,loop
476.184,615980,loop
476.284,615980,loop
476.385,615980,loop
476.485,615980,loop
476.586,615980,loop
476.686,615980,loop
476.787,615980,loop
476.887,615980,loop
476.987,615980,loop
477.088,615980,loop
477.188,615980,loop
477.289,615980,loop
477.389,615980,loop
477.490,615980,loop
477.590,615980,loop
477.691,615980,loop
477.791,615980,loop
477.891,615980,loop
477.992,615980,loop
478.092,615980,loop
478.193,615980,loop
478.293,615980,loop
478.394,615980,loop
478.494,615980,loop
478.594,615980,loop
478.695,615980,loop
478.795,615980,loop
478.896,615980,loop
478.996,615980,loop
479.097,615980,loop
479.197,615980,loop
479.298,615980,loop
479.398,615980,loop
479.498,615980,loop
479.599,615980,loop
479.699,615980,loop
479.800,615980,loop
479.900,615980,loop
480.001,615980,loop
480.101,615980,loop
480.202,615980,loop
480.302,615980,loop
480.402,615980,loop
480.503,615980,loop
480.603,615980,loop
480.704,615980,loop
480.804,615980,loop
480.905,615980,loop
481.005,615980,loop
481.106,615980,loop
481.206,615980,loop
481.306,615980,loop
481.407,615980,loop
481.507,615980,loop
481.608,615980,loop
481.708,615980,loop
481.809,615980,loop
481.909,615980,loop
482.010,615980,loop
482.110,615980,loop
482.210,615980,loop
482.311,615980,loop
482.411,615980,loop
482.512,615980,loop
482.612,615980,loop
482.713,615980,loop
482.813,615980,loop
482.913,615980,loop
483.014,615980,loop
483.114,615980,loop
483.215,615980,loop
483.315,615980,loop
483.416,615980,loop
483.516,615980,loop
483.617,615980,loop
483.717,615980,loop
483.817,615980,loop
483.918,615980,loop
484.018,615980,loop
484.119,615980,loop
484.219,615980,loop
484.320,615980,loop
484.420,615980,loop
484.520,615980,loop
484.621,615980,loop
484.721,615980,loop
484.822,615980,loop
484.922,615980,loop
485.023,615980,loop
485.123,615980,loop
485.224,615980,loop
485.324,615980,loop
485.424,615980,loop
485.525,615980,loop
485.625,615980,loop
485.726,615980,loop
485.826,615980,loop
485.927,615980,loop
486.027,615980,loop
486.128,615980,loop
486.228,615980,loop
486.328,615980,loop
486.429,615980,loop
486.529,615980,loop
486.630,615980,loop
486.730,615980,loop
486.831,615980,loop
486.931,615980,loop
487.031,615980,loop
487.132,615980,loop
487.232,615980,loop
487.333,615980,loop
487.433,615980,loop
487.534,615980,loop
487.634,615980,loop
487.735,615980,loop
487.835,615980,loop
487.935,615980,loop
488.036,615980,loop
488.136,615980,loop
488.237,615980,loop
488.337,615980,loop
488.438,615980,loop
488.538,615980,loop
488.638,615980,loop
488.739,615980,loop
488.839,615980,loop
488.940,615980,loop
489.040,615980,loop
489.141,615980,loop
489.241,615980,loop
489.342,615980,loop
489.442,615980,loop
489.542,615980,loop
489.643,615980,loop
489.743,615980,loop
489.844,615980,loop
489.944,615980,loop
490.045,615980,loop
490.145,615980,loop
490.246,615980,loop
490.346,615980,loop
490.446,615980,loop
490.547,615980,loop
490.647,615980,loop
490.748,615980,loop
490.848,615980,loop
490.949,615980,loop
491.049,615980,loop
491.149,615980,loop
491.250,615980,loop
491.350,615980,loop
491.451,615980,loop
491.551,615980,loop
491.652,615980,loop
491.752,615980,loop
491.853,615980,loop
491.953,615980,loop
492.053,615980,loop
492.154,615980,loop
492.254,615980,loop
492.355,615980,loop
492.455,615980,loop
492.556,615980,loop
492.656,615980,loop
492.757,615980,loop
492.857,615980,loop
492.957,615980,loop
493.058,615980,loop
493.158,615980,loop
493.259,615980,loop
493.359,615980,loop
493.459,615980,loop
493.560,615980,loop
493.660,615980,loop
493.761,615980,loop
493.861,615980,loop
493.962,615980,loop
494.062,615980,loop
494.163,615980,loop
494.263,615980,loop
494.363,615980,loop
494.464,615980,loop
494.564,615980,loop
494.665,615980,loop
494.765,615980,loop
494.866,615980,loop
494.966,615980,loop
495.066,615980,loop
495.167,615980,loop
495.267,615980,loop
495.368,615980,loop
495.468,615980,loop
495.569,615980,loop
495.669,615980,loop
495.770,615980,loop
495.870,615980,loop
495.970,615980,loop
496.071,615980,loop
496.171,615980,loop
496.272,615980,loop
496.372,615980,loop
496.473,615980,loop
496.573,615980,loop
496.673,615980,loop
496.774,615980,loop
496.874,615980,loop
496.975,615980,loop
497.075,615980,loop
497.176,615980,loop
497.276,615980,loop
497.377,615980,loop
497.477,615980,loop
497.577,615980,loop
497.678,615980,loop
497.778,615980,loop
497.879,615980,loop
497.979,615980,loop
498.079,615980,loop
498.180,615980,loop
498.280,615980,loop
498.381,615980,loop
498.481,615980,loop
498.582,615980,loop
498.682,615980,loop
498.783,615980,loop
498.883,615980,loop
498.983,615980,loop
499.084,615980,loop
499.184,615980,loop
499.285,615980,loop
499.385,615980,loop
499.486,615980,loop
499.586,615980,loop
499.687,615980,loop
499.787,615980,loop
499.887,615980,loop
499.988,615980,loop
500.088,615980,loop
500.189,615980,loop
500.289,615980,loop
500.390,615980,loop
500.490,615980,loop
500.590,615980,loop
500.691,615980,loop
500.791,615980,loop
500.892,615980,loop
500.992,615980,loop
501.093,615980,loop
501.193,615980,loop
501.294,615980,loop
501.394,615980,loop
501.494,615980,loop
501.595,615980,loop
501.695,615980,loop
501.796,615980,loop
501.896,615980,loop
501.996,615980,loop
502.097,615980,loop
502.197,615980,loop
502.298,615980,loop
502.398,615980,loop
502.499,615980,loop
502.599,615980,loop
502.700,615980,loop
502.800,615980,loop
502.900,615980,loop
503.001,615980,loop
503.101,615980,loop
503.202,615980,loop
503.302,615980,loop
503.403,615980,loop
503.503,615980,loop
503.604,615980,loop
503.704,615980,loop
503.804,615980,loop
503.905,615980,loop
504.005,615980,loop
504.106,615980,loop
504.206,615980,loop
504.307,615980,loop
504.407,615980,loop
504.507,615980,loop
504.608,615980,loop
504.708,615980,loop
504.809,615980,loop
504.909,615980,loop
505.010,615980,loop
505.110,615980,loop
505.211,615980,loop
505.311,615980,loop
505.411,615980,loop
505.512,615980,loop
505.612,615980,loop
505.713,615980,loop
505.813,615980,loop
505.914,615980,loop
506.014,615980,loop
506.115,615980,loop
506.215,615980,loop
506.315,615980,loop
506.416,615980,loop
506.516,615980,loop
506.617,615980,loop
506.717,615980,loop
506.817,615980,loop
506.918,615980,loop
507.018,615980,loop
507.119,615980,loop
507.219,615980,loop
507.320,615980,loop
507.420,615980,loop
507.521,615980,loop
507.621,615980,loop
507.721,615980,loop
507.822,615980,loop
507.922,615980,loop
508.023,615980,loop
508.123,615980,loop
508.224,615980,loop
508.324,615980,loop
508.425,615980,loop
508.525,615980,loop
508.625,615980,loop
508.726,615980,loop
508.826,615980,loop
508.927,615980,loop
509.027,615980,loop
509.128,615980,loop
509.228,615980,loop
509.329,615980,loop
509.429,615980,loop
509.529,615980,loop
509.630,615980,loop
509.730,615980,loop
509.831,615980,loop
509.931,615980,loop
510.032,615980,loop
510.132,615980,loop
510.232,615980,loop
510.333,615980,loop
510.433,615980,loop
510.534,615980,loop
510.634,615980,loop
510.735,615980,loop
510.835,615980,loop
510.936,615980,loop
511.036,615980,loop
511.136,615980,loop
511.237,615980,loop
511.337,615980,loop
511.438,615980,loop
511.538,615980,loop
511.639,615980,loop
511.739,615980,loop
511.840,615980,loop
511.940,615980,loop
512.040,615980,loop
512.141,615980,loop
512.241,615980,loop
512.342,615980,loop
512.442,615980,loop
512.543,615980,loop
512.643,615980,loop
512.743,615980,loop
512.844,615980,loop
512.944,615980,loop
513.045,615980,loop
513.145,615980,loop
513.246,615980,loop
513.346,615980,loop
513.446,615980,loop
513.547,615980,loop
513.647,615980,loop
513.748,615980,loop
513.848,615980,loop
513.949,615980,loop
514.049,615980,loop
514.150,615980,loop
514.250,615980,loop
514.350,615980,loop
514.451,615980,loop
514.551,615980,loop
514.652,615980,loop
514.752,615980,loop
514.853,615980,loop
514.953,615980,loop
515.053,615980,loop
515.154,615980,loop
515.254,615980,loop
515.355,615980,loop
515.455,615980,loop
515.556,615980,loop
515.656,615980,loop
515.757,615980,loop
515.857,615980,loop
515.957,615980,loop
516.058,615980,loop
516.158,615980,loop
516.259,615980,loop
516.359,615980,loop
516.460,615980,loop
516.560,615980,loop
516.660,615980,loop
516.761,615980,loop
516.861,615980,loop
516.962,615980,loop
517.062,615980,loop
517.163,615980,loop
517.263,615980,loop
517.364,615980,loop
517.464,615980,loop
517.564,615980,loop
517.665,615980,loop
517.765,615980,loop
517.866,615980,loop
517.966,615980,loop
518.067,615980,loop
518.167,615980,loop
518.267,615980,loop
518.368,615980,loop
518.468,615980,loop
518.569,615980,loop
518.669,615980,loop
518.770,615980,loop
518.870,615980,loop
518.970,615980,loop
519.071,615980,loop
519.171,615980,loop
519.272,615980,loop
519.372,615980,loop
519.473,615980,loop
519.573,615980,loop
519.674,615980,loop
519.774,615980,loop
519.874,615980,loop
519.975,615980,loop
520.075,615980,loop
520.176,615980,loop
520.276,615980,loop
520.377,615980,loop
520.477,615980,loop
520.578,615980,loop
520.678,615980,loop
520.778,615980,loop
520.879,615980,loop
520.979,615980,loop
521.080,615980,loop
521.180,615980,loop
521.281,615980,loop
521.381,615980,loop
521.481,615980,loop
521.582,615980,loop
521.682,615980,loop
521.783,615980,loop
521.883,615980,loop
521.984,615980,loop
522.084,615980,loop
522.185,615980,loop
522.285,615980,loop
522.385,615980,loop
522.486,615980,loop
522.586,615980,loop
522.687,615980,loop
522.787,615980,loop
522.888,613100,loop
522.988,613120,loop
523.088,613120,loop
523.189,613120,loop
523.289,613120,loop
523.390,613120,loop
523.490,613120,loop
523.591,613120,loop
523.691,613120,loop
523.792,613120,loop
523.892,613120,loop
523.993,613120,loop
524.093,613120,loop
524.193,613120,loop
524.294,613120,loop
524.394,613120,loop
524.495,613120,loop
524.595,613120,loop
524.695,613120,loop
524.796,613120,loop
524.896,613120,loop
524.997,613120,loop
525.097,613120,loop
525.198,613120,loop
525.298,613120,loop
525.399,613120,loop
525.499,613120,loop
525.599,613120,loop
525.700,613120,loop
525.800,613120,loop
525.901,613120,loop
526.001,613120,loop
526.101,613120,loop
526.202,613120,loop
526.302,613120,loop
526.403,613120,loop
526.503,613120,loop
526.604,613120,loop
526.704,613120,loop
526.804,613120,loop
526.905,613120,loop
527.005,613120,loop
527.106,613120,loop
527.206,613120,loop
527.307,613120,loop
527.407,613120,loop
527.508,613120,loop
527.608,613120,loop
527.708,613120,loop
527.809,613120,loop
527.909,613120,loop
528.010,613120,loop
528.110,613120,loop
528.211,613120,loop
528.311,613120,loop
528.411,613120,loop
528.512,613120,loop
528.612,613120,loop
528.713,613120,loop
528.813,613120,loop
528.914,613120,loop
529.014,613120,loop
529.115,613120,loop
529.215,613120,loop
529.315,613120,loop
529.416,613120,loop
529.516,613120,loop
529.617,613120,loop
529.717,613120,loop
529.818,613120,loop
529.918,613120,loop
530.019,613120,loop
530.119,613120,loop
530.219,613120,loop
530.320,613120,loop
530.420,613120,loop
530.521,613120,loop
530.621,613120,loop
530.722,613120,loop
530.822,613120,loop
530.922,613120,loop
531.023,613120,loop
531.123,613120,loop
531.224,613120,loop
531.324,613120,loop
531.425,613120,loop
531.525,613120,loop
531.626,613120,loop
531.726,613120,loop
531.827,613120,loop
531.927,613120,loop
532.027,613120,loop
532.128,613120,loop
532.228,613120,loop
532.329,613120,loop
532.429,613120,loop
532.529,613120,loop
532.630,613120,loop
532.730,613120,loop
532.831,613120,loop
532.931,613120,loop
533.032,613120,loop
533.132,613120,loop
533.232,613120,loop
533.333,613120,loop
533.433,613120,loop
533.534,613120,loop
533.634,613120,loop
533.735,613120,loop
533.835,613120,loop
533.935,613120,loop
534.036,613120,loop
534.136,613120,loop
534.237,613120,loop
534.337,613120,loop
534.438,613120,loop
534.538,613120,loop
534.639,613120,loop
534.739,613120,loop
534.839,613120,loop
534.940,613120,loop
535.040,613120,loop
535.141,613120,loop
535.241,613120,loop
535.342,613120,loop
535.442,613120,loop
535.542,613120,loop
535.643,613120,loop
535.743,613120,loop
535.844,613120,loop
535.944,613120,loop
536.045,613120,loop
536.145,613120,loop
536.246,613120,loop
536.346,613120,loop
536.446,613120,loop
536.547,613120,loop
536.647,613120,loop
536.748,613120,loop
536.848,613120,loop
536.949,613120,loop
537.049,613120,loop
537.149,613120,loop
537.250,613120,loop
537.350,613120,loop
537.451,613120,loop
537.551,613120,loop
537.652,613120,loop
537.752,613120,loop
537.853,613120,loop
537.953,613120,loop
538.053,613120,loop
538.154,613120,loop
538.254,613120,loop
538.355,613120,loop
538.455,613120,loop
538.556,613120,loop
538.656,613120,loop
538.757,613120,loop
538.857,613120,loop
538.957,613120,loop
539.058,613120,loop
539.158,613120,loop
539.259,613120,loop
539.359,613120,loop
539.460,613120,loop
539.560,613120,loop
539.661,613120,loop
539.761,613120,loop
539.861,613120,loop
539.962,613120,loop
540.062,613120,loop
540.163,613120,loop
540.263,613120,loop
540.364,613120,loop
540.464,613120,loop
540.565,613120,loop
540.665,613120,loop
540.765,613120,loop
540.866,613120,loop
540.966,584460,loop
541.067,565992,loop
541.167,565992,loop
541.268,565992,loop
541.368,566008,loop
541.468,566008,loop
541.569,566008,loop
541.669,566008,loop
541.770,566008,loop
541.870,566008,loop
541.971,566008,loop
542.071,566008,loop
542.172,566008,loop
542.272,566020,loop
542.372,566020,loop
542.473,566020,loop
542.573,566020,loop
542.674,566020,loop
542.774,566020,loop
542.875,566020,loop
542.975,566020,loop
543.075,566020,loop
543.176,566020,loop
543.276,566020,loop
543.377,566020,loop
543.477,566020,loop
543.578,566020,loop
543.678,566020,loop
543.779,566020,loop
543.879,566020,loop
543.979,566020,loop
544.080,566020,loop
544.180,566020,loop
544.281,566020,loop
544.381,566020,loop
544.481,566020,loop
544.582,566020,loop
544.682,566020,loop
544.783,566020,loop
544.883,566020,loop
544.984,566020,loop
545.084,566020,loop
545.185,566020,loop
545.285,566020,loop
545.385,566020,loop
545.486,566020,loop
545.586,566020,loop
545.687,566020,loop
545.787,566020,loop
545.887,566020,loop
545.988,566020,loop
546.088,566020,loop
546.189,566020,loop
546.289,566020,loop
546.390,566020,loop
546.490,566020,loop
546.590,566020,loop
546.691,566020,loop
546.791,566020,loop
546.892,566020,loop
546.992,566020,loop
547.093,566020,loop
547.193,566020,loop
547.293,566020,loop
547.394,566020,loop
547.494,566020,loop
547.595,566020,loop
547.695,566020,loop
547.796,566020,loop
547.896,566020,loop
547.996,566020,loop
548.097,566020,loop
548.197,566020,loop
548.298,566020,loop
548.398,566020,loop
548.499,566020,loop
548.599,566020,loop
548.700,566020,loop
548.800,566020,loop
548.900,566020,loop
549.001,566020,loop
549.101,566020,loop
549.202,566020,loop
549.302,566020,loop
549.403,566020,loop
549.503,566020,loop
549.604,566020,loop
549.704,566020,loop
549.804,566020,loop
549.905,566020,loop
550.005,566020,loop
550.106,566020,loop
550.206,566020,loop
550.307,566020,loop
550.407,566020,loop
550.508,566020,loop
550.608,566020,loop
550.708,566020,loop
550.809,566020,loop
550.909,566020,loop
551.010,566020,loop
551.110,566020,loop
551.211,566020,loop
551.311,566020,loop
551.412,566020,loop
551.512,566020,loop
551.612,566020,loop
551.713,566020,loop
551.813,566020,loop
551.914,566020,loop
552.014,566020,loop
552.115,566020,loop
552.215,566020,loop
552.315,566020,loop
552.416,566020,loop
552.516,566020,loop
552.617,566020,loop
552.717,566020,loop
552.818,566020,loop
552.918,566020,loop
553.019,566020,loop
553.119,566020,loop
553.219,566020,loop
553.320,566020,loop
553.420,566020,loop
553.521,566020,loop
553.621,566020,loop
553.722,566020,loop
553.822,566020,loop
553.922,566020,loop
554.023,566020,loop
554.123,566020,loop
554.224,566020,loop
554.324,566020,loop
554.425,566020,loop
554.525,566020,loop
554.625,566020,loop
554.726,566020,loop
554.826,566020,loop
554.927,566020,loop
555.027,566020,loop
555.128,566020,loop
555.228,566024,loop
555.328,566804,loop
555.429,566804,loop
555.529,566804,loop
555.630,566804,loop
555.730,566804,loop
555.831,566804,loop
555.931,566804,loop
556.031,566804,loop
556.132,566804,loop
556.232,566804,loop
556.333,566804,loop
556.433,566804,loop
556.534,566804,loop
556.634,566804,loop
556.734,566804,loop
556.835,566804,loop
556.935,566804,loop
557.036,566804,loop
557.136,566804,loop
557.237,566804,loop
557.337,566804,loop
557.437,566804,loop
557.538,566804,loop
557.638,566804,loop
557.739,566804,loop
557.839,566804,loop
557.940,566804,loop
558.040,566804,loop
558.140,566804,loop
558.241,566804,loop
558.341,566804,loop
558.442,566804,loop
558.542,566804,loop
558.643,566804,loop
558.743,566804,loop
558.844,566804,loop
558.944,566804,loop
559.044,566804,loop
559.145,566804,loop
559.245,566804,loop
559.346,566804,loop
559.446,566804,loop
559.547,566804,loop
559.647,566804,loop
559.747,566804,loop
559.848,566804,loop
559.948,566804,loop
560.049,566804,loop
560.149,566804,loop
560.250,566804,loop
560.350,566804,loop
560.450,566804,loop
560.551,566804,loop
560.651,566804,loop
560.752,566804,loop
560.852,566804,loop
560.953,566804,loop
561.053,566804,loop
561.154,566804,loop
561.254,566804,loop
561.354,566804,loop
561.455,566804,loop
561.555,566804,loop
561.656,566804,loop
561.756,566804,loop
561.857,566804,loop
561.957,566804,loop
562.058,566804,loop
562.158,566804,loop
562.258,566804,loop
562.359,566804,loop
562.459,566804,loop
562.560,566804,loop
562.660,566804,loop
562.761,566804,loop
562.861,566804,loop
562.961,566804,loop
563.062,566804,loop
563.162,566804,loop
563.263,566804,loop
563.363,566804,loop
563.464,566804,loop
563.564,566804,loop
563.664,566804,loop
563.765,566804,loop
563.865,566804,loop
563.966,566804,loop
564.066,566804,loop
564.167,566804,loop
564.267,566804,loop
564.368,566804,loop
564.468,566804,loop
564.569,566804,loop
564.669,566804,loop
564.769,566804,loop
564.870,566804,loop
564.970,566804,loop
565.071,566804,loop
565.171,566804,loop
565.272,566804,loop
565.372,566804,loop
565.473,566804,loop
565.573,566804,loop
565.673,566804,loop
565.774,566804,loop
565.874,566804,loop
565.975,566804,loop
566.075,566804,loop
566.176,566804,loop
566.276,566804,loop
566.377,566804,loop
566.477,566804,loop
566.577,566804,loop
566.678,566804,loop
566.778,566804,loop
566.879,566804,loop
566.979,566804,loop
567.080,566804,loop
567.180,566804,loop
567.281,566804,loop
567.381,566804,loop
567.481,566804,loop
567.582,566804,loop
567.682,566804,loop
567.783,566804,loop
567.883,566804,loop
567.984,566804,loop
568.084,566804,loop
568.185,566804,loop
568.285,566804,loop
568.385,566804,loop
568.486,566804,loop
568.586,566804,loop
568.687,566804,loop
568.787,566804,loop
568.888,566804,loop
568.988,566804,loop
569.089,566804,loop
569.189,566804,loop
569.289,566804,loop
569.390,566804,loop
569.490,566804,loop
569.591,566804,loop
569.691,566804,loop
569.792,566804,loop
569.892,566804,loop
569.992,566804,loop
570.093,566804,loop
570.193,566804,loop
570.294,566804,loop
570.394,566804,loop
570.495,566804,loop
570.595,566804,loop
570.695,566804,loop
570.796,566804,loop
570.896,566804,loop
570.997,566804,loop
571.097,566804,loop
571.198,566804,loop
571.298,566804,loop
571.399,566804,loop
571.499,566804,loop
571.600,566804,loop
571.700,566804,loop
571.800,566804,loop
571.901,566804,loop
572.001,566804,loop
572.102,566804,loop
572.202,566804,loop
572.303,566804,loop
572.403,566804,loop
572.504,566804,loop
572.604,566804,loop
572.704,566804,loop
572.805,566804,loop
572.905,566804,loop
573.006,566804,loop
573.106,566804,loop
573.207,566804,loop
573.307,566804,loop
573.407,566804,loop
573.508,566804,loop
573.608,566804,loop
573.709,566804,loop
573.809,566804,loop
573.910,566804,loop
574.010,566804,loop
574.111,566804,loop
574.211,566804,loop
574.311,566804,loop
574.412,566804,loop
574.512,566804,loop
574.613,566804,loop
574.713,566804,loop
574.814,566804,loop
574.914,566804,loop
575.014,566804,loop
575.115,566804,loop
575.215,566804,loop
575.316,566804,loop
575.416,566804,loop
575.517,566804,loop
575.617,566804,loop
575.718,566804,loop
575.818,566804,loop
575.918,566804,loop
576.019,566804,loop
576.119,566804,loop
576.220,566804,loop
576.320,566804,loop
576.421,566804,loop
576.521,566804,loop
576.622,566804,loop
576.722,566804,loop
576.822,566804,loop
576.923,566804,loop
577.023,566804,loop
577.124,566804,loop
577.224,566804,loop
577.325,566804,loop
577.425,566804,loop
577.526,566804,loop
577.626,566804,loop
577.726,566804,loop
577.827,566804,loop
577.927,566804,loop
578.028,566804,loop
578.128,566804,loop
578.229,566804,loop
578.329,566804,loop
578.429,566804,loop
578.530,566804,loop
578.630,566804,loop
578.731,566804,loop
578.831,566804,loop
578.932,566804,loop
579.032,566804,loop
579.133,566804,loop
579.233,566804,loop
579.334,566804,loop
579.434,566804,loop
579.534,566804,loop
579.635,566804,loop
579.735,566804,loop
579.836,566804,loop
579.936,566804,loop
580.037,566804,loop
580.137,566804,loop
580.237,566804,loop
580.338,566804,loop
580.438,566804,loop
580.539,566804,loop
580.639,566804,loop
580.740,566804,loop
580.840,566804,loop
580.941,566804,loop
581.041,566804,loop
581.141,566804,loop
581.242,566804,loop
581.342,566804,loop
581.443,566804,loop
581.543,566804,loop
581.644,566804,loop
581.744,566804,loop
581.845,566804,loop
581.945,566804,loop
582.045,566804,loop
582.146,566804,loop
582.246,566804,loop
582.347,566804,loop
582.447,566804,loop
582.547,566804,loop
582.648,566804,loop
582.748,566804,loop
582.849,566804,loop
582.949,566804,loop
583.050,566804,loop
583.150,566804,loop
583.251,566804,loop
583.351,566804,loop
583.452,566804,loop
583.552,566804,loop
583.652,566804,loop
583.753,566804,loop
583.853,566804,loop
583.954,566804,loop
584.054,566804,loop
584.154,566804,loop
584.255,566804,loop
584.355,566804,loop
584.456,566804,loop
584.556,566804,loop
584.657,566804,loop
584.757,566804,loop
584.858,566804,loop
584.958,566804,loop
585.059,566804,loop
585.159,566804,loop
585.259,566804,loop
585.360,566804,loop
585.460,566804,loop
585.561,566804,loop
585.661,566804,loop
585.762,566804,loop
585.862,566804,loop
585.963,566804,loop
586.063,566804,loop
586.163,566804,loop
586.264,566804,loop
586.364,566804,loop
586.465,566804,loop
586.565,566804,loop
586.666,566804,loop
586.766,566804,loop
586.867,566804,loop
586.967,566804,loop
587.067,566804,loop
587.168,566804,loop
587.268,566804,loop
587.369,566804,loop
587.469,566804,loop
587.570,566804,loop
587.670,566804,loop
587.771,566804,loop
587.871,566804,loop
587.971,566804,loop
588.072,566804,loop
588.172,566804,loop
588.273,566804,loop
588.373,566804,loop
588.474,566804,loop
588.574,566804,loop
588.675,566804,loop
588.775,566804,loop
588.875,566804,loop
588.976,566804,loop
589.076,566804,loop
589.177,566804,loop
589.277,566804,loop
589.378,566804,loop
589.478,566804,loop
589.578,566804,loop
589.679,566804,loop
589.779,566804,loop
589.880,566804,loop
589.980,566804,loop
590.081,566804,loop
590.181,566804,loop
590.282,566804,loop
590.382,566804,loop
590.483,566804,loop
590.583,566804,loop
590.683,566804,loop
590.784,566804,loop
590.884,566804,loop
590.985,566804,loop
591.085,566804,loop
591.186,566804,loop
591.286,566804,loop
591.387,566804,loop
591.487,566804,loop
591.587,566804,loop
591.688,566804,loop
591.788,566804,loop
591.889,566804,loop
591.989,566804,loop
592.090,566804,loop
592.190,566804,loop
592.290,566804,loop
592.391,566804,loop
592.491,566804,loop
592.592,566804,loop
592.692,566804,loop
592.793,566804,loop
592.893,566804,loop
592.993,566804,loop
593.094,566804,loop
593.194,566804,loop
593.295,566804,loop
593.395,566804,loop
593.496,566804,loop
593.596,566804,loop
593.696,566804,loop
593.797,566804,loop
593.897,566804,loop
593.998,566804,loop
594.098,566804,loop
594.199,566804,loop
594.299,566804,loop
594.400,566804,loop
594.500,566804,loop
594.600,566804,loop
594.701,566804,loop
594.801,566804,loop
594.902,566804,loop
595.002,566804,loop
595.103,566804,loop
595.203,566804,loop
595.304,566804,loop
595.404,566804,loop
595.504,566804,loop
595.605,566804,loop
595.705,566804,loop
595.806,566804,loop
595.906,566804,loop
596.007,566804,loop
596.107,566804,loop
596.207,566804,loop
596.308,566804,loop
596.408,566804,loop
596.509,566804,loop
596.609,566804,loop
596.710,566804,loop
596.810,566804,loop
596.911,566804,loop
597.011,566804,loop
597.111,566804,loop
597.212,566804,loop
597.312,566804,loop
597.413,566804,loop
597.513,566804,loop
597.614,566804,loop
597.714,566804,loop
597.814,566804,loop
597.915,566804,loop
598.015,566804,loop
598.116,566804,loop
598.216,566804,loop
598.317,566804,loop
598.417,566804,loop
598.517,566804,loop
598.618,566804,loop
598.718,566804,loop
598.819,566804,loop
598.919,566804,loop
599.020,566804,loop
599.120,566804,loop
599.221,566804,loop
599.321,566804,loop
599.422,566804,loop
599.522,566804,loop
599.622,566804,loop
599.723,566804,loop
599.823,566804,loop
599.924,566804,loop
600.024,566804,loop
600.125,566804,loop
600.225,566804,loop
600.326,566804,loop
600.426,566804,loop
600.526,566804,loop
600.627,566804,loop
600.727,566804,loop
600.828,566804,loop
600.928,566804,loop
601.029,566804,loop
601.129,566804,loop
601.229,566804,loop
601.330,566804,loop
601.430,566804,loop
601.531,566804,loop
601.631,566804,loop
601.732,566804,loop
601.832,566804,loop
601.933,566804,loop
602.033,566804,loop
602.134,566804,loop
602.234,566804,loop
602.334,566804,loop
602.435,566804,loop
602.535,566804,loop
602.636,566804,loop
602.736,566804,loop
602.837,566804,loop
602.937,566804,loop
603.038,566804,loop
603.138,566804,loop
603.238,566804,loop
603.339,566804,loop
603.439,566804,loop
603.540,566804,loop
603.640,566804,loop
603.741,566804,loop
603.841,566804,loop
603.942,566804,loop
604.042,566804,loop
604.142,566804,loop
604.243,566804,loop
604.343,566804,loop
604.444,566804,loop
604.544,566804,loop
604.645,566804,loop
604.745,566804,loop
604.846,566804,loop
604.946,566804,loop
605.046,566804,loop
605.147,566804,loop
605.247,566804,loop
605.348,566804,loop
605.448,566804,loop
605.549,566804,loop
605.649,566804,loop
605.749,566804,loop
605.850,566804,loop
605.950,566804,loop
606.051,566804,loop
606.151,566804,loop
606.252,566804,loop
606.352,566804,loop
606.453,566804,loop
606.553,566804,loop
606.653,566804,loop
606.754,566804,loop
606.854,566804,loop
606.955,566804,loop
607.055,566804,loop
607.156,566804,loop
607.256,566804,loop
607.357,566804,loop
607.457,566804,loop
607.557,566804,loop
607.658,566804,loop
607.758,566804,loop
607.859,566804,loop
607.959,566804,loop
608.060,566804,loop
608.160,566804,loop
608.261,566804,loop
608.361,566804,loop
608.462,566804,loop
608.562,566804,loop
608.662,566804,loop
608.763,566804,loop
608.863,566804,loop
608.964,566804,loop
609.064,566804,loop
609.165,566804,loop
609.265,566804,loop
609.365,566804,loop
609.466,566804,loop
609.566,566804,loop
609.667,566804,loop
609.767,566804,loop
609.868,566804,loop
609.968,566804,loop
610.069,566804,loop
610.169,566804,loop
610.269,566804,loop
610.370,566804,loop
610.470,566804,loop
610.571,566804,loop
610.671,566804,loop
610.772,566804,loop
610.872,566804,loop
610.973,566804,loop
611.073,566804,loop
611.173,566804,loop
611.274,566804,loop
611.374,566804,loop
611.475,566804,loop
611.575,566804,loop
611.676,566804,loop
611.776,566804,loop
611.877,566804,loop
611.977,566804,loop
612.077,566804,loop
612.178,566804,loop
612.278,566804,loop
612.379,566804,loop
612.479,566804,loop
612.580,566804,loop
612.680,566804,loop
612.780,566804,loop
612.881,566804,loop
612.981,566804,loop
613.082,566804,loop
613.182,566804,loop
613.283,566804,loop
613.383,566804,loop
613.484,566804,loop
613.584,566804,loop
613.685,566804,loop
613.785,566804,loop
613.885,566804,loop
613.986,566804,loop
614.086,566804,loop
614.187,566804,loop
614.287,566804,loop
614.387,566804,loop
614.488,566804,loop
614.588,566804,loop
614.689,566804,loop
614.789,566804,loop
614.890,566804,loop
614.990,566804,loop
615.091,566804,loop
615.191,566804,loop
615.292,566804,loop
615.392,566804,loop
615.492,566804,loop
615.593,566804,loop
615.693,566804,loop
615.794,566804,loop
615.894,566804,loop
615.995,566804,loop
616.095,566804,loop
616.196,566804,loop
616.296,566804,loop
616.396,566804,loop
616.497,566804,loop
616.597,566804,loop
616.698,566804,loop
616.798,566804,loop
616.899,566804,loop
616.999,566804,loop
617.100,566804,loop
617.200,566804,loop
617.300,566804,loop
617.401,566804,loop
617.501,566804,loop
617.602,566804,loop
617.702,566804,loop
617.802,566804,loop
617.903,566804,loop
618.003,566804,loop
618.104,566804,loop
618.204,566804,loop
618.305,566804,loop
618.405,566804,loop
618.506,566804,loop
618.606,566804,loop
618.707,566804,loop
618.807,566804,loop
618.907,566804,loop
619.008,566804,loop
619.108,566804,loop
619.209,566804,loop
619.309,566804,loop
619.410,566804,loop
619.510,566804,loop
619.611,566804,loop
619.711,566804,loop
619.811,566804,loop
619.912,566804,loop
620.012,566804,loop
620.113,566804,loop
620.213,566804,loop
620.314,566804,loop
620.414,566804,loop
620.515,566804,loop
620.615,566804,loop
620.715,566804,loop
620.816,566804,loop
620.916,566804,loop
621.017,566804,loop
621.117,566804,loop
621.218,566804,loop
621.318,566804,loop
621.418,566804,loop
621.519,566804,loop
621.619,566804,loop
621.720,566804,loop
621.820,566804,loop
621.921,566804,loop
622.021,566804,loop
622.122,566804,loop
622.222,566804,loop
622.322,566804,loop
622.423,566804,loop
622.523,566804,loop
622.624,566804,loop
622.724,566804,loop
622.825,566804,loop
622.925,566804,loop
623.026,566804,loop
623.126,566804,loop
623.227,566804,loop
623.327,566804,loop
623.427,566804,loop
623.528,566804,loop
623.628,566804,loop
623.729,566804,loop
623.829,566804,loop
623.930,566804,loop
624.030,566804,loop
624.130,566804,loop
624.231,566804,loop
624.331,566804,loop
624.432,566804,loop
624.532,566804,loop
624.633,566804,loop
624.733,566804,loop
624.833,566804,loop
624.934,566804,loop
625.034,566804,loop
625.135,566804,loop
625.235,566804,loop
625.336,566804,loop
625.436,566804,loop
625.537,566804,loop
625.637,566804,loop
625.737,566804,loop
625.838,566804,loop
625.938,566804,loop
626.039,566804,loop
626.139,566804,loop
626.240,566804,loop
626.340,566804,loop
626.441,566804,loop
626.541,566804,loop
626.641,566804,loop
626.742,566804,loop
626.842,566804,loop
626.943,566804,loop
627.043,566804,loop
627.144,566804,loop
627.244,566804,loop
627.344,566804,loop
627.445,566804,loop
627.545,566804,loop
627.646,566804,loop
627.746,566804,loop
627.847,566804,loop
627.947,566804,loop
628.048,566804,loop
628.148,566804,loop
628.249,566804,loop
628.349,566804,loop
628.449,566804,loop
628.550,566804,loop
628.650,566804,loop
628.751,566804,loop
628.851,566804,loop
628.952,566804,loop
629.052,566804,loop
629.153,566804,loop
629.253,566804,loop
629.354,566804,loop
629.454,566804,loop
629.554,566804,loop
629.655,566804,loop
629.755,566804,loop
629.856,566804,loop
629.956,566804,loop
630.056,566804,loop
630.157,566804,loop
630.257,566804,loop
630.358,566804,loop
630.458,566804,loop
630.559,566804,loop
630.659,566804,loop
630.760,566804,loop
630.860,566804,loop
630.960,566804,loop
631.061,566804,loop
631.161,566804,loop
631.262,566804,loop
631.362,566804,loop
631.463,566804,loop
631.563,566804,loop
631.664,566804,loop
631.764,566804,loop
631.864,566804,loop
631.965,566804,loop
632.065,566804,loop
632.166,566804,loop
632.266,566804,loop
632.367,566804,loop
632.467,566804,loop
632.568,566804,loop
632.668,566804,loop
632.769,566804,loop
632.869,566804,loop
632.969,566804,loop
633.070,566804,loop
633.170,566804,loop
633.271,566804,loop
633.371,566804,loop
633.472,566804,loop
633.572,566804,loop
633.672,566804,loop
633.773,566804,loop
633.873,566804,loop
633.974,566804,loop
634.074,566804,loop
634.175,566804,loop
634.275,566804,loop
634.376,566804,loop
634.476,566804,loop
634.576,566804,loop
634.677,566804,loop
634.777,566804,loop
634.878,566804,loop
634.978,566804,loop
635.079,566804,loop
635.179,566804,loop
635.280,566804,loop
635.380,566804,loop
635.481,566804,loop
635.581,566804,loop
635.681,566804,loop
635.782,566804,loop
635.882,566804,loop
635.983,566804,loop
636.083,566804,loop
636.184,566804,loop
636.284,566804,loop
636.384,566804,loop
636.485,566804,loop
636.585,566804,loop
636.686,566804,loop
636.786,566804,loop
636.887,566804,loop
636.987,566804,loop
637.088,566804,loop
637.188,566804,loop
637.288,566804,loop
637.389,566804,loop
637.489,566804,loop
637.590,566804,loop
637.690,566804,loop
637.791,566804,loop
637.891,566804,loop
637.992,566804,loop
638.092,566804,loop
638.192,566804,loop
638.293,566804,loop
638.393,566804,loop
638.494,566804,loop
638.594,566804,loop
638.695,566804,loop
638.795,566804,loop
638.896,566804,loop
638.996,566804,loop
639.096,566804,loop
639.197,566804,loop
639.297,566804,loop
639.398,566804,loop
639.498,566804,loop
639.599,566804,loop
639.699,566804,loop
639.800,566804,loop
639.900,566804,loop
640.000,566804,loop
640.101,566804,loop
640.201,566804,loop
640.302,566804,loop
640.402,566804,loop
640.503,566804,loop
640.603,566804,loop
640.704,566804,loop
640.804,566804,loop
640.904,566804,loop
641.005,566804,loop
641.105,566804,loop
641.206,566804,loop
641.306,566804,loop
641.407,566804,loop
641.507,566804,loop
641.608,566804,loop
641.708,566804,loop
641.808,566804,loop
641.909,566804,loop
642.009,566804,loop
642.110,566804,loop
642.210,566804,loop
642.311,566804,loop
642.411,566804,loop
642.512,566804,loop
642.612,566804,loop
642.712,566804,loop
642.813,566804,loop
642.913,566804,loop
643.014,566804,loop
643.114,566804,loop
643.215,566804,loop
643.315,566804,loop
643.416,566804,loop
643.516,566804,loop
643.616,566804,loop
643.717,566804,loop
643.817,566804,loop
643.918,566804,loop
644.018,566804,loop
644.119,566804,loop
644.219,566804,loop
644.320,566804,loop
644.420,566804,loop
644.521,566804,loop
644.621,566804,loop
644.721,566804,loop
644.822,566804,loop
644.922,566804,loop
645.023,566804,loop
645.123,566804,loop
645.224,566804,loop
645.324,566804,loop
645.424,566804,loop
645.525,566804,loop
645.625,566804,loop
645.726,566804,loop
645.826,566804,loop
645.927,566804,loop
646.027,566804,loop
646.128,566804,loop
646.228,566804,loop
646.328,566804,loop
646.429,566804,loop
646.529,566804,loop
646.630,566804,loop
646.730,566804,loop
646.831,566804,loop
646.931,566804,loop
647.032,566804,loop
647.132,566804,loop
647.232,566804,loop
647.333,566804,loop
647.433,566804,loop
647.534,566804,loop
647.634,566804,loop
647.735,566804,loop
647.835,566804,loop
647.936,566804,loop
648.036,566804,loop
648.136,566804,loop
648.237,566804,loop
648.337,566804,loop
648.438,566804,loop
648.538,566804,loop
648.639,566804,loop
648.739,566804,loop
648.839,566804,loop
648.940,566804,loop
649.040,566804,loop
649.141,566804,loop
649.241,566804,loop
649.342,566804,loop
649.442,566804,loop
649.543,566804,loop
649.643,566804,loop
649.743,566804,loop
649.844,566804,loop
649.944,566804,loop
650.045,566804,loop
650.145,566804,loop
650.246,566804,loop
650.346,566804,loop
650.446,566804,loop
650.547,566804,loop
650.647,566804,loop
650.748,566804,loop
650.848,566804,loop
650.949,566804,loop
651.049,566804,loop
651.150,566804,loop
651.250,566804,loop
651.350,566804,loop
651.451,566804,loop
651.551,566804,loop
651.652,566804,loop
651.752,566804,loop
651.852,566804,loop
651.953,566804,loop
652.053,566804,loop
652.154,566804,loop
652.254,566804,loop
652.355,566804,loop
652.455,566804,loop
652.556,566804,loop
652.656,566804,loop
652.757,566804,loop
652.857,566804,loop
652.957,566804,loop
653.058,566804,loop
653.158,566804,loop
653.259,566804,loop
653.359,566804,loop
653.460,566804,loop
653.560,566804,loop
653.660,566804,loop
653.761,566804,loop
653.861,566804,loop
653.962,566804,loop
654.062,566804,loop
654.163,566804,loop
654.263,566804,loop
654.363,566804,loop
654.464,566804,loop
654.564,566804,loop
654.665,566804,loop
654.765,566804,loop
654.866,566804,loop
654.966,566804,loop
655.066,566804,loop
655.167,566804,loop
655.267,566804,loop
655.368,566804,loop
655.468,566804,loop
655.569,566804,loop
655.669,566804,loop
655.770,566804,loop
655.870,566804,loop
655.970,566804,loop
656.071,566804,loop
656.171,566804,loop
656.272,566804,loop
656.372,566804,loop
656.473,566804,loop
656.573,566804,loop
656.673,566804,loop
656.774,566804,loop
656.874,566804,loop
656.975,566804,loop
657.075,566804,loop
657.176,566804,loop
657.276,566804,loop
657.377,566804,loop
657.477,566804,loop
657.577,566804,loop
657.678,566804,loop
657.778,566804,loop
657.879,566804,loop
657.979,566804,loop
658.079,566804,loop
658.180,566804,loop
658.280,566804,loop
658.381,566804,loop
658.481,566804,loop
658.582,566804,loop
658.682,566804,loop
658.783,566804,loop
658.883,566804,loop
658.983,566804,loop
659.084,566804,loop
659.184,566804,loop
659.285,566804,loop
659.385,566804,loop
659.486,566804,loop
659.586,566804,loop
659.687,566804,loop
659.787,566804,loop
659.887,566804,loop
659.988,566804,loop
660.088,566804,loop
660.189,566804,loop
660.289,566804,loop
660.390,566804,loop
660.490,566804,loop
660.590,566804,loop
660.691,566804,loop
660.791,566804,loop
660.892,566804,loop
660.992,566804,loop
661.093,566804,loop
661.193,566804,loop
661.294,566804,loop
661.394,566804,loop
661.494,566804,loop
661.595,566804,loop
661.695,566804,loop
661.796,566804,loop
661.896,566804,loop
661.997,566804,loop
662.097,566804,loop
662.198,566804,loop
662.298,566804,loop
662.398,566804,loop
662.499,566804,loop
662.599,566804,loop
662.700,566804,loop
662.800,566804,loop
662.901,566804,loop
663.001,566804,loop
663.101,566804,loop
663.202,566804,loop
663.302,566804,loop
663.403,566804,loop
663.503,566804,loop
663.604,566804,loop
663.704,566804,loop
663.805,566804,loop
663.905,566804,loop
664.005,566804,loop
664.106,566804,loop
664.206,566804,loop
664.307,566804,loop
664.407,566804,loop
664.508,566804,loop
664.608,566804,loop
664.708,566804,loop
664.809,566804,loop
664.909,566804,loop
665.010,566804,loop
665.110,566804,loop
665.211,566804,loop
665.311,566804,loop
665.412,566804,loop
665.512,566804,loop
665.612,566804,loop
665.713,566804,loop
665.813,566804,loop
665.914,566804,loop
666.014,566804,loop
666.115,566804,loop
666.215,566804,loop
666.315,566804,loop
666.416,566804,loop
666.516,566804,loop
666.617,566804,loop
666.717,566804,loop
666.818,566804,loop
666.918,566804,loop
667.018,566804,loop
667.119,566804,loop
667.219,566804,loop
667.320,566804,loop
667.420,566804,loop
667.521,566804,loop
667.621,566804,loop
667.722,566804,loop
667.822,566804,loop
667.922,566804,loop
668.023,566804,loop
668.123,566804,loop
668.224,566804,loop
668.324,566804,loop
668.425,566804,loop
668.525,566804,loop
668.625,566804,loop
668.726,566804,loop
668.826,566804,loop
668.927,566804,loop
669.027,566804,loop
669.128,566804,loop
669.228,566804,loop
669.329,566804,loop
669.429,566804,loop
669.529,566804,loop
669.630,566804,loop
669.730,566804,loop
669.831,566804,loop
669.931,566804,loop
670.032,566804,loop
670.132,566804,loop
670.232,566804,loop
670.333,566804,loop
670.433,566804,loop
670.534,566804,loop
670.634,566804,loop
670.735,566804,loop
670.835,566804,loop
670.936,566804,loop
671.036,566804,loop
671.136,566804,loop
671.237,566804,loop
671.337,566804,loop
671.438,566804,loop
671.538,566804,loop
671.639,566804,loop
671.739,566804,loop
671.839,566804,loop
671.940,566804,loop
672.040,566804,loop
672.141,566804,loop
672.241,566804,loop
672.342,566804,loop
672.442,566804,loop
672.543,566804,loop
672.643,566804,loop
672.743,566804,loop
672.844,566804,loop
672.944,566804,loop
673.045,566804,loop
673.145,566804,loop
673.246,566804,loop
673.346,566804,loop
673.446,566804,loop
673.547,566804,loop
673.647,566804,loop
673.748,566804,loop
673.848,566804,loop
673.949,566804,loop
674.049,566804,loop
674.149,566804,loop
674.250,566804,loop
674.350,566804,loop
674.451,566804,loop
674.551,566804,loop
674.652,566804,loop
674.752,566804,loop
674.852,566804,loop
674.953,566804,loop
675.053,566804,loop
675.154,566804,loop
675.254,566804,loop
675.355,566804,loop
675.455,566804,loop
675.556,566804,loop
675.656,566804,loop
675.756,566804,loop
675.857,568060,loop
675.957,568060,loop
676.058,568060,loop
676.158,568060,loop
676.259,568060,loop
676.359,568060,loop
676.460,568060,loop
676.560,568060,loop
676.660,568060,loop
676.761,568060,loop
676.861,568060,loop
676.962,568060,loop
677.062,568060,loop
677.163,568060,loop
677.263,568060,loop
677.363,568060,loop
677.464,568060,loop
677.564,568060,loop
677.665,568060,loop
677.765,568060,loop
677.866,568060,loop
677.966,568060,loop
678.067,568060,loop
678.167,568060,loop
678.267,568060,loop
678.368,568060,loop
678.468,568060,loop
678.569,568060,loop
678.669,568060,loop
678.770,568060,loop
678.870,568060,loop
678.970,568060,loop
679.071,568060,loop
679.171,568060,loop
679.272,568060,loop
679.372,568060,loop
679.473,568060,loop
679.573,568060,loop
679.673,568060,loop
679.774,568060,loop
679.874,568060,loop
679.975,568060,loop
680.075,568060,loop
680.176,568060,loop
680.276,568060,loop
680.377,568060,loop
680.477,568060,loop
680.577,568060,loop
680.678,568060,loop
680.778,568060,loop
680.879,568060,loop
680.979,568060,loop
681.080,568060,loop
681.180,568060,loop
681.281,568060,loop
681.381,568060,loop
681.481,568060,loop
681.582,568060,loop
681.682,568060,loop
681.783,568060,loop
681.883,568060,loop
681.984,568060,loop
682.084,568060,loop
682.185,568060,loop
682.285,568060,loop
682.385,568060,loop
682.486,568060,loop
682.586,568060,loop
682.687,568060,loop
682.787,568060,loop
682.888,568060,loop
682.988,568060,loop
683.089,568060,loop
683.189,568060,loop
683.289,568060,loop
683.390,568060,loop
683.490,568060,loop
683.591,568060,loop
683.691,568060,loop
683.792,568060,loop
683.892,568060,loop
683.992,568060,loop
684.093,568060,loop
684.193,568060,loop
684.294,568060,loop
684.394,568060,loop
684.495,568060,loop
684.595,568060,loop
684.696,568060,loop
684.796,568060,loop
684.897,568060,loop
684.997,568060,loop
685.097,568060,loop
685.198,568060,loop
685.298,568060,loop
685.399,568060,loop
685.499,568060,loop
685.600,568060,loop
685.700,568060,loop
685.801,568060,loop
685.901,568060,loop
686.001,568060,loop
686.102,568060,loop
686.202,568060,loop
686.303,568060,loop
686.403,568060,loop
686.504,568060,loop
686.604,568060,loop
686.705,568060,loop
686.805,568060,loop
686.905,568060,loop
687.006,568060,loop
687.106,568060,loop
687.207,568060,loop
687.307,568060,loop
687.408,568060,loop
687.508,568060,loop
687.608,568060,loop
687.709,568060,loop
687.809,568060,loop
687.910,568060,loop
688.010,568060,loop
688.111,568060,loop
688.211,568060,loop
688.312,568060,loop
688.412,568060,loop
688.513,568060,loop
688.613,568060,loop
688.713,568060,loop
688.814,568060,loop
688.914,568060,loop
689.015,568060,loop
689.115,568060,loop
689.216,568060,loop
689.316,568060,loop
689.417,568060,loop
689.517,568060,loop
689.617,568060,loop
689.718,568060,loop
689.818,568060,loop
689.919,568060,loop
690.019,568060,loop
690.120,568060,loop
690.220,568060,loop
690.320,568060,loop
690.421,568060,loop
690.521,568060,loop
690.622,568060,loop
690.722,568060,loop
690.823,568060,loop
690.923,568060,loop
691.024,568060,loop
691.124,568060,loop
691.225,568060,loop
691.325,568060,loop
691.425,568060,loop
691.526,568060,loop
691.626,568060,loop
691.727,568060,loop
691.827,568060,loop
691.928,568060,loop
692.028,568060,loop
692.128,568060,loop
692.229,568060,loop
692.329,568060,loop
692.430,568060,loop
692.530,568060,loop
692.631,568060,loop
692.731,568060,loop
692.832,568060,loop
692.932,568060,loop
693.033,568060,loop
693.133,568060,loop
693.233,568060,loop
693.334,568060,loop
693.434,568060,loop
693.535,568060,loop
693.635,568060,loop
693.736,568060,loop
693.836,568060,loop
693.937,568060,loop
694.037,568060,loop
694.137,568060,loop
694.238,568060,loop
694.338,568060,loop
694.439,568060,loop
694.539,568060,loop
694.640,568060,loop
694.740,568060,loop
694.841,568060,loop
694.941,568060,loop
695.041,568060,loop
695.142,568060,loop
695.242,568060,loop
695.343,568060,loop
695.443,568060,loop
695.544,568060,loop
695.644,568060,loop
695.745,568060,loop
695.845,568060,loop
695.945,568060,loop
696.046,568060,loop
696.146,568060,loop
696.247,568060,loop
696.347,568060,loop
696.448,568060,loop
696.548,568060,loop
696.649,568060,loop
696.749,568060,loop
696.849,568060,loop
696.950,568060,loop
697.050,568060,loop
697.151,568060,loop
697.251,568060,loop
697.352,568060,loop
697.452,568060,loop
697.553,568060,loop
697.653,568060,loop
697.753,568060,loop
697.854,568060,loop
697.954,568060,loop
698.055,568060,loop
698.155,568060,loop
698.256,568060,loop
698.356,568060,loop
698.456,568060,loop
698.557,568060,loop
698.657,568060,loop
698.758,568060,loop
698.858,568060,loop
698.959,568060,loop
699.059,568060,loop
699.160,568060,loop
699.260,568060,loop
699.361,568060,loop
699.461,568060,loop
699.561,568060,loop
699.662,568060,loop
699.762,568060,loop
699.863,568060,loop
699.963,568060,loop
700.064,568060,loop
700.164,568060,loop
700.265,568060,loop
700.365,568060,loop
700.465,568060,loop
700.566,568060,loop
700.666,568060,loop
700.767,568060,loop
700.867,568060,loop
700.968,568060,loop
701.068,568060,loop
701.169,568060,loop
701.269,568060,loop
701.369,568060,loop
701.470,568060,loop
701.570,568060,loop
701.671,568060,loop
701.771,568060,loop
701.872,568060,loop
701.972,568060,loop
702.073,533112,loop
702.173,529548,loop
702.273,526896,loop
702.374,526896,loop
702.474,527044,loop
702.575,527044,loop
702.675,527044,loop
702.776,527044,loop
702.876,527044,loop
702.976,527044,loop
703.077,527044,loop
703.177,527044,loop
703.278,527044,loop
703.378,527044,loop
703.479,527044,loop
703.579,527044,loop
703.680,527044,loop
703.780,527044,loop
703.880,527044,loop
703.981,527044,loop
704.081,527044,loop
704.182,527044,loop
704.282,527044,loop
704.383,527044,loop
704.483,527044,loop
704.584,527044,loop
704.684,527044,loop
704.784,527044,loop
704.885,527044,loop
704.985,527044,loop
705.086,527044,loop
705.186,527044,loop
705.287,527044,loop
705.387,527044,loop
705.488,527044,loop
705.588,527044,loop
705.689,527044,loop
705.789,527044,loop
705.889,527044,loop
705.990,527044,loop
706.090,527044,loop
706.191,527044,loop
706.291,527044,loop
706.392,527044,loop
706.492,527044,loop
706.592,527044,loop
706.693,527044,loop
706.793,527044,loop
706.894,527044,loop
706.994,527044,loop
707.095,527044,loop
707.195,527044,loop
707.296,527044,loop
707.396,527044,loop
707.496,527044,loop
707.597,527044,loop
707.697,527044,loop
707.798,527044,loop
707.898,527044,loop
707.999,527044,loop
708.099,527044,loop
708.200,527044,loop
708.300,527044,loop
708.401,527044,loop
708.501,527044,loop
708.601,527044,loop
708.702,527044,loop
708.802,527044,loop
708.903,527044,loop
709.003,527044,loop
709.103,527044,loop
709.204,527044,loop
709.304,527044,loop
709.405,527044,loop
709.505,527044,loop
709.606,527044,loop
709.706,527044,loop
709.807,527044,loop
709.907,527044,loop
710.008,527044,loop
710.108,527044,loop
710.208,527044,loop
710.309,527044,loop
710.409,527044,loop
710.510,527044,loop
710.610,527044,loop
710.711,527044,loop
710.811,527044,loop
710.912,527044,loop
711.012,527044,loop
711.112,527044,loop
711.213,527044,loop
711.313,527044,loop
711.414,527044,loop
711.514,527044,loop
711.615,527044,loop
711.715,527044,loop
711.816,527044,loop
711.916,527044,loop
712.016,527044,loop
712.117,527044,loop
712.217,527044,loop
712.318,527044,loop
712.418,527044,loop
712.518,527044,loop
712.619,527044,loop
712.719,527044,loop
712.820,527044,loop
712.920,527044,loop
713.021,527044,loop
713.121,527044,loop
713.222,527044,loop
713.322,527044,loop
713.422,527044,loop
713.523,527044,loop
713.623,527044,loop
713.724,527044,loop
713.824,527044,loop
713.925,527044,loop
714.025,527044,loop
714.126,527044,loop
714.226,527044,loop
714.326,527044,loop
714.427,527044,loop
714.527,527044,loop
714.628,527044,loop
714.728,527044,loop
714.828,527044,loop
714.929,527044,loop
715.029,527044,loop
715.130,527044,loop
715.230,527044,loop
715.331,527044,loop
715.431,527044,loop
715.532,527044,loop
715.632,527044,loop
715.732,527044,loop
715.833,527044,loop
715.933,527044,loop
716.034,527044,loop
716.134,527044,loop
716.235,527044,loop
716.335,527044,loop
716.435,527044,loop
716.536,527044,loop
716.636,527044,loop
716.737,527044,loop
716.837,527044,loop
716.938,527044,loop
717.038,527044,loop
717.139,527044,loop
717.239,527044,loop
717.339,527044,loop
717.440,527044,loop
717.540,527044,loop
717.641,527044,loop
717.741,527044,loop
717.842,527044,loop
717.942,527044,loop
718.042,527044,loop
718.143,527044,loop
718.243,527044,loop
718.344,527044,loop
718.444,527044,loop
718.545,527044,loop
718.645,527044,loop
718.745,527044,loop
718.846,527044,loop
718.946,527044,loop
719.047,527044,loop
719.147,527044,loop
719.248,527044,loop
719.348,527044,loop
719.449,527044,loop
719.549,527044,loop
719.649,527044,loop
719.750,527044,loop
719.850,527044,loop
719.951,527044,loop
720.051,527044,loop
720.152,527044,loop
720.252,527044,loop
720.352,527044,loop
720.453,527044,loop
720.553,527044,loop
720.654,527044,loop
720.754,527044,loop
720.855,527044,loop
720.955,527044,loop
721.056,527044,loop
721.156,527044,loop
721.256,527044,loop
721.357,527044,loop
721.457,527044,loop
721.558,527044,loop
721.658,527044,loop
721.759,527044,loop
721.859,527044,loop
721.959,527044,loop
722.060,527044,loop
722.160,527044,loop
722.261,527044,loop
722.361,527044,loop
722.462,527044,loop
722.562,527044,loop
722.662,527044,loop
722.763,527044,loop
722.863,527044,loop
722.964,527044,loop
723.064,527044,loop
723.165,527044,loop
723.265,527044,loop
723.365,527044,loop
723.466,527044,loop
723.566,527044,loop
723.667,527044,loop
723.767,527044,loop
723.868,527044,loop
723.968,527044,loop
724.068,527044,loop
724.169,527044,loop
724.269,527044,loop
724.370,527044,loop
724.470,527044,loop
724.571,527044,loop
724.671,527044,loop
724.771,527044,loop
724.872,527044,loop
724.972,527044,loop
725.073,527044,loop
725.173,527044,loop
725.274,527044,loop
725.374,527044,loop
725.475,527044,loop
725.575,527044,loop
725.675,527044,loop
725.776,527044,loop
725.876,527044,loop
725.977,527044,loop
726.077,527044,loop
726.178,527044,loop
726.278,527044,loop
726.379,527044,loop
726.479,527044,loop
726.579,527044,loop
726.680,527044,loop
726.780,527044,loop
726.881,527044,loop
726.981,527044,loop
727.082,527044,loop
727.182,527044,loop
727.283,527044,loop
727.383,527044,loop
727.483,527044,loop
727.584,527044,loop
727.684,527044,loop
727.785,527044,loop
727.885,527044,loop
727.986,527044,loop
728.086,527044,loop
728.186,527044,loop
728.287,527044,loop
728.387,527044,loop
728.488,527044,loop
728.588,527044,loop
728.689,527044,loop
728.789,527044,loop
728.889,527044,loop
728.990,527044,loop
729.090,527044,loop
729.191,527044,loop
729.291,527044,loop
729.392,527044,loop
729.492,527044,loop
729.592,527044,loop
729.693,527044,loop
729.793,527044,loop
729.894,527044,loop
729.994,527044,loop
730.095,527044,loop
730.195,527044,loop
730.295,527044,loop
730.396,527044,loop
730.496,527044,loop
730.597,527044,loop
730.697,527044,loop
730.798,527044,loop
730.898,527044,loop
730.999,527044,loop
731.099,527044,loop
731.199,527044,loop
731.300,527044,loop
731.400,527044,loop
731.501,527044,loop
731.601,527044,loop
731.702,527044,loop
731.802,527044,loop
731.903,527044,loop
732.003,527044,loop
732.103,527044,loop
732.204,527044,loop
732.304,527044,loop
732.405,527044,loop
732.505,527044,loop
732.605,527044,loop
732.706,527044,loop
732.806,527044,loop
732.907,527044,loop
733.007,527044,loop
733.108,527044,loop
733.208,527044,loop
733.309,527044,loop
733.409,527044,loop
733.509,527044,loop
733.610,527044,loop
733.710,527044,loop
733.811,527044,loop
733.911,527044,loop
734.012,527044,loop
734.112,527044,loop
734.212,527044,loop
734.313,527044,loop
734.413,527044,loop
734.514,527044,loop
734.614,527044,loop
734.715,527044,loop
734.815,527044,loop
734.916,527044,loop
735.016,527044,loop
735.116,527044,loop
735.217,527044,loop
735.317,527044,loop
735.418,527044,loop
735.518,527044,loop
735.619,527044,loop
735.719,527044,loop
735.819,527044,loop
735.920,527044,loop
736.020,527044,loop
736.121,527044,loop
736.221,527044,loop
736.322,527044,loop
736.422,527044,loop
736.522,527044,loop
736.623,527044,loop
736.723,527044,loop
736.824,527044,loop
736.924,527044,loop
737.025,527044,loop
737.125,527044,loop
737.226,527044,loop
737.326,527044,loop
737.427,527044,loop
737.527,527044,loop
737.627,527044,loop
737.728,527044,loop
737.828,527044,loop
737.929,527044,loop
738.029,527044,loop
738.129,527044,loop
738.230,527044,loop
738.330,527044,loop
738.431,527044,loop
738.531,527044,loop
738.632,527044,loop
738.732,527044,loop
738.833,527044,loop
738.933,527044,loop
739.033,527044,loop
739.134,527044,loop
739.234,527044,loop
739.335,527044,loop
739.435,527044,loop
739.535,527044,loop
739.636,527044,loop
739.736,527044,loop
739.837,527044,loop
739.937,527044,loop
740.038,527044,loop
740.138,527044,loop
740.239,527044,loop
740.339,527044,loop
740.439,527044,loop
740.540,527044,loop
740.640,527044,loop
740.741,527044,loop
740.841,527044,loop
740.942,527044,loop
741.042,527044,loop
741.143,527044,loop
741.243,527044,loop
741.343,527044,loop
741.444,527044,loop
741.544,527044,loop
741.645,527044,loop
741.745,527044,loop
741.846,527044,loop
741.946,527044,loop
742.046,527044,loop
742.147,527044,loop
742.247,527044,loop
742.348,527044,loop
742.448,527044,loop
742.549,527044,loop
742.649,527044,loop
742.750,527044,loop
742.850,527044,loop
742.950,527044,loop
743.051,527044,loop
743.151,527044,loop
743.252,527044,loop
743.352,527044,loop
743.453,527044,loop
743.553,527044,loop
743.653,527044,loop
743.754,527044,loop
743.854,527044,loop
743.955,527044,loop
744.055,527044,loop
744.156,527044,loop
744.256,527044,loop
744.357,527044,loop
744.457,527044,loop
744.557,527044,loop
744.658,527044,loop
744.758,527044,loop
744.859,527044,loop
744.959,527044,loop
745.060,527044,loop
745.160,527044,loop
745.260,527044,loop
745.361,527044,loop
745.461,527044,loop
745.562,527044,loop
745.662,527044,loop
745.763,527044,loop
745.863,527044,loop
745.964,527044,loop
746.064,527044,loop
746.164,527044,loop
746.265,527044,loop
746.365,527044,loop
746.466,527044,loop
746.566,527044,loop
746.667,527044,loop
746.767,527044,loop
746.867,527044,loop
746.968,527044,loop
747.068,527044,loop
747.169,527044,loop
747.269,527044,loop
747.370,527044,loop
747.470,527044,loop
747.570,527044,loop
747.671,527044,loop
747.771,527044,loop
747.872,527044,loop
747.972,527044,loop
748.072,527044,loop
748.173,527044,loop
748.273,527044,loop
748.374,527044,loop
748.474,527044,loop
748.575,527044,loop
748.675,527044,loop
748.776,527044,loop
748.876,527044,loop
748.976,527044,loop
749.077,527044,loop
749.177,527044,loop
749.278,527044,loop
749.378,527044,loop
749.478,527044,loop
749.579,527044,loop
749.679,527044,loop
749.780,527044,loop
749.880,527044,loop
749.981,527044,loop
750.081,527044,loop
750.182,527044,loop
750.282,527044,loop
750.382,527044,loop
750.483,527044,loop
750.583,527044,loop
750.684,527044,loop
750.784,527044,loop
750.885,527044,loop
750.985,527044,loop
751.085,527044,loop
751.186,527044,loop
751.286,527044,loop
751.387,527044,loop
751.487,527044,loop
751.588,527044,loop
751.688,527044,loop
751.789,527044,loop
751.889,527044,loop
751.989,527044,loop
752.090,527044,loop
752.190,527044,loop
752.291,527044,loop
752.391,527044,loop
752.492,527044,loop
752.592,527044,loop
752.693,527044,loop
752.793,527044,loop
752.893,527044,loop
752.994,527044,loop
753.094,527044,loop
753.195,527044,loop
753.295,527044,loop
753.396,527044,loop
753.496,527044,loop
753.596,527044,loop
753.697,527044,loop
753.797,527044,loop
753.898,527044,loop
753.998,527044,loop
754.099,527044,loop
754.199,527044,loop
754.300,527044,loop
754.400,527044,loop
754.500,527044,loop
754.601,527044,loop
754.701,527044,loop
754.802,527044,loop
754.902,527044,loop
755.003,527044,loop
755.103,527044,loop
755.203,527044,loop
755.304,527044,loop
755.404,527044,loop
755.505,527044,loop
755.605,527044,loop
755.706,527044,loop
755.806,527044,loop
755.907,527044,loop
756.007,527044,loop
756.107,527044,loop
756.208,527044,loop
756.308,527044,loop
756.409,527044,loop
756.509,527044,loop
756.610,527044,loop
756.710,527044,loop
756.811,527044,loop
756.911,527044,loop
757.011,527044,loop
757.112,527044,loop
757.212,527044,loop
757.313,527044,loop
757.413,527044,loop
757.514,527044,loop
757.614,527044,loop
757.715,527044,loop
757.815,527044,loop
757.916,527044,loop
758.016,527044,loop
758.116,527044,loop
758.217,527044,loop
758.317,527044,loop
758.418,527044,loop
758.518,527044,loop
758.619,527044,loop
758.719,527044,loop
758.819,527044,loop
758.920,527044,loop
759.020,527044,loop
759.121,527044,loop
759.221,527044,loop
759.322,527044,loop
759.422,527044,loop
759.523,527044,loop
759.623,527044,loop
759.723,527044,loop
759.824,527044,loop
759.924,527044,loop
760.025,527044,loop
760.125,527044,loop
760.226,527044,loop
760.326,527044,loop
760.426,527044,loop
760.527,527044,loop
760.627,527044,loop
760.728,527044,loop
760.828,527044,loop
760.929,527044,loop
761.029,527044,loop
761.130,527044,loop
761.230,527044,loop
761.330,527044,loop
761.431,527044,loop
761.531,527044,loop
761.632,527044,loop
761.732,527044,loop
761.833,527044,loop
761.933,527044,loop
762.033,527044,loop
762.134,527044,loop
762.234,527044,loop
762.335,527044,loop
762.435,527044,loop
762.536,527044,loop
762.636,527044,loop
762.737,527044,loop
762.837,527044,loop
762.937,527044,loop
763.038,527044,loop
763.138,527044,loop
763.239,527044,loop
763.339,527044,loop
763.440,527044,loop
763.540,527044,loop
763.640,527044,loop
763.741,527044,loop
763.841,527044,loop
763.942,527044,loop
764.042,527044,loop
764.143,527044,loop
764.243,527044,loop
764.343,527044,loop
764.444,527044,loop
764.544,527044,loop
764.645,527044,loop
764.745,527044,loop
764.846,527044,loop
764.946,527044,loop
765.047,527044,loop
765.147,527044,loop
765.247,527044,loop
765.348,527044,loop
765.448,527044,loop
765.549,527044,loop
765.649,527044,loop
765.750,527044,loop
765.850,527044,loop
765.951,527044,loop
766.051,527044,loop
766.151,527044,loop
766.252,527044,loop
766.352,527044,loop
766.453,527044,loop
766.553,527044,loop
766.654,527044,loop
766.754,527044,loop
766.855,527044,loop
766.955,527044,loop
767.055,527044,loop
767.156,527044,loop
767.256,527044,loop
767.357,527044,loop
767.457,527044,loop
767.558,527044,loop
767.658,527044,loop
767.758,527044,loop
767.859,527044,loop
767.959,527044,loop
768.060,527044,loop
768.160,527044,loop
768.261,527044,loop
768.361,527044,loop
768.461,527044,loop
768.562,527044,loop
768.662,527044,loop
768.763,527044,loop
768.863,527044,loop
768.964,527044,loop
769.064,527044,loop
769.165,527044,loop
769.265,527044,loop
769.365,527044,loop
769.466,527044,loop
769.566,527044,loop
769.667,527044,loop
769.767,527044,loop
769.868,527044,loop
769.968,527044,loop
770.069,527044,loop
770.169,527044,loop
770.269,527044,loop
770.370,527044,loop
770.470,527044,loop
770.571,527044,loop
770.671,527044,loop
770.772,527044,loop
770.872,527044,loop
770.973,527044,loop
771.073,527044,loop
771.173,527044,loop
771.274,527044,loop
771.374,527044,loop
771.475,527044,loop
771.575,527044,loop
771.676,527044,loop
771.776,527044,loop
771.876,527044,loop
771.977,527044,loop
772.077,527044,loop
772.178,527044,loop
772.278,527044,loop
772.379,527044,loop
772.479,527044,loop
772.579,527044,loop
772.680,527044,loop
772.780,527044,loop
772.881,527044,loop
772.981,527044,loop
773.082,527044,loop
773.182,527044,loop
773.283,527044,loop
773.383,527044,loop
773.483,527044,loop
773.584,527044,loop
773.684,527044,loop
773.785,527044,loop
773.885,527044,loop
773.986,527044,loop
774.086,527044,loop
774.186,527044,loop
774.287,527044,loop
774.387,527044,loop
774.488,527044,loop
774.588,527044,loop
774.688,527044,loop
774.789,527044,loop
774.889,527044,loop
774.990,527044,loop
775.090,527044,loop
775.191,527044,loop
775.291,527044,loop
775.392,527044,loop
775.492,527044,loop
775.592,527044,loop
775.693,527044,loop
775.793,527044,loop
775.894,527044,loop
775.994,527044,loop
776.095,527044,loop
776.195,527044,loop
776.295,527044,loop
776.396,527044,loop
776.496,527044,loop
776.597,527044,loop
776.697,527044,loop
776.798,527044,loop
776.898,527044,loop
776.998,527044,loop
777.099,527044,loop
777.199,527044,loop
777.300,527044,loop
777.400,527044,loop
777.501,527044,loop
777.601,527044,loop
777.702,527044,loop
777.802,527044,loop
777.902,527044,loop
778.003,527044,loop
778.103,527044,loop
778.204,527044,loop
778.304,527044,loop
778.405,527044,loop
778.505,527044,loop
778.605,527044,loop
778.706,527044,loop
778.806,527044,loop
778.907,527044,loop
779.007,527044,loop
779.108,527044,loop
779.208,527044,loop
779.308,527044,loop
779.409,527044,loop
779.509,527044,loop
779.610,527044,loop
779.710,527044,loop
779.811,527044,loop
779.911,527044,loop
780.011,527044,loop
780.112,527044,loop
780.212,527044,loop
780.313,527044,loop
780.413,527044,loop
780.514,527044,loop
780.614,527044,loop
780.714,527044,loop
780.815,527044,loop
780.915,527044,loop
781.016,527044,loop
781.116,527044,loop
781.217,527044,loop
781.317,527044,loop
781.418,527044,loop
781.518,527044,loop
781.618,527044,loop
781.719,527044,loop
781.819,527044,loop
781.920,527044,loop
782.020,527044,loop
782.121,527044,loop
782.221,527044,loop
782.322,527044,loop
782.422,527044,loop
782.522,527044,loop
782.623,527044,loop
782.723,527044,loop
782.824,527044,loop
782.924,527044,loop
783.025,527044,loop
783.125,527044,loop
783.225,527044,loop
783.326,527044,loop
783.426,527044,loop
783.527,527044,loop
783.627,527044,loop
783.728,527044,loop
783.828,527044,loop
783.929,527044,loop
784.029,527044,loop
784.129,527044,loop
784.230,527044,loop
784.330,527044,loop
784.431,527044,loop
784.531,527044,loop
784.632,527044,loop
784.732,527044,loop
784.833,527044,loop
784.933,527044,loop
785.033,527044,loop
785.134,527044,loop
785.234,527044,loop
785.335,527044,loop
785.435,527044,loop
785.535,527044,loop
785.636,527044,loop
785.736,527044,loop
785.837,527044,loop
785.937,527044,loop
786.038,527044,loop
786.138,527044,loop
786.239,527044,loop
786.339,527044,loop
786.440,527044,loop
786.540,527044,loop
786.641,527152,after_loop
786.741,528852,after_loop
