label,status,schema_version,machine,test,impl,mode,threads,chain_len,chain_order,filter_style,tree_cache,format,tag,input,n_events,n_tracks,wall_setup,wall_warmup,wall_jit,wall_loop,wall_fixed,bytes_setup,bytes_warmup,bytes_jit,bytes_loop,bytes_total,columns_zip_bytes,read_amplification,peak_rss_kb,rss_baseline_kb,peak_rss_net_kb,time_maxrss_kb,cpu_percent,elapsed_s,events_per_s,tracks_per_s,event_loops,exit_code,timeout_s,root_version,checksums
quick_filter_rdf,ok,2,ares,filter,rdf,vector,0,,notebook,jit,default,ttree,,test.root,346825,,0.06821498647332191,2.5261316150426865,0.05257756356149912,0.22881114296615124,2.6469241650775075,744880,1756209,372440,987661,4235319,778685,1.2683703936765187,500380,347848,152532,501108,99,4.22,1515769.7107929178,,,,,6.32.10,"{""events_passed"": 59946}"
quick_filter_python,ok,2,ares,filter,python,vector,0,,notebook,jit,default,ttree,,test.root,346825,,0.32696112152189016,,,3.9976144870743155,0.32696112152189016,768548,,,1360101,2502778,778685,1.7466639270051434,704120,347604,356516,704120,99,5.64,86757.99057698195,,,,,6.32.10,"{""events_passed"": 59946}"
quick_filter_uproot,ok,2,ares,filter,uproot,vector,0,,notebook,jit,default,ttree,,test.root,346825,,0.032912710681557655,,,0.6002931147813797,0.032912710681557655,372440,,,1146025,746569,778685,1.4717440299992937,463520,347720,115800,463676,64,3.42,577759.4169580138,,,,,6.32.10,"{""events_passed"": 59946}"
quick_chain_lazy,ok,2,ares,chain,rdf-lazy,vector,0,3,notebook,jit,default,ttree,,test.root,346825,,0.0732063977047801,2.9274479700252414,0.05677408538758755,0.4242225643247366,3.057428453117609,744880,2236343,372440,1467795,5195587,1467795,1.0,503916,347768,156148,504668,99,4.82,817554.3433246285,,1,,,6.32.10,"{""events_passed"": 75275, ""intermediate"": null}"
quick_chain_python,ok,2,ares,chain,python,vector,0,3,notebook,jit,default,ttree,,test.root,346825,,0.3246412184089422,,,42.26334142126143,0.3246412184089422,768548,,,1840235,2982912,1467795,1.2537411559516145,839476,347652,491824,839476,99,43.91,8206.284414263626,,1,,,6.32.10,"{""events_passed"": 75275, ""intermediate"": [346825, 311565, 276737, 75275]}"
quick_chain_uproot,ok,2,ares,chain,uproot,vector,0,3,notebook,jit,default,ttree,,test.root,346825,,0.03296613413840532,,,0.7123483121395111,0.03296613413840532,372440,,,1835135,746569,1467795,1.2502665562970305,487884,347820,140064,488124,66,3.5,486875.5833200815,,1,,,6.32.10,"{""events_passed"": 75275, ""intermediate"": [346825, 311565, 276737, 75275]}"
quick_eff_jit,ok,2,ares,efficiency,jit,vector,0,,notebook,jit,default,ttree,,test.root,346825,514131,0.4248031424358487,4.386740046553314,0.0017123641446232796,0.941810897551477,4.813255553133786,1117320,10240641,0,10288643,22020733,10079667,1.020732430942411,566236,347760,218476,566980,99,7.05,368253.3307924943,545896.2105202217,,,,6.32.10,"{""eff_sum"": 62512.31060427427, ""eff_hits"": 64862}"
quick_eff_python,ok,2,ares,efficiency,python,vector,0,,notebook,jit,default,ttree,,test.root,346825,514131,1.3746029995381832,,,4.041102766990662,1.3746029995381832,1140988,,,10288643,11803760,10079667,1.020732430942411,661300,351180,310120,661300,99,6.71,85824.34548138811,127225.42079345939,,,,6.32.10,"{""eff_sum"": 62512.310602903366, ""eff_hits"": 64862}"
quick_eff_uproot,ok,2,ares,efficiency,uproot,vector,0,,notebook,jit,default,ttree,,test.root,346825,514131,0.2232145993039012,,,1.3704487411305308,0.2232145993039012,372440,,,10447007,746569,10079667,1.0364436642599404,549928,348068,201860,549928,99,3.08,253074.04034235678,375155.2207460714,,,,6.32.10,"{""eff_sum"": 62512.310602903366, ""eff_hits"": 64862}"
quick_select,ok,2,ares,selectivity,contiguous,vector,0,,notebook,jit,default,ttree,,test.root,346825,,0.07150044664740562,3.900976799428463,0.05670128017663956,0.34565450344234705,4.029178526252508,744880,768548,372440,3932460,6192457,3728036,1.0548342344333586,541316,363988,177328,542044,99,5.72,1003386.3194201032,,,,,6.32.10,"{""events_passed"": 60000, ""xi_sum"": 25927.608728326857}"
r1_filter_rdf_t1,ok,2,ares,filter,rdf,vector,1,,notebook,jit,default,ttree,,ds_x8.root,2774600,,0.26224874425679445,2.5718002524226904,0.1345389224588871,1.3910847967490554,2.968587919138372,8915354,1756209,4457677,23233250,42821856,12290783,1.890298608314865,607268,347924,259344,607572,89,6.09,1994558.4959911855,,,,,6.32.10,"{""events_passed"": 479568}"
r1_chain_rdf-lazy_l5_t1,ok,2,ares,chain,rdf-lazy,vector,1,5,notebook,jit,default,ttree,,ds_x8.root,2774600,,0.24491975456476212,3.0769506730139256,0.1314419787377119,3.231830917298794,3.4533124063163996,8915354,6168803,4457677,72992428,96993628,62083839,1.1757073849766282,617148,347980,269168,617212,93,8.15,858522.6365490205,,1,,,6.32.10,"{""events_passed"": 433248, ""intermediate"": null}"
r1_eff_jit_t1,ok,2,ares,efficiency,jit,vector,1,,notebook,jit,default,ttree,,ds_x8.root,2774600,4113048,0.657431872561574,4.0749627985060215,0.001691604033112526,2.4184650434181094,4.734086275100708,13373031,10240641,0,119917419,147990457,108974952,1.100412680154243,648732,347924,300808,648732,94,8.57,1147256.6070579013,1700685.3215405054,,,,6.32.10,"{""eff_sum"": 500098.4848341942, ""eff_hits"": 518896}"
r1_filter_rdf_t2,ok,2,ares,filter,rdf,vector,2,,notebook,jit,default,ttree,,ds_x8.root,2774600,,0.24578070268034935,2.5374245261773467,0.1305239386856556,0.7649245569482446,2.9137291675433517,8915354,1756209,4457677,27690927,47279533,12290783,2.2529831500564286,676188,347536,328652,676484,109,5.14,3627285.821584274,,,,,6.32.10,"{""events_passed"": 479568}"
r1_chain_rdf-lazy_l5_t2,ok,2,ares,chain,rdf-lazy,vector,2,5,notebook,jit,default,ttree,,ds_x8.root,2774600,,0.24624168872833252,3.0570381665602326,0.13214473612606525,1.6020689317956567,3.4354245914146304,8915354,6168803,4457677,77450105,101451305,62083839,1.2475083088853445,688476,349700,338776,688496,119,6.5,1731885.5293511797,,1,,,6.32.10,"{""events_passed"": 433248, ""intermediate"": null}"
r1_eff_jit_t2,ok,2,ares,efficiency,jit,vector,2,,notebook,jit,default,ttree,,ds_x8.root,2774600,4113048,0.6560716601088643,4.079881893470883,0.001720057800412178,1.313557649962604,4.73767361138016,13373031,10240641,0,124375096,152448134,108974952,1.1413181994335726,712520,347936,364584,713020,111,7.48,2112278.817818914,3131227.624548565,,,,6.32.10,"{""eff_sum"": 500098.4848341942, ""eff_hits"": 518896}"
r1_filter_rdf_t4,ok,2,ares,filter,rdf,vector,4,,notebook,jit,default,ttree,,ds_x8.root,2774600,,0.25851528625935316,2.515253586694598,0.14563552103936672,0.5955592906102538,2.919404393993318,8915354,1756209,4457677,36606281,56194887,12290783,2.978352233539556,811952,347668,464284,812244,120,4.99,4658814.065610396,,,,,6.32.10,"{""events_passed"": 479568}"
r1_chain_rdf-lazy_l5_t4,ok,2,ares,chain,rdf-lazy,vector,4,5,notebook,jit,default,ttree,,ds_x8.root,2774600,,0.24704582057893276,3.063618518412113,0.13267111033201218,1.075446892529726,3.443335449323058,8915354,6168803,4457677,86365459,110366659,62083839,1.3911101567027773,822388,347812,474576,822452,137,5.99,2579950.734223083,,1,,,6.32.10,"{""events_passed"": 433248, ""intermediate"": null}"
r1_eff_jit_t4,ok,2,ares,efficiency,jit,vector,4,,notebook,jit,default,ttree,,ds_x8.root,2774600,4113048,0.6559294862672687,4.062280804850161,0.0017352541908621788,0.9809037260711193,4.719945545308292,13373031,10240641,0,133290450,161363488,108974952,1.2231292379922314,848472,347680,500792,849456,123,7.12,2828616.026481309,4193120.9869843926,,,,6.32.10,"{""eff_sum"": 500098.4848341942, ""eff_hits"": 518896}"
r1_filter_rdf_t8,ok,2,ares,filter,rdf,vector,8,,notebook,jit,default,ttree,,ds_x8.root,2774600,,0.24662313889712095,2.5107950065284967,0.13098622392863035,0.5239820787683129,2.888404369354248,8915354,1756209,4457677,54436989,74025595,12290783,4.42909040050581,1084208,347780,736428,1084512,138,4.88,5295219.268800287,,,,,6.32.10,"{""events_passed"": 479568}"
r1_chain_rdf-lazy_l5_t8,ok,2,ares,chain,rdf-lazy,vector,8,5,notebook,jit,default,ttree,,ds_x8.root,2774600,,0.24518151115626097,3.031147701665759,0.13199887424707413,0.9406451489776373,3.408328087069094,8915354,6168803,4457677,104196167,128197367,62083839,1.678313852337643,1093588,347892,745696,1093588,173,5.82,2949677.679213719,,1,,,6.32.10,"{""events_passed"": 433248, ""intermediate"": null}"
r1_eff_jit_t8,ok,2,ares,efficiency,jit,vector,8,,notebook,jit,default,ttree,,ds_x8.root,2774600,4113048,0.6566768474876881,4.083459229208529,0.0017221570014953613,0.8089495813474059,4.741858233697712,13373031,10240641,0,151121158,179194196,108974952,1.3867513151095492,1120036,347808,772228,1120040,138,6.98,3429880.0122729028,5084430.593497815,,,,6.32.10,"{""eff_sum"": 500098.4848341942, ""eff_hits"": 518896}"
r1_filter_rdf_t16,ok,2,ares,filter,rdf,vector,16,,notebook,jit,default,ttree,,ds_x8.root,2774600,,0.2463234281167388,2.5359957348555326,0.1309560863301158,0.6803365265950561,2.9132752493023872,8915354,1756209,4457677,90098405,109687011,12290783,7.330566734438318,1628308,347784,1280524,1628916,209,5.09,4078275.8113639737,,,,,6.32.10,"{""events_passed"": 479568}"
r1_chain_rdf-lazy_l5_t16,ok,2,ares,chain,rdf-lazy,vector,16,5,notebook,jit,default,ttree,,ds_x8.root,2774600,,0.250551993958652,3.053462407551706,0.14889842458069324,0.8692055568099022,3.452912826091051,8915354,6168803,4457677,139857583,163858783,62083839,2.252721243607374,1639076,347988,1291088,1639096,227,5.81,3192110.2876782613,,1,,,6.32.10,"{""events_passed"": 433248, ""intermediate"": null}"
r1_eff_jit_t16,ok,2,ares,efficiency,jit,vector,16,,notebook,jit,default,ttree,,ds_x8.root,2774600,4113048,0.6564741190522909,4.072815898805857,0.001722097396850586,0.8950958652421832,4.731012115254998,13373031,10240641,0,186782574,214855612,108974952,1.7139954693441848,1665436,347648,1317788,1666148,183,7.07,3099779.708231906,4595092.1680183895,,,,6.32.10,"{""eff_sum"": 500098.4848341942, ""eff_hits"": 518896}"
r1_filter_rdf_t32,ok,2,ares,filter,rdf,vector,32,,notebook,jit,default,ttree,,ds_x8.root,2774600,,0.24705418199300766,2.510073946788907,0.13790977280586958,1.079899998381734,2.8950379015877843,8915354,1756209,4457677,161421237,181009843,12290783,13.133519402303335,2722160,347796,2374364,2722492,422,5.49,2569311.9771810635,,,,,6.32.10,"{""events_passed"": 479568}"
r1_chain_rdf-lazy_l5_t32,ok,2,ares,chain,rdf-lazy,vector,32,5,notebook,jit,default,ttree,,ds_x8.root,2774600,,0.24477753136307,3.028635762631893,0.13116919621825218,1.197272309102118,3.4045824902132154,8915354,6168803,4457677,211180415,235181615,62083839,3.401536026146837,2728868,347916,2381156,2729092,448,6.12,2317434.3705324503,,1,,,6.32.10,"{""events_passed"": 433248, ""intermediate"": null}"
r1_eff_jit_t32,ok,2,ares,efficiency,jit,vector,32,,notebook,jit,default,ttree,,ds_x8.root,2774600,4113048,0.6571159595623612,4.069919165223837,0.0017252471297979355,1.2494158493354917,4.728760371915996,13373031,10240641,0,258105406,286178444,108974952,2.3684837778134558,2758552,347800,2410752,2758552,348,7.45,2220717.787016777,3291976.808352116,,,,6.32.10,"{""eff_sum"": 500098.4848341942, ""eff_hits"": 518896}"
r1_filter_rdf_t48,ok,2,ares,filter,rdf,vector,48,,notebook,jit,default,ttree,,ds_x8.root,2774600,,0.24620442278683186,2.5191948786377907,0.13057565689086914,1.5784260090440512,2.8959749583154917,8915354,1756209,4457677,232744069,252332675,12290783,18.936472070168353,3803392,349700,3453692,3803680,507,6.02,1757827.0911034928,,,,,6.32.10,"{""events_passed"": 479568}"
r1_chain_rdf-lazy_l5_t48,ok,2,ares,chain,rdf-lazy,vector,48,5,notebook,jit,default,ttree,,ds_x8.root,2774600,,0.2457958785817027,3.066471063531935,0.13180351071059704,1.6712725637480617,3.444070452824235,8915354,6168803,4457677,282503247,306504447,62083839,4.550350808686299,3817136,347784,3469352,3817136,465,6.68,1660172.0510373083,,1,,,6.32.10,"{""events_passed"": 433248, ""intermediate"": null}"
r1_eff_jit_t48,ok,2,ares,efficiency,jit,vector,48,,notebook,jit,default,ttree,,ds_x8.root,2774600,4113048,0.6548004047945142,4.05301424395293,0.0016950629651546478,1.7881534481421113,4.709509711712599,13373031,10240641,0,329428238,357501276,108974952,3.0229720862827265,3847416,347612,3499804,3847416,378,8.0,1551656.544287519,2300165.013396054,,,,6.32.10,"{""eff_sum"": 500098.4848341942, ""eff_hits"": 518896}"
r1_chain_rdf-lazy_l1,ok,2,ares,chain,rdf-lazy,vector,0,1,notebook,jit,default,ttree,,ds_x8.root,2774600,,0.2365655405446887,2.3866139333695173,0.13368407730013132,0.3423101855441928,2.7568635512143373,8915354,977524,4457677,2027113,20837034,2027113,1.0,550488,347864,202636,551372,99,4.55,8105513.99628684,,1,,,6.32.10,"{""events_passed"": 2492520, ""intermediate"": null}"
r1_chain_rdf-eager_l1,ok,2,ares,chain,rdf-eager,vector,0,1,notebook,jit,default,ttree,,ds_x8.root,2774600,,0.23848120495676994,2.406794804148376,,1.0586833273991942,2.645276009105146,8915354,977524,,6484790,20837034,2027113,3.1990273852518336,553968,347952,206016,554692,99,5.16,2620802.5839192146,,2,,,6.32.10,"{""events_passed"": 2492520, ""intermediate"": [2774600, 2492520]}"
r1_chain_rdf-report_l1,ok,2,ares,chain,rdf-report,vector,0,1,notebook,jit,default,ttree,,ds_x8.root,2774600,,0.23670895490795374,2.394197827205062,1.1106919068843126,0.405302376486361,3.7415986889973283,8915354,977524,4457677,2027113,20837034,2027113,1.0,555776,349532,206244,556644,99,5.6,6845753.099336611,,1,,,6.32.10,"{""events_passed"": 2492520, ""intermediate"": [2774600, 2492520]}"
r1_chain_rdf-lazy_l2,ok,2,ares,chain,rdf-lazy,vector,0,2,notebook,jit,default,ttree,,ds_x8.root,2774600,,0.23748601414263248,2.7154789874330163,0.13088363409042358,1.3563446551561356,3.0838486356660724,8915354,1756209,4457677,14317896,33906502,14317896,1.0,557592,347788,209804,558320,99,5.91,2045645.2491277757,,1,,,6.32.10,"{""events_passed"": 2213896, ""intermediate"": null}"
r1_chain_rdf-eager_l2,ok,2,ares,chain,rdf-eager,vector,0,2,notebook,jit,default,ttree,,ds_x8.root,2774600,,0.24511574395000935,2.7151636676862836,,2.4373790500685573,2.960279411636293,8915354,1756209,,20795409,35926338,14317896,1.4524067642340746,560100,347936,212164,560828,99,6.87,1138353.9215707781,,3,,,6.32.10,"{""events_passed"": 2213896, ""intermediate"": [2774600, 2492520, 2213896]}"
r1_chain_rdf-report_l2,ok,2,ares,chain,rdf-report,vector,0,2,notebook,jit,default,ttree,,ds_x8.root,2774600,,0.24753416422754526,2.723531398922205,1.119441649876535,1.4250662727281451,4.090507213026285,8915354,1756209,4457677,14317896,33906502,14317896,1.0,560296,347864,212432,561156,99,6.97,1946997.1699549868,,1,,,6.32.10,"{""events_passed"": 2213896, ""intermediate"": [2774600, 2492520, 2213896]}"
r1_chain_rdf-lazy_l3,ok,2,ares,chain,rdf-lazy,vector,0,3,notebook,jit,default,ttree,,ds_x8.root,2774600,,0.23602747544646263,2.7641347544267774,0.1314763305708766,1.8797904513776302,3.1316385604441166,8915354,2236343,4457677,22545271,42614011,22545271,1.0,560968,349788,211180,561696,99,6.48,1476015.583527726,,1,,,6.32.10,"{""events_passed"": 602200, ""intermediate"": null}"
r1_chain_rdf-eager_l3,ok,2,ares,chain,rdf-eager,vector,0,3,notebook,jit,default,ttree,,ds_x8.root,2774600,,0.23751194961369038,2.7516864174976945,,4.262263630516827,2.989198367111385,8915354,2236343,,43340680,58951743,22545271,1.9223845213481798,560436,347740,212696,561164,99,8.72,650968.6496476901,,4,,,6.32.10,"{""events_passed"": 602200, ""intermediate"": [2774600, 2492520, 2213896, 602200]}"
r1_chain_rdf-report_l3,ok,2,ares,chain,rdf-report,vector,0,3,notebook,jit,default,ttree,,ds_x8.root,2774600,,0.24554409831762314,2.7681300016120076,1.1241939906030893,1.9671796886250377,4.13786809053272,8915354,2236343,4457677,22545271,42614011,22545271,1.0,562540,349776,212764,562928,99,7.57,1410445.6324166856,,1,,,6.32.10,"{""events_passed"": 602200, ""intermediate"": [2774600, 2492520, 2213896, 602200]}"
r1_chain_rdf-lazy_l4,ok,2,ares,chain,rdf-lazy,vector,0,4,notebook,jit,default,ttree,,ds_x8.root,2774600,,0.24580170027911663,2.7295787762850523,0.1328882323578,2.1939033633098006,3.108268708921969,8915354,2236343,4457677,22545271,42614011,22545271,1.0,559512,347956,211556,560240,99,6.77,1264686.5155510495,,1,,,6.32.10,"{""events_passed"": 479568, ""intermediate"": null}"
r1_chain_rdf-eager_l4,ok,2,ares,chain,rdf-eager,vector,0,4,notebook,jit,default,ttree,,ds_x8.root,2774600,,0.2357071228325367,2.7788042966276407,,6.285467456094921,3.0145114194601774,8915354,2236343,,65885951,81497014,22545271,2.92238452134818,560956,347728,213228,561684,99,10.77,441430.97062884533,,5,,,6.32.10,"{""events_passed"": 479568, ""intermediate"": [2774600, 2492520, 2213896, 602200, 479568]}"
r1_chain_rdf-report_l4,ok,2,ares,chain,rdf-report,vector,0,4,notebook,jit,default,ttree,,ds_x8.root,2774600,,0.23563093785196543,2.727268691174686,1.1048962455242872,2.087229048833251,4.067795874550939,8915354,2236343,4457677,22545271,42614011,22545271,1.0,563404,349880,213524,564132,99,7.62,1329322.24259287,,1,,,6.32.10,"{""events_passed"": 479568, ""intermediate"": [2774600, 2492520, 2213896, 602200, 479568]}"
r1_chain_rdf-lazy_l5,ok,2,ares,chain,rdf-lazy,vector,0,5,notebook,jit,default,ttree,,ds_x8.root,2774600,,0.23547928594052792,3.062677826732397,0.131446928717196,2.526901574805379,3.429604041390121,8915354,6168803,4457677,64077074,88078274,62083839,1.0321055371591954,563772,347944,215828,564628,99,7.43,1098024.5640211368,,1,,,6.32.10,"{""events_passed"": 433248, ""intermediate"": null}"
r1_chain_rdf-eager_l5,ok,2,ares,chain,rdf-eager,vector,0,5,notebook,jit,default,ttree,,ds_x8.root,2774600,,0.237794641405344,3.0720612658187747,,8.736163850873709,3.3098559072241187,8915354,6168803,,129963025,149506548,62083839,2.0933471108318544,568640,349620,219020,569356,99,13.52,317599.3545178884,,6,,,6.32.10,"{""events_passed"": 433248, ""intermediate"": [2774600, 2492520, 2213896, 602200, 479568, 433248]}"
r1_chain_rdf-report_l5,ok,2,ares,chain,rdf-report,vector,0,5,notebook,jit,default,ttree,,ds_x8.root,2774600,,0.23730630706995726,3.0822029123082757,1.1326790116727352,2.540619373321533,4.452188231050968,8915354,6168803,4457677,64077074,88078274,62083839,1.0321055371591954,567916,347816,220100,568636,99,8.47,1092095.8995808046,,1,,,6.32.10,"{""events_passed"": 433248, ""intermediate"": [2774600, 2492520, 2213896, 602200, 479568, 433248]}"
r1_chain_style-jit,ok,2,ares,chain,rdf-lazy,vector,0,5,notebook,jit,default,ttree,jit,ds_x8.root,2774600,,0.2362355748191476,3.073949412442744,0.13158179260790348,2.5338955260813236,3.441766779869795,8915354,6168803,4457677,64077074,88078274,62083839,1.0321055371591954,563748,347956,215792,564468,99,7.45,1094993.8430535558,,1,,,6.32.10,"{""events_passed"": 433248, ""intermediate"": null}"
r1_chain_style-callable,ok,2,ares,chain,rdf-lazy,vector,0,5,notebook,callable,default,ttree,callable,ds_x8.root,2774600,,0.23722440004348755,3.054600893519819,0.13290205597877502,1.927885802462697,3.4247273495420814,8915354,6168803,4457677,64077074,88078274,62083839,1.0321055371591954,567920,347780,220140,568644,99,6.82,1439193.1287920184,,1,,,6.32.10,"{""events_passed"": 433248, ""intermediate"": null}"
r1_chain_order-notebook,ok,2,ares,chain,rdf-lazy,vector,0,5,notebook,jit,default,ttree,notebook,ds_x8.root,2774600,,0.23716361168771982,3.061440594494343,0.13187139481306076,2.474696391262114,3.4304756009951234,8915354,6168803,4457677,64077074,88078274,62083839,1.0321055371591954,564720,348048,216672,565440,99,7.37,1121188.0414085595,,1,,,6.32.10,"{""events_passed"": 433248, ""intermediate"": null}"
r1_chain_order-selective-first,ok,2,ares,chain,rdf-lazy,vector,0,5,selective-first,jit,default,ttree,selective-first,ds_x8.root,2774600,,0.2359706573188305,3.0766300978139043,0.1318860687315464,1.8101864838972688,3.444486823864281,8915354,6168803,4457677,64077074,88078274,62083839,1.0321055371591954,563872,347964,215908,564592,99,6.73,1532770.25581717,,1,,,6.32.10,"{""events_passed"": 433248, ""intermediate"": null}"
r1_select_scattered,ok,2,ares,selectivity,scattered,vector,0,,notebook,jit,default,ttree,scattered,ds_x8.root,2774600,,0.24034520704299212,4.061706054024398,0.13597418181598186,1.268852244131267,4.438025442883372,8915354,5688669,4457677,55849699,79370765,51829351,1.0775689435123352,583856,360000,223856,584584,99,7.18,2186700.6287242365,,,,,6.32.10,"{""events_passed"": 479568, ""xi_sum"": 287955.65846312046}"
r1_select_contiguous,ok,2,ares,selectivity,contiguous,vector,0,,notebook,jit,default,ttree,contiguous,ds_x8.root,2774600,,0.23912303894758224,3.8603228833526373,0.13476471602916718,0.5674941660836339,4.234210638329387,8915354,768548,4457677,14535198,33136143,39538568,0.36762074944140616,582984,360252,222732,583724,99,6.26,4889213.2568479935,,,,,6.32.10,"{""events_passed"": 480005, ""xi_sum"": 207343.67286666483}"
r1_filter_python_vector,ok,2,ares,filter,python,vector,0,,notebook,jit,default,ttree,,ds_x1.root,346825,,0.31259551551193,,,3.9737854823470116,0.31259551551193,1150826,,,2350752,4066846,1533754,1.5326786433808812,704264,347612,356652,704264,98,5.63,87278.2392357921,,,,,6.32.10,"{""events_passed"": 59946}"
r1_filter_python_loop,ok,2,ares,filter,python,loop,0,,notebook,jit,default,ttree,,ds_x1.root,346825,,0.3063945574685931,,,2.622376845218241,0.3063945574685931,1150826,,,2350752,4066846,1533754,1.5326786433808812,661332,347748,313584,661332,99,4.26,132255.97252828715,,,,,6.32.10,"{""events_passed"": 59946}"
r1_filter_uproot,ok,2,ares,filter,uproot,vector,0,,notebook,jit,default,ttree,,ds_x1.root,346825,,0.02240429539233446,,,0.8199751572683454,0.02240429539233446,563579,,,2093119,1128847,1533754,1.3647032053380137,458436,347760,110676,458784,86,2.4,422970.13138228277,,,,,6.32.10,"{""events_passed"": 59946}"
r1_chain_python_l1,ok,2,ares,chain,python,vector,0,1,notebook,jit,default,ttree,,ds_x1.root,346825,,0.3092247983440757,,,1.5066911606118083,0.3092247983440757,1150826,,,816998,2533092,253419,3.2239019173779395,488428,347748,140680,488452,99,3.16,230189.84186458486,,1,,,6.32.10,"{""events_passed"": 311565, ""intermediate"": [346825, 311565]}"
r1_chain_uproot_l1,ok,2,ares,chain,uproot,vector,0,1,notebook,jit,default,ttree,,ds_x1.root,346825,,0.02318465616554022,,,0.4522758051753044,0.02318465616554022,563579,,,812784,1128847,253419,3.2072733299397442,440024,347836,92188,440628,99,2.02,766844.0275410463,,1,,,6.32.10,"{""events_passed"": 311565, ""intermediate"": [346825, 311565]}"
r1_chain_python_l2,ok,2,ares,chain,python,vector,0,2,notebook,jit,default,ttree,,ds_x1.root,346825,,0.30776117369532585,,,26.20669926982373,0.30776117369532585,1150826,,,2350752,4066846,1787173,1.3153466396370133,676648,347832,328816,676648,99,27.85,13234.211467422727,,1,,,6.32.10,"{""events_passed"": 276737, ""intermediate"": [346825, 311565, 276737]}"
r1_chain_uproot_l2,ok,2,ares,chain,uproot,vector,0,2,notebook,jit,default,ttree,,ds_x1.root,346825,,0.023041363805532455,,,0.5065199751406908,0.023041363805532455,563579,,,2346538,1128847,1787173,1.3129887257696933,463532,347796,115736,463944,99,2.07,684721.2686995533,,1,,,6.32.10,"{""events_passed"": 276737, ""intermediate"": [346825, 311565, 276737]}"
r1_chain_python_l3,ok,2,ares,chain,python,vector,0,3,notebook,jit,default,ttree,,ds_x1.root,346825,,0.3107347609475255,,,36.78783746715635,0.3107347609475255,1150826,,,3376656,5092750,2813077,1.2003425430587218,841352,347824,493528,841352,99,38.44,9427.708282924767,,1,,,6.32.10,"{""events_passed"": 75275, ""intermediate"": [346825, 311565, 276737, 75275]}"
r1_chain_uproot_l3,ok,2,ares,chain,uproot,vector,0,3,notebook,jit,default,ttree,,ds_x1.root,346825,,0.022578490898013115,,,0.5311451582238078,0.022578490898013115,563579,,,3372442,1128847,2813077,1.19884453927141,481292,347788,133504,481952,99,2.09,652975.9231164051,,1,,,6.32.10,"{""events_passed"": 75275, ""intermediate"": [346825, 311565, 276737, 75275]}"
r1_chain_python_l4,ok,2,ares,chain,python,vector,0,4,notebook,jit,default,ttree,,ds_x1.root,346825,,0.3127210531383753,,,45.89297060854733,0.3127210531383753,1150826,,,3376656,5092750,2813077,1.2003425430587218,843660,347812,495848,843660,99,47.56,7557.257579996481,,1,,,6.32.10,"{""events_passed"": 59946, ""intermediate"": [346825, 311565, 276737, 75275, 59946]}"
r1_chain_uproot_l4,ok,2,ares,chain,uproot,vector,0,4,notebook,jit,default,ttree,,ds_x1.root,346825,,0.023059104569256306,,,0.5392897836863995,0.023059104569256306,563579,,,3372442,1128847,2813077,1.19884453927141,481220,347800,133420,481872,99,2.13,643114.3524159193,,1,,,6.32.10,"{""events_passed"": 59946, ""intermediate"": [346825, 311565, 276737, 75275, 59946]}"
r1_chain_python_l5,ok,2,ares,chain,python,vector,0,5,notebook,jit,default,ttree,,ds_x1.root,346825,,0.31219802144914865,,,50.80768415797502,0.31219802144914865,1150826,,,8576376,10292470,7763577,1.1046938801534396,1032340,347708,684632,1032340,99,52.46,6826.231223639834,,1,,,6.32.10,"{""events_passed"": 54156, ""intermediate"": [346825, 311565, 276737, 75275, 59946, 54156]}"
r1_chain_uproot_l5,ok,2,ares,chain,uproot,vector,0,5,notebook,jit,default,ttree,,ds_x1.root,346825,,0.023175050504505634,,,0.7729147113859653,0.023175050504505634,563579,,,8322942,1128847,7763577,1.0720499068921452,498264,348040,150224,498488,92,2.38,448723.5071229072,,1,,,6.32.10,"{""events_passed"": 54156, ""intermediate"": [346825, 311565, 276737, 75275, 59946, 54156]}"
r1_chain_python_shortcircuit,ok,2,ares,chain,python,vector-shortcircuit,0,5,notebook,jit,default,ttree,,ds_x1.root,346825,,0.309841874986887,,,34.088817397132516,0.309841874986887,1150826,,,8576376,10292470,7763577,1.1046938801534396,1035828,347956,687872,1035828,99,35.77,10174.157582514852,,1,,,6.32.10,"{""events_passed"": 54156, ""intermediate"": [346825, 311565, 276737, 75275, 59946, 54156]}"
r1_chain_uproot_shortcircuit,ok,2,ares,chain,uproot,vector-shortcircuit,0,5,notebook,jit,default,ttree,,ds_x1.root,346825,,0.023098965175449848,,,0.6338473968207836,0.023098965175449848,563579,,,8322942,1128847,7763577,1.0720499068921452,525940,349416,176524,525940,99,2.25,547174.2910668806,,1,,,6.32.10,"{""events_passed"": 54156, ""intermediate"": [346825, 311565, 276737, 75275, 59946, 54156]}"
r1_eff_python_vector,ok,2,ares,efficiency,python,vector,0,,notebook,jit,default,ttree,,ds_x1.root,346825,514131,1.346710791811347,,,3.637809021398425,1.346710791811347,1714405,,,13881826,16161499,13628407,1.018594909881984,668636,351804,316832,668636,99,6.29,95338.9795780636,141329.84908656936,,,,6.32.10,"{""eff_sum"": 62512.310602903366, ""eff_hits"": 64862}"
r1_eff_python_loop,ok,2,ares,efficiency,python,loop,0,,notebook,jit,default,ttree,,ds_x1.root,346825,514131,1.3564703427255154,,,2.9563705809414387,1.3564703427255154,1714405,,,13881826,16161499,13628407,1.018594909881984,622696,347856,274840,622696,99,5.63,117314.45382248244,173906.14130528862,,,,6.32.10,"{""eff_sum"": 62512.310602903366, ""eff_hits"": 64862}"
r1_eff_uproot,ok,2,ares,efficiency,uproot,vector,0,,notebook,jit,default,ttree,,ds_x1.root,346825,514131,0.215703459456563,,,0.5679222429171205,0.215703459456563,563579,,,14187772,1128847,13628407,1.0410440486551362,547164,348252,198912,547164,100,2.3,610690.9956872631,905284.1412922606,,,,6.32.10,"{""eff_sum"": 62512.310602903366, ""eff_hits"": 64862}"
r1_eff_correctionlib,ok,2,ares,efficiency,correctionlib,vector,0,,notebook,jit,default,ttree,,ds_x1.root,346825,514131,1.353331576101482,,,3.128750817850232,1.353331576101482,1714405,,,13881826,16161499,13628407,1.018594909881984,622948,347724,275224,622948,99,5.79,110850.949849149,164324.68736940195,,,,6.32.10,"{""eff_sum"": 62512.310602903366, ""eff_hits"": 64862}"
r2_filter_rdf_t1,ok,2,ares,filter,rdf,vector,1,,notebook,jit,default,ttree,,ds_x8.root,2774600,,0.2546133818104863,2.526218910701573,0.1358257569372654,1.0877207973971963,2.9166580494493246,8915354,1756209,4457677,23233250,42821856,12290783,1.890298608314865,612596,347820,264776,612892,99,5.46,2550838.419785051,,,,,6.32.10,"{""events_passed"": 479568}"
r2_chain_rdf-lazy_l5_t1,ok,2,ares,chain,rdf-lazy,vector,1,5,notebook,jit,default,ttree,,ds_x8.root,2774600,,0.24702093191444874,3.0507427034899592,0.13260342739522457,2.7307466343045235,3.4303670627996325,8915354,6168803,4457677,72992428,96993628,62083839,1.1757073849766282,620564,347640,272924,620856,99,7.62,1016059.1118724002,,1,,,6.32.10,"{""events_passed"": 433248, ""intermediate"": null}"
r2_eff_jit_t1,ok,2,ares,efficiency,jit,vector,1,,notebook,jit,default,ttree,,ds_x8.root,2774600,4113048,0.6577146910130978,4.083332009613514,0.0017003817483782768,1.9763975143432617,4.74274708237499,13373031,10240641,0,119917419,147990457,108974952,1.100412680154243,649420,347640,301780,649420,99,8.14,1403867.3798484176,2081083.3701977849,,,,6.32.10,"{""eff_sum"": 500098.4848341942, ""eff_hits"": 518896}"
r2_filter_rdf_t2,ok,2,ares,filter,rdf,vector,2,,notebook,jit,default,ttree,,ds_x8.root,2774600,,0.25069195218384266,2.520766381174326,0.13430847972631454,0.7334866151213646,2.905766813084483,8915354,1756209,4457677,27690927,47279533,12290783,2.2529831500564286,678720,349784,328936,679020,109,5.1,3782754.7807957036,,,,,6.32.10,"{""events_passed"": 479568}"
r2_chain_rdf-lazy_l5_t2,ok,2,ares,chain,rdf-lazy,vector,2,5,notebook,jit,default,ttree,,ds_x8.root,2774600,,0.24724685493856668,3.0311935525387526,0.13272968214005232,1.615471389144659,3.4111700896173716,8915354,6168803,4457677,77450105,101451305,62083839,1.2475083088853445,685896,347796,338100,685960,120,6.49,1717517.2637808602,,1,,,6.32.10,"{""events_passed"": 433248, ""intermediate"": null}"
r2_eff_jit_t2,ok,2,ares,efficiency,jit,vector,2,,notebook,jit,default,ttree,,ds_x8.root,2774600,4113048,0.6551279844716191,4.089221371337771,0.001690831035375595,1.3097734963521361,4.746040186844766,13373031,10240641,0,124375096,152448134,108974952,1.1413181994335726,713912,348848,365064,714348,111,7.48,2118381.5428603245,3140274.262271525,,,,6.32.10,"{""eff_sum"": 500098.4848341942, ""eff_hits"": 518896}"
r2_filter_rdf_t4,ok,2,ares,filter,rdf,vector,4,,notebook,jit,default,ttree,,ds_x8.root,2774600,,0.2487289672717452,2.504431321285665,0.13732145819813013,0.5751004526391625,2.8904817467555404,8915354,1756209,4457677,36606281,56194887,12290783,2.978352233539556,815964,347692,468272,816256,120,4.93,4824548.454565167,,,,,6.32.10,"{""events_passed"": 479568}"
r2_chain_rdf-lazy_l5_t4,ok,2,ares,chain,rdf-lazy,vector,4,5,notebook,jit,default,ttree,,ds_x8.root,2774600,,0.24658403918147087,3.0531823001801968,0.1330104125663638,1.0809990968555212,3.4327767519280314,8915354,6168803,4457677,86365459,110366659,62083839,1.3911101567027773,821640,347996,473644,821924,138,5.98,2566699.6467165723,,1,,,6.32.10,"{""events_passed"": 433248, ""intermediate"": null}"
r2_eff_jit_t4,ok,2,ares,efficiency,jit,vector,4,,notebook,jit,default,ttree,,ds_x8.root,2774600,4113048,0.6574857803061604,4.056829713284969,0.0017057107761502266,0.9741824408993125,4.71602120436728,13373031,10240641,0,133290450,161363488,108974952,1.2231292379922314,852592,347784,504808,852892,123,7.11,2848131.8113665027,4222051.052576001,,,,6.32.10,"{""eff_sum"": 500098.4848341942, ""eff_hits"": 518896}"
r2_filter_rdf_t8,ok,2,ares,filter,rdf,vector,8,,notebook,jit,default,ttree,,ds_x8.root,2774600,,0.24624828342348337,2.521293295547366,0.1301959389820695,0.5269495053216815,2.897737517952919,8915354,1756209,4457677,54436989,74025595,12290783,4.42909040050581,1084892,347672,737220,1085372,138,4.93,5265400.141719876,,,,,6.32.10,"{""events_passed"": 479568}"
r2_chain_rdf-lazy_l5_t8,ok,2,ares,chain,rdf-lazy,vector,8,5,notebook,jit,default,ttree,,ds_x8.root,2774600,,0.24693492706865072,3.0402666460722685,0.13586882129311562,0.9606847986578941,3.423070394434035,8915354,6168803,4457677,104196167,128197367,62083839,1.678313852337643,1098584,353524,745060,1098864,175,5.84,2888148.1250418457,,1,,,6.32.10,"{""events_passed"": 433248, ""intermediate"": null}"
r2_eff_jit_t8,ok,2,ares,efficiency,jit,vector,8,,notebook,jit,default,ttree,,ds_x8.root,2774600,4113048,0.6784872245043516,4.085352698341012,0.002409065142273903,0.9347122944891453,4.7662489879876375,13373031,10240641,0,151121158,179194196,108974952,1.3867513151095492,1121720,347872,773848,1121724,137,7.14,2968400.0267873025,4400335.829805183,,,,6.32.10,"{""eff_sum"": 500098.4848341942, ""eff_hits"": 518896}"
r2_filter_rdf_t16,ok,2,ares,filter,rdf,vector,16,,notebook,jit,default,ttree,,ds_x8.root,2774600,,0.24549265764653683,2.5088105145841837,0.13633377198129892,0.6833481732755899,2.8906369442120194,8915354,1756209,4457677,90098405,109687011,12290783,7.330566734438318,1629216,347624,1281592,1629556,210,5.03,4060302.066368474,,,,,6.32.10,"{""events_passed"": 479568}"
r2_chain_rdf-lazy_l5_t16,ok,2,ares,chain,rdf-lazy,vector,16,5,notebook,jit,default,ttree,,ds_x8.root,2774600,,0.24895725678652525,3.096582654863596,0.16040766332298517,0.9916020203381777,3.5059475749731064,8915354,6168803,4457677,139857583,163858783,62083839,2.252721243607374,1639844,347764,1292080,1639908,214,5.97,2798098.373230165,,1,,,6.32.10,"{""events_passed"": 433248, ""intermediate"": null}"
r2_eff_jit_t16,ok,2,ares,efficiency,jit,vector,16,,notebook,jit,default,ttree,,ds_x8.root,2774600,4113048,0.6530478838831186,4.062033883295953,0.0016629667952656746,0.9237153436988592,4.716744733974338,13373031,10240641,0,186782574,214855612,108974952,1.7139954693441848,1666512,349784,1316728,1668316,194,7.05,3003739.213521767,4452722.397714004,,,,6.32.10,"{""eff_sum"": 500098.4848341942, ""eff_hits"": 518896}"
r2_filter_rdf_t32,ok,2,ares,filter,rdf,vector,32,,notebook,jit,default,ttree,,ds_x8.root,2774600,,0.24424731452018023,2.4992338744923472,0.13577672746032476,1.0758148655295372,2.8792579164728522,8915354,1756209,4457677,161421237,181009843,12290783,13.133519402303335,2718344,347612,2370732,2718708,419,5.43,2579068.284796648,,,,,6.32.10,"{""events_passed"": 479568}"
r2_chain_rdf-lazy_l5_t32,ok,2,ares,chain,rdf-lazy,vector,32,5,notebook,jit,default,ttree,,ds_x8.root,2774600,,0.25610494054853916,3.0839800611138344,0.13594161998480558,1.3036688212305307,3.476026621647179,8915354,6168803,4457677,211180415,235181615,62083839,3.401536026146837,2726900,347840,2379060,2726920,346,6.31,2128301.26395219,,1,,,6.32.10,"{""events_passed"": 433248, ""intermediate"": null}"
r2_eff_jit_t32,ok,2,ares,efficiency,jit,vector,32,,notebook,jit,default,ttree,,ds_x8.root,2774600,4113048,0.6521448008716106,4.064821204170585,0.0016819732263684273,1.2833878630772233,4.718647978268564,13373031,10240641,0,258105406,286178444,108974952,2.3684837778134558,2760680,347872,2412808,2760680,342,7.44,2161934.1119116135,3204836.29176452,,,,6.32.10,"{""eff_sum"": 500098.4848341942, ""eff_hits"": 518896}"
r2_filter_rdf_t48,ok,2,ares,filter,rdf,vector,48,,notebook,jit,default,ttree,,ds_x8.root,2774600,,0.24601413775235415,2.5098065296187997,0.1364684710279107,1.5875366944819689,2.8922891383990645,8915354,1756209,4457677,232744069,252332675,12290783,18.936472070168353,3807992,347768,3460224,3808376,446,5.98,1747739.1292082123,,,,,6.32.10,"{""events_passed"": 479568}"
r2_chain_rdf-lazy_l5_t48,ok,2,ares,chain,rdf-lazy,vector,48,5,notebook,jit,default,ttree,,ds_x8.root,2774600,,0.24621406011283398,3.05880425311625,0.1318349214270711,1.7244616318494081,3.436853234656155,8915354,6168803,4457677,282503247,306504447,62083839,4.550350808686299,3816704,347916,3469008,3816940,438,6.69,1608965.9223234588,,1,,,6.32.10,"{""events_passed"": 433248, ""intermediate"": null}"
r2_eff_jit_t48,ok,2,ares,efficiency,jit,vector,48,,notebook,jit,default,ttree,,ds_x8.root,2774600,4113048,0.6566492104902864,4.0889973463490605,0.0016607427969574928,1.8187502846121788,4.747307299636304,13373031,10240641,0,329428238,357501276,108974952,3.0229720862827265,3846208,347908,3498300,3846208,363,8.04,1525553.0258743805,2261469.3368292972,,,,6.32.10,"{""eff_sum"": 500098.4848341942, ""eff_hits"": 518896}"
r2_chain_rdf-lazy_l1,ok,2,ares,chain,rdf-lazy,vector,0,1,notebook,jit,default,ttree,,ds_x8.root,2774600,,0.23799114115536213,2.404588358476758,0.13022801093757153,0.34165422804653645,2.7728075105696917,8915354,977524,4457677,2027113,20837034,2027113,1.0,551056,347860,203196,551796,99,4.58,8121076.1414083075,,1,,,6.32.10,"{""events_passed"": 2492520, ""intermediate"": null}"
r2_chain_rdf-eager_l1,ok,2,ares,chain,rdf-eager,vector,0,1,notebook,jit,default,ttree,,ds_x8.root,2774600,,0.23792790994048119,2.4057986671105027,,1.0463462257757783,2.643726577050984,8915354,977524,,6484790,20837034,2027113,3.1990273852518336,552500,348108,204392,553312,99,5.15,2651703.5486441078,,2,,,6.32.10,"{""events_passed"": 2492520, ""intermediate"": [2774600, 2492520]}"
r2_chain_rdf-report_l1,ok,2,ares,chain,rdf-report,vector,0,1,notebook,jit,default,ttree,,ds_x8.root,2774600,,0.23747700732201338,2.3666085908189416,1.0816181544214487,0.4126800186932087,3.6857037525624037,8915354,977524,4457677,2027113,20837034,2027113,1.0,554648,347792,206856,555372,99,5.49,6723368.891922706,,1,,,6.32.10,"{""events_passed"": 2492520, ""intermediate"": [2774600, 2492520]}"
r2_chain_rdf-lazy_l2,ok,2,ares,chain,rdf-lazy,vector,0,2,notebook,jit,default,ttree,,ds_x8.root,2774600,,0.24784549605101347,2.7041661366820335,0.133025037124753,1.3726022336632013,3.0850366698578,8915354,1756209,4457677,14317896,33906502,14317896,1.0,557692,347988,209704,558428,99,5.87,2021415.914933452,,1,,,6.32.10,"{""events_passed"": 2213896, ""intermediate"": null}"
r2_chain_rdf-eager_l2,ok,2,ares,chain,rdf-eager,vector,0,2,notebook,jit,default,ttree,,ds_x8.root,2774600,,0.24634057190269232,2.735306503251195,,2.4075618525967,2.9816470751538873,8915354,1756209,,20795409,35926338,14317896,1.4524067642340746,560772,347676,213096,561500,99,6.8,1152452.2192472136,,3,,,6.32.10,"{""events_passed"": 2213896, ""intermediate"": [2774600, 2492520, 2213896]}"
r2_chain_rdf-report_l2,ok,2,ares,chain,rdf-report,vector,0,2,notebook,jit,default,ttree,,ds_x8.root,2774600,,0.24705911055207253,2.732064257375896,1.1239777291193604,1.4483703104779124,4.103101097047329,8915354,1756209,4457677,14317896,33906502,14317896,1.0,561584,347728,213856,562308,99,6.96,1915670.308848348,,1,,,6.32.10,"{""events_passed"": 2213896, ""intermediate"": [2774600, 2492520, 2213896]}"
r2_chain_rdf-lazy_l3,ok,2,ares,chain,rdf-lazy,vector,0,3,notebook,jit,default,ttree,,ds_x8.root,2774600,,0.24668890237808228,2.734139146283269,0.13308571465313435,1.8986938539892435,3.1139137633144855,8915354,2236343,4457677,22545271,42614011,22545271,1.0,558188,348084,210104,558932,99,6.42,1461320.3672463768,,1,,,6.32.10,"{""events_passed"": 602200, ""intermediate"": null}"
r2_chain_rdf-eager_l3,ok,2,ares,chain,rdf-eager,vector,0,3,notebook,jit,default,ttree,,ds_x8.root,2774600,,0.24565792176872492,2.732977969571948,,4.293318183161318,2.978635891340673,8915354,2236343,,43340680,58951743,22545271,1.9223845213481798,565176,351864,213312,565904,99,8.69,646260.0444761274,,4,,,6.32.10,"{""events_passed"": 602200, ""intermediate"": [2774600, 2492520, 2213896, 602200]}"
r2_chain_rdf-report_l3,ok,2,ares,chain,rdf-report,vector,0,3,notebook,jit,default,ttree,,ds_x8.root,2774600,,0.24717493820935488,2.735493004322052,1.123326419852674,1.9627221319824457,4.105994362384081,8915354,2236343,4457677,22545271,42614011,22545271,1.0,560656,347672,212984,561380,99,7.49,1413648.9087212349,,1,,,6.32.10,"{""events_passed"": 602200, ""intermediate"": [2774600, 2492520, 2213896, 602200]}"
r2_chain_rdf-lazy_l4,ok,2,ares,chain,rdf-lazy,vector,0,4,notebook,jit,default,ttree,,ds_x8.root,2774600,,0.24653908237814903,2.709146955050528,0.13337137922644615,2.0404317788779736,3.0890574166551232,8915354,2236343,4457677,22545271,42614011,22545271,1.0,559472,347832,211640,560200,99,6.57,1359810.2267970669,,1,,,6.32.10,"{""events_passed"": 479568, ""intermediate"": null}"
r2_chain_rdf-eager_l4,ok,2,ares,chain,rdf-eager,vector,0,4,notebook,jit,default,ttree,,ds_x8.root,2774600,,0.23705883231014013,2.702734149992466,,6.280548266135156,2.939792982302606,8915354,2236343,,65885951,81497014,22545271,2.92238452134818,560696,347864,212832,561424,99,10.62,441776.7179595927,,5,,,6.32.10,"{""events_passed"": 479568, ""intermediate"": [2774600, 2492520, 2213896, 602200, 479568]}"
r2_chain_rdf-report_l4,ok,2,ares,chain,rdf-report,vector,0,4,notebook,jit,default,ttree,,ds_x8.root,2774600,,0.2606472438201308,2.7222790168598294,1.1624160539358854,2.098449212498963,4.145342314615846,8915354,2236343,4457677,22545271,42614011,22545271,1.0,563868,347808,216060,564760,99,7.64,1322214.5113037238,,1,,,6.32.10,"{""events_passed"": 479568, ""intermediate"": [2774600, 2492520, 2213896, 602200, 479568]}"
r2_chain_rdf-lazy_l5,ok,2,ares,chain,rdf-lazy,vector,0,5,notebook,jit,default,ttree,,ds_x8.root,2774600,,0.24160421639680862,3.0882456125691533,0.14948458410799503,2.5025293165817857,3.479334413073957,8915354,6168803,4457677,64077074,88078274,62083839,1.0321055371591954,564248,347792,216484,564992,99,7.39,1108718.280187757,,1,,,6.32.10,"{""events_passed"": 433248, ""intermediate"": null}"
r2_chain_rdf-eager_l5,ok,2,ares,chain,rdf-eager,vector,0,5,notebook,jit,default,ttree,,ds_x8.root,2774600,,0.23791703674942255,3.0507621886208653,,8.647802710533142,3.288679225370288,8915354,6168803,,129963025,149506548,62083839,2.0933471108318544,567304,347580,219724,568020,99,13.35,320844.50731288065,,6,,,6.32.10,"{""events_passed"": 433248, ""intermediate"": [2774600, 2492520, 2213896, 602200, 479568, 433248]}"
r2_chain_rdf-report_l5,ok,2,ares,chain,rdf-report,vector,0,5,notebook,jit,default,ttree,,ds_x8.root,2774600,,0.23828920349478722,3.041311025619507,1.125483033247292,2.5176147976890206,4.405083262361586,8915354,6168803,4457677,64077074,88078274,62083839,1.0321055371591954,567644,347732,219912,568520,99,8.33,1102074.8696531623,,1,,,6.32.10,"{""events_passed"": 433248, ""intermediate"": [2774600, 2492520, 2213896, 602200, 479568, 433248]}"
r2_chain_style-jit,ok,2,ares,chain,rdf-lazy,vector,0,5,notebook,jit,default,ttree,jit,ds_x8.root,2774600,,0.23829203844070435,2.998316103592515,0.1321756700053811,2.4855137383565307,3.3687838120386004,8915354,6168803,4457677,64077074,88078274,62083839,1.0321055371591954,566520,350976,215544,567240,99,7.26,1116308.454538907,,1,,,6.32.10,"{""events_passed"": 433248, ""intermediate"": null}"
r2_chain_style-callable,ok,2,ares,chain,rdf-lazy,vector,0,5,notebook,callable,default,ttree,callable,ds_x8.root,2774600,,0.2375119850039482,2.972867462784052,0.13151079136878252,1.964632112532854,3.3418902391567826,8915354,6168803,4457677,64077074,88078274,62083839,1.0321055371591954,565712,347740,217972,566436,99,6.72,1412274.5842848483,,1,,,6.32.10,"{""events_passed"": 433248, ""intermediate"": null}"
r2_chain_order-notebook,ok,2,ares,chain,rdf-lazy,vector,0,5,notebook,jit,default,ttree,notebook,ds_x8.root,2774600,,0.24008947610855103,3.023001257330179,0.13320675026625395,2.505433718673885,3.396297483704984,8915354,6168803,4457677,64077074,88078274,62083839,1.0321055371591954,564732,347888,216844,565452,99,7.32,1107433.0082332345,,1,,,6.32.10,"{""events_passed"": 433248, ""intermediate"": null}"
r2_chain_order-selective-first,ok,2,ares,chain,rdf-lazy,vector,0,5,selective-first,jit,default,ttree,selective-first,ds_x8.root,2774600,,0.23781258147209883,3.0107807712629437,0.13192219659686089,1.7933915397152305,3.3805155493319035,8915354,6168803,4457677,64077074,88078274,62083839,1.0321055371591954,563140,347896,215244,563860,99,6.58,1547124.5060298287,,1,,,6.32.10,"{""events_passed"": 433248, ""intermediate"": null}"
r2_select_scattered,ok,2,ares,selectivity,scattered,vector,0,,notebook,jit,default,ttree,scattered,ds_x8.root,2774600,,0.2377048386260867,4.002117459662259,0.134517933242023,1.2631103256717324,4.374340231530368,8915354,5688669,4457677,55849699,79370765,51829351,1.0775689435123352,585456,359980,225476,586184,99,7.05,2196641.056294465,,,,,6.32.10,"{""events_passed"": 479568, ""xi_sum"": 287955.65846312046}"
r2_select_contiguous,ok,2,ares,selectivity,contiguous,vector,0,,notebook,jit,default,ttree,contiguous,ds_x8.root,2774600,,0.23752253875136375,3.8910087570548058,0.13447688706219196,0.5527824806049466,4.2630081828683615,8915354,768548,4457677,14535198,33136143,39538568,0.36762074944140616,581380,359984,221396,583244,99,6.26,5019334.181798907,,,,,6.32.10,"{""events_passed"": 480005, ""xi_sum"": 207343.67286666483}"
r2_filter_python_vector,ok,2,ares,filter,python,vector,0,,notebook,jit,default,ttree,,ds_x1.root,346825,,0.3022880284115672,,,3.948127736337483,0.3022880284115672,1150826,,,2350752,4066846,1533754,1.5326786433808812,704604,347836,356768,704604,99,5.56,87845.4353966104,,,,,6.32.10,"{""events_passed"": 59946}"
r2_filter_python_loop,ok,2,ares,filter,python,loop,0,,notebook,jit,default,ttree,,ds_x1.root,346825,,0.305602396838367,,,2.6268146531656384,0.305602396838367,1150826,,,2350752,4066846,1533754,1.5326786433808812,658900,347728,311172,658900,99,4.23,132032.53590124173,,,,,6.32.10,"{""events_passed"": 59946}"
r2_filter_uproot,ok,2,ares,filter,uproot,vector,0,,notebook,jit,default,ttree,,ds_x1.root,346825,,0.023664801381528378,,,0.48370868992060423,0.023664801381528378,563579,,,2093119,1128847,1533754,1.3647032053380137,458720,349880,108840,459068,99,1.99,717012.1340117494,,,,,6.32.10,"{""events_passed"": 59946}"
r2_chain_python_l1,ok,2,ares,chain,python,vector,0,1,notebook,jit,default,ttree,,ds_x1.root,346825,,0.30762718338519335,,,1.500432618893683,0.30762718338519335,1150826,,,816998,2533092,253419,3.2239019173779395,487880,349452,138428,488516,99,3.11,231150.0000951227,,1,,,6.32.10,"{""events_passed"": 311565, ""intermediate"": [346825, 311565]}"
r2_chain_uproot_l1,ok,2,ares,chain,uproot,vector,0,1,notebook,jit,default,ttree,,ds_x1.root,346825,,0.022693101316690445,,,0.45520701818168163,0.022693101316690445,563579,,,812784,1128847,253419,3.2072733299397442,439944,347652,92292,440364,99,1.97,761906.0913985637,,1,,,6.32.10,"{""events_passed"": 311565, ""intermediate"": [346825, 311565]}"
r2_chain_python_l2,ok,2,ares,chain,python,vector,0,2,notebook,jit,default,ttree,,ds_x1.root,346825,,0.30390643514692783,,,26.041143809445202,0.30390643514692783,1150826,,,2350752,4066846,1787173,1.3153466396370133,677200,351792,325408,677200,99,27.65,13318.347402014097,,1,,,6.32.10,"{""events_passed"": 276737, ""intermediate"": [346825, 311565, 276737]}"
r2_chain_uproot_l2,ok,2,ares,chain,uproot,vector,0,2,notebook,jit,default,ttree,,ds_x1.root,346825,,0.022726289927959442,,,0.5244140243157744,0.022726289927959442,563579,,,2346538,1128847,1787173,1.3129887257696933,464224,347828,116396,464636,99,2.04,661357.2176154471,,1,,,6.32.10,"{""events_passed"": 276737, ""intermediate"": [346825, 311565, 276737]}"
r2_chain_python_l3,ok,2,ares,chain,python,vector,0,3,notebook,jit,default,ttree,,ds_x1.root,346825,,0.3035795632749796,,,35.70821785368025,0.3035795632749796,1150826,,,3376656,5092750,2813077,1.2003425430587218,840204,347752,492452,840204,99,37.32,9712.750197200185,,1,,,6.32.10,"{""events_passed"": 75275, ""intermediate"": [346825, 311565, 276737, 75275]}"
r2_chain_uproot_l3,ok,2,ares,chain,uproot,vector,0,3,notebook,jit,default,ttree,,ds_x1.root,346825,,0.02283564954996109,,,0.5416309256106615,0.02283564954996109,563579,,,3372442,1128847,2813077,1.19884453927141,481084,347728,133356,481544,99,2.06,640334.5592000168,,1,,,6.32.10,"{""events_passed"": 75275, ""intermediate"": [346825, 311565, 276737, 75275]}"
r2_chain_python_l4,ok,2,ares,chain,python,vector,0,4,notebook,jit,default,ttree,,ds_x1.root,346825,,0.30712171643972397,,,53.42807466816157,0.30712171643972397,1150826,,,3376656,5092750,2813077,1.2003425430587218,843672,347916,495756,843672,99,55.04,6491.437360490872,,1,,,6.32.10,"{""events_passed"": 59946, ""intermediate"": [346825, 311565, 276737, 75275, 59946]}"
r2_chain_uproot_l4,ok,2,ares,chain,uproot,vector,0,4,notebook,jit,default,ttree,,ds_x1.root,346825,,0.022995248436927795,,,0.5548249073326588,0.022995248436927795,563579,,,3372442,1128847,2813077,1.19884453927141,481392,347904,133488,482304,99,2.08,625107.1201315997,,1,,,6.32.10,"{""events_passed"": 59946, ""intermediate"": [346825, 311565, 276737, 75275, 59946]}"
r2_chain_python_l5,ok,2,ares,chain,python,vector,0,5,notebook,jit,default,ttree,,ds_x1.root,346825,,0.3077260171994567,,,51.21360883489251,0.3077260171994567,1150826,,,8576376,10292470,7763577,1.1046938801534396,1033348,347652,685696,1033348,99,52.83,6772.125766768921,,1,,,6.32.10,"{""events_passed"": 54156, ""intermediate"": [346825, 311565, 276737, 75275, 59946, 54156]}"
r2_chain_uproot_l5,ok,2,ares,chain,uproot,vector,0,5,notebook,jit,default,ttree,,ds_x1.root,346825,,0.023130904883146286,,,0.6100439270958304,0.023130904883146286,563579,,,8322942,1128847,7763577,1.0720499068921452,496680,347880,148800,496908,99,2.23,568524.6333835203,,1,,,6.32.10,"{""events_passed"": 54156, ""intermediate"": [346825, 311565, 276737, 75275, 59946, 54156]}"
r2_chain_python_shortcircuit,ok,2,ares,chain,python,vector-shortcircuit,0,5,notebook,jit,default,ttree,,ds_x1.root,346825,,0.30823290441185236,,,34.88964818511158,0.30823290441185236,1150826,,,8576376,10292470,7763577,1.1046938801534396,1034792,347792,687000,1034792,99,36.55,9940.627608506531,,1,,,6.32.10,"{""events_passed"": 54156, ""intermediate"": [346825, 311565, 276737, 75275, 59946, 54156]}"
r2_chain_uproot_shortcircuit,ok,2,ares,chain,uproot,vector-shortcircuit,0,5,notebook,jit,default,ttree,,ds_x1.root,346825,,0.022807654924690723,,,0.6508405236527324,0.022807654924690723,563579,,,8322942,1128847,7763577,1.0720499068921452,522156,347868,174288,522156,99,2.21,532887.8387189282,,1,,,6.32.10,"{""events_passed"": 54156, ""intermediate"": [346825, 311565, 276737, 75275, 59946, 54156]}"
r2_eff_python_vector,ok,2,ares,efficiency,python,vector,0,,notebook,jit,default,ttree,,ds_x1.root,346825,514131,1.349417470395565,,,3.5996718080714345,1.349417470395565,1714405,,,13881826,16161499,13628407,1.018594909881984,665088,347796,317292,665088,99,6.22,96349.0613845198,142827.1874250257,,,,6.32.10,"{""eff_sum"": 62512.310602903366, ""eff_hits"": 64862}"
r2_eff_python_loop,ok,2,ares,efficiency,python,loop,0,,notebook,jit,default,ttree,,ds_x1.root,346825,514131,1.462122374214232,,,3.182603707537055,1.462122374214232,1714405,,,13881826,16161499,13628407,1.018594909881984,627656,349416,278240,627656,99,5.92,108975.23910333154,161544.14663139897,,,,6.32.10,"{""eff_sum"": 62512.310602903366, ""eff_hits"": 64862}"
r2_eff_uproot,ok,2,ares,efficiency,uproot,vector,0,,notebook,jit,default,ttree,,ds_x1.root,346825,514131,0.21330386586487293,,,0.580112349241972,0.21330386586487293,563579,,,14187772,1128847,13628407,1.0410440486551362,546516,347732,198784,546516,100,2.27,597858.3294308307,886261.0848946945,,,,6.32.10,"{""eff_sum"": 62512.310602903366, ""eff_hits"": 64862}"
r2_eff_correctionlib,ok,2,ares,efficiency,correctionlib,vector,0,,notebook,jit,default,ttree,,ds_x1.root,346825,514131,1.3403471065685153,,,3.419682794250548,1.3403471065685153,1714405,,,13881826,16161499,13628407,1.018594909881984,622716,347784,274932,622716,99,6.04,101420.22546158689,150344.6462532722,,,,6.32.10,"{""eff_sum"": 62512.310602903366, ""eff_hits"": 64862}"
r3_filter_rdf_t1,ok,2,ares,filter,rdf,vector,1,,notebook,jit,default,ttree,,ds_x8.root,2774600,,0.24526202492415905,2.5153831355273724,0.13565209042280912,1.1126935761421919,2.8962972508743405,8915354,1756209,4457677,23233250,42821856,12290783,1.890298608314865,608880,347772,261108,609176,99,5.43,2493588.5849361927,,,,,6.32.10,"{""events_passed"": 479568}"
r3_chain_rdf-lazy_l5_t1,ok,2,ares,chain,rdf-lazy,vector,1,5,notebook,jit,default,ttree,,ds_x8.root,2774600,,0.2495254362002015,3.022426658309996,0.13667126558721066,2.74384275265038,3.4086233600974083,8915354,6168803,4457677,72992428,96993628,62083839,1.1757073849766282,622008,349328,272680,622296,99,7.57,1011209.5517572609,,1,,,6.32.10,"{""events_passed"": 433248, ""intermediate"": null}"
r3_eff_jit_t1,ok,2,ares,efficiency,jit,vector,1,,notebook,jit,default,ttree,,ds_x8.root,2774600,4113048,0.6522946581244469,4.0550903072580695,0.001655682921409607,1.9962027659639716,4.709040648303926,13373031,10240641,0,119917419,147990457,108974952,1.100412680154243,652620,347712,304908,652620,99,8.08,1389938.9617668116,2060435.9788139048,,,,6.32.10,"{""eff_sum"": 500098.4848341942, ""eff_hits"": 518896}"
r3_filter_rdf_t2,ok,2,ares,filter,rdf,vector,2,,notebook,jit,default,ttree,,ds_x8.root,2774600,,0.24524416495114565,2.5111735593527555,0.13624834548681974,0.7304576355963945,2.892666069790721,8915354,1756209,4457677,27690927,47279533,12290783,2.2529831500564286,675664,347528,328136,675708,109,5.03,3798440.6826477083,,,,,6.32.10,"{""events_passed"": 479568}"
r3_chain_rdf-lazy_l5_t2,ok,2,ares,chain,rdf-lazy,vector,2,5,notebook,jit,default,ttree,,ds_x8.root,2774600,,0.2506519379094243,3.0300273513421416,0.13758390862494707,1.598046095110476,3.418263197876513,8915354,6168803,4457677,77450105,101451305,62083839,1.2475083088853445,686544,347816,338728,686832,120,6.42,1736245.2863465033,,1,,,6.32.10,"{""events_passed"": 433248, ""intermediate"": null}"
r3_eff_jit_t2,ok,2,ares,efficiency,jit,vector,2,,notebook,jit,default,ttree,,ds_x8.root,2774600,4113048,0.6545111713930964,4.084871863946319,0.0016512880101799965,1.322210737504065,4.741034323349595,13373031,10240641,0,124375096,152448134,108974952,1.1413181994335726,717868,347684,370184,718252,111,7.44,2098455.2018066407,3110735.5910330857,,,,6.32.10,"{""eff_sum"": 500098.4848341942, ""eff_hits"": 518896}"
r3_filter_rdf_t4,ok,2,ares,filter,rdf,vector,4,,notebook,jit,default,ttree,,ds_x8.root,2774600,,0.24557642545551062,2.528654145076871,0.13777486328035593,0.5758419195190072,2.9120054338127375,8915354,1756209,4457677,36606281,56194887,12290783,2.978352233539556,812792,347852,464940,813164,120,4.91,4818336.258530092,,,,,6.32.10,"{""events_passed"": 479568}"
r3_chain_rdf-lazy_l5_t4,ok,2,ares,chain,rdf-lazy,vector,4,5,notebook,jit,default,ttree,,ds_x8.root,2774600,,0.25310354121029377,3.0642144940793514,0.15119847655296326,1.1222404818981886,3.4685165118426085,8915354,6168803,4457677,86365459,110366659,62083839,1.3911101567027773,824280,347756,476524,824564,138,6.03,2472375.6135645406,,1,,,6.32.10,"{""events_passed"": 433248, ""intermediate"": null}"
r3_eff_jit_t4,ok,2,ares,efficiency,jit,vector,4,,notebook,jit,default,ttree,,ds_x8.root,2774600,4113048,0.6510831015184522,4.103379096835852,0.001693621277809143,1.0003768494352698,4.756155819632113,13373031,10240641,0,133290450,161363488,108974952,1.2231292379922314,848220,347844,500376,848508,123,7.17,2773554.7874446614,4111498.584080477,,,,6.32.10,"{""eff_sum"": 500098.4848341942, ""eff_hits"": 518896}"
r3_filter_rdf_t8,ok,2,ares,filter,rdf,vector,8,,notebook,jit,default,ttree,,ds_x8.root,2774600,,0.2486408082768321,2.508031852543354,0.1361526744440198,0.5319078350439668,2.892825335264206,8915354,1756209,4457677,54436989,74025595,12290783,4.42909040050581,1086360,349556,736804,1086660,139,4.86,5216317.221141621,,,,,6.32.10,"{""events_passed"": 479568}"
r3_chain_rdf-lazy_l5_t8,ok,2,ares,chain,rdf-lazy,vector,8,5,notebook,jit,default,ttree,,ds_x8.root,2774600,,0.25100737158209085,3.0578475277870893,0.1512236250564456,0.8337104311212897,3.460078524425626,8915354,6168803,4457677,104196167,128197367,62083839,1.678313852337643,1096300,349840,746460,1096300,161,5.73,3328014.0159315653,,1,,,6.32.10,"{""events_passed"": 433248, ""intermediate"": null}"
r3_eff_jit_t8,ok,2,ares,efficiency,jit,vector,8,,notebook,jit,default,ttree,,ds_x8.root,2774600,4113048,0.6511788219213486,4.09238391276449,0.0016655409708619118,0.8296621907502413,4.7452282756567,13373031,10240641,0,151121158,179194196,108974952,1.3867513151095492,1120020,347780,772240,1120024,139,6.96,3344252.6740805237,4957497.214957669,,,,6.32.10,"{""eff_sum"": 500098.4848341942, ""eff_hits"": 518896}"
r3_filter_rdf_t16,ok,2,ares,filter,rdf,vector,16,,notebook,jit,default,ttree,,ds_x8.root,2774600,,0.25106148794293404,2.514788119122386,0.15518151968717575,0.733502933755517,2.9210311267524958,8915354,1756209,4457677,90098405,109687011,12290783,7.330566734438318,1630472,349744,1280728,1630908,208,5.13,3782670.6238162075,,,,,6.32.10,"{""events_passed"": 479568}"
r3_chain_rdf-lazy_l5_t16,ok,2,ares,chain,rdf-lazy,vector,16,5,notebook,jit,default,ttree,,ds_x8.root,2774600,,0.24578654672950506,3.054623900912702,0.13154573552310467,0.871049527078867,3.431956183165312,8915354,6168803,4457677,139857583,163858783,62083839,2.252721243607374,1638540,347928,1290612,1638840,233,5.75,3185352.7425757744,,1,,,6.32.10,"{""events_passed"": 433248, ""intermediate"": null}"
r3_eff_jit_t16,ok,2,ares,efficiency,jit,vector,16,,notebook,jit,default,ttree,,ds_x8.root,2774600,4113048,0.6897936975583434,4.120064582675695,0.001983834430575371,0.8910460881888866,4.811842114664614,13373031,10240641,0,186782574,214855612,108974952,1.7139954693441848,1665872,348040,1317832,1669808,178,7.11,3113868.111625481,4615976.720530873,,,,6.32.10,"{""eff_sum"": 500098.4848341942, ""eff_hits"": 518896}"
r3_filter_rdf_t32,ok,2,ares,filter,rdf,vector,32,,notebook,jit,default,ttree,,ds_x8.root,2774600,,0.2443000776693225,2.5145618291571736,0.13532944303005934,1.1048927512019873,2.8941913498565555,8915354,1756209,4457677,161421237,181009843,12290783,13.133519402303335,2716060,347704,2368356,2716392,420,5.48,2511193.9570438643,,,,,6.32.10,"{""events_passed"": 479568}"
r3_chain_rdf-lazy_l5_t32,ok,2,ares,chain,rdf-lazy,vector,32,5,notebook,jit,default,ttree,,ds_x8.root,2774600,,0.2557237362489104,3.0233784150332212,0.13656581472605467,1.22147785872221,3.4156679660081863,8915354,6168803,4457677,211180415,235181615,62083839,3.401536026146837,2729816,347956,2381860,2729848,426,6.1,2271510.678795696,,1,,,6.32.10,"{""events_passed"": 433248, ""intermediate"": null}"
r3_eff_jit_t32,ok,2,ares,efficiency,jit,vector,32,,notebook,jit,default,ttree,,ds_x8.root,2774600,4113048,0.6493456410244107,4.0535558788105845,0.0016418443992733955,1.2801781063899398,4.704543364234269,13373031,10240641,0,258105406,286178444,108974952,2.3684837778134558,2758900,347816,2411084,2758900,351,7.41,2167354.6720965886,3212871.6929854862,,,,6.32.10,"{""eff_sum"": 500098.4848341942, ""eff_hits"": 518896}"
r3_filter_rdf_t48,ok,2,ares,filter,rdf,vector,48,,notebook,jit,default,ttree,,ds_x8.root,2774600,,0.24502129293978214,2.497900436632335,0.1363627426326275,1.6087677478790283,2.879284472204745,8915354,1756209,4457677,232744069,252332675,12290783,18.936472070168353,3806612,347608,3459004,3807032,461,5.98,1724674.0579291105,,,,,6.32.10,"{""events_passed"": 479568}"
r3_chain_rdf-lazy_l5_t48,ok,2,ares,chain,rdf-lazy,vector,48,5,notebook,jit,default,ttree,,ds_x8.root,2774600,,0.24593149311840534,3.0671313758939505,0.13165250234305859,1.652815280482173,3.4447153713554144,8915354,6168803,4457677,282503247,306504447,62083839,4.550350808686299,3816136,347832,3468304,3816148,454,6.6,1678711.488673175,,1,,,6.32.10,"{""events_passed"": 433248, ""intermediate"": null}"
r3_eff_jit_t48,ok,2,ares,efficiency,jit,vector,48,,notebook,jit,default,ttree,,ds_x8.root,2774600,4113048,0.6782093970105052,4.344758965075016,0.0017116200178861618,1.9713301872834563,5.024679982103407,13373031,10240641,0,329428238,357501276,108974952,3.0229720862827265,3847896,347788,3500108,3847896,402,8.46,1407476.0371946974,2086432.8190844,,,,6.32.10,"{""eff_sum"": 500098.4848341942, ""eff_hits"": 518896}"
r3_chain_rdf-lazy_l1,ok,2,ares,chain,rdf-lazy,vector,0,1,notebook,jit,default,ttree,,ds_x8.root,2774600,,0.23727858066558838,2.4026927277445793,0.13027206249535084,0.34862881526350975,2.7702433709055185,8915354,977524,4457677,2027113,20837034,2027113,1.0,551532,347852,203680,552264,99,4.53,7958607.775730842,,1,,,6.32.10,"{""events_passed"": 2492520, ""intermediate"": null}"
r3_chain_rdf-eager_l1,ok,2,ares,chain,rdf-eager,vector,0,1,notebook,jit,default,ttree,,ds_x8.root,2774600,,0.23781950678676367,2.3984713088721037,,1.1051581902429461,2.6362908156588674,8915354,977524,,6484790,20837034,2027113,3.1990273852518336,552932,347792,205140,553660,99,5.17,2510590.8136011385,,2,,,6.32.10,"{""events_passed"": 2492520, ""intermediate"": [2774600, 2492520]}"
r3_chain_rdf-report_l1,ok,2,ares,chain,rdf-report,vector,0,1,notebook,jit,default,ttree,,ds_x8.root,2774600,,0.24067215248942375,2.4334716591984034,1.2200470343232155,0.4281318448483944,3.8941908460110426,8915354,977524,4457677,2027113,20837034,2027113,1.0,554068,347728,206340,554924,99,5.74,6480713.904807787,,1,,,6.32.10,"{""events_passed"": 2492520, ""intermediate"": [2774600, 2492520]}"
r3_chain_rdf-lazy_l2,ok,2,ares,chain,rdf-lazy,vector,0,2,notebook,jit,default,ttree,,ds_x8.root,2774600,,0.26534657552838326,2.7341013699769974,0.13913091644644737,1.3839795840904117,3.138578861951828,8915354,1756209,4457677,14317896,33906502,14317896,1.0,557940,347560,210380,558672,99,5.98,2004798.359669114,,1,,,6.32.10,"{""events_passed"": 2213896, ""intermediate"": null}"
r3_chain_rdf-eager_l2,ok,2,ares,chain,rdf-eager,vector,0,2,notebook,jit,default,ttree,,ds_x8.root,2774600,,0.24796590488404036,2.714909610338509,,2.412402158603072,2.9628755152225494,8915354,1756209,,20795409,35926338,14317896,1.4524067642340746,560484,347740,212744,561212,99,6.78,1150139.9093452406,,3,,,6.32.10,"{""events_passed"": 2213896, ""intermediate"": [2774600, 2492520, 2213896]}"
r3_chain_rdf-report_l2,ok,2,ares,chain,rdf-report,vector,0,2,notebook,jit,default,ttree,,ds_x8.root,2774600,,0.2470445055514574,2.7243634117767215,1.1211394909769297,1.4324463019147515,4.0925474083051085,8915354,1756209,4457677,14317896,33906502,14317896,1.0,560248,347772,212476,560976,99,6.96,1936966.151046075,,1,,,6.32.10,"{""events_passed"": 2213896, ""intermediate"": [2774600, 2492520, 2213896]}"
r3_chain_rdf-lazy_l3,ok,2,ares,chain,rdf-lazy,vector,0,3,notebook,jit,default,ttree,,ds_x8.root,2774600,,0.24689917918294668,2.695169596001506,0.13243107497692108,1.9079822478815913,3.0744998501613736,8915354,2236343,4457677,22545271,42614011,22545271,1.0,557964,348120,209844,558696,99,6.4,1454206.4021196233,,1,,,6.32.10,"{""events_passed"": 602200, ""intermediate"": null}"
r3_chain_rdf-eager_l3,ok,2,ares,chain,rdf-eager,vector,0,3,notebook,jit,default,ttree,,ds_x8.root,2774600,,0.24667772371321917,2.740333428606391,,4.293339587748051,2.98701115231961,8915354,2236343,,43340680,58951743,22545271,1.9223845213481798,560216,347892,212324,560944,99,8.68,646256.8225252682,,4,,,6.32.10,"{""events_passed"": 602200, ""intermediate"": [2774600, 2492520, 2213896, 602200]}"
r3_chain_rdf-report_l3,ok,2,ares,chain,rdf-report,vector,0,3,notebook,jit,default,ttree,,ds_x8.root,2774600,,0.2462106142193079,2.7406684467568994,1.1214373977854848,1.962188659235835,4.108316458761692,8915354,2236343,4457677,22545271,42614011,22545271,1.0,561712,347772,213940,562444,99,7.47,1414033.2464670113,,1,,,6.32.10,"{""events_passed"": 602200, ""intermediate"": [2774600, 2492520, 2213896, 602200]}"
r3_chain_rdf-lazy_l4,ok,2,ares,chain,rdf-lazy,vector,0,4,notebook,jit,default,ttree,,ds_x8.root,2774600,,0.2472972134128213,2.743572003208101,0.13328234758228064,2.02946858946234,3.1241515642032027,8915354,2236343,4457677,22545271,42614011,22545271,1.0,558140,347988,210152,558868,99,6.56,1367155.9217061177,,1,,,6.32.10,"{""events_passed"": 479568, ""intermediate"": null}"
r3_chain_rdf-eager_l4,ok,2,ares,chain,rdf-eager,vector,0,4,notebook,jit,default,ttree,,ds_x8.root,2774600,,0.23671565018594265,2.7274740040302277,,6.240540592931211,2.9641896542161703,8915354,2236343,,65885951,81497014,22545271,2.92238452134818,561248,347804,213444,562036,99,10.61,444608.91787850024,,5,,,6.32.10,"{""events_passed"": 479568, ""intermediate"": [2774600, 2492520, 2213896, 602200, 479568]}"
r3_chain_rdf-report_l4,ok,2,ares,chain,rdf-report,vector,0,4,notebook,jit,default,ttree,,ds_x8.root,2774600,,0.24592575896531343,2.706512439996004,1.1082579586654902,2.0645145578309894,4.060696157626808,8915354,2236343,4457677,22545271,42614011,22545271,1.0,561120,347672,213448,561844,99,7.53,1343947.8978123735,,1,,,6.32.10,"{""events_passed"": 479568, ""intermediate"": [2774600, 2492520, 2213896, 602200, 479568]}"
r3_chain_rdf-lazy_l5,ok,2,ares,chain,rdf-lazy,vector,0,5,notebook,jit,default,ttree,,ds_x8.root,2774600,,0.23766827397048473,3.0510426750406623,0.1323826014995575,2.529781105928123,3.4210935505107045,8915354,6168803,4457677,64077074,88078274,62083839,1.0321055371591954,566664,349784,216880,567380,99,7.36,1096774.7341847816,,1,,,6.32.10,"{""events_passed"": 433248, ""intermediate"": null}"
r3_chain_rdf-eager_l5,ok,2,ares,chain,rdf-eager,vector,0,5,notebook,jit,default,ttree,,ds_x8.root,2774600,,0.23764051031321287,3.046652819029987,,8.699202133342624,3.2842933293431997,8915354,6168803,,129963025,149506548,62083839,2.0933471108318544,571160,347732,223428,571940,99,13.4,318948.7906443064,,6,,,6.32.10,"{""events_passed"": 433248, ""intermediate"": [2774600, 2492520, 2213896, 602200, 479568, 433248]}"
r3_chain_rdf-report_l5,ok,2,ares,chain,rdf-report,vector,0,5,notebook,jit,default,ttree,,ds_x8.root,2774600,,0.241030503064394,3.041365792043507,1.1238175798207521,2.5603995183482766,4.406213874928653,8915354,6168803,4457677,64077074,88078274,62083839,1.0321055371591954,571528,347760,223768,572376,99,8.36,1083659.0071653759,,1,,,6.32.10,"{""events_passed"": 433248, ""intermediate"": [2774600, 2492520, 2213896, 602200, 479568, 433248]}"
r3_chain_style-jit,ok,2,ares,chain,rdf-lazy,vector,0,5,notebook,jit,default,ttree,jit,ds_x8.root,2774600,,0.25334478728473186,3.0786404414102435,0.1416230257600546,2.4930648021399975,3.47360825445503,8915354,6168803,4457677,64077074,88078274,62083839,1.0321055371591954,566788,347836,218952,567536,99,7.43,1112927.348546391,,1,,,6.32.10,"{""events_passed"": 433248, ""intermediate"": null}"
r3_chain_style-callable,ok,2,ares,chain,rdf-lazy,vector,0,5,notebook,callable,default,ttree,callable,ds_x8.root,2774600,,0.23773471359163523,3.024832312017679,0.1323985019698739,2.0910703502595425,3.3949655275791883,8915354,6168803,4457677,64077074,88078274,62083839,1.0321055371591954,565792,349744,216048,566516,99,6.95,1326880.2743320512,,1,,,6.32.10,"{""events_passed"": 433248, ""intermediate"": null}"
r3_chain_order-notebook,ok,2,ares,chain,rdf-lazy,vector,0,5,notebook,jit,default,ttree,notebook,ds_x8.root,2774600,,0.2359046321362257,3.043119503185153,0.14385649003088474,2.504954065196216,3.4228806253522635,8915354,6168803,4457677,64077074,88078274,62083839,1.0321055371591954,569516,351768,217748,570216,99,7.35,1107645.0616601077,,1,,,6.32.10,"{""events_passed"": 433248, ""intermediate"": null}"
r3_chain_order-selective-first,ok,2,ares,chain,rdf-lazy,vector,0,5,selective-first,jit,default,ttree,selective-first,ds_x8.root,2774600,,0.2380700157955289,3.0510424096137285,0.1323513137176633,1.8190173245966434,3.4214637391269207,8915354,6168803,4457677,64077074,88078274,62083839,1.0321055371591954,564676,347948,216728,565460,99,6.65,1525329.0677785333,,1,,,6.32.10,"{""events_passed"": 433248, ""intermediate"": null}"
r3_select_scattered,ok,2,ares,selectivity,scattered,vector,0,,notebook,jit,default,ttree,scattered,ds_x8.root,2774600,,0.23642119951546192,4.0328395161777735,0.13368038646876812,1.2717556897550821,4.4029411021620035,8915354,5688669,4457677,55849699,79370765,51829351,1.0775689435123352,583020,360096,222924,583744,99,7.09,2181708.344103685,,,,,6.32.10,"{""events_passed"": 479568, ""xi_sum"": 287955.65846312046}"
r3_select_contiguous,ok,2,ares,selectivity,contiguous,vector,0,,notebook,jit,default,ttree,contiguous,ds_x8.root,2774600,,0.23563749343156815,3.9589243484660983,0.13277300726622343,0.5800601867958903,4.32733484916389,8915354,768548,4457677,14535198,33136143,39538568,0.36762074944140616,582680,359888,222792,583408,99,6.35,4783296.739130137,,,,,6.32.10,"{""events_passed"": 480005, ""xi_sum"": 207343.67286666483}"
r3_filter_python_vector,ok,2,ares,filter,python,vector,0,,notebook,jit,default,ttree,,ds_x1.root,346825,,0.30174887366592884,,,4.071715201251209,0.30174887366592884,1150826,,,2350752,4066846,1533754,1.5326786433808812,702660,347892,354768,702660,99,5.67,85179.09108510909,,,,,6.32.10,"{""events_passed"": 59946}"
r3_filter_python_loop,ok,2,ares,filter,python,loop,0,,notebook,jit,default,ttree,,ds_x1.root,346825,,0.3075564792379737,,,2.6626236867159605,0.3075564792379737,1150826,,,2350752,4066846,1533754,1.5326786433808812,658156,348000,310156,658156,99,4.26,130256.85970208155,,,,,6.32.10,"{""events_passed"": 59946}"
r3_filter_uproot,ok,2,ares,filter,uproot,vector,0,,notebook,jit,default,ttree,,ds_x1.root,346825,,0.023560896515846252,,,0.4747091569006443,0.023560896515846252,563579,,,2093119,1128847,1533754,1.3647032053380137,459892,347724,112168,460240,99,1.98,730605.2452503877,,,,,6.32.10,"{""events_passed"": 59946}"
r3_chain_python_l1,ok,2,ares,chain,python,vector,0,1,notebook,jit,default,ttree,,ds_x1.root,346825,,0.3030574154108763,,,1.4934950629249215,0.3030574154108763,1150826,,,816998,2533092,253419,3.2239019173779395,485960,347796,138164,486592,99,3.1,232223.73385069234,,1,,,6.32.10,"{""events_passed"": 311565, ""intermediate"": [346825, 311565]}"
r3_chain_uproot_l1,ok,2,ares,chain,uproot,vector,0,1,notebook,jit,default,ttree,,ds_x1.root,346825,,0.022884400561451912,,,0.4519852874800563,0.022884400561451912,563579,,,812784,1128847,253419,3.2072733299397442,442860,350796,92064,443472,99,1.97,767336.9235836101,,1,,,6.32.10,"{""events_passed"": 311565, ""intermediate"": [346825, 311565]}"
r3_chain_python_l2,ok,2,ares,chain,python,vector,0,2,notebook,jit,default,ttree,,ds_x1.root,346825,,0.30600597709417343,,,25.8152586100623,0.30600597709417343,1150826,,,2350752,4066846,1787173,1.3153466396370133,674408,347664,326744,674408,99,27.42,13434.883811886903,,1,,,6.32.10,"{""events_passed"": 276737, ""intermediate"": [346825, 311565, 276737]}"
r3_chain_uproot_l2,ok,2,ares,chain,uproot,vector,0,2,notebook,jit,default,ttree,,ds_x1.root,346825,,0.022681593894958496,,,0.5178642375394702,0.022681593894958496,563579,,,2346538,1128847,1787173,1.3129887257696933,467576,347592,119984,467988,99,2.04,669721.859242242,,1,,,6.32.10,"{""events_passed"": 276737, ""intermediate"": [346825, 311565, 276737]}"
r3_chain_python_l3,ok,2,ares,chain,python,vector,0,3,notebook,jit,default,ttree,,ds_x1.root,346825,,0.3072210755199194,,,35.78277391009033,0.3072210755199194,1150826,,,3376656,5092750,2813077,1.2003425430587218,842624,347928,494696,842624,99,37.4,9692.512963680532,,1,,,6.32.10,"{""events_passed"": 75275, ""intermediate"": [346825, 311565, 276737, 75275]}"
r3_chain_uproot_l3,ok,2,ares,chain,uproot,vector,0,3,notebook,jit,default,ttree,,ds_x1.root,346825,,0.022805828601121902,,,0.5397010715678334,0.022805828601121902,563579,,,3372442,1128847,2813077,1.19884453927141,481348,347952,133396,481808,99,2.05,642624.2567806512,,1,,,6.32.10,"{""events_passed"": 75275, ""intermediate"": [346825, 311565, 276737, 75275]}"
r3_chain_python_l4,ok,2,ares,chain,python,vector,0,4,notebook,jit,default,ttree,,ds_x1.root,346825,,0.3064119266346097,,,45.4408279620111,0.3064119266346097,1150826,,,3376656,5092750,2813077,1.2003425430587218,847144,351300,495844,847144,99,47.05,7632.453358683264,,1,,,6.32.10,"{""events_passed"": 59946, ""intermediate"": [346825, 311565, 276737, 75275, 59946]}"
r3_chain_uproot_l4,ok,2,ares,chain,uproot,vector,0,4,notebook,jit,default,ttree,,ds_x1.root,346825,,0.02282159309834242,,,0.5530050545930862,0.02282159309834242,563579,,,3372442,1128847,2813077,1.19884453927141,481180,347684,133496,481644,99,2.07,627164.2494392782,,1,,,6.32.10,"{""events_passed"": 59946, ""intermediate"": [346825, 311565, 276737, 75275, 59946]}"
r3_chain_python_l5,ok,2,ares,chain,python,vector,0,5,notebook,jit,default,ttree,,ds_x1.root,346825,,0.3315337039530277,,,53.347119704820216,0.3315337039530277,1150826,,,8576376,10292470,7763577,1.1046938801534396,1036760,348036,688724,1036760,99,54.99,6501.288202981696,,1,,,6.32.10,"{""events_passed"": 54156, ""intermediate"": [346825, 311565, 276737, 75275, 59946, 54156]}"
r3_chain_uproot_l5,ok,2,ares,chain,uproot,vector,0,5,notebook,jit,default,ttree,,ds_x1.root,346825,,0.022703049704432487,,,0.6132469475269318,0.022703049704432487,563579,,,8322942,1128847,7763577,1.0720499068921452,498440,349712,148728,498664,99,2.16,565555.1999054485,,1,,,6.32.10,"{""events_passed"": 54156, ""intermediate"": [346825, 311565, 276737, 75275, 59946, 54156]}"
r3_chain_python_shortcircuit,ok,2,ares,chain,python,vector-shortcircuit,0,5,notebook,jit,default,ttree,,ds_x1.root,346825,,0.3068625330924988,,,33.850852507166564,0.3068625330924988,1150826,,,8576376,10292470,7763577,1.1046938801534396,1037192,349692,687500,1037192,99,35.48,10245.679925684994,,1,,,6.32.10,"{""events_passed"": 54156, ""intermediate"": [346825, 311565, 276737, 75275, 59946, 54156]}"
r3_chain_uproot_shortcircuit,ok,2,ares,chain,uproot,vector-shortcircuit,0,5,notebook,jit,default,ttree,,ds_x1.root,346825,,0.02285142708569765,,,0.6680532060563564,0.02285142708569765,563579,,,8322942,1128847,7763577,1.0720499068921452,522156,347888,174268,522156,99,2.25,519157.7509931778,,1,,,6.32.10,"{""events_passed"": 54156, ""intermediate"": [346825, 311565, 276737, 75275, 59946, 54156]}"
r3_eff_python_vector,ok,2,ares,efficiency,python,vector,0,,notebook,jit,default,ttree,,ds_x1.root,346825,514131,1.3398022912442684,,,3.631342533044517,1.3398022912442684,1714405,,,13881826,16161499,13628407,1.018594909881984,664508,347704,316804,664508,99,6.24,95508.75381321354,141581.5212477223,,,,6.32.10,"{""eff_sum"": 62512.310602903366, ""eff_hits"": 64862}"
r3_eff_python_loop,ok,2,ares,efficiency,python,loop,0,,notebook,jit,default,ttree,,ds_x1.root,346825,514131,1.3396724108606577,,,3.0064765019342303,1.3396724108606577,1714405,,,13881826,16161499,13628407,1.018594909881984,625552,349308,276244,625552,99,5.6,115359.29177456354,171007.8225022652,,,,6.32.10,"{""eff_sum"": 62512.310602903366, ""eff_hits"": 64862}"
r3_eff_uproot,ok,2,ares,efficiency,uproot,vector,0,,notebook,jit,default,ttree,,ds_x1.root,346825,514131,0.21277674194425344,,,0.5679966136813164,0.21277674194425344,563579,,,14187772,1128847,13628407,1.0410440486551362,546516,347656,198860,546516,100,2.25,610611.0347245692,905165.6077098753,,,,6.32.10,"{""eff_sum"": 62512.310602903366, ""eff_hits"": 64862}"
r3_eff_correctionlib,ok,2,ares,efficiency,correctionlib,vector,0,,notebook,jit,default,ttree,,ds_x1.root,346825,514131,1.3253107657656074,,,3.1687882281839848,1.3253107657656074,1714405,,,13881826,16161499,13628407,1.018594909881984,622320,347668,274652,622320,99,5.75,109450.35610624049,162248.45681613937,,,,6.32.10,"{""eff_sum"": 62512.310602903366, ""eff_hits"": 64862}"
scale_eff_jit_x1,ok,2,ares,efficiency,jit,vector,0,,notebook,jit,default,ttree,,ds_x1.root,346825,514131,0.36781121231615543,4.074559571221471,0.0016564270481467247,0.44695744942873716,4.444027210585773,1690737,10240641,0,13881826,26378472,13628407,1.018594909881984,575348,351332,224016,575436,99,6.16,775968.7201618009,1150290.705876182,,,,6.32.10,"{""eff_sum"": 62512.31060427427, ""eff_hits"": 64862}"
scale_eff_python_x1,ok,2,ares,efficiency,python,vector,0,,notebook,jit,default,ttree,,ds_x1.root,346825,514131,1.3370289830490947,,,3.6720913173630834,1.3370289830490947,1714405,,,13881826,16161499,13628407,1.018594909881984,665780,347768,318012,665780,99,6.29,94448.90391480076,140010.40703127062,,,,6.32.10,"{""eff_sum"": 62512.310602903366, ""eff_hits"": 64862}"
scale_eff_uproot_x1,ok,2,ares,efficiency,uproot,vector,0,,notebook,jit,default,ttree,,ds_x1.root,346825,514131,0.2160792713984847,,,0.5744239501655102,0.2160792713984847,563579,,,14187772,1128847,13628407,1.0410440486551362,546460,347788,198672,546460,100,2.31,603778.7942164815,895037.5412652313,,,,6.32.10,"{""eff_sum"": 62512.310602903366, ""eff_hits"": 64862}"
scale_chain_rdf_x1,ok,2,ares,chain,rdf-lazy,vector,0,3,notebook,jit,default,ttree,,ds_x1.root,346825,,0.047324434854090214,2.7211447916924953,0.04129808768630028,0.34142009634524584,2.809767314232886,1127158,2236343,563579,2813077,7305425,2813077,1.0,510000,347796,162204,510028,99,4.51,1015830.6547054825,,1,,,6.32.10,"{""events_passed"": 75275, ""intermediate"": null}"
scale_chain_python_x1,ok,2,ares,chain,python,vector,0,3,notebook,jit,default,ttree,,ds_x1.root,346825,,0.3079911842942238,,,36.266715499572456,0.3079911842942238,1150826,,,3376656,5092750,2813077,1.2003425430587218,841756,347932,493824,841756,99,37.88,9563.17646146061,,1,,,6.32.10,"{""events_passed"": 75275, ""intermediate"": [346825, 311565, 276737, 75275]}"
scale_chain_uproot_x1,ok,2,ares,chain,uproot,vector,0,3,notebook,jit,default,ttree,,ds_x1.root,346825,,0.02279245015233755,,,0.5472355745732784,0.02279245015233755,563579,,,3372442,1128847,2813077,1.19884453927141,481092,347756,133336,481552,99,2.07,633776.4138788786,,1,,,6.32.10,"{""events_passed"": 75275, ""intermediate"": [346825, 311565, 276737, 75275]}"
scale_eff_jit_x2,ok,2,ares,efficiency,jit,vector,0,,notebook,jit,default,ttree,,ds_x2.root,693650,1028262,0.43964453134685755,4.157042856328189,0.00209032092243433,0.7687341747805476,4.598777708597481,3191904,10240641,0,27758599,42256801,27251835,1.0185955918197802,576152,349416,226736,576276,98,6.65,902327.5180890949,1337604.1208178892,,,,6.32.10,"{""eff_sum"": 125024.62120854855, ""eff_hits"": 129724}"
scale_eff_python_x2,ok,2,ares,efficiency,python,vector,0,,notebook,jit,default,ttree,,ds_x2.root,693650,1028262,1.3863762794062495,,,5.004584104754031,1.3863762794062495,3215572,,,27758599,32039828,27251835,1.0185955918197802,788728,347936,440792,788728,99,7.68,138602.925933661,205464.0262760731,,,,6.32.10,"{""eff_sum"": 125024.62120580673, ""eff_hits"": 129724}"
scale_eff_uproot_x2,ok,2,ares,efficiency,uproot,vector,0,,notebook,jit,default,ttree,,ds_x2.root,693650,1028262,0.2255506170913577,,,1.0294814947992563,0.2255506170913577,1063968,,,28311589,2129625,27251835,1.038887436387311,673832,347736,326096,673832,93,2.76,673785.7878011282,998815.4281495909,,,,6.32.10,"{""eff_sum"": 125024.62120580673, ""eff_hits"": 129724}"
scale_chain_rdf_x2,ok,2,ares,chain,rdf-lazy,vector,0,3,notebook,jit,default,ttree,,ds_x2.root,693650,,0.0715837124735117,2.738079160451889,0.05426705535501242,0.5950421951711178,2.863929928280413,2127936,2236343,1063968,5632876,12126780,5632876,1.0,516188,347900,168288,516220,99,4.78,1165715.651140547,,1,,,6.32.10,"{""events_passed"": 150550, ""intermediate"": null}"
scale_chain_python_x2,ok,2,ares,chain,python,vector,0,3,notebook,jit,default,ttree,,ds_x2.root,693650,,0.3295300370082259,,,68.71871129330248,0.3295300370082259,2151604,,,6696844,9914105,5632876,1.1888853935360906,1190512,350816,839696,1190512,99,70.36,10094.048432302385,,1,,,6.32.10,"{""events_passed"": 150550, ""intermediate"": [693650, 623130, 553474, 150550]}"
scale_chain_uproot_x2,ok,2,ares,chain,uproot,vector,0,3,notebook,jit,default,ttree,,ds_x2.root,693650,,0.035759118385612965,,,0.6689460147172213,0.035759118385612965,1063968,,,6692630,2129625,5632876,1.1881372854648318,530480,347904,182576,531112,99,2.26,1036929.7144153279,,1,,,6.32.10,"{""events_passed"": 150550, ""intermediate"": [693650, 623130, 553474, 150550]}"
scale_eff_jit_x4,ok,2,ares,efficiency,jit,vector,0,,notebook,jit,default,ttree,,ds_x4.root,1387300,2056524,0.4893709793686867,4.068207082338631,0.0016188574954867363,1.3528964705765247,4.559196919202805,6342129,10240641,0,55502907,74201409,54489311,1.018601740073388,582512,347820,234692,583356,95,7.23,1025429.5359413677,1520089.7073252255,,,,6.32.10,"{""eff_sum"": 250049.2424170971, ""eff_hits"": 259448}"
scale_eff_python_x4,ok,2,ares,efficiency,python,vector,0,,notebook,jit,default,ttree,,ds_x4.root,1387300,2056524,1.5008627623319626,,,7.599024227820337,1.5008627623319626,6365797,,,55502907,63984436,54489311,1.018601740073388,1060468,347832,712636,1060468,99,10.44,182562.91313311495,270630.0096361033,,,,6.32.10,"{""eff_sum"": 250049.24241161346, ""eff_hits"": 259448}"
scale_eff_uproot_x4,ok,2,ares,efficiency,uproot,vector,0,,notebook,jit,default,ttree,,ds_x4.root,1387300,2056524,0.2529320493340492,,,1.2090186709538102,0.2529320493340492,2114043,,,56599140,4229775,54489311,1.0387200528191667,904180,347648,556532,904180,105,2.99,1147459.5333631542,1700986.1381028814,,,,6.32.10,"{""eff_sum"": 250049.24241161346, ""eff_hits"": 259448}"
scale_chain_rdf_x4,ok,2,ares,chain,rdf-lazy,vector,0,3,notebook,jit,default,ttree,,ds_x4.root,1387300,,0.13275481760501862,2.7370305098593235,0.08501235954463482,1.038495077751577,2.954797687008977,4228086,2236343,2114043,11269143,21963347,11269143,1.0,528352,347764,180592,529080,99,5.34,1335875.373625856,,1,,,6.32.10,"{""events_passed"": 301100, ""intermediate"": null}"
scale_chain_python_x4,ok,2,ares,chain,python,vector,0,3,notebook,jit,default,ttree,,ds_x4.root,1387300,,0.40989718306809664,,,162.43087315466255,0.40989718306809664,4251754,,,13383186,19750672,11269143,1.1875957204554064,1889412,347688,1541724,1889412,99,164.18,8540.86401837567,,1,,,6.32.10,"{""events_passed"": 301100, ""intermediate"": [1387300, 1246260, 1106948, 301100]}"
scale_chain_uproot_x4,ok,2,ares,chain,uproot,vector,0,3,notebook,jit,default,ttree,,ds_x4.root,1387300,,0.06356653571128845,,,0.9652273626998067,0.06356653571128845,2114043,,,13378972,4229775,11269143,1.1872217789764492,633696,349784,283912,634176,100,2.65,1437277.944669562,,1,,,6.32.10,"{""events_passed"": 301100, ""intermediate"": [1387300, 1246260, 1106948, 301100]}"
scale_eff_jit_x8,ok,2,ares,efficiency,jit,vector,0,,notebook,jit,default,ttree,,ds_x8.root,2774600,4113048,0.6399408206343651,4.048628757707775,0.0016166698187589645,1.772248551249504,4.690186248160899,13373031,10240641,0,111002065,139075103,108974952,1.0186016415955843,599096,347952,251144,599840,99,7.89,1565581.7566016905,2320807.652572288,,,,6.32.10,"{""eff_sum"": 500098.4848341942, ""eff_hits"": 518896}"
scale_eff_python_x8,ok,2,ares,efficiency,python,vector,0,,notebook,jit,default,ttree,,ds_x8.root,2774600,4113048,1.6553363418206573,,,12.743006023578346,1.6553363418206573,13396699,,,111002065,128858130,108974952,1.0186016415955843,1587496,347712,1239784,1587496,99,15.77,217735.1242608036,322769.05405126855,,,,6.32.10,"{""eff_sum"": 500098.4848232269, ""eff_hits"": 518896}"
scale_eff_uproot_x8,ok,2,ares,efficiency,uproot,vector,0,,notebook,jit,default,ttree,,ds_x8.root,2774600,4113048,0.3044186206534505,,,1.81556714233011,0.3044186206534505,4457677,,,113428407,8917043,108974952,1.04086677643134,1434044,347824,1086220,1434044,122,3.72,1528227.701036196,2265434.256934882,,,,6.32.10,"{""eff_sum"": 500098.4848232269, ""eff_hits"": 518896}"
scale_chain_rdf_x8,ok,2,ares,chain,rdf-lazy,vector,0,3,notebook,jit,default,ttree,,ds_x8.root,2774600,,0.25153906736522913,2.7523929849267006,0.1469137743115425,1.9262212915346026,3.1508458266034722,8915354,2236343,4457677,22545271,42614011,22545271,1.0,562948,349708,213240,563744,99,6.51,1440436.7827278567,,1,,,6.32.10,"{""events_passed"": 602200, ""intermediate"": null}"
scale_chain_python_x8,ok,2,ares,chain,python,vector,0,3,notebook,jit,default,ttree,,ds_x8.root,2774600,,0.5072922483086586,,,269.7301818486303,0.5072922483086586,8939022,,,27002948,40401336,22545271,1.197721154028266,3256296,347772,2908524,3256296,99,272.26,10286.575944093182,,1,,,6.32.10,"{""events_passed"": 602200, ""intermediate"": [2774600, 2492520, 2213896, 602200]}"
scale_chain_uproot_x8,ok,2,ares,chain,uproot,vector,0,3,notebook,jit,default,ttree,,ds_x8.root,2774600,,0.11575175728648901,,,1.3324466608464718,0.11575175728648901,4457677,,,26998726,8917043,22545271,1.1975338863746636,863020,347828,515192,863020,108,3.14,2082334.7617062302,,1,,,6.32.10,"{""events_passed"": 602200, ""intermediate"": [2774600, 2492520, 2213896, 602200]}"
scale_eff_jit_x16,ok,2,ares,efficiency,jit,vector,0,,notebook,jit,default,ttree,,ds_x16.root,5549200,8226096,0.9904442708939314,4.077837914228439,0.0020569544285535812,4.3811307875439525,5.070339139550924,26870712,10240641,0,221983147,268053093,217929233,1.0186019743390737,663280,347804,315476,663280,90,10.99,1266613.6367754643,1877619.3633359945,,,,6.32.10,"{""eff_sum"": 1000196.9696683884, ""eff_hits"": 1037792}"
scale_eff_python_x16,ok,2,ares,efficiency,python,vector,0,,notebook,jit,default,ttree,,ds_x16.root,5549200,8226096,1.976473530754447,,,23.59459686372429,1.976473530754447,26894380,,,221983147,257836120,217929233,1.0186019743390737,2605412,350052,2255360,2605412,95,28.31,235189.43900803252,348643.21045668214,,,,6.32.10,"{""eff_sum"": 1000196.9696464539, ""eff_hits"": 1037792}"
scale_eff_uproot_x16,ok,2,ares,efficiency,uproot,vector,0,,notebook,jit,default,ttree,,ds_x16.root,5549200,8226096,0.4109647450968623,,,3.7491749776527286,0.4109647450968623,8956904,,,226881913,17915497,217929233,1.0410806750281179,2363156,350464,2012692,2363156,231,5.9,1480112.3001931014,2194108.316905008,,,,6.32.10,"{""eff_sum"": 1000196.9696464539, ""eff_hits"": 1037792}"
scale_chain_rdf_x16,ok,2,ares,chain,rdf-lazy,vector,0,3,notebook,jit,default,ttree,,ds_x16.root,5549200,,0.471139807254076,3.2278707521036267,0.24388160090893507,4.342711067758501,3.942892160266638,17913808,2236343,8956904,45091459,83157107,45091459,1.0,630212,349380,280832,630212,82,10.82,1277819.2961532278,,1,,,6.32.10,"{""events_passed"": 1204400, ""intermediate"": null}"
scale_chain_python_x16,ok,2,ares,chain,python,vector,0,3,notebook,jit,default,ttree,,ds_x16.root,5549200,,0.7129083927720785,,,527.9775379551575,0.7129083927720785,17937476,,,54048363,80944432,45091459,1.1986385936192483,6004120,349660,5654460,6004120,99,530.31,10510.295611233576,,1,,,6.32.10,"{""events_passed"": 1204400, ""intermediate"": [5549200, 4985040, 4427792, 1204400]}"
scale_chain_uproot_x16,ok,2,ares,chain,uproot,vector,0,3,notebook,jit,default,ttree,,ds_x16.root,5549200,,0.22080875001847744,,,3.087201839312911,0.22080875001847744,8956904,,,54044139,17915497,45091459,1.1985449173423286,1238652,347844,890808,1238652,80,7.1,1797485.3245212603,,1,,,6.32.10,"{""events_passed"": 1204400, ""intermediate"": [5549200, 4985040, 4427792, 1204400]}"
scale_eff_jit_x32,ok,2,ares,efficiency,jit,vector,0,,notebook,jit,default,ttree,,ds_x32.root,11098400,16452192,1.7466380195692182,4.682119598612189,0.001655079424381256,8.61639241501689,6.430412697605789,53932692,10240641,0,443946831,526099417,435838913,1.0186030153760044,801600,347820,453780,801600,79,17.48,1288056.4702064171,1909406.072467946,,,,6.32.10,"{""eff_sum"": 2000393.9393367767, ""eff_hits"": 2075584}"
scale_eff_python_x32,ok,2,ares,efficiency,python,vector,0,,notebook,jit,default,ttree,,ds_x32.root,11098400,16452192,2.674873978830874,,,44.60993363521993,2.674873978830874,53956360,,,443946831,515882444,435838913,1.0186030153760044,4674048,347872,4326176,4674048,98,49.28,248787.63754173613,368801.0866488008,,,,6.32.10,"{""eff_sum"": 2000393.9392929077, ""eff_hits"": 2075584}"
scale_eff_uproot_x32,ok,2,ares,efficiency,uproot,vector,0,,notebook,jit,default,ttree,,ds_x32.root,11098400,16452192,0.6343850316479802,,,6.736054276116192,0.6343850316479802,17977564,,,453812253,35956817,435838913,1.0412384930851735,4124068,347744,3776324,4124068,277,10.47,1647611.4272640639,2442407.8734540488,,,,6.32.10,"{""eff_sum"": 2000393.9392929077, ""eff_hits"": 2075584}"
scale_chain_rdf_x32,ok,2,ares,chain,rdf-lazy,vector,0,3,notebook,jit,default,ttree,,ds_x32.root,11098400,,0.932137812487781,3.521050619892776,0.4721235213801265,8.5202766507864,4.9253119537606835,35955128,2236343,17977564,90182238,164330526,90182238,1.0,764492,347936,416556,764492,74,18.43,1302586.812011045,,1,,,6.32.10,"{""events_passed"": 2408800, ""intermediate"": null}"
scale_chain_python_x32,ok,2,ares,chain,python,vector,0,3,notebook,jit,default,ttree,,ds_x32.root,11098400,,1.1952931946143508,,,1055.7710600458086,1.1952931946143508,35978796,,,108159802,162117851,90182238,1.199347059894433,11474856,347748,11127108,11474856,99,1058.82,10512.127505671973,,1,,,6.32.10,"{""events_passed"": 2408800, ""intermediate"": [11098400, 9970080, 8855584, 2408800]}"
scale_chain_uproot_x32,ok,2,ares,chain,uproot,vector,0,3,notebook,jit,default,ttree,,ds_x32.root,11098400,,0.4283580705523491,,,4.652039717882872,0.4283580705523491,17977564,,,108155578,35956817,90182238,1.1993002214028,2126880,351412,1775468,2126880,101,10.17,2385706.200516028,,1,,,6.32.10,"{""events_passed"": 2408800, ""intermediate"": [11098400, 9970080, 8855584, 2408800]}"
clusters_fine_t1,ok,2,ares,efficiency,jit,vector,1,,notebook,jit,default,ttree,fine,ds_x8.root,2774600,4113048,0.7780711287632585,4.87810808327049,0.001651829108595848,2.513274128548801,5.6578310411423445,13373031,10240641,0,119917419,147990457,108974952,1.100412680154243,650216,348740,301476,650216,67,12.38,1103978.2602632735,1636529.7972390025,,,,6.32.10,"{""eff_sum"": 500098.4848341942, ""eff_hits"": 518896}"
clusters_coarse_t1,ok,2,ares,efficiency,jit,vector,1,,notebook,jit,default,ttree,coarse,ds_x8_coarse.root,2774600,4113048,0.3772339327260852,4.087690085172653,0.00165505800396204,2.166325494647026,4.4665790759027,1857372,10240641,0,105409976,118128802,102187438,1.0315355591946633,608672,347884,260788,608672,96,7.95,1280786.293129087,1898628.8118582875,,,,6.32.10,"{""eff_sum"": 500098.4848341942, ""eff_hits"": 518896}"
clusters_fine_t2,ok,2,ares,efficiency,jit,vector,2,,notebook,jit,default,ttree,fine,ds_x8.root,2774600,4113048,0.6543362149968743,4.110847658477724,0.0017187763005495071,1.330382109619677,4.766902649775147,13373031,10240641,0,124375096,152448134,108974952,1.1413181994335726,712060,347664,364396,712404,111,7.51,2085566.22938442,3091629.0667617423,,,,6.32.10,"{""eff_sum"": 500098.4848341942, ""eff_hits"": 518896}"
clusters_coarse_t2,ok,2,ares,efficiency,jit,vector,2,,notebook,jit,default,ttree,coarse,ds_x8_coarse.root,2774600,4113048,0.3709504147991538,4.067593349143863,0.0016805483028292656,1.2340782154351473,4.440224312245846,1857372,10240641,0,106029100,118747926,102187438,1.0375942686810486,657540,347668,309872,657540,111,6.97,2248317.7851264887,3332890.8561518537,,,,6.32.10,"{""eff_sum"": 500098.4848341942, ""eff_hits"": 518896}"
clusters_fine_t4,ok,2,ares,efficiency,jit,vector,4,,notebook,jit,default,ttree,fine,ds_x8.root,2774600,4113048,0.6538037667050958,4.106773399747908,0.001701144501566887,0.9816970471292734,4.762278310954571,13373031,10240641,0,133290450,161363488,108974952,1.2231292379922314,848196,347876,500320,848608,123,7.2,2826330.1882323283,4189732.4760500975,,,,6.32.10,"{""eff_sum"": 500098.4848341942, ""eff_hits"": 518896}"
clusters_coarse_t4,ok,2,ares,efficiency,jit,vector,4,,notebook,jit,default,ttree,coarse,ds_x8_coarse.root,2774600,4113048,0.37134388741105795,4.082692474126816,0.001721852459013462,0.8274910841137171,4.455758213996887,1857372,10240641,0,107267348,119986174,102187438,1.049711687653819,779284,347860,431424,779284,121,6.59,3353027.0636954727,4970504.309910811,,,,6.32.10,"{""eff_sum"": 500098.4848341942, ""eff_hits"": 518896}"
clusters_fine_t8,ok,2,ares,efficiency,jit,vector,8,,notebook,jit,default,ttree,fine,ds_x8.root,2774600,4113048,0.6566683640703559,4.103128289803863,0.0016507552936673164,0.8365056561306119,4.761447409167886,13373031,10240641,0,151121158,179194196,108974952,1.3867513151095492,1121056,347792,773264,1121064,138,7.03,3316893.292550283,4916939.855524167,,,,6.32.10,"{""eff_sum"": 500098.4848341942, ""eff_hits"": 518896}"
clusters_coarse_t8,ok,2,ares,efficiency,jit,vector,8,,notebook,jit,default,ttree,coarse,ds_x8_coarse.root,2774600,4113048,0.3708804752677679,4.078911150805652,0.0016892971470952034,0.7073994288221002,4.451480923220515,1857372,10240641,0,109743844,122462670,102187438,1.0739465255993599,970512,347636,622876,970512,128,6.46,3922253.6617254866,5814321.912655045,,,,6.32.10,"{""eff_sum"": 500098.4848341942, ""eff_hits"": 518896}"
clusters_fine_t16,ok,2,ares,efficiency,jit,vector,16,,notebook,jit,default,ttree,fine,ds_x8.root,2774600,4113048,0.6602070042863488,4.078462080098689,0.0016799205914139748,0.9659171681851149,4.740349004976451,13373031,10240641,0,186782574,214855612,108974952,1.7139954693441848,1665880,347936,1317944,1667012,187,7.13,2872503.0379294977,4258178.791591525,,,,6.32.10,"{""eff_sum"": 500098.4848341942, ""eff_hits"": 518896}"
clusters_coarse_t16,ok,2,ares,efficiency,jit,vector,16,,notebook,jit,default,ttree,coarse,ds_x8_coarse.root,2774600,4113048,0.3714006729424,4.059279780834913,0.0017020143568515778,0.550783284008503,4.432382468134165,1857372,10240641,0,112220340,124939166,102187438,1.0981813635449007,1131424,347656,783768,1131424,136,6.28,5037553.027766119,7467634.039410141,,,,6.32.10,"{""eff_sum"": 500098.4848341942, ""eff_hits"": 518896}"
clusters_fine_t32,ok,2,ares,efficiency,jit,vector,32,,notebook,jit,default,ttree,fine,ds_x8.root,2774600,4113048,0.6517205704003572,4.050451643764973,0.0016865245997905731,1.3805676037445664,4.7038587387651205,13373031,10240641,0,258105406,286178444,108974952,2.3684837778134558,2760376,347876,2412500,2760376,345,7.54,2009753.0845098393,2979244.1810484487,,,,6.32.10,"{""eff_sum"": 500098.4848341942, ""eff_hits"": 518896}"
clusters_coarse_t32,ok,2,ares,efficiency,jit,vector,32,,notebook,jit,default,ttree,coarse,ds_x8_coarse.root,2774600,4113048,0.3728861976414919,4.090007582679391,0.0017017126083374023,0.5698316767811775,4.46459549292922,1857372,10240641,0,112220340,124939166,102187438,1.0981813635449007,1133856,347724,786132,1133856,137,6.33,4869157.1793146925,7218005.189240228,,,,6.32.10,"{""eff_sum"": 500098.4848341942, ""eff_hits"": 518896}"
clusters_fine_t48,ok,2,ares,efficiency,jit,vector,48,,notebook,jit,default,ttree,fine,ds_x8.root,2774600,4113048,0.651911105029285,4.084146775305271,0.0016828002408146858,2.1896914653480053,4.737740680575371,13373031,10240641,0,329428238,357501276,108974952,3.0229720862827265,3847828,347680,3500148,3847828,388,8.42,1267119.1553276826,1878368.7405688078,,,,6.32.10,"{""eff_sum"": 500098.4848341942, ""eff_hits"": 518896}"
clusters_coarse_t48,ok,2,ares,efficiency,jit,vector,48,,notebook,jit,default,ttree,coarse,ds_x8_coarse.root,2774600,4113048,0.37065694108605385,4.0442172372713685,0.0016958080232143402,0.5946875819936395,4.416569986380637,1857372,10240641,0,112220340,124939166,102187438,1.0981813635449007,1138228,347936,790292,1138228,139,6.31,4665643.077157236,6916317.280766746,,,,6.32.10,"{""eff_sum"": 500098.4848341942, ""eff_hits"": 518896}"
layout_default_cache-on,ok,2,ares,chain,rdf-lazy,vector,0,5,notebook,jit,default,ttree,default,ds_x8.root,2774600,,0.2552279606461525,3.061964756809175,0.14356626756489277,2.8850904116407037,3.4607589850202203,8915354,6168803,4457677,64077074,88078274,62083839,1.0321055371591954,563652,347860,215792,564372,94,7.8,961702.9639019633,,1,,,6.32.10,"{""events_passed"": 433248, ""intermediate"": null}"
layout_default_cache-off,ok,2,ares,chain,rdf-lazy,vector,0,5,notebook,jit,off,ttree,default-nocache,ds_x8.root,2774600,,0.24352318048477173,3.070386209525168,0.13231600914150476,2.513858580030501,3.4462253991514444,8915354,6168803,4457677,64077074,88078274,62083839,1.0321055371591954,566108,349392,216716,566820,98,7.5,1103721.5943811508,,1,,,6.32.10,"{""events_passed"": 433248, ""intermediate"": null}"
layout_slim_cache-on,ok,2,ares,chain,rdf-lazy,vector,0,5,notebook,jit,default,ttree,slim,ds_x8_slim.root,2774600,,0.011716095730662346,3.0553220994770527,0.0219956049695611,2.9488149182870984,3.089033800177276,44370,6168803,22185,64077074,70336306,62083839,1.0321055371591954,515252,347912,167340,515252,95,7.32,940920.3618692027,,1,,,6.32.10,"{""events_passed"": 433248, ""intermediate"": null}"
layout_slim_cache-off,ok,2,ares,chain,rdf-lazy,vector,0,5,notebook,jit,off,ttree,slim-nocache,ds_x8_slim.root,2774600,,0.015027657151222229,3.061758851632476,0.021970225498080254,2.511411995626986,3.0987567342817783,44370,6168803,22185,64077074,70336306,62083839,1.0321055371591954,515176,347664,167512,515176,99,6.89,1104796.8253840038,,1,,,6.32.10,"{""events_passed"": 433248, ""intermediate"": null}"
layout_coarse_cache-on,ok,2,ares,chain,rdf-lazy,vector,0,5,notebook,jit,default,ttree,coarse,ds_x8_coarse.root,2774600,,0.045686579309403896,3.0589840868487954,0.04253668803721666,2.7758497884497046,3.147207354195416,1238248,6168803,619124,60910284,69557272,58959603,1.0330850429912155,601104,347600,253712,601328,96,7.23,999549.763659797,,1,,,6.32.10,"{""events_passed"": 433248, ""intermediate"": null}"
layout_coarse_cache-off,ok,2,ares,chain,rdf-lazy,vector,0,5,notebook,jit,off,ttree,coarse-nocache,ds_x8_coarse.root,2774600,,0.048354702070355415,3.073317968286574,0.040764917619526386,2.5027045598253608,3.1624375879764557,1238248,6168803,619124,60910284,69557272,58959603,1.0330850429912155,539900,347888,192012,539916,97,7.18,1108640.6460192057,,1,,,6.32.10,"{""events_passed"": 433248, ""intermediate"": null}"
rntuple_filter_t1,ok,2,ares,filter,rdf,vector,1,,notebook,jit,default,rntuple,rntuple,ds_x8_rntuple.root,2774600,,0.8738155961036682,2.609189672395587,0.028142833150923252,0.5220255004242063,3.5111481016501784,,,,,,,,560852,347772,213080,561752,98,5.31,5315066.022148948,,,,,6.32.10,"{""events_passed"": 479568}"
rntuple_chain_t1,ok,2,ares,chain,rdf-lazy,vector,1,5,notebook,jit,default,rntuple,rntuple,ds_x8_rntuple.root,2774600,,0.8619331000372767,3.1090013897046447,0.046526660211384296,2.1125918021425605,4.017461149953306,,,,,,,,579176,347836,231340,580072,100,7.43,1313363.0440040713,,1,,,6.32.10,"{""events_passed"": 433248, ""intermediate"": null}"
ttree_filter_t1,ok,2,ares,filter,rdf,vector,1,,notebook,jit,default,ttree,ttree,ds_x8.root,2774600,,0.24580379202961922,2.512531748972833,0.1379428692162037,1.1145558981224895,2.896278410218656,8915354,1756209,4457677,23233250,42821856,12290783,1.890298608314865,608112,347804,260308,608412,99,5.45,2489422.024210644,,,,,6.32.10,"{""events_passed"": 479568}"
ttree_chain_t1,ok,2,ares,chain,rdf-lazy,vector,1,5,notebook,jit,default,ttree,ttree,ds_x8.root,2774600,,0.24655788950622082,3.0210355035960674,0.13267640583217144,2.747602103278041,3.4002697989344597,8915354,6168803,4457677,72992428,96993628,62083839,1.1757073849766282,617156,347904,269252,617176,99,7.59,1009825.9848795971,,1,,,6.32.10,"{""events_passed"": 433248, ""intermediate"": null}"
rntuple_filter_t8,ok,2,ares,filter,rdf,vector,8,,notebook,jit,default,rntuple,rntuple,ds_x8_rntuple.root,2774600,,1.4420002279803157,2.572208870202303,0.030824090354144573,0.6571006821468472,4.045033188536763,,,,,,,,854052,347844,506380,856176,114,6.05,4222488.387829644,,,,,6.32.10,"{""events_passed"": 479568}"
rntuple_chain_t8,ok,2,ares,chain,rdf-lazy,vector,8,5,notebook,jit,default,rntuple,rntuple,ds_x8_rntuple.root,2774600,,1.4090556204319,3.0541928438469768,0.048758833669126034,1.105589591898024,4.512007297948003,,,,,,,,891696,347876,543820,894876,127,6.97,2509611.1797115398,,1,,,6.32.10,"{""events_passed"": 433248, ""intermediate"": null}"
ttree_filter_t8,ok,2,ares,filter,rdf,vector,8,,notebook,jit,default,ttree,ttree,ds_x8.root,2774600,,0.24667062610387802,2.4991286490112543,0.13854818977415562,0.5306666307151318,2.884347464889288,8915354,1756209,4457677,54436989,74025595,12290783,4.42909040050581,1084704,347956,736828,1085088,138,4.86,5228517.942160638,,,,,6.32.10,"{""events_passed"": 479568}"
ttree_chain_t8,ok,2,ares,chain,rdf-lazy,vector,8,5,notebook,jit,default,ttree,ttree,ds_x8.root,2774600,,0.24722470622509718,3.021074265241623,0.13271642941981554,0.8501722346991301,3.4010154008865356,8915354,6168803,4457677,104196167,128197367,62083839,1.678313852337643,1093748,347688,746060,1094040,166,5.7,3263573.9991931296,,1,,,6.32.10,"{""events_passed"": 433248, ""intermediate"": null}"
cache_cold,ok,2,ares,efficiency,jit,vector,0,,notebook,jit,default,ttree,cold,ds_x8.root,2774600,4113048,0.6689341515302658,4.11927898786962,0.0017936443910002708,2.3450507344678044,4.790006783790886,13373031,10240641,0,111002065,139075103,108974952,1.0186016415955843,599344,349724,249620,600084,92,8.58,1183172.6961036,1753927.0854766527,,,,6.32.10,"{""eff_sum"": 500098.4848341942, ""eff_hits"": 518896}"
cache_warm_a1,ok,2,ares,efficiency,jit,vector,0,,notebook,jit,default,ttree,warm,ds_x8.root,2774600,4113048,0.6431685527786613,4.05913179833442,0.0016956664621829987,1.6976148923859,4.703996017575264,13373031,10240641,0,111002065,139075103,108974952,1.0186016415955843,598164,347632,250532,598908,99,7.79,1634410.7326370466,2422839.2543254304,,,,6.32.10,"{""eff_sum"": 500098.4848341942, ""eff_hits"": 518896}"
cache_warm_a2,ok,2,ares,efficiency,jit,vector,0,,notebook,jit,default,ttree,warm,ds_x8.root,2774600,4113048,0.6456009168177843,4.042041600681841,0.0017474489286541939,1.710835582576692,4.68938996642828,13373031,10240641,0,111002065,139075103,108974952,1.0186016415955843,598376,347720,250656,599120,99,7.82,1621780.62477586,2404116.4691029703,,,,6.32.10,"{""eff_sum"": 500098.4848341942, ""eff_hits"": 518896}"
