Warning in <TClass::Init>: no dictionary for class edm::Hash<1> is available
Warning in <TClass::Init>: no dictionary for class edm::Hash<1> is available
Warning in <TClass::Init>: no dictionary for class edm::ParameterSetBlob is available
Warning in <TClass::Init>: no dictionary for class edm::ParameterSetBlob is available
Warning in <TClass::Init>: no dictionary for class edm::ProcessHistory is available
Warning in <TClass::Init>: no dictionary for class edm::ProcessHistory is available
Warning in <TClass::Init>: no dictionary for class edm::ProcessConfiguration is available
Warning in <TClass::Init>: no dictionary for class edm::ProcessConfiguration is available
Warning in <TClass::Init>: no dictionary for class edm::Hash<1> is available
Warning in <TClass::Init>: no dictionary for class edm::ParameterSetBlob is available
Warning in <TClass::Init>: no dictionary for class edm::ProcessHistory is available
Warning in <TClass::Init>: no dictionary for class edm::ProcessConfiguration is available
Warning in <TClass::Init>: no dictionary for class edm::Hash<1> is available
Warning in <TClass::Init>: no dictionary for class edm::ParameterSetBlob is available
Warning in <TClass::Init>: no dictionary for class edm::Hash<1> is available
Warning in <TClass::Init>: no dictionary for class edm::Hash<1> is available
Warning in <TClass::Init>: no dictionary for class edm::ProcessHistory is available
Warning in <TClass::Init>: no dictionary for class edm::Hash<1> is available
Warning in <TClass::Init>: no dictionary for class edm::ParameterSetBlob is available
Warning in <TClass::Init>: no dictionary for class edm::ProcessConfiguration is available
Warning in <TClass::Init>: no dictionary for class edm::ParameterSetBlob is available
Warning in <TClass::Init>: no dictionary for class edm::ParameterSetBlob is available
Warning in <TClass::Init>: no dictionary for class edm::ProcessHistory is available
Warning in <TClass::Init>: no dictionary for class edm::ProcessHistory is available
Warning in <TClass::Init>: no dictionary for class edm::ProcessHistory is available
Warning in <TClass::Init>: no dictionary for class edm::ProcessConfiguration is available
Warning in <TClass::Init>: no dictionary for class edm::ProcessConfiguration is available
Warning in <TClass::Init>: no dictionary for class edm::ProcessConfiguration is available
Warning in <TClass::Init>: no dictionary for class edm::Hash<1> is available
Warning in <TClass::Init>: no dictionary for class edm::Hash<1> is available
Warning in <TClass::Init>: no dictionary for class edm::ParameterSetBlob is available
Warning in <TClass::Init>: no dictionary for class edm::ParameterSetBlob is available
Warning in <TClass::Init>: no dictionary for class edm::ProcessHistory is available
Warning in <TClass::Init>: no dictionary for class edm::ProcessHistory is available
Warning in <TClass::Init>: no dictionary for class edm::ProcessConfiguration is available
Warning in <TClass::Init>: no dictionary for class edm::ProcessConfiguration is available
Warning in <TClass::Init>: no dictionary for class edm::Hash<1> is available
Warning in <TClass::Init>: no dictionary for class edm::ParameterSetBlob is available
Warning in <TClass::Init>: no dictionary for class edm::ProcessHistory is available
Warning in <TClass::Init>: no dictionary for class edm::ProcessConfiguration is available
Warning in <TClass::Init>: no dictionary for class pair<edm::Hash<1>,edm::ParameterSetBlob> is available
Warning in <TClass::Init>: no dictionary for class pair<edm::Hash<1>,edm::ParameterSetBlob> is available
Warning in <TClass::Init>: no dictionary for class pair<edm::Hash<1>,edm::ParameterSetBlob> is available
Warning in <TClass::Init>: no dictionary for class pair<edm::Hash<1>,edm::ParameterSetBlob> is available
Warning in <TClass::Init>: no dictionary for class pair<edm::Hash<1>,edm::ParameterSetBlob> is available
Warning in <TClass::Init>: no dictionary for class pair<edm::Hash<1>,edm::ParameterSetBlob> is available
Warning in <TClass::Init>: no dictionary for class pair<edm::Hash<1>,edm::ParameterSetBlob> is available
Warning in <TClass::Init>: no dictionary for class pair<edm::Hash<1>,edm::ParameterSetBlob> is available
Warning in <TClass::Init>: no dictionary for class pair<edm::Hash<1>,edm::ParameterSetBlob> is available
Warning in <TClass::Init>: no dictionary for class pair<edm::Hash<1>,edm::ParameterSetBlob> is available
Warning in <TClass::Init>: no dictionary for class edm::Hash<1> is available
Warning in <TClass::Init>: no dictionary for class edm::ParameterSetBlob is available
Warning in <TClass::Init>: no dictionary for class edm::ProcessHistory is available
Warning in <TClass::Init>: no dictionary for class edm::ProcessConfiguration is available
Warning in <TClass::Init>: no dictionary for class pair<edm::Hash<1>,edm::ParameterSetBlob> is available
Warning in <TClass::Init>: no dictionary for class edm::Hash<1> is available
Warning in <TClass::Init>: no dictionary for class edm::ParameterSetBlob is available
Warning in <TClass::Init>: no dictionary for class edm::ProcessHistory is available
Warning in <TClass::Init>: no dictionary for class edm::ProcessConfiguration is available
Warning in <TClass::Init>: no dictionary for class pair<edm::Hash<1>,edm::ParameterSetBlob> is available
Warning in <TClass::Init>: no dictionary for class edm::Hash<1> is available
Warning in <TClass::Init>: no dictionary for class edm::ParameterSetBlob is available
Warning in <TClass::Init>: no dictionary for class edm::ProcessHistory is available
Warning in <TClass::Init>: no dictionary for class edm::ProcessConfiguration is available
Warning in <TClass::Init>: no dictionary for class pair<edm::Hash<1>,edm::ParameterSetBlob> is available
Warning in <TClass::Init>: no dictionary for class edm::Hash<1> is available
Warning in <TClass::Init>: no dictionary for class edm::ParameterSetBlob is available
Warning in <TClass::Init>: no dictionary for class edm::ProcessHistory is available
Warning in <TClass::Init>: no dictionary for class edm::ProcessConfiguration is available
Warning in <TClass::Init>: no dictionary for class edm::Hash<1> is available
Warning in <TClass::Init>: no dictionary for class edm::ParameterSetBlob is available
Warning in <TClass::Init>: no dictionary for class edm::ProcessHistory is available
Warning in <TClass::Init>: no dictionary for class edm::ProcessConfiguration is available
Warning in <TClass::Init>: no dictionary for class pair<edm::Hash<1>,edm::ParameterSetBlob> is available
Warning in <TClass::Init>: no dictionary for class pair<edm::Hash<1>,edm::ParameterSetBlob> is available
Warning in <TClass::Init>: no dictionary for class edm::Hash<1> is available
Warning in <TClass::Init>: no dictionary for class edm::ParameterSetBlob is available
Warning in <TClass::Init>: no dictionary for class edm::ProcessHistory is available
Warning in <TClass::Init>: no dictionary for class edm::ProcessConfiguration is available
Warning in <TClass::Init>: no dictionary for class pair<edm::Hash<1>,edm::ParameterSetBlob> is available
[1/1254] root://eospublic.cern.ch//eos/opendata/cms/Run2016H/BTagCSV/NANOAOD/UL2016_MiniAODv2_NanoAODv9-v1/260000/0169B058-4690-FA49-9D48-D2DFEDE5CA71.root
[2/1254] root://eospublic.cern.ch//eos/opendata/cms/Run2016H/BTagCSV/NANOAOD/UL2016_MiniAODv2_NanoAODv9-v1/260000/08DF3842-1701-0B46-AD1D-8FCFA8B48EB4.root
[3/1254] root://eospublic.cern.ch//eos/opendata/cms/Run2016H/BTagCSV/NANOAOD/UL2016_MiniAODv2_NanoAODv9-v1/260000/16C17CDF-D9B3-234D-ACF6-F59FB1FD6BBC.root
[4/1254] root://eospublic.cern.ch//eos/opendata/cms/Run2016H/BTagCSV/NANOAOD/UL2016_MiniAODv2_NanoAODv9-v1/260000/1A581448-2E02-014E-AD96-796EEAFA6EDE.root
[5/1254] root://eospublic.cern.ch//eos/opendata/cms/Run2016H/BTagCSV/NANOAOD/UL2016_MiniAODv2_NanoAODv9-v1/260000/1EFE0EF7-50A5-A949-BAD6-91DFE9F03682.root
[6/1254] root://eospublic.cern.ch//eos/opendata/cms/Run2016H/BTagCSV/NANOAOD/UL2016_MiniAODv2_NanoAODv9-v1/260000/22C65FAF-D23C-1C4D-BBEB-A6405361C3D2.root
[7/1254] root://eospublic.cern.ch//eos/opendata/cms/Run2016H/BTagCSV/NANOAOD/UL2016_MiniAODv2_NanoAODv9-v1/260000/27E5E950-9C7C-F24E-8B40-B524BD1C87F7.root
[8/1254] root://eospublic.cern.ch//eos/opendata/cms/Run2016H/BTagCSV/NANOAOD/UL2016_MiniAODv2_NanoAODv9-v1/260000/286F4DB6-70B4-B646-A51D-75E70EA443A5.root
[9/1254] root://eospublic.cern.ch//eos/opendata/cms/Run2016H/BTagCSV/NANOAOD/UL2016_MiniAODv2_NanoAODv9-v1/260000/297B521B-EBCF-4646-BCF0-5099C48E1B88.root
[10/1254] root://eospublic.cern.ch//eos/opendata/cms/Run2016H/BTagCSV/NANOAOD/UL2016_MiniAODv2_NanoAODv9-v1/260000/2EB0ADF0-CCD4-214E-8FF4-E091CE2E7BC2.root
[11/1254] root://eospublic.cern.ch//eos/opendata/cms/Run2016H/BTagCSV/NANOAOD/UL2016_MiniAODv2_NanoAODv9-v1/260000/2F385400-3EED-8E4E-86AB-3BD3089E3C90.root
[12/1254] root://eospublic.cern.ch//eos/opendata/cms/Run2016H/BTagCSV/NANOAOD/UL2016_MiniAODv2_NanoAODv9-v1/260000/2F3A95E0-9655-AF44-81B7-692968F38A78.root
[13/1254] root://eospublic.cern.ch//eos/opendata/cms/Run2016H/BTagCSV/NANOAOD/UL2016_MiniAODv2_NanoAODv9-v1/260000/34F42348-4E18-834E-A7E5-2D610F51499C.root
[14/1254] root://eospublic.cern.ch//eos/opendata/cms/Run2016H/BTagCSV/NANOAOD/UL2016_MiniAODv2_NanoAODv9-v1/260000/402904F7-1A02-774F-A59C-4C11937F6F1A.root
[15/1254] root://eospublic.cern.ch//eos/opendata/cms/Run2016H/BTagCSV/NANOAOD/UL2016_MiniAODv2_NanoAODv9-v1/260000/44E91520-62A3-704F-A218-B457B579A16B.root
[16/1254] root://eospublic.cern.ch//eos/opendata/cms/Run2016H/BTagCSV/NANOAOD/UL2016_MiniAODv2_NanoAODv9-v1/260000/48C3740A-5436-0847-8C9A-B2A874682810.root
[17/1254] root://eospublic.cern.ch//eos/opendata/cms/Run2016H/BTagCSV/NANOAOD/UL2016_MiniAODv2_NanoAODv9-v1/260000/51C6C66A-BD03-5542-AB83-0064E186934E.root
[18/1254] root://eospublic.cern.ch//eos/opendata/cms/Run2016H/BTagCSV/NANOAOD/UL2016_MiniAODv2_NanoAODv9-v1/260000/5436879F-A179-974C-812F-B33E999DB18A.root
[19/1254] root://eospublic.cern.ch//eos/opendata/cms/Run2016H/BTagCSV/NANOAOD/UL2016_MiniAODv2_NanoAODv9-v1/260000/5E00D8A4-3C17-B945-BB74-57FC0C656672.root
[20/1254] root://eospublic.cern.ch//eos/opendata/cms/Run2016H/BTagCSV/NANOAOD/UL2016_MiniAODv2_NanoAODv9-v1/260000/66FCE2E4-2E95-E64D-83E9-EAE93F23CD1F.root
[21/1254] root://eospublic.cern.ch//eos/opendata/cms/Run2016H/BTagCSV/NANOAOD/UL2016_MiniAODv2_NanoAODv9-v1/260000/6B130C11-84F0-624C-86AA-85873E08A295.root
[22/1254] root://eospublic.cern.ch//eos/opendata/cms/Run2016H/BTagCSV/NANOAOD/UL2016_MiniAODv2_NanoAODv9-v1/260000/715A31D5-BF4C-D54A-938E-27D1FF650D83.root
[23/1254] root://eospublic.cern.ch//eos/opendata/cms/Run2016H/BTagCSV/NANOAOD/UL2016_MiniAODv2_NanoAODv9-v1/260000/7326DB98-6192-F843-8682-739751DE9E70.root
[24/1254] root://eospublic.cern.ch//eos/opendata/cms/Run2016H/BTagCSV/NANOAOD/UL2016_MiniAODv2_NanoAODv9-v1/260000/79B0AD9F-8215-624F-99E0-2325ED396863.root
[25/1254] root://eospublic.cern.ch//eos/opendata/cms/Run2016H/BTagCSV/NANOAOD/UL2016_MiniAODv2_NanoAODv9-v1/260000/7D0DFAED-E1BD-EE4F-9583-EE38C90AC21D.root
[26/1254] root://eospublic.cern.ch//eos/opendata/cms/Run2016H/BTagCSV/NANOAOD/UL2016_MiniAODv2_NanoAODv9-v1/260000/7E42E7FE-031C-7742-AC32-90E4F3997F6F.root
[27/1254] root://eospublic.cern.ch//eos/opendata/cms/Run2016H/BTagCSV/NANOAOD/UL2016_MiniAODv2_NanoAODv9-v1/260000/87CEDAFC-1DE4-DD4D-BD3F-09417D3B0B25.root
[28/1254] root://eospublic.cern.ch//eos/opendata/cms/Run2016H/BTagCSV/NANOAOD/UL2016_MiniAODv2_NanoAODv9-v1/260000/9349BBE1-3F49-CD49-BAD0-1D095892CD30.root
[29/1254] root://eospublic.cern.ch//eos/opendata/cms/Run2016H/BTagCSV/NANOAOD/UL2016_MiniAODv2_NanoAODv9-v1/260000/97806115-446B-3740-ABA3-06BC2BEE91A4.root
[30/1254] root://eospublic.cern.ch//eos/opendata/cms/Run2016H/BTagCSV/NANOAOD/UL2016_MiniAODv2_NanoAODv9-v1/260000/9858C6C0-7FC7-9D47-9377-376A1D140C9B.root
[31/1254] root://eospublic.cern.ch//eos/opendata/cms/Run2016H/BTagCSV/NANOAOD/UL2016_MiniAODv2_NanoAODv9-v1/260000/98B0DF83-43F8-8F4B-9B8C-AAC6C745F395.root
[32/1254] root://eospublic.cern.ch//eos/opendata/cms/Run2016H/BTagCSV/NANOAOD/UL2016_MiniAODv2_NanoAODv9-v1/260000/9C0FDC47-A842-0B45-B056-A5BB8F4C222E.root
[33/1254] root://eospublic.cern.ch//eos/opendata/cms/Run2016H/BTagCSV/NANOAOD/UL2016_MiniAODv2_NanoAODv9-v1/260000/A07A48E1-A7CC-584F-821C-88C0C4E37F28.root
[34/1254] root://eospublic.cern.ch//eos/opendata/cms/Run2016H/BTagCSV/NANOAOD/UL2016_MiniAODv2_NanoAODv9-v1/260000/A2B3DA83-6E8F-B449-9423-B9B489E3CB96.root
[35/1254] root://eospublic.cern.ch//eos/opendata/cms/Run2016H/BTagCSV/NANOAOD/UL2016_MiniAODv2_NanoAODv9-v1/260000/A5F0C64C-9863-BC49-809E-7C10726850A8.root
[36/1254] root://eospublic.cern.ch//eos/opendata/cms/Run2016H/BTagCSV/NANOAOD/UL2016_MiniAODv2_NanoAODv9-v1/260000/AB18130D-E06A-894B-A290-157160E96518.root
[37/1254] root://eospublic.cern.ch//eos/opendata/cms/Run2016H/BTagCSV/NANOAOD/UL2016_MiniAODv2_NanoAODv9-v1/260000/AC533038-D844-2C47-89A7-AD6AD2214573.root
[38/1254] root://eospublic.cern.ch//eos/opendata/cms/Run2016H/BTagCSV/NANOAOD/UL2016_MiniAODv2_NanoAODv9-v1/260000/AEC74BB0-4AFE-7243-B0AF-CA8569DB6831.root
[39/1254] root://eospublic.cern.ch//eos/opendata/cms/Run2016H/BTagCSV/NANOAOD/UL2016_MiniAODv2_NanoAODv9-v1/260000/B52C28BE-59A6-654F-84DE-5A282D8B6008.root
[40/1254] root://eospublic.cern.ch//eos/opendata/cms/Run2016H/BTagCSV/NANOAOD/UL2016_MiniAODv2_NanoAODv9-v1/260000/B5B0A5CA-FE98-DE4B-89EE-300595F416F8.root
[41/1254] root://eospublic.cern.ch//eos/opendata/cms/Run2016H/BTagCSV/NANOAOD/UL2016_MiniAODv2_NanoAODv9-v1/260000/BBB2B28B-10E1-754E-AE9F-FBE630AD1093.root
[42/1254] root://eospublic.cern.ch//eos/opendata/cms/Run2016H/BTagCSV/NANOAOD/UL2016_MiniAODv2_NanoAODv9-v1/260000/C62E227E-8FBE-3545-BFBD-23E7724ED8A6.root
[43/1254] root://eospublic.cern.ch//eos/opendata/cms/Run2016H/BTagCSV/NANOAOD/UL2016_MiniAODv2_NanoAODv9-v1/260000/C9FB9C4F-D21F-364C-B6B4-4B7F32796942.root
[44/1254] root://eospublic.cern.ch//eos/opendata/cms/Run2016H/BTagCSV/NANOAOD/UL2016_MiniAODv2_NanoAODv9-v1/260000/CA629D99-F557-294C-B36A-D983FF467129.root
[45/1254] root://eospublic.cern.ch//eos/opendata/cms/Run2016H/BTagCSV/NANOAOD/UL2016_MiniAODv2_NanoAODv9-v1/260000/D0EF4579-C811-5B47-A066-4C6013CEA1AA.root
[46/1254] root://eospublic.cern.ch//eos/opendata/cms/Run2016H/BTagCSV/NANOAOD/UL2016_MiniAODv2_NanoAODv9-v1/260000/D2BFD39E-6E93-8747-BDB0-E463F1E07517.root
[47/1254] root://eospublic.cern.ch//eos/opendata/cms/Run2016H/BTagCSV/NANOAOD/UL2016_MiniAODv2_NanoAODv9-v1/260000/D8EC9394-9422-954C-880E-A8746703A298.root
[48/1254] root://eospublic.cern.ch//eos/opendata/cms/Run2016H/BTagCSV/NANOAOD/UL2016_MiniAODv2_NanoAODv9-v1/260000/D984A441-6742-EE49-8097-9193746FECCB.root
[49/1254] root://eospublic.cern.ch//eos/opendata/cms/Run2016H/BTagCSV/NANOAOD/UL2016_MiniAODv2_NanoAODv9-v1/260000/E0C46BAD-C249-ED43-BEAC-9FB5D25DA780.root
[50/1254] root://eospublic.cern.ch//eos/opendata/cms/Run2016H/BTagCSV/NANOAOD/UL2016_MiniAODv2_NanoAODv9-v1/260000/E4A32215-170E-1740-9B30-B0E8E689ECCF.root
[51/1254] root://eospublic.cern.ch//eos/opendata/cms/Run2016H/BTagCSV/NANOAOD/UL2016_MiniAODv2_NanoAODv9-v1/260000/EA22A0D6-BAC9-DC4D-9992-20E9643CD3B6.root
[52/1254] root://eospublic.cern.ch//eos/opendata/cms/Run2016H/BTagCSV/NANOAOD/UL2016_MiniAODv2_NanoAODv9-v1/260000/EB367510-C2A2-6045-90AF-5BF6F1C03145.root
[53/1254] root://eospublic.cern.ch//eos/opendata/cms/Run2016H/BTagCSV/NANOAOD/UL2016_MiniAODv2_NanoAODv9-v1/260000/ECE2E8CF-FBA3-4047-B29C-ADAC988FB7A6.root
[54/1254] root://eospublic.cern.ch//eos/opendata/cms/Run2016H/BTagCSV/NANOAOD/UL2016_MiniAODv2_NanoAODv9-v1/260000/F1101C1F-7AAE-EC4C-A1C1-7CFC1673A588.root
[55/1254] root://eospublic.cern.ch//eos/opendata/cms/Run2016H/BTagCSV/NANOAOD/UL2016_MiniAODv2_NanoAODv9-v1/260000/FFBBB831-EAA0-8541-9A74-C584FDF2281F.root
[56/1254] root://eospublic.cern.ch//eos/opendata/cms/Run2016H/BTagMu/NANOAOD/UL2016_MiniAODv2_NanoAODv9-v1/120000/185EDC51-E8ED-B84C-99A3-3C196B926007.root
[57/1254] root://eospublic.cern.ch//eos/opendata/cms/Run2016H/BTagMu/NANOAOD/UL2016_MiniAODv2_NanoAODv9-v1/120000/1FD9EC58-1482-864F-8F15-F71E6B93DF55.root
[58/1254] root://eospublic.cern.ch//eos/opendata/cms/Run2016H/BTagMu/NANOAOD/UL2016_MiniAODv2_NanoAODv9-v1/120000/2B19BB56-3B58-5C45-AD44-E140B792899E.root
[59/1254] root://eospublic.cern.ch//eos/opendata/cms/Run2016H/BTagMu/NANOAOD/UL2016_MiniAODv2_NanoAODv9-v1/120000/35819ECF-AE4C-F64C-AEBA-4569178BFADA.root
[60/1254] root://eospublic.cern.ch//eos/opendata/cms/Run2016H/BTagMu/NANOAOD/UL2016_MiniAODv2_NanoAODv9-v1/120000/54BE7F43-96F5-C146-BFDC-2D35C07C6585.root
[61/1254] root://eospublic.cern.ch//eos/opendata/cms/Run2016H/BTagMu/NANOAOD/UL2016_MiniAODv2_NanoAODv9-v1/120000/55A7B188-94E9-1F41-BF45-E1BC52FCF6B4.root
[62/1254] root://eospublic.cern.ch//eos/opendata/cms/Run2016H/BTagMu/NANOAOD/UL2016_MiniAODv2_NanoAODv9-v1/120000/56A41178-C892-6349-9E81-472226FB8959.root
[63/1254] root://eospublic.cern.ch//eos/opendata/cms/Run2016H/BTagMu/NANOAOD/UL2016_MiniAODv2_NanoAODv9-v1/120000/604528D4-EB12-D648-9517-2F3607B3D771.root
[64/1254] root://eospublic.cern.ch//eos/opendata/cms/Run2016H/BTagMu/NANOAOD/UL2016_MiniAODv2_NanoAODv9-v1/120000/67499292-A810-404E-8AC3-95341AF26253.root
[65/1254] root://eospublic.cern.ch//eos/opendata/cms/Run2016H/BTagMu/NANOAOD/UL2016_MiniAODv2_NanoAODv9-v1/120000/8214B385-C817-314D-967C-0AB0C71053B6.root
[66/1254] root://eospublic.cern.ch//eos/opendata/cms/Run2016H/BTagMu/NANOAOD/UL2016_MiniAODv2_NanoAODv9-v1/120000/87537CF0-8DA3-714E-ACB7-99D9011DC686.root
[67/1254] root://eospublic.cern.ch//eos/opendata/cms/Run2016H/BTagMu/NANOAOD/UL2016_MiniAODv2_NanoAODv9-v1/120000/95C19E35-5B36-3443-87A2-764DA109E780.root
[68/1254] root://eospublic.cern.ch//eos/opendata/cms/Run2016H/BTagMu/NANOAOD/UL2016_MiniAODv2_NanoAODv9-v1/120000/9A63A181-5F21-B840-A58A-31818172D704.root
[69/1254] root://eospublic.cern.ch//eos/opendata/cms/Run2016H/BTagMu/NANOAOD/UL2016_MiniAODv2_NanoAODv9-v1/120000/A1ABDA1A-DEF7-C94D-B880-A6FA2707EA71.root
[70/1254] root://eospublic.cern.ch//eos/opendata/cms/Run2016H/BTagMu/NANOAOD/UL2016_MiniAODv2_NanoAODv9-v1/120000/B44D4952-4039-B840-9C72-FC7C5EFA40BB.root
[71/1254] root://eospublic.cern.ch//eos/opendata/cms/Run2016H/BTagMu/NANOAOD/UL2016_MiniAODv2_NanoAODv9-v1/120000/CABBD699-971F-2644-AAC3-EDA751195275.root
[72/1254] root://eospublic.cern.ch//eos/opendata/cms/Run2016H/Charmonium/NANOAOD/UL2016_MiniAODv2_NanoAODv9-v1/2430000/064283AD-20D6-D541-8E78-31C35DA1EE61.root
[73/1254] root://eospublic.cern.ch//eos/opendata/cms/Run2016H/Charmonium/NANOAOD/UL2016_MiniAODv2_NanoAODv9-v1/2430000/08568327-609E-8849-A030-E9AF131236D7.root
[74/1254] root://eospublic.cern.ch//eos/opendata/cms/Run2016H/Charmonium/NANOAOD/UL2016_MiniAODv2_NanoAODv9-v1/2430000/1A78CFCD-A218-0347-BC2D-731107F82743.root
[75/1254] root://eospublic.cern.ch//eos/opendata/cms/Run2016H/Charmonium/NANOAOD/UL2016_MiniAODv2_NanoAODv9-v1/2430000/26C6B2F5-E820-6146-A13A-910295B12866.root
[76/1254] root://eospublic.cern.ch//eos/opendata/cms/Run2016H/Charmonium/NANOAOD/UL2016_MiniAODv2_NanoAODv9-v1/2430000/2D2FC16E-3CAC-BF47-8B7F-B56CEC648132.root
[77/1254] root://eospublic.cern.ch//eos/opendata/cms/Run2016H/Charmonium/NANOAOD/UL2016_MiniAODv2_NanoAODv9-v1/2430000/2F9F9957-06CB-C04F-9E73-55AC822E1455.root
[78/1254] root://eospublic.cern.ch//eos/opendata/cms/Run2016H/Charmonium/NANOAOD/UL2016_MiniAODv2_NanoAODv9-v1/2430000/340C0ED9-37F0-D248-9C87-6FF78338DE52.root
[79/1254] root://eospublic.cern.ch//eos/opendata/cms/Run2016H/Charmonium/NANOAOD/UL2016_MiniAODv2_NanoAODv9-v1/2430000/3691A113-96D3-194D-A4FD-BDA0D6DC3705.root
[80/1254] root://eospublic.cern.ch//eos/opendata/cms/Run2016H/Charmonium/NANOAOD/UL2016_MiniAODv2_NanoAODv9-v1/2430000/369544AF-768A-FB40-8F02-3358DFB4E979.root
[81/1254] root://eospublic.cern.ch//eos/opendata/cms/Run2016H/Charmonium/NANOAOD/UL2016_MiniAODv2_NanoAODv9-v1/2430000/3924DB34-40D8-6445-B37F-25CF9295D12E.root
[82/1254] root://eospublic.cern.ch//eos/opendata/cms/Run2016H/Charmonium/NANOAOD/UL2016_MiniAODv2_NanoAODv9-v1/2430000/552A6EC6-C7B3-E34D-8278-9E1E8379EBB5.root
[83/1254] root://eospublic.cern.ch//eos/opendata/cms/Run2016H/Charmonium/NANOAOD/UL2016_MiniAODv2_NanoAODv9-v1/2430000/5BBBE83E-DEA6-934C-9BB4-A88DC319F3A1.root
[84/1254] root://eospublic.cern.ch//eos/opendata/cms/Run2016H/Charmonium/NANOAOD/UL2016_MiniAODv2_NanoAODv9-v1/2430000/7381A12F-FA0E-7249-94DD-1116CA47ED3A.root
[85/1254] root://eospublic.cern.ch//eos/opendata/cms/Run2016H/Charmonium/NANOAOD/UL2016_MiniAODv2_NanoAODv9-v1/2430000/761983B2-296A-F840-B0BB-8DD7E978BFF2.root
[86/1254] root://eospublic.cern.ch//eos/opendata/cms/Run2016H/Charmonium/NANOAOD/UL2016_MiniAODv2_NanoAODv9-v1/2430000/7AE74CD5-5C2D-EF44-86E5-16A78760C979.root
[87/1254] root://eospublic.cern.ch//eos/opendata/cms/Run2016H/Charmonium/NANOAOD/UL2016_MiniAODv2_NanoAODv9-v1/2430000/84FF2BFC-8DBA-4E42-81A1-9F047363DE2C.root
[88/1254] root://eospublic.cern.ch//eos/opendata/cms/Run2016H/Charmonium/NANOAOD/UL2016_MiniAODv2_NanoAODv9-v1/2430000/87511DBC-0373-AA48-87E1-DBF91FB2B784.root
[89/1254] root://eospublic.cern.ch//eos/opendata/cms/Run2016H/Charmonium/NANOAOD/UL2016_MiniAODv2_NanoAODv9-v1/2430000/94E5490F-87DC-5346-820C-3945F337DDD6.root
[90/1254] root://eospublic.cern.ch//eos/opendata/cms/Run2016H/Charmonium/NANOAOD/UL2016_MiniAODv2_NanoAODv9-v1/2430000/95883877-50B4-3147-8BCB-55906092A9A0.root
[91/1254] root://eospublic.cern.ch//eos/opendata/cms/Run2016H/Charmonium/NANOAOD/UL2016_MiniAODv2_NanoAODv9-v1/2430000/95D575FF-B85B-0646-8D08-76FD24C9E806.root
[92/1254] root://eospublic.cern.ch//eos/opendata/cms/Run2016H/Charmonium/NANOAOD/UL2016_MiniAODv2_NanoAODv9-v1/2430000/9B224036-1644-9F47-B7FF-23791E82C27E.root
[93/1254] root://eospublic.cern.ch//eos/opendata/cms/Run2016H/Charmonium/NANOAOD/UL2016_MiniAODv2_NanoAODv9-v1/2430000/9CE50EB5-ABBD-3442-B099-25F432F6F679.root
[94/1254] root://eospublic.cern.ch//eos/opendata/cms/Run2016H/Charmonium/NANOAOD/UL2016_MiniAODv2_NanoAODv9-v1/2430000/A238D5DC-00BF-F843-A380-209E4E4CC307.root
[95/1254] root://eospublic.cern.ch//eos/opendata/cms/Run2016H/Charmonium/NANOAOD/UL2016_MiniAODv2_NanoAODv9-v1/2430000/B38E7D36-ABFF-DB48-8F50-0C9D22C605E0.root
[96/1254] root://eospublic.cern.ch//eos/opendata/cms/Run2016H/Charmonium/NANOAOD/UL2016_MiniAODv2_NanoAODv9-v1/2430000/B881F867-186F-DF4F-92A0-81BD9F2B8275.root
[97/1254] root://eospublic.cern.ch//eos/opendata/cms/Run2016H/Charmonium/NANOAOD/UL2016_MiniAODv2_NanoAODv9-v1/2430000/BAD59FEE-1461-034B-8F72-7154ABF075D3.root
[98/1254] root://eospublic.cern.ch//eos/opendata/cms/Run2016H/Charmonium/NANOAOD/UL2016_MiniAODv2_NanoAODv9-v1/2430000/C1EA312D-BEF6-FB41-B88B-AEE2D60ED67C.root
[99/1254] root://eospublic.cern.ch//eos/opendata/cms/Run2016H/Charmonium/NANOAOD/UL2016_MiniAODv2_NanoAODv9-v1/2430000/CA332DA2-3979-A34D-AC7B-039FAA389BCA.root
[100/1254] root://eospublic.cern.ch//eos/opendata/cms/Run2016H/Charmonium/NANOAOD/UL2016_MiniAODv2_NanoAODv9-v1/2430000/CCA318B7-2ECC-D64C-A756-2F004D914051.root
[101/1254] root://eospublic.cern.ch//eos/opendata/cms/Run2016H/Charmonium/NANOAOD/UL2016_MiniAODv2_NanoAODv9-v1/2430000/D4BA69EF-8F3E-BA46-A888-54DC0F0AEBC7.root
[102/1254] root://eospublic.cern.ch//eos/opendata/cms/Run2016H/Charmonium/NANOAOD/UL2016_MiniAODv2_NanoAODv9-v1/2430000/D669D4CC-E077-5F44-8062-D6E9D2FA29B3.root
[103/1254] root://eospublic.cern.ch//eos/opendata/cms/Run2016H/Charmonium/NANOAOD/UL2016_MiniAODv2_NanoAODv9-v1/2430000/D8A71AFB-1B58-1B4E-A32C-E56A31A182CC.root
[104/1254] root://eospublic.cern.ch//eos/opendata/cms/Run2016H/Charmonium/NANOAOD/UL2016_MiniAODv2_NanoAODv9-v1/2430000/D92361E7-FC5F-3C4C-98C2-FD31546171A7.root
[105/1254] root://eospublic.cern.ch//eos/opendata/cms/Run2016H/Charmonium/NANOAOD/UL2016_MiniAODv2_NanoAODv9-v1/2430000/DA207202-DB16-1244-8A7E-577F327BEE00.root
[106/1254] root://eospublic.cern.ch//eos/opendata/cms/Run2016H/Charmonium/NANOAOD/UL2016_MiniAODv2_NanoAODv9-v1/2430000/DEE00EBD-4EEE-3348-B879-2963D86B7601.root
[107/1254] root://eospublic.cern.ch//eos/opendata/cms/Run2016H/Charmonium/NANOAOD/UL2016_MiniAODv2_NanoAODv9-v1/2430000/E3FE442E-58A3-B14C-BB91-60C179C0CE24.root
[108/1254] root://eospublic.cern.ch//eos/opendata/cms/Run2016H/Charmonium/NANOAOD/UL2016_MiniAODv2_NanoAODv9-v1/2430000/EFDD0DF2-60E4-3543-84DB-FFDA4D405EAC.root
[109/1254] root://eospublic.cern.ch//eos/opendata/cms/Run2016H/Charmonium/NANOAOD/UL2016_MiniAODv2_NanoAODv9-v1/2430000/F2D0C741-6780-1942-AB0D-8D4EB0D9B769.root
[110/1254] root://eospublic.cern.ch//eos/opendata/cms/Run2016H/Charmonium/NANOAOD/UL2016_MiniAODv2_NanoAODv9-v1/2430000/FC86FE10-E054-D845-B260-A47733E3510E.root
[111/1254] root://eospublic.cern.ch//eos/opendata/cms/Run2016H/Charmonium/NANOAOD/UL2016_MiniAODv2_NanoAODv9-v1/2430000/FCED3A36-995A-854D-8478-B5CA69BAEECF.root
[112/1254] root://eospublic.cern.ch//eos/opendata/cms/Run2016H/DisplacedJet/NANOAOD/UL2016_MiniAODv2_NanoAODv9-v1/120000/08A2A8A8-75B5-4248-A6EF-29D7568A7859.root
[113/1254] root://eospublic.cern.ch//eos/opendata/cms/Run2016H/DisplacedJet/NANOAOD/UL2016_MiniAODv2_NanoAODv9-v1/120000/1E824FBC-F777-4E4C-9E50-F098AA1539ED.root
[114/1254] root://eospublic.cern.ch//eos/opendata/cms/Run2016H/DisplacedJet/NANOAOD/UL2016_MiniAODv2_NanoAODv9-v1/120000/1FD1D838-E53F-3340-A739-523441AB3D14.root
[115/1254] root://eospublic.cern.ch//eos/opendata/cms/Run2016H/DisplacedJet/NANOAOD/UL2016_MiniAODv2_NanoAODv9-v1/120000/243AEDA3-D389-1C4B-A3A7-38C964ED961B.root
[116/1254] root://eospublic.cern.ch//eos/opendata/cms/Run2016H/DisplacedJet/NANOAOD/UL2016_MiniAODv2_NanoAODv9-v1/120000/26B07C63-223D-4243-8C48-0B471F42292E.root
[117/1254] root://eospublic.cern.ch//eos/opendata/cms/Run2016H/DisplacedJet/NANOAOD/UL2016_MiniAODv2_NanoAODv9-v1/120000/2F14D207-0BE5-424B-8B4F-4055EBAD71C2.root
[118/1254] root://eospublic.cern.ch//eos/opendata/cms/Run2016H/DisplacedJet/NANOAOD/UL2016_MiniAODv2_NanoAODv9-v1/120000/39BD88F7-E1BA-B947-80A2-3B0463B5E79B.root
[119/1254] root://eospublic.cern.ch//eos/opendata/cms/Run2016H/DisplacedJet/NANOAOD/UL2016_MiniAODv2_NanoAODv9-v1/120000/3C50E79A-AC87-B94A-990D-65590F8D994E.root
[120/1254] root://eospublic.cern.ch//eos/opendata/cms/Run2016H/DisplacedJet/NANOAOD/UL2016_MiniAODv2_NanoAODv9-v1/120000/43FCB75A-DE0B-3A41-84F7-35143E26546B.root
[121/1254] root://eospublic.cern.ch//eos/opendata/cms/Run2016H/DisplacedJet/NANOAOD/UL2016_MiniAODv2_NanoAODv9-v1/120000/6CBA539D-4765-4B42-ADD2-65D3754CF78E.root
[122/1254] root://eospublic.cern.ch//eos/opendata/cms/Run2016H/DisplacedJet/NANOAOD/UL2016_MiniAODv2_NanoAODv9-v1/120000/948E3490-FE83-F446-B541-35B4C98D9CA7.root
[123/1254] root://eospublic.cern.ch//eos/opendata/cms/Run2016H/DisplacedJet/NANOAOD/UL2016_MiniAODv2_NanoAODv9-v1/120000/95D49031-D2E3-9D42-83BC-FB411B177AB0.root
[124/1254] root://eospublic.cern.ch//eos/opendata/cms/Run2016H/DisplacedJet/NANOAOD/UL2016_MiniAODv2_NanoAODv9-v1/120000/A466E19E-3DCD-2B4E-AA44-66142A105D08.root
[125/1254] root://eospublic.cern.ch//eos/opendata/cms/Run2016H/DisplacedJet/NANOAOD/UL2016_MiniAODv2_NanoAODv9-v1/120000/A8F20362-2645-664E-8717-9303B637CF13.root
[126/1254] root://eospublic.cern.ch//eos/opendata/cms/Run2016H/DisplacedJet/NANOAOD/UL2016_MiniAODv2_NanoAODv9-v1/120000/A93D5D31-59B9-D64E-8714-7A71614811A8.root
[127/1254] root://eospublic.cern.ch//eos/opendata/cms/Run2016H/DisplacedJet/NANOAOD/UL2016_MiniAODv2_NanoAODv9-v1/120000/AE3B6446-9FA9-484E-8342-9CB0FCF35183.root
[128/1254] root://eospublic.cern.ch//eos/opendata/cms/Run2016H/DisplacedJet/NANOAOD/UL2016_MiniAODv2_NanoAODv9-v1/120000/B1CD4FD3-36FA-9743-8EEA-8422D50FFD60.root
[129/1254] root://eospublic.cern.ch//eos/opendata/cms/Run2016H/DisplacedJet/NANOAOD/UL2016_MiniAODv2_NanoAODv9-v1/120000/CC4642CF-467D-3A4B-9239-C3109BCE756E.root
[130/1254] root://eospublic.cern.ch//eos/opendata/cms/Run2016H/DisplacedJet/NANOAOD/UL2016_MiniAODv2_NanoAODv9-v1/120000/D7874087-DF28-CC4A-B430-D21FA80B53AA.root
[131/1254] root://eospublic.cern.ch//eos/opendata/cms/Run2016H/DisplacedJet/NANOAOD/UL2016_MiniAODv2_NanoAODv9-v1/120000/DF6A79E6-CF6B-1841-B0E0-CF2D9F8CB221.root
[132/1254] root://eospublic.cern.ch//eos/opendata/cms/Run2016H/DisplacedJet/NANOAOD/UL2016_MiniAODv2_NanoAODv9-v1/120000/E061677D-70D2-E54F-BBCF-E97474BFFC96.root
[133/1254] root://eospublic.cern.ch//eos/opendata/cms/Run2016H/DisplacedJet/NANOAOD/UL2016_MiniAODv2_NanoAODv9-v1/120000/FFB40855-F32C-5446-8C7D-3163354D8FEE.root
[134/1254] root://eospublic.cern.ch//eos/opendata/cms/Run2016H/DoubleEG/NANOAOD/UL2016_MiniAODv2_NanoAODv9-v1/260000/03134293-A338-1B48-B693-08C3F6B6CEE8.root
[135/1254] root://eospublic.cern.ch//eos/opendata/cms/Run2016H/DoubleEG/NANOAOD/UL2016_MiniAODv2_NanoAODv9-v1/260000/091425B5-2AE7-9D43-8907-58EC395CF26E.root
[136/1254] root://eospublic.cern.ch//eos/opendata/cms/Run2016H/DoubleEG/NANOAOD/UL2016_MiniAODv2_NanoAODv9-v1/260000/0BA9ABF2-82B3-0747-8894-27BB26C52398.root
[137/1254] root://eospublic.cern.ch//eos/opendata/cms/Run2016H/DoubleEG/NANOAOD/UL2016_MiniAODv2_NanoAODv9-v1/260000/1207F9D9-B3D3-E84F-9106-AC37F6BF6136.root
[138/1254] root://eospublic.cern.ch//eos/opendata/cms/Run2016H/DoubleEG/NANOAOD/UL2016_MiniAODv2_NanoAODv9-v1/260000/1253AC11-244C-AC4B-870A-3D54638F3A24.root
[139/1254] root://eospublic.cern.ch//eos/opendata/cms/Run2016H/DoubleEG/NANOAOD/UL2016_MiniAODv2_NanoAODv9-v1/260000/197483E5-4BDC-6546-AD0D-209C10A4A425.root
[140/1254] root://eospublic.cern.ch//eos/opendata/cms/Run2016H/DoubleEG/NANOAOD/UL2016_MiniAODv2_NanoAODv9-v1/260000/1B16C3FD-2AE0-1540-BEBF-5D610C482274.root
[141/1254] root://eospublic.cern.ch//eos/opendata/cms/Run2016H/DoubleEG/NANOAOD/UL2016_MiniAODv2_NanoAODv9-v1/260000/1CA16DEC-7DD8-0A45-A814-DE3116EC004E.root
[142/1254] root://eospublic.cern.ch//eos/opendata/cms/Run2016H/DoubleEG/NANOAOD/UL2016_MiniAODv2_NanoAODv9-v1/260000/20CB5877-71E3-F24C-A53F-AF712B756738.root
[143/1254] root://eospublic.cern.ch//eos/opendata/cms/Run2016H/DoubleEG/NANOAOD/UL2016_MiniAODv2_NanoAODv9-v1/260000/22AB6926-0BDC-F24D-9FF6-FCB08197F175.root
[144/1254] root://eospublic.cern.ch//eos/opendata/cms/Run2016H/DoubleEG/NANOAOD/UL2016_MiniAODv2_NanoAODv9-v1/260000/274C8ACF-9CCB-B345-A005-4ECA019C5C37.root
[145/1254] root://eospublic.cern.ch//eos/opendata/cms/Run2016H/DoubleEG/NANOAOD/UL2016_MiniAODv2_NanoAODv9-v1/260000/2A8A8DFD-EB54-6645-AA37-DB6D0D58B9CE.root
[146/1254] root://eospublic.cern.ch//eos/opendata/cms/Run2016H/DoubleEG/NANOAOD/UL2016_MiniAODv2_NanoAODv9-v1/260000/2AC65A06-8B93-644C-9EA7-A8A33CA0BBD7.root
[147/1254] root://eospublic.cern.ch//eos/opendata/cms/Run2016H/DoubleEG/NANOAOD/UL2016_MiniAODv2_NanoAODv9-v1/100000/2AD46B56-E1CA-CD44-B30D-C57FE1C35D15.root
[148/1254] root://eospublic.cern.ch//eos/opendata/cms/Run2016H/DoubleEG/NANOAOD/UL2016_MiniAODv2_NanoAODv9-v1/260000/2BA31D30-041A-4B48-BA82-3491D9D19412.root
[149/1254] root://eospublic.cern.ch//eos/opendata/cms/Run2016H/DoubleEG/NANOAOD/UL2016_MiniAODv2_NanoAODv9-v1/260000/2E42C859-5584-1C44-B2A8-6ABD1613BCD3.root
[150/1254] root://eospublic.cern.ch//eos/opendata/cms/Run2016H/DoubleEG/NANOAOD/UL2016_MiniAODv2_NanoAODv9-v1/260000/34C65FBE-1620-3D4D-A5CD-32D8AA561CC6.root
[151/1254] root://eospublic.cern.ch//eos/opendata/cms/Run2016H/DoubleEG/NANOAOD/UL2016_MiniAODv2_NanoAODv9-v1/260000/36BF0197-B7E2-FA4F-A7AA-4E716999C1E0.root
[152/1254] root://eospublic.cern.ch//eos/opendata/cms/Run2016H/DoubleEG/NANOAOD/UL2016_MiniAODv2_NanoAODv9-v1/260000/3CA5D3AB-CE88-3D43-BA47-947F852FF759.root
[153/1254] root://eospublic.cern.ch//eos/opendata/cms/Run2016H/DoubleEG/NANOAOD/UL2016_MiniAODv2_NanoAODv9-v1/260000/3F4052DF-90F4-8D41-9104-01C91A380DDB.root
[154/1254] root://eospublic.cern.ch//eos/opendata/cms/Run2016H/DoubleEG/NANOAOD/UL2016_MiniAODv2_NanoAODv9-v1/260000/464377C5-C578-AB45-BD22-08DADED57D65.root
[155/1254] root://eospublic.cern.ch//eos/opendata/cms/Run2016H/DoubleEG/NANOAOD/UL2016_MiniAODv2_NanoAODv9-v1/260000/4AEA76E0-B550-AB4C-A3D7-E419FDEC3713.root
[156/1254] root://eospublic.cern.ch//eos/opendata/cms/Run2016H/DoubleEG/NANOAOD/UL2016_MiniAODv2_NanoAODv9-v1/260000/4FC6ADAD-3B25-E94F-92EB-466019F88C5C.root
[157/1254] root://eospublic.cern.ch//eos/opendata/cms/Run2016H/DoubleEG/NANOAOD/UL2016_MiniAODv2_NanoAODv9-v1/260000/524CE9AC-AA8F-6E4F-BC68-EBD64BDC213D.root
[158/1254] root://eospublic.cern.ch//eos/opendata/cms/Run2016H/DoubleEG/NANOAOD/UL2016_MiniAODv2_NanoAODv9-v1/260000/532C728D-2F25-1049-9B42-049FA2D78B85.root
[159/1254] root://eospublic.cern.ch//eos/opendata/cms/Run2016H/DoubleEG/NANOAOD/UL2016_MiniAODv2_NanoAODv9-v1/260000/5392AB43-8FA8-EF4D-B509-EA2402D55598.root
[160/1254] root://eospublic.cern.ch//eos/opendata/cms/Run2016H/DoubleEG/NANOAOD/UL2016_MiniAODv2_NanoAODv9-v1/260000/539EB6DF-A954-D44B-9F33-1A74AAA9ED11.root
[161/1254] root://eospublic.cern.ch//eos/opendata/cms/Run2016H/DoubleEG/NANOAOD/UL2016_MiniAODv2_NanoAODv9-v1/260000/556A7416-0814-964D-B29B-92F3CDA8EFBD.root
[162/1254] root://eospublic.cern.ch//eos/opendata/cms/Run2016H/DoubleEG/NANOAOD/UL2016_MiniAODv2_NanoAODv9-v1/260000/5EF232DF-7390-4B4B-A417-4F2DE5EFCB33.root
[163/1254] root://eospublic.cern.ch//eos/opendata/cms/Run2016H/DoubleEG/NANOAOD/UL2016_MiniAODv2_NanoAODv9-v1/260000/60EB4CE5-4BA9-8246-B211-54EFE4521BFA.root
[164/1254] root://eospublic.cern.ch//eos/opendata/cms/Run2016H/DoubleEG/NANOAOD/UL2016_MiniAODv2_NanoAODv9-v1/100000/61906161-574B-F749-859E-EF41556352AF.root
[165/1254] root://eospublic.cern.ch//eos/opendata/cms/Run2016H/DoubleEG/NANOAOD/UL2016_MiniAODv2_NanoAODv9-v1/260000/69896AA3-7B9E-E246-AB20-228F36E2028C.root
[166/1254] root://eospublic.cern.ch//eos/opendata/cms/Run2016H/DoubleEG/NANOAOD/UL2016_MiniAODv2_NanoAODv9-v1/260000/6AE039C7-1BB2-024F-8B57-DEA918959576.root
[167/1254] root://eospublic.cern.ch//eos/opendata/cms/Run2016H/DoubleEG/NANOAOD/UL2016_MiniAODv2_NanoAODv9-v1/260000/6E5D09F0-2406-9144-8BAD-A6B047A5FD55.root
[168/1254] root://eospublic.cern.ch//eos/opendata/cms/Run2016H/DoubleEG/NANOAOD/UL2016_MiniAODv2_NanoAODv9-v1/260000/715655C7-F48B-E841-8424-A6F123DADF99.root
[169/1254] root://eospublic.cern.ch//eos/opendata/cms/Run2016H/DoubleEG/NANOAOD/UL2016_MiniAODv2_NanoAODv9-v1/260000/74756D89-62C1-8F4E-AD73-5BCA471F6B01.root
[170/1254] root://eospublic.cern.ch//eos/opendata/cms/Run2016H/DoubleEG/NANOAOD/UL2016_MiniAODv2_NanoAODv9-v1/260000/7565F4F2-1113-5E4C-832F-6951A974D01D.root
[171/1254] root://eospublic.cern.ch//eos/opendata/cms/Run2016H/DoubleEG/NANOAOD/UL2016_MiniAODv2_NanoAODv9-v1/260000/7B0EB031-59EA-6041-9549-24860B8E70BA.root
[172/1254] root://eospublic.cern.ch//eos/opendata/cms/Run2016H/DoubleEG/NANOAOD/UL2016_MiniAODv2_NanoAODv9-v1/260000/81CA9C9F-4404-9B41-A86B-642B51E132D8.root
[173/1254] root://eospublic.cern.ch//eos/opendata/cms/Run2016H/DoubleEG/NANOAOD/UL2016_MiniAODv2_NanoAODv9-v1/260000/825CA3B0-5F61-514C-A5CE-5F6097441178.root
[174/1254] root://eospublic.cern.ch//eos/opendata/cms/Run2016H/DoubleEG/NANOAOD/UL2016_MiniAODv2_NanoAODv9-v1/260000/861921D8-5DE9-1249-9264-3E265EBFE8E5.root
[175/1254] root://eospublic.cern.ch//eos/opendata/cms/Run2016H/DoubleEG/NANOAOD/UL2016_MiniAODv2_NanoAODv9-v1/260000/8847DDCB-0990-F544-930A-A9874B948FD7.root
[176/1254] root://eospublic.cern.ch//eos/opendata/cms/Run2016H/DoubleEG/NANOAOD/UL2016_MiniAODv2_NanoAODv9-v1/260000/8BB07849-1DFA-D546-B636-326BED34F37B.root
[177/1254] root://eospublic.cern.ch//eos/opendata/cms/Run2016H/DoubleEG/NANOAOD/UL2016_MiniAODv2_NanoAODv9-v1/260000/8CC76A5B-F0DE-C14A-8166-E1E29F9262D4.root
[178/1254] root://eospublic.cern.ch//eos/opendata/cms/Run2016H/DoubleEG/NANOAOD/UL2016_MiniAODv2_NanoAODv9-v1/260000/8EF19DBD-C5C9-CD42-90CE-1BDE377C4331.root
[179/1254] root://eospublic.cern.ch//eos/opendata/cms/Run2016H/DoubleEG/NANOAOD/UL2016_MiniAODv2_NanoAODv9-v1/260000/94F6C50F-6CE1-EA44-91AA-DF899FA310FE.root
[180/1254] root://eospublic.cern.ch//eos/opendata/cms/Run2016H/DoubleEG/NANOAOD/UL2016_MiniAODv2_NanoAODv9-v1/260000/96510D8E-B569-F948-8DF3-2E91E7B460AF.root
[181/1254] root://eospublic.cern.ch//eos/opendata/cms/Run2016H/DoubleEG/NANOAOD/UL2016_MiniAODv2_NanoAODv9-v1/260000/9C11C9E6-D6EB-934E-82FF-DE6FDA09CC04.root
[182/1254] root://eospublic.cern.ch//eos/opendata/cms/Run2016H/DoubleEG/NANOAOD/UL2016_MiniAODv2_NanoAODv9-v1/260000/9EC67AA0-1117-8B44-824C-94A9908D27FA.root
[183/1254] root://eospublic.cern.ch//eos/opendata/cms/Run2016H/DoubleEG/NANOAOD/UL2016_MiniAODv2_NanoAODv9-v1/260000/A4C83FB5-2B17-5E42-99E3-A175B72A1845.root
[184/1254] root://eospublic.cern.ch//eos/opendata/cms/Run2016H/DoubleEG/NANOAOD/UL2016_MiniAODv2_NanoAODv9-v1/260000/A78958A8-3566-874D-8002-DB605BF446E3.root
[185/1254] root://eospublic.cern.ch//eos/opendata/cms/Run2016H/DoubleEG/NANOAOD/UL2016_MiniAODv2_NanoAODv9-v1/260000/AA537C4F-62AC-7E4A-B086-18533E5EA31D.root
[186/1254] root://eospublic.cern.ch//eos/opendata/cms/Run2016H/DoubleEG/NANOAOD/UL2016_MiniAODv2_NanoAODv9-v1/260000/ACC98C3C-DCA8-3A4A-8184-6B9330E62DF5.root
[187/1254] root://eospublic.cern.ch//eos/opendata/cms/Run2016H/DoubleEG/NANOAOD/UL2016_MiniAODv2_NanoAODv9-v1/260000/B0648DBF-FD35-DE46-A578-905B19D6D4F3.root
[188/1254] root://eospublic.cern.ch//eos/opendata/cms/Run2016H/DoubleEG/NANOAOD/UL2016_MiniAODv2_NanoAODv9-v1/260000/B072C293-D9B7-CD4C-BE6C-7180DB4D9DE8.root
[189/1254] root://eospublic.cern.ch//eos/opendata/cms/Run2016H/DoubleEG/NANOAOD/UL2016_MiniAODv2_NanoAODv9-v1/260000/B2A32F98-440F-124B-B879-621109750134.root
[190/1254] root://eospublic.cern.ch//eos/opendata/cms/Run2016H/DoubleEG/NANOAOD/UL2016_MiniAODv2_NanoAODv9-v1/260000/B52317A6-8B3C-A04A-AAB4-15A3B2508F33.root
[191/1254] root://eospublic.cern.ch//eos/opendata/cms/Run2016H/DoubleEG/NANOAOD/UL2016_MiniAODv2_NanoAODv9-v1/260000/B79E99BF-8A86-1C4B-B5B7-9AB650EC48CF.root
[192/1254] root://eospublic.cern.ch//eos/opendata/cms/Run2016H/DoubleEG/NANOAOD/UL2016_MiniAODv2_NanoAODv9-v1/100000/B7CFAE74-1E82-C943-AF64-1C905145E477.root
[193/1254] root://eospublic.cern.ch//eos/opendata/cms/Run2016H/DoubleEG/NANOAOD/UL2016_MiniAODv2_NanoAODv9-v1/100000/BA5BE5BB-A290-9749-9702-89E4A4A21F8F.root
[194/1254] root://eospublic.cern.ch//eos/opendata/cms/Run2016H/DoubleEG/NANOAOD/UL2016_MiniAODv2_NanoAODv9-v1/260000/BAE97A8C-5393-5A48-812D-52B6EEE8F874.root
[195/1254] root://eospublic.cern.ch//eos/opendata/cms/Run2016H/DoubleEG/NANOAOD/UL2016_MiniAODv2_NanoAODv9-v1/260000/BE577677-C67A-B14E-AE3D-41EB1836759B.root
[196/1254] root://eospublic.cern.ch//eos/opendata/cms/Run2016H/DoubleEG/NANOAOD/UL2016_MiniAODv2_NanoAODv9-v1/260000/BEA85521-63EC-8A4D-B477-0E5971972B56.root
[197/1254] root://eospublic.cern.ch//eos/opendata/cms/Run2016H/DoubleEG/NANOAOD/UL2016_MiniAODv2_NanoAODv9-v1/260000/BF26F9D1-3851-F34D-8E41-C96B5262544D.root
[198/1254] root://eospublic.cern.ch//eos/opendata/cms/Run2016H/DoubleEG/NANOAOD/UL2016_MiniAODv2_NanoAODv9-v1/260000/C68DE75F-C740-DE42-A360-69FA58BA4E78.root
[199/1254] root://eospublic.cern.ch//eos/opendata/cms/Run2016H/DoubleEG/NANOAOD/UL2016_MiniAODv2_NanoAODv9-v1/260000/C90A133D-32C8-F54D-821E-5E765071FCD3.root
[200/1254] root://eospublic.cern.ch//eos/opendata/cms/Run2016H/DoubleEG/NANOAOD/UL2016_MiniAODv2_NanoAODv9-v1/260000/CDCAEE18-B7C2-8A46-8E0F-389F95E37136.root
[201/1254] root://eospublic.cern.ch//eos/opendata/cms/Run2016H/DoubleEG/NANOAOD/UL2016_MiniAODv2_NanoAODv9-v1/260000/D3C50125-6D18-904F-A42B-634DBB5451DC.root
[202/1254] root://eospublic.cern.ch//eos/opendata/cms/Run2016H/DoubleEG/NANOAOD/UL2016_MiniAODv2_NanoAODv9-v1/260000/D5CA8B47-FB14-8E41-A2B2-8070A798BED5.root
[203/1254] root://eospublic.cern.ch//eos/opendata/cms/Run2016H/DoubleEG/NANOAOD/UL2016_MiniAODv2_NanoAODv9-v1/260000/D6747948-E431-EB4D-BF33-B12A19AE97A5.root
[204/1254] root://eospublic.cern.ch//eos/opendata/cms/Run2016H/DoubleEG/NANOAOD/UL2016_MiniAODv2_NanoAODv9-v1/260000/DC85FE2E-6A09-6441-BA92-2AB2F3DB0F27.root
[205/1254] root://eospublic.cern.ch//eos/opendata/cms/Run2016H/DoubleEG/NANOAOD/UL2016_MiniAODv2_NanoAODv9-v1/260000/DFFBA709-ADB3-704A-B86A-49A45B9D4456.root
[206/1254] root://eospublic.cern.ch//eos/opendata/cms/Run2016H/DoubleEG/NANOAOD/UL2016_MiniAODv2_NanoAODv9-v1/100000/E0464771-1987-AF4F-9B88-A80064D90B18.root
[207/1254] root://eospublic.cern.ch//eos/opendata/cms/Run2016H/DoubleEG/NANOAOD/UL2016_MiniAODv2_NanoAODv9-v1/260000/E37C54EB-E6EC-5F4F-8793-7DC8CC38DF1D.root
[208/1254] root://eospublic.cern.ch//eos/opendata/cms/Run2016H/DoubleEG/NANOAOD/UL2016_MiniAODv2_NanoAODv9-v1/260000/E9EA8DF4-AEB2-6B4A-A51C-FBA39D3D26E0.root
[209/1254] root://eospublic.cern.ch//eos/opendata/cms/Run2016H/DoubleEG/NANOAOD/UL2016_MiniAODv2_NanoAODv9-v1/260000/EBC144E3-CF70-D741-9277-2E17CC627B2B.root
[210/1254] root://eospublic.cern.ch//eos/opendata/cms/Run2016H/DoubleEG/NANOAOD/UL2016_MiniAODv2_NanoAODv9-v1/260000/EC2419A5-E1CA-2742-855E-7B96BB439B84.root
[211/1254] root://eospublic.cern.ch//eos/opendata/cms/Run2016H/DoubleEG/NANOAOD/UL2016_MiniAODv2_NanoAODv9-v1/260000/EFEB5061-0A14-3C44-AD87-06650911AC61.root
[212/1254] root://eospublic.cern.ch//eos/opendata/cms/Run2016H/DoubleEG/NANOAOD/UL2016_MiniAODv2_NanoAODv9-v1/260000/F2698981-F4DD-0E41-AD47-972C0F572994.root
[213/1254] root://eospublic.cern.ch//eos/opendata/cms/Run2016H/DoubleEG/NANOAOD/UL2016_MiniAODv2_NanoAODv9-v1/260000/F2CFB1BB-7485-D245-8F55-1DEB102734FD.root
[214/1254] root://eospublic.cern.ch//eos/opendata/cms/Run2016H/DoubleEG/NANOAOD/UL2016_MiniAODv2_NanoAODv9-v1/260000/F2D58D98-B87F-9F4D-AB81-B33356606487.root
[215/1254] root://eospublic.cern.ch//eos/opendata/cms/Run2016H/DoubleEG/NANOAOD/UL2016_MiniAODv2_NanoAODv9-v1/260000/F55DF94A-6134-6245-A9C4-89056D871E61.root
[216/1254] root://eospublic.cern.ch//eos/opendata/cms/Run2016H/DoubleEG/NANOAOD/UL2016_MiniAODv2_NanoAODv9-v1/260000/F6B9F374-69AB-EE4F-8C61-D4E474F511A8.root
[217/1254] root://eospublic.cern.ch//eos/opendata/cms/Run2016H/DoubleEG/NANOAOD/UL2016_MiniAODv2_NanoAODv9-v1/2500000/FB3ADF2F-FE4D-0944-A100-FA1D03041D4F.root
[218/1254] root://eospublic.cern.ch//eos/opendata/cms/Run2016H/DoubleEG/NANOAOD/UL2016_MiniAODv2_NanoAODv9-v1/260000/FC154FFB-F26D-5F4A-AAF5-045CF105D974.root
[219/1254] root://eospublic.cern.ch//eos/opendata/cms/Run2016H/DoubleEG/NANOAOD/UL2016_MiniAODv2_NanoAODv9-v1/260000/FC1ECF3C-83C1-394B-A69B-9BFB47A1BA61.root
[220/1254] root://eospublic.cern.ch//eos/opendata/cms/Run2016H/DoubleMuon/NANOAOD/UL2016_MiniAODv2_NanoAODv9-v1/2510000/127C2975-1B1C-A046-AABF-62B77E757A86.root
[221/1254] root://eospublic.cern.ch//eos/opendata/cms/Run2016H/DoubleMuon/NANOAOD/UL2016_MiniAODv2_NanoAODv9-v1/2510000/183BFB78-7B5E-734F-BBF5-174A73020F89.root
[222/1254] root://eospublic.cern.ch//eos/opendata/cms/Run2016H/DoubleMuon/NANOAOD/UL2016_MiniAODv2_NanoAODv9-v1/2510000/1BE226A3-7A8D-1B43-AADC-201B563F3319.root
[223/1254] root://eospublic.cern.ch//eos/opendata/cms/Run2016H/DoubleMuon/NANOAOD/UL2016_MiniAODv2_NanoAODv9-v1/2510000/1DE780E2-BCC2-DC48-815D-9A97B2A4A2CD.root
[224/1254] root://eospublic.cern.ch//eos/opendata/cms/Run2016H/DoubleMuon/NANOAOD/UL2016_MiniAODv2_NanoAODv9-v1/2510000/21DA4CE5-4E50-024F-9CE1-50C77254DD4E.root
[225/1254] root://eospublic.cern.ch//eos/opendata/cms/Run2016H/DoubleMuon/NANOAOD/UL2016_MiniAODv2_NanoAODv9-v1/2510000/2C6A0345-8E2E-9B41-BB51-DB56DFDFB89A.root
[226/1254] root://eospublic.cern.ch//eos/opendata/cms/Run2016H/DoubleMuon/NANOAOD/UL2016_MiniAODv2_NanoAODv9-v1/2510000/3676E287-A650-8F44-BBCB-3B8556966406.root
[227/1254] root://eospublic.cern.ch//eos/opendata/cms/Run2016H/DoubleMuon/NANOAOD/UL2016_MiniAODv2_NanoAODv9-v1/2510000/411A019C-7058-FD42-AD50-DE74433E6859.root
[228/1254] root://eospublic.cern.ch//eos/opendata/cms/Run2016H/DoubleMuon/NANOAOD/UL2016_MiniAODv2_NanoAODv9-v1/2510000/46A8960A-E58F-4648-9C12-2708FE7C12FB.root
[229/1254] root://eospublic.cern.ch//eos/opendata/cms/Run2016H/DoubleMuon/NANOAOD/UL2016_MiniAODv2_NanoAODv9-v1/2510000/4F0B53A7-6440-924B-AF48-B5B61D3CE23F.root
[230/1254] root://eospublic.cern.ch//eos/opendata/cms/Run2016H/DoubleMuon/NANOAOD/UL2016_MiniAODv2_NanoAODv9-v1/2510000/790F8A75-8256-3B46-8209-850DE0BE3C77.root
[231/1254] root://eospublic.cern.ch//eos/opendata/cms/Run2016H/DoubleMuon/NANOAOD/UL2016_MiniAODv2_NanoAODv9-v1/2510000/7F53D1DE-439E-AD48-871E-D3458DABA798.root
[232/1254] root://eospublic.cern.ch//eos/opendata/cms/Run2016H/DoubleMuon/NANOAOD/UL2016_MiniAODv2_NanoAODv9-v1/2510000/8A696857-C147-B04A-905A-F85FB76EDA23.root
[233/1254] root://eospublic.cern.ch//eos/opendata/cms/Run2016H/DoubleMuon/NANOAOD/UL2016_MiniAODv2_NanoAODv9-v1/2510000/8B253755-51F2-CB49-A4B6-C79637CAE23F.root
[234/1254] root://eospublic.cern.ch//eos/opendata/cms/Run2016H/DoubleMuon/NANOAOD/UL2016_MiniAODv2_NanoAODv9-v1/2510000/9528EA75-1C0B-9047-A9A3-6A47564F7A98.root
[235/1254] root://eospublic.cern.ch//eos/opendata/cms/Run2016H/DoubleMuon/NANOAOD/UL2016_MiniAODv2_NanoAODv9-v1/2510000/A6605227-0B58-864E-8422-B8990D18F622.root
[236/1254] root://eospublic.cern.ch//eos/opendata/cms/Run2016H/DoubleMuon/NANOAOD/UL2016_MiniAODv2_NanoAODv9-v1/2510000/B2DC29E0-8679-1D4F-A5AE-E7D0284A20D4.root
[237/1254] root://eospublic.cern.ch//eos/opendata/cms/Run2016H/DoubleMuon/NANOAOD/UL2016_MiniAODv2_NanoAODv9-v1/2510000/B450B2B3-BEF8-8C43-82BF-7AD0EF2EA7EA.root
[238/1254] root://eospublic.cern.ch//eos/opendata/cms/Run2016H/DoubleMuon/NANOAOD/UL2016_MiniAODv2_NanoAODv9-v1/2510000/B7AA7F04-5D5F-514A-83A6-9A275198852C.root
[239/1254] root://eospublic.cern.ch//eos/opendata/cms/Run2016H/DoubleMuon/NANOAOD/UL2016_MiniAODv2_NanoAODv9-v1/2510000/B93B57BF-4239-A049-9531-4C542C370185.root
[240/1254] root://eospublic.cern.ch//eos/opendata/cms/Run2016H/DoubleMuon/NANOAOD/UL2016_MiniAODv2_NanoAODv9-v1/2510000/C4558F81-9F2C-1349-B528-6B9DD6838D6D.root
[241/1254] root://eospublic.cern.ch//eos/opendata/cms/Run2016H/DoubleMuon/NANOAOD/UL2016_MiniAODv2_NanoAODv9-v1/2510000/C8CFC890-D4B8-8A4F-8699-C6ACCDF1620A.root
[242/1254] root://eospublic.cern.ch//eos/opendata/cms/Run2016H/DoubleMuon/NANOAOD/UL2016_MiniAODv2_NanoAODv9-v1/2510000/CAA285FF-7A12-F945-9183-DC7042178535.root
[243/1254] root://eospublic.cern.ch//eos/opendata/cms/Run2016H/DoubleMuon/NANOAOD/UL2016_MiniAODv2_NanoAODv9-v1/2510000/CD267D88-E57D-3B44-AC45-0712E2E12B87.root
[244/1254] root://eospublic.cern.ch//eos/opendata/cms/Run2016H/DoubleMuon/NANOAOD/UL2016_MiniAODv2_NanoAODv9-v1/2510000/E7C51551-7A75-5C41-B468-46FB922F36A9.root
[245/1254] root://eospublic.cern.ch//eos/opendata/cms/Run2016H/DoubleMuon/NANOAOD/UL2016_MiniAODv2_NanoAODv9-v1/2510000/EBC200F4-C06F-CE45-BAAA-7CAECDD3076F.root
[246/1254] root://eospublic.cern.ch//eos/opendata/cms/Run2016H/DoubleMuon/NANOAOD/UL2016_MiniAODv2_NanoAODv9-v1/2510000/EEB2FE3F-7CF3-BF4A-9F70-3F89FACE698E.root
[247/1254] root://eospublic.cern.ch//eos/opendata/cms/Run2016H/DoubleMuon/NANOAOD/UL2016_MiniAODv2_NanoAODv9-v1/2510000/F5E234F9-1E9C-0042-B395-AB6407E4A336.root
[248/1254] root://eospublic.cern.ch//eos/opendata/cms/Run2016H/DoubleMuonLowMass/NANOAOD/UL2016_MiniAODv2_NanoAODv9-v1/120000/099CA462-4872-6C47-BB35-49CC7B88CBCD.root
[249/1254] root://eospublic.cern.ch//eos/opendata/cms/Run2016H/DoubleMuonLowMass/NANOAOD/UL2016_MiniAODv2_NanoAODv9-v1/120000/0AC106AD-C244-AC42-81F5-A2CB38F35FA4.root
[250/1254] root://eospublic.cern.ch//eos/opendata/cms/Run2016H/DoubleMuonLowMass/NANOAOD/UL2016_MiniAODv2_NanoAODv9-v1/120000/1F94F28D-6F11-1049-8A36-A8B4A5CF753C.root
[251/1254] root://eospublic.cern.ch//eos/opendata/cms/Run2016H/DoubleMuonLowMass/NANOAOD/UL2016_MiniAODv2_NanoAODv9-v1/120000/3148230F-FC33-5240-8EFC-89FF45563A47.root
[252/1254] root://eospublic.cern.ch//eos/opendata/cms/Run2016H/DoubleMuonLowMass/NANOAOD/UL2016_MiniAODv2_NanoAODv9-v1/120000/382E837D-A553-2240-896A-BC1AF3A6CE32.root
[253/1254] root://eospublic.cern.ch//eos/opendata/cms/Run2016H/DoubleMuonLowMass/NANOAOD/UL2016_MiniAODv2_NanoAODv9-v1/120000/40CA8783-0362-9842-8EE0-4C9B6FFEBBFF.root
[254/1254] root://eospublic.cern.ch//eos/opendata/cms/Run2016H/DoubleMuonLowMass/NANOAOD/UL2016_MiniAODv2_NanoAODv9-v1/120000/42C4C0D6-810E-2844-82EE-3B7184B5C9AA.root
[255/1254] root://eospublic.cern.ch//eos/opendata/cms/Run2016H/DoubleMuonLowMass/NANOAOD/UL2016_MiniAODv2_NanoAODv9-v1/120000/6405B4EA-8AA4-3844-8BFB-307839D34393.root
[256/1254] root://eospublic.cern.ch//eos/opendata/cms/Run2016H/DoubleMuonLowMass/NANOAOD/UL2016_MiniAODv2_NanoAODv9-v1/120000/67CEAECA-C806-6041-BC3F-A26ED57EDC81.root
[257/1254] root://eospublic.cern.ch//eos/opendata/cms/Run2016H/DoubleMuonLowMass/NANOAOD/UL2016_MiniAODv2_NanoAODv9-v1/120000/833CCD40-6167-2448-9878-744D9C420320.root
[258/1254] root://eospublic.cern.ch//eos/opendata/cms/Run2016H/DoubleMuonLowMass/NANOAOD/UL2016_MiniAODv2_NanoAODv9-v1/120000/BEC43C81-3648-0840-801E-6E25943CDC48.root
[259/1254] root://eospublic.cern.ch//eos/opendata/cms/Run2016H/DoubleMuonLowMass/NANOAOD/UL2016_MiniAODv2_NanoAODv9-v1/120000/BF76139D-64A2-8C4A-9F3A-8F52BD8220F6.root
[260/1254] root://eospublic.cern.ch//eos/opendata/cms/Run2016H/DoubleMuonLowMass/NANOAOD/UL2016_MiniAODv2_NanoAODv9-v1/120000/C218094A-6A36-AA48-BE68-E3752B6AB518.root
[261/1254] root://eospublic.cern.ch//eos/opendata/cms/Run2016H/DoubleMuonLowMass/NANOAOD/UL2016_MiniAODv2_NanoAODv9-v1/120000/C4E1587C-FDFC-0545-850C-23C69925EA92.root
[262/1254] root://eospublic.cern.ch//eos/opendata/cms/Run2016H/DoubleMuonLowMass/NANOAOD/UL2016_MiniAODv2_NanoAODv9-v1/120000/C55203A9-B51B-1845-9718-B6FF4446C704.root
[263/1254] root://eospublic.cern.ch//eos/opendata/cms/Run2016H/DoubleMuonLowMass/NANOAOD/UL2016_MiniAODv2_NanoAODv9-v1/120000/D69AA568-AAD7-A345-AE08-7E0EA21B7A55.root
[264/1254] root://eospublic.cern.ch//eos/opendata/cms/Run2016H/DoubleMuonLowMass/NANOAOD/UL2016_MiniAODv2_NanoAODv9-v1/120000/D82CEC15-707F-404D-A9F0-C3716BD3FB8C.root
[265/1254] root://eospublic.cern.ch//eos/opendata/cms/Run2016H/DoubleMuonLowMass/NANOAOD/UL2016_MiniAODv2_NanoAODv9-v1/120000/EB3431D0-7DD5-3440-BE06-C9E835AEF969.root
[266/1254] root://eospublic.cern.ch//eos/opendata/cms/Run2016H/DoubleMuonLowMass/NANOAOD/UL2016_MiniAODv2_NanoAODv9-v1/120000/EDD09C3E-9844-6043-A733-EF930A91039A.root
[267/1254] root://eospublic.cern.ch//eos/opendata/cms/Run2016H/DoubleMuonLowMass/NANOAOD/UL2016_MiniAODv2_NanoAODv9-v1/120000/F60078E2-8642-FC4F-845E-732077671619.root
[268/1254] root://eospublic.cern.ch//eos/opendata/cms/Run2016H/DoubleMuonLowMass/NANOAOD/UL2016_MiniAODv2_NanoAODv9-v1/120000/F861BB52-E0CB-AC48-A2A8-C47C9A04D1C8.root
[269/1254] root://eospublic.cern.ch//eos/opendata/cms/Run2016H/DoubleMuonLowMass/NANOAOD/UL2016_MiniAODv2_NanoAODv9-v1/120000/FAB89A45-6166-8840-98DD-E6E740E35D28.root
[270/1254] root://eospublic.cern.ch//eos/opendata/cms/Run2016H/HTMHT/NANOAOD/UL2016_MiniAODv2_NanoAODv9-v1/70000/1CE8009B-34E4-C64B-91F5-DB6A107CCE17.root
[271/1254] root://eospublic.cern.ch//eos/opendata/cms/Run2016H/HTMHT/NANOAOD/UL2016_MiniAODv2_NanoAODv9-v1/70000/26A8D152-9CA1-EF4D-BA5A-129539504F07.root
[272/1254] root://eospublic.cern.ch//eos/opendata/cms/Run2016H/HTMHT/NANOAOD/UL2016_MiniAODv2_NanoAODv9-v1/70000/26E544CA-3A74-2246-841E-5176173715FC.root
[273/1254] root://eospublic.cern.ch//eos/opendata/cms/Run2016H/HTMHT/NANOAOD/UL2016_MiniAODv2_NanoAODv9-v1/70000/43BFE69A-6E5B-6D47-A1DB-410832EE4491.root
[274/1254] root://eospublic.cern.ch//eos/opendata/cms/Run2016H/HTMHT/NANOAOD/UL2016_MiniAODv2_NanoAODv9-v1/70000/4614A7D5-4FD7-C94E-93EF-B715892D8C8A.root
[275/1254] root://eospublic.cern.ch//eos/opendata/cms/Run2016H/HTMHT/NANOAOD/UL2016_MiniAODv2_NanoAODv9-v1/70000/475A29B3-FC16-B649-AFDD-CF889337954A.root
[276/1254] root://eospublic.cern.ch//eos/opendata/cms/Run2016H/HTMHT/NANOAOD/UL2016_MiniAODv2_NanoAODv9-v1/70000/5BDF3E9F-DBB6-E042-BE42-64F33CFF66E3.root
[277/1254] root://eospublic.cern.ch//eos/opendata/cms/Run2016H/HTMHT/NANOAOD/UL2016_MiniAODv2_NanoAODv9-v1/70000/8E0BAAFC-D279-CB45-8942-B19281589C1D.root
[278/1254] root://eospublic.cern.ch//eos/opendata/cms/Run2016H/HTMHT/NANOAOD/UL2016_MiniAODv2_NanoAODv9-v1/70000/A9AAFC04-D6B2-284A-90D7-02499149FB77.root
[279/1254] root://eospublic.cern.ch//eos/opendata/cms/Run2016H/HTMHT/NANOAOD/UL2016_MiniAODv2_NanoAODv9-v1/70000/B1EFD193-A76E-5046-899E-2863EA05B3C9.root
[280/1254] root://eospublic.cern.ch//eos/opendata/cms/Run2016H/HTMHT/NANOAOD/UL2016_MiniAODv2_NanoAODv9-v1/70000/B8A08191-A3CE-004A-9193-FE0407437A7D.root
[281/1254] root://eospublic.cern.ch//eos/opendata/cms/Run2016H/HTMHT/NANOAOD/UL2016_MiniAODv2_NanoAODv9-v1/70000/BAC4D4A0-DA37-BF41-8256-171A49A21679.root
[282/1254] root://eospublic.cern.ch//eos/opendata/cms/Run2016H/HTMHT/NANOAOD/UL2016_MiniAODv2_NanoAODv9-v1/70000/C1D25093-DEE6-7640-B19B-23448C69FA46.root
[283/1254] root://eospublic.cern.ch//eos/opendata/cms/Run2016H/HTMHT/NANOAOD/UL2016_MiniAODv2_NanoAODv9-v1/70000/CD04BA40-1288-514B-A3C2-BBFCA3E70776.root
[284/1254] root://eospublic.cern.ch//eos/opendata/cms/Run2016H/HTMHT/NANOAOD/UL2016_MiniAODv2_NanoAODv9-v1/70000/D0320D08-0DBB-2443-A2DD-151FCD783B6D.root
[285/1254] root://eospublic.cern.ch//eos/opendata/cms/Run2016H/HTMHT/NANOAOD/UL2016_MiniAODv2_NanoAODv9-v1/70000/D88D0785-674C-2D41-9D49-EFD2DDA435EF.root
[286/1254] root://eospublic.cern.ch//eos/opendata/cms/Run2016H/HTMHT/NANOAOD/UL2016_MiniAODv2_NanoAODv9-v1/70000/E3C51F8C-2E8F-E043-A43D-2070B41EF21E.root
[287/1254] root://eospublic.cern.ch//eos/opendata/cms/Run2016H/HTMHT/NANOAOD/UL2016_MiniAODv2_NanoAODv9-v1/70000/E5E9AFFC-3EC1-764A-A5AA-17136D16B9B1.root
[288/1254] root://eospublic.cern.ch//eos/opendata/cms/Run2016H/HTMHT/NANOAOD/UL2016_MiniAODv2_NanoAODv9-v1/70000/E6949CB5-3DFF-B845-AF76-93C40B90D776.root
[289/1254] root://eospublic.cern.ch//eos/opendata/cms/Run2016H/HTMHT/NANOAOD/UL2016_MiniAODv2_NanoAODv9-v1/70000/FD6EBC44-C7F0-D247-8440-7081027AE78C.root
[290/1254] root://eospublic.cern.ch//eos/opendata/cms/Run2016H/JetHT/NANOAOD/UL2016_MiniAODv2_NanoAODv9-v1/130000/0290F73B-A51C-A441-AEC1-8429F9CC8AA8.root
[291/1254] root://eospublic.cern.ch//eos/opendata/cms/Run2016H/JetHT/NANOAOD/UL2016_MiniAODv2_NanoAODv9-v1/70000/04C42801-398B-2746-8D3E-2EDCEE1DB523.root
[292/1254] root://eospublic.cern.ch//eos/opendata/cms/Run2016H/JetHT/NANOAOD/UL2016_MiniAODv2_NanoAODv9-v1/130000/06A09125-0C33-E443-999A-B7F34EE9F3EA.root
[293/1254] root://eospublic.cern.ch//eos/opendata/cms/Run2016H/JetHT/NANOAOD/UL2016_MiniAODv2_NanoAODv9-v1/130000/06E32D6A-F2FF-3E4A-A835-A09519142697.root
[294/1254] root://eospublic.cern.ch//eos/opendata/cms/Run2016H/JetHT/NANOAOD/UL2016_MiniAODv2_NanoAODv9-v1/130000/0DF8EC02-D1DD-3046-9E84-D12D40E8525A.root
[295/1254] root://eospublic.cern.ch//eos/opendata/cms/Run2016H/JetHT/NANOAOD/UL2016_MiniAODv2_NanoAODv9-v1/70000/0F7B0B9E-C61A-D549-A59F-B6478C786D94.root
[296/1254] root://eospublic.cern.ch//eos/opendata/cms/Run2016H/JetHT/NANOAOD/UL2016_MiniAODv2_NanoAODv9-v1/130000/15F0CB19-A5B1-F54A-8FE0-70D6B1625452.root
[297/1254] root://eospublic.cern.ch//eos/opendata/cms/Run2016H/JetHT/NANOAOD/UL2016_MiniAODv2_NanoAODv9-v1/130000/1854E8D3-B29F-064D-BEF5-F69E755E17CE.root
[298/1254] root://eospublic.cern.ch//eos/opendata/cms/Run2016H/JetHT/NANOAOD/UL2016_MiniAODv2_NanoAODv9-v1/130000/1C9E31AA-BECF-DE4C-915B-E298D0DBC425.root
[299/1254] root://eospublic.cern.ch//eos/opendata/cms/Run2016H/JetHT/NANOAOD/UL2016_MiniAODv2_NanoAODv9-v1/70000/1CD54B78-99CC-7C4F-A89C-7A9103D28135.root
[300/1254] root://eospublic.cern.ch//eos/opendata/cms/Run2016H/JetHT/NANOAOD/UL2016_MiniAODv2_NanoAODv9-v1/130000/1EC3B047-9CA4-E54D-8837-BD063C3E9AFD.root
[301/1254] root://eospublic.cern.ch//eos/opendata/cms/Run2016H/JetHT/NANOAOD/UL2016_MiniAODv2_NanoAODv9-v1/70000/20E71A33-C846-AA47-B5C2-7AAC5574AD7E.root
[302/1254] root://eospublic.cern.ch//eos/opendata/cms/Run2016H/JetHT/NANOAOD/UL2016_MiniAODv2_NanoAODv9-v1/130000/29BA5326-3C7D-F543-AB1C-C1D200696ACF.root
[303/1254] root://eospublic.cern.ch//eos/opendata/cms/Run2016H/JetHT/NANOAOD/UL2016_MiniAODv2_NanoAODv9-v1/130000/2CC82454-01CF-494B-825E-C0C5D5E452CD.root
[304/1254] root://eospublic.cern.ch//eos/opendata/cms/Run2016H/JetHT/NANOAOD/UL2016_MiniAODv2_NanoAODv9-v1/70000/2D96AD66-F631-BE45-9791-BBABF8A640B7.root
[305/1254] root://eospublic.cern.ch//eos/opendata/cms/Run2016H/JetHT/NANOAOD/UL2016_MiniAODv2_NanoAODv9-v1/130000/30396847-AEAC-8148-A761-79BC0AD2F1F8.root
[306/1254] root://eospublic.cern.ch//eos/opendata/cms/Run2016H/JetHT/NANOAOD/UL2016_MiniAODv2_NanoAODv9-v1/130000/309C3921-6FC0-514D-A107-C068D2AA05B0.root
[307/1254] root://eospublic.cern.ch//eos/opendata/cms/Run2016H/JetHT/NANOAOD/UL2016_MiniAODv2_NanoAODv9-v1/130000/35725A1A-1FB0-0D40-AF8F-0D35A465962B.root
[308/1254] root://eospublic.cern.ch//eos/opendata/cms/Run2016H/JetHT/NANOAOD/UL2016_MiniAODv2_NanoAODv9-v1/70000/38261343-42EC-9048-BCBE-CCB2F3495432.root
[309/1254] root://eospublic.cern.ch//eos/opendata/cms/Run2016H/JetHT/NANOAOD/UL2016_MiniAODv2_NanoAODv9-v1/70000/3A5C6033-D330-1A47-9A40-103C6BD2A0DA.root
[310/1254] root://eospublic.cern.ch//eos/opendata/cms/Run2016H/JetHT/NANOAOD/UL2016_MiniAODv2_NanoAODv9-v1/130000/3ED6921A-6AAE-AB48-B979-D3B12FBE032A.root
[311/1254] root://eospublic.cern.ch//eos/opendata/cms/Run2016H/JetHT/NANOAOD/UL2016_MiniAODv2_NanoAODv9-v1/70000/3FB02BB9-DE74-AC48-B90A-44F69624BBD1.root
[312/1254] root://eospublic.cern.ch//eos/opendata/cms/Run2016H/JetHT/NANOAOD/UL2016_MiniAODv2_NanoAODv9-v1/130000/42FD9F80-A8FC-9340-A37B-2625360B08DD.root
[313/1254] root://eospublic.cern.ch//eos/opendata/cms/Run2016H/JetHT/NANOAOD/UL2016_MiniAODv2_NanoAODv9-v1/130000/450865C3-AB91-5844-8B0C-F21699C3B27B.root
[314/1254] root://eospublic.cern.ch//eos/opendata/cms/Run2016H/JetHT/NANOAOD/UL2016_MiniAODv2_NanoAODv9-v1/130000/4570040E-9903-D44C-820D-B49A02D8303C.root
[315/1254] root://eospublic.cern.ch//eos/opendata/cms/Run2016H/JetHT/NANOAOD/UL2016_MiniAODv2_NanoAODv9-v1/130000/4B42C893-C9F8-CC4A-8185-683163215D2E.root
[316/1254] root://eospublic.cern.ch//eos/opendata/cms/Run2016H/JetHT/NANOAOD/UL2016_MiniAODv2_NanoAODv9-v1/130000/4DD82504-699B-AC4D-8D6B-CD59DA61EE02.root
[317/1254] root://eospublic.cern.ch//eos/opendata/cms/Run2016H/JetHT/NANOAOD/UL2016_MiniAODv2_NanoAODv9-v1/130000/5333AD79-410D-704B-80C3-71928B72660D.root
[318/1254] root://eospublic.cern.ch//eos/opendata/cms/Run2016H/JetHT/NANOAOD/UL2016_MiniAODv2_NanoAODv9-v1/130000/5515EE7C-9438-6647-BEA6-90ACC7BEF59D.root
[319/1254] root://eospublic.cern.ch//eos/opendata/cms/Run2016H/JetHT/NANOAOD/UL2016_MiniAODv2_NanoAODv9-v1/70000/565DA615-3534-EA4C-90CD-D5162BE94D82.root
[320/1254] root://eospublic.cern.ch//eos/opendata/cms/Run2016H/JetHT/NANOAOD/UL2016_MiniAODv2_NanoAODv9-v1/130000/591CA3D1-02A6-9143-BC1C-A90E9DC57E7A.root
[321/1254] root://eospublic.cern.ch//eos/opendata/cms/Run2016H/JetHT/NANOAOD/UL2016_MiniAODv2_NanoAODv9-v1/130000/61D13DC9-20AB-7B4E-9517-AADF66C61900.root
[322/1254] root://eospublic.cern.ch//eos/opendata/cms/Run2016H/JetHT/NANOAOD/UL2016_MiniAODv2_NanoAODv9-v1/130000/62BC24B2-D530-E245-AE20-3F33495CF6DB.root
[323/1254] root://eospublic.cern.ch//eos/opendata/cms/Run2016H/JetHT/NANOAOD/UL2016_MiniAODv2_NanoAODv9-v1/130000/63C8BEB2-29AE-B64D-82DC-553A4E444547.root
[324/1254] root://eospublic.cern.ch//eos/opendata/cms/Run2016H/JetHT/NANOAOD/UL2016_MiniAODv2_NanoAODv9-v1/130000/72A17A39-18AC-5645-B715-DE98C0AA3D69.root
[325/1254] root://eospublic.cern.ch//eos/opendata/cms/Run2016H/JetHT/NANOAOD/UL2016_MiniAODv2_NanoAODv9-v1/70000/750A62EC-5B17-CE41-8E62-AE16744AF92F.root
[326/1254] root://eospublic.cern.ch//eos/opendata/cms/Run2016H/JetHT/NANOAOD/UL2016_MiniAODv2_NanoAODv9-v1/130000/7949D755-61F6-BC4B-92DA-BA0BAE362E42.root
[327/1254] root://eospublic.cern.ch//eos/opendata/cms/Run2016H/JetHT/NANOAOD/UL2016_MiniAODv2_NanoAODv9-v1/70000/7B8F1E06-17C4-714F-BDF1-0C1E6ED14B9D.root
[328/1254] root://eospublic.cern.ch//eos/opendata/cms/Run2016H/JetHT/NANOAOD/UL2016_MiniAODv2_NanoAODv9-v1/130000/824566DD-78AB-244D-82E4-E2942B439D77.root
[329/1254] root://eospublic.cern.ch//eos/opendata/cms/Run2016H/JetHT/NANOAOD/UL2016_MiniAODv2_NanoAODv9-v1/130000/877B9D74-92FD-4E46-8024-F315CF37C8E2.root
[330/1254] root://eospublic.cern.ch//eos/opendata/cms/Run2016H/JetHT/NANOAOD/UL2016_MiniAODv2_NanoAODv9-v1/70000/8F8B8BE3-373A-FC4C-AB8F-3B30A3648FE1.root
[331/1254] root://eospublic.cern.ch//eos/opendata/cms/Run2016H/JetHT/NANOAOD/UL2016_MiniAODv2_NanoAODv9-v1/130000/9159ED4D-36A3-1844-80E6-BCBF93B0EB76.root
[332/1254] root://eospublic.cern.ch//eos/opendata/cms/Run2016H/JetHT/NANOAOD/UL2016_MiniAODv2_NanoAODv9-v1/130000/933DD99E-EE39-974E-89B7-C4549F23FB8B.root
[333/1254] root://eospublic.cern.ch//eos/opendata/cms/Run2016H/JetHT/NANOAOD/UL2016_MiniAODv2_NanoAODv9-v1/130000/A20065E0-1184-8A4A-BC82-573B42BD67CA.root
[334/1254] root://eospublic.cern.ch//eos/opendata/cms/Run2016H/JetHT/NANOAOD/UL2016_MiniAODv2_NanoAODv9-v1/130000/A4996F82-171D-2B4F-8301-2AA6B2140234.root
[335/1254] root://eospublic.cern.ch//eos/opendata/cms/Run2016H/JetHT/NANOAOD/UL2016_MiniAODv2_NanoAODv9-v1/130000/ACAA748A-B023-D941-BBA4-4F3A1F01B27A.root
[336/1254] root://eospublic.cern.ch//eos/opendata/cms/Run2016H/JetHT/NANOAOD/UL2016_MiniAODv2_NanoAODv9-v1/70000/ACB64189-FF5A-2842-BC31-AA2EAF9E83D7.root
[337/1254] root://eospublic.cern.ch//eos/opendata/cms/Run2016H/JetHT/NANOAOD/UL2016_MiniAODv2_NanoAODv9-v1/130000/AF3B0AEF-0898-3A45-A64D-B8F83323BDD8.root
[338/1254] root://eospublic.cern.ch//eos/opendata/cms/Run2016H/JetHT/NANOAOD/UL2016_MiniAODv2_NanoAODv9-v1/130000/B4DDBA3F-9D98-494D-87D9-0FCCA43801CD.root
[339/1254] root://eospublic.cern.ch//eos/opendata/cms/Run2016H/JetHT/NANOAOD/UL2016_MiniAODv2_NanoAODv9-v1/130000/B59FE5FA-AC78-4F4F-8BC9-78DC627EC9F8.root
[340/1254] root://eospublic.cern.ch//eos/opendata/cms/Run2016H/JetHT/NANOAOD/UL2016_MiniAODv2_NanoAODv9-v1/130000/B667E7A7-3411-A944-BD4E-DAE6D0A2ECEF.root
[341/1254] root://eospublic.cern.ch//eos/opendata/cms/Run2016H/JetHT/NANOAOD/UL2016_MiniAODv2_NanoAODv9-v1/130000/B83AD743-BE8F-5C47-8428-F9DD1754696C.root
[342/1254] root://eospublic.cern.ch//eos/opendata/cms/Run2016H/JetHT/NANOAOD/UL2016_MiniAODv2_NanoAODv9-v1/130000/B88AC6C4-2AC4-2442-8A0A-D0E986D00C55.root
[343/1254] root://eospublic.cern.ch//eos/opendata/cms/Run2016H/JetHT/NANOAOD/UL2016_MiniAODv2_NanoAODv9-v1/70000/C05051D5-9CEC-544E-B851-058CB40F5392.root
[344/1254] root://eospublic.cern.ch//eos/opendata/cms/Run2016H/JetHT/NANOAOD/UL2016_MiniAODv2_NanoAODv9-v1/130000/C33BC7EA-249C-8A4B-8E0A-C0727113AAC0.root
[345/1254] root://eospublic.cern.ch//eos/opendata/cms/Run2016H/JetHT/NANOAOD/UL2016_MiniAODv2_NanoAODv9-v1/130000/C3C35D40-5D97-4E45-B9A1-4D77F0F0C367.root
[346/1254] root://eospublic.cern.ch//eos/opendata/cms/Run2016H/JetHT/NANOAOD/UL2016_MiniAODv2_NanoAODv9-v1/130000/C83D9857-9399-3648-B26A-B79CEC10B1BC.root
[347/1254] root://eospublic.cern.ch//eos/opendata/cms/Run2016H/JetHT/NANOAOD/UL2016_MiniAODv2_NanoAODv9-v1/70000/D0729E7E-015F-3F43-AF6B-88952ADCE58A.root
[348/1254] root://eospublic.cern.ch//eos/opendata/cms/Run2016H/JetHT/NANOAOD/UL2016_MiniAODv2_NanoAODv9-v1/130000/D3D1FCF1-1983-FA46-9A1B-53AED2B8B8DD.root
[349/1254] root://eospublic.cern.ch//eos/opendata/cms/Run2016H/JetHT/NANOAOD/UL2016_MiniAODv2_NanoAODv9-v1/70000/D5A8A2E5-27F3-5A49-9BEF-8F032DD8A5EE.root
[350/1254] root://eospublic.cern.ch//eos/opendata/cms/Run2016H/JetHT/NANOAOD/UL2016_MiniAODv2_NanoAODv9-v1/130000/D8DB7DF1-EF40-BA40-AF21-1E01A783B4AA.root
[351/1254] root://eospublic.cern.ch//eos/opendata/cms/Run2016H/JetHT/NANOAOD/UL2016_MiniAODv2_NanoAODv9-v1/130000/E3AF9790-AC13-3643-8CFC-0ECCF73F3905.root
[352/1254] root://eospublic.cern.ch//eos/opendata/cms/Run2016H/JetHT/NANOAOD/UL2016_MiniAODv2_NanoAODv9-v1/130000/E51E59C7-1C12-7144-8B0C-0CB499E2C7B9.root
[353/1254] root://eospublic.cern.ch//eos/opendata/cms/Run2016H/JetHT/NANOAOD/UL2016_MiniAODv2_NanoAODv9-v1/70000/E545F167-3D22-7B4D-ABE5-01F5AA64854F.root
[354/1254] root://eospublic.cern.ch//eos/opendata/cms/Run2016H/JetHT/NANOAOD/UL2016_MiniAODv2_NanoAODv9-v1/70000/E653A3D9-5C7B-F840-9C3F-EB4BF449CE17.root
[355/1254] root://eospublic.cern.ch//eos/opendata/cms/Run2016H/JetHT/NANOAOD/UL2016_MiniAODv2_NanoAODv9-v1/130000/E66CBBD0-7DD3-A143-9D45-DFB2445FAD42.root
[356/1254] root://eospublic.cern.ch//eos/opendata/cms/Run2016H/JetHT/NANOAOD/UL2016_MiniAODv2_NanoAODv9-v1/70000/ED6CE877-3464-5D4E-8FBB-897789FF6600.root
[357/1254] root://eospublic.cern.ch//eos/opendata/cms/Run2016H/JetHT/NANOAOD/UL2016_MiniAODv2_NanoAODv9-v1/130000/EF6B1D8A-697C-094A-8F67-3F87FAA01237.root
[358/1254] root://eospublic.cern.ch//eos/opendata/cms/Run2016H/JetHT/NANOAOD/UL2016_MiniAODv2_NanoAODv9-v1/70000/EFD7B1BD-64D0-EB43-BCBA-5415DE0FB5CB.root
[359/1254] root://eospublic.cern.ch//eos/opendata/cms/Run2016H/JetHT/NANOAOD/UL2016_MiniAODv2_NanoAODv9-v1/130000/F8B39E45-4223-0E43-97AD-2A17B747049D.root
[360/1254] root://eospublic.cern.ch//eos/opendata/cms/Run2016H/JetHT/NANOAOD/UL2016_MiniAODv2_NanoAODv9-v1/130000/FA85F214-979F-ED44-A8F8-B363C31E63A9.root
[361/1254] root://eospublic.cern.ch//eos/opendata/cms/Run2016H/JetHT/NANOAOD/UL2016_MiniAODv2_NanoAODv9-v1/130000/FC0D8E5B-8D34-5E46-96A9-A468133A1C1E.root
[362/1254] root://eospublic.cern.ch//eos/opendata/cms/Run2016H/MET/NANOAOD/UL2016_MiniAODv2_NanoAODv9-v1/70000/067468CF-34A9-074B-9DFD-FC2169DCD92D.root
[363/1254] root://eospublic.cern.ch//eos/opendata/cms/Run2016H/MET/NANOAOD/UL2016_MiniAODv2_NanoAODv9-v1/70000/0FA6923F-953C-994F-A582-3E802C8E8684.root
[364/1254] root://eospublic.cern.ch//eos/opendata/cms/Run2016H/MET/NANOAOD/UL2016_MiniAODv2_NanoAODv9-v1/70000/12EDD013-E22A-F94B-B133-5102325114B5.root
[365/1254] root://eospublic.cern.ch//eos/opendata/cms/Run2016H/MET/NANOAOD/UL2016_MiniAODv2_NanoAODv9-v1/120000/16D21B45-0388-FF40-8872-B398D762F652.root
[366/1254] root://eospublic.cern.ch//eos/opendata/cms/Run2016H/MET/NANOAOD/UL2016_MiniAODv2_NanoAODv9-v1/70000/1A4206E9-6196-7D4A-AE73-259F1A2626F2.root
[367/1254] root://eospublic.cern.ch//eos/opendata/cms/Run2016H/MET/NANOAOD/UL2016_MiniAODv2_NanoAODv9-v1/280000/1C037D8D-2092-2448-81A4-BE32B05BFB45.root
[368/1254] root://eospublic.cern.ch//eos/opendata/cms/Run2016H/MET/NANOAOD/UL2016_MiniAODv2_NanoAODv9-v1/70000/2C234794-1878-C346-816F-4784E317F724.root
[369/1254] root://eospublic.cern.ch//eos/opendata/cms/Run2016H/MET/NANOAOD/UL2016_MiniAODv2_NanoAODv9-v1/120000/2F8F8158-EA07-8941-A37E-667E096ADD52.root
[370/1254] root://eospublic.cern.ch//eos/opendata/cms/Run2016H/MET/NANOAOD/UL2016_MiniAODv2_NanoAODv9-v1/70000/31CDC5DA-7D54-9E47-A9DF-BFCC9E234DE6.root
[371/1254] root://eospublic.cern.ch//eos/opendata/cms/Run2016H/MET/NANOAOD/UL2016_MiniAODv2_NanoAODv9-v1/70000/38CF021F-30E8-944C-83E8-340150ABED49.root
[372/1254] root://eospublic.cern.ch//eos/opendata/cms/Run2016H/MET/NANOAOD/UL2016_MiniAODv2_NanoAODv9-v1/280000/3CAC8B62-13F2-184C-B88E-01BD3BBE812C.root
[373/1254] root://eospublic.cern.ch//eos/opendata/cms/Run2016H/MET/NANOAOD/UL2016_MiniAODv2_NanoAODv9-v1/70000/3F5352D0-5ADC-874E-B374-35F8511A6EC0.root
[374/1254] root://eospublic.cern.ch//eos/opendata/cms/Run2016H/MET/NANOAOD/UL2016_MiniAODv2_NanoAODv9-v1/70000/4E629771-D94F-5A4C-B823-638CE23ECE2B.root
[375/1254] root://eospublic.cern.ch//eos/opendata/cms/Run2016H/MET/NANOAOD/UL2016_MiniAODv2_NanoAODv9-v1/120000/50BD6B95-B1F7-2B47-832F-4DE7F49D0D5C.root
[376/1254] root://eospublic.cern.ch//eos/opendata/cms/Run2016H/MET/NANOAOD/UL2016_MiniAODv2_NanoAODv9-v1/70000/52F8A7F3-6F0A-6C40-AAAB-399D4220213F.root
[377/1254] root://eospublic.cern.ch//eos/opendata/cms/Run2016H/MET/NANOAOD/UL2016_MiniAODv2_NanoAODv9-v1/120000/5F1C5DD5-A4DD-4D46-A97D-6A5B987FA8A9.root
[378/1254] root://eospublic.cern.ch//eos/opendata/cms/Run2016H/MET/NANOAOD/UL2016_MiniAODv2_NanoAODv9-v1/70000/7A2376C1-845E-8244-89F1-87879BCE9E8F.root
[379/1254] root://eospublic.cern.ch//eos/opendata/cms/Run2016H/MET/NANOAOD/UL2016_MiniAODv2_NanoAODv9-v1/70000/7AF17841-CB77-6E4D-A6E7-42529320DFFF.root
[380/1254] root://eospublic.cern.ch//eos/opendata/cms/Run2016H/MET/NANOAOD/UL2016_MiniAODv2_NanoAODv9-v1/70000/933D24FE-4BCD-3045-AD15-1977310BC953.root
[381/1254] root://eospublic.cern.ch//eos/opendata/cms/Run2016H/MET/NANOAOD/UL2016_MiniAODv2_NanoAODv9-v1/70000/9E17CDB0-59D0-CD48-8D05-81CD9F59F457.root
[382/1254] root://eospublic.cern.ch//eos/opendata/cms/Run2016H/MET/NANOAOD/UL2016_MiniAODv2_NanoAODv9-v1/70000/A313CD9B-864E-334C-B6DE-192DBE6F889C.root
[383/1254] root://eospublic.cern.ch//eos/opendata/cms/Run2016H/MET/NANOAOD/UL2016_MiniAODv2_NanoAODv9-v1/70000/C236EE57-C505-4749-A781-996F90FB4C98.root
[384/1254] root://eospublic.cern.ch//eos/opendata/cms/Run2016H/MET/NANOAOD/UL2016_MiniAODv2_NanoAODv9-v1/70000/C42412D7-7FA8-FA44-B636-9DDB703D1559.root
[385/1254] root://eospublic.cern.ch//eos/opendata/cms/Run2016H/MET/NANOAOD/UL2016_MiniAODv2_NanoAODv9-v1/280000/C6108E30-026E-EB4D-8326-88A49C5E277B.root
[386/1254] root://eospublic.cern.ch//eos/opendata/cms/Run2016H/MET/NANOAOD/UL2016_MiniAODv2_NanoAODv9-v1/70000/D00D290E-BAF2-F540-8891-6C1E35AFE6ED.root
[387/1254] root://eospublic.cern.ch//eos/opendata/cms/Run2016H/MET/NANOAOD/UL2016_MiniAODv2_NanoAODv9-v1/120000/D30D02C2-C90F-2C4F-9541-D07EC52F79C9.root
[388/1254] root://eospublic.cern.ch//eos/opendata/cms/Run2016H/MET/NANOAOD/UL2016_MiniAODv2_NanoAODv9-v1/70000/D53F3A82-32F2-2C46-B4C3-FD95042ED7DB.root
[389/1254] root://eospublic.cern.ch//eos/opendata/cms/Run2016H/MET/NANOAOD/UL2016_MiniAODv2_NanoAODv9-v1/70000/DDC71FF5-7777-6848-B8BB-AFFA9E049F26.root
[390/1254] root://eospublic.cern.ch//eos/opendata/cms/Run2016H/MET/NANOAOD/UL2016_MiniAODv2_NanoAODv9-v1/280000/DEFF16E2-EA65-674C-AD6D-146DCD2FE776.root
[391/1254] root://eospublic.cern.ch//eos/opendata/cms/Run2016H/MET/NANOAOD/UL2016_MiniAODv2_NanoAODv9-v1/120000/DFE14C99-E541-7845-8492-714D4F657B15.root
[392/1254] root://eospublic.cern.ch//eos/opendata/cms/Run2016H/MET/NANOAOD/UL2016_MiniAODv2_NanoAODv9-v1/120000/E9959B82-5EBA-9E40-87F1-59632DBDF570.root
[393/1254] root://eospublic.cern.ch//eos/opendata/cms/Run2016H/MET/NANOAOD/UL2016_MiniAODv2_NanoAODv9-v1/70000/EEFFDC8A-F1A3-3A4D-BF9B-43406F3C81ED.root
[394/1254] root://eospublic.cern.ch//eos/opendata/cms/Run2016H/MuOnia/NANOAOD/UL2016_MiniAODv2_NanoAODv9-v1/100000/0AB09F5D-121F-9443-87C8-3B69FAF1D99E.root
[395/1254] root://eospublic.cern.ch//eos/opendata/cms/Run2016H/MuOnia/NANOAOD/UL2016_MiniAODv2_NanoAODv9-v1/100000/0B1BDDF5-0534-C246-939A-4280339E94AE.root
[396/1254] root://eospublic.cern.ch//eos/opendata/cms/Run2016H/MuOnia/NANOAOD/UL2016_MiniAODv2_NanoAODv9-v1/100000/0F91B276-2A16-6046-9726-672E14D0B5C4.root
[397/1254] root://eospublic.cern.ch//eos/opendata/cms/Run2016H/MuOnia/NANOAOD/UL2016_MiniAODv2_NanoAODv9-v1/100000/122E8C64-F8B9-7043-B260-1F3EF8988F9D.root
[398/1254] root://eospublic.cern.ch//eos/opendata/cms/Run2016H/MuOnia/NANOAOD/UL2016_MiniAODv2_NanoAODv9-v1/100000/18530C3E-A0A2-6641-B816-434F02E2D628.root
[399/1254] root://eospublic.cern.ch//eos/opendata/cms/Run2016H/MuOnia/NANOAOD/UL2016_MiniAODv2_NanoAODv9-v1/100000/2B5569CA-A5AB-2A45-AB12-454977459D5A.root
[400/1254] root://eospublic.cern.ch//eos/opendata/cms/Run2016H/MuOnia/NANOAOD/UL2016_MiniAODv2_NanoAODv9-v1/100000/3109DC18-F114-AF4D-93D2-40638EC21D03.root
[401/1254] root://eospublic.cern.ch//eos/opendata/cms/Run2016H/MuOnia/NANOAOD/UL2016_MiniAODv2_NanoAODv9-v1/100000/36B7E36E-0A69-3849-B993-4EA89F356AD8.root
[402/1254] root://eospublic.cern.ch//eos/opendata/cms/Run2016H/MuOnia/NANOAOD/UL2016_MiniAODv2_NanoAODv9-v1/100000/590AA1C0-D11F-E54E-8751-9D18F5FA1D13.root
[403/1254] root://eospublic.cern.ch//eos/opendata/cms/Run2016H/MuOnia/NANOAOD/UL2016_MiniAODv2_NanoAODv9-v1/100000/6C0FB6F9-5A58-9246-A1B3-96B31D2BD855.root
[404/1254] root://eospublic.cern.ch//eos/opendata/cms/Run2016H/MuOnia/NANOAOD/UL2016_MiniAODv2_NanoAODv9-v1/100000/6F3D6DBE-E88D-6741-B829-F6270C79707F.root
[405/1254] root://eospublic.cern.ch//eos/opendata/cms/Run2016H/MuOnia/NANOAOD/UL2016_MiniAODv2_NanoAODv9-v1/100000/8950C9EC-6DB4-D444-91CC-3FB924C87D21.root
[406/1254] root://eospublic.cern.ch//eos/opendata/cms/Run2016H/MuOnia/NANOAOD/UL2016_MiniAODv2_NanoAODv9-v1/100000/97C8B9CE-6266-D549-889F-17DD158B5089.root
[407/1254] root://eospublic.cern.ch//eos/opendata/cms/Run2016H/MuOnia/NANOAOD/UL2016_MiniAODv2_NanoAODv9-v1/100000/A65D7B11-0F1B-3041-947C-E65758D302B4.root
[408/1254] root://eospublic.cern.ch//eos/opendata/cms/Run2016H/MuOnia/NANOAOD/UL2016_MiniAODv2_NanoAODv9-v1/100000/A7A0208B-C192-9748-AB21-66ED7782A460.root
[409/1254] root://eospublic.cern.ch//eos/opendata/cms/Run2016H/MuOnia/NANOAOD/UL2016_MiniAODv2_NanoAODv9-v1/100000/C1B3822C-67D1-4340-B245-C043159403AF.root
[410/1254] root://eospublic.cern.ch//eos/opendata/cms/Run2016H/MuOnia/NANOAOD/UL2016_MiniAODv2_NanoAODv9-v1/100000/C7B108F9-F3DE-3C41-A838-3978BD375BC7.root
[411/1254] root://eospublic.cern.ch//eos/opendata/cms/Run2016H/MuOnia/NANOAOD/UL2016_MiniAODv2_NanoAODv9-v1/100000/D4A9AE3E-8543-B747-905F-88F502E06B2F.root
[412/1254] root://eospublic.cern.ch//eos/opendata/cms/Run2016H/MuOnia/NANOAOD/UL2016_MiniAODv2_NanoAODv9-v1/100000/D4F1C68E-8DEB-414A-B3D0-B35E59C2CB4F.root
[413/1254] root://eospublic.cern.ch//eos/opendata/cms/Run2016H/MuOnia/NANOAOD/UL2016_MiniAODv2_NanoAODv9-v1/100000/ECAAE97D-FED4-E54D-9F4E-C6514968D634.root
[414/1254] root://eospublic.cern.ch//eos/opendata/cms/Run2016H/MuOnia/NANOAOD/UL2016_MiniAODv2_NanoAODv9-v1/100000/F12CDEB1-541A-494C-9A6A-4CFFC05EE879.root
[415/1254] root://eospublic.cern.ch//eos/opendata/cms/Run2016H/MuOnia/NANOAOD/UL2016_MiniAODv2_NanoAODv9-v1/100000/FB9CFD5C-DF60-964F-9E65-3D2987DF0F2A.root
[416/1254] root://eospublic.cern.ch//eos/opendata/cms/Run2016H/MuonEG/NANOAOD/UL2016_MiniAODv2_NanoAODv9-v1/130000/0E3D51CB-3B75-974F-B868-0E2ABA272073.root
[417/1254] root://eospublic.cern.ch//eos/opendata/cms/Run2016H/MuonEG/NANOAOD/UL2016_MiniAODv2_NanoAODv9-v1/70000/31C7E1B3-462B-7C41-8B5C-C22A3770E57C.root
[418/1254] root://eospublic.cern.ch//eos/opendata/cms/Run2016H/MuonEG/NANOAOD/UL2016_MiniAODv2_NanoAODv9-v1/280000/36BC5C7A-B9C9-B046-8FDD-4F07105079B9.root
[419/1254] root://eospublic.cern.ch//eos/opendata/cms/Run2016H/MuonEG/NANOAOD/UL2016_MiniAODv2_NanoAODv9-v1/130000/376E1443-7057-8343-8D26-19B7A4738DBF.root
[420/1254] root://eospublic.cern.ch//eos/opendata/cms/Run2016H/MuonEG/NANOAOD/UL2016_MiniAODv2_NanoAODv9-v1/70000/39C715C2-9762-F241-B92B-EEBB144215ED.root
[421/1254] root://eospublic.cern.ch//eos/opendata/cms/Run2016H/MuonEG/NANOAOD/UL2016_MiniAODv2_NanoAODv9-v1/130000/44ACDBDB-29A1-994F-B821-D6693C71ABB2.root
[422/1254] root://eospublic.cern.ch//eos/opendata/cms/Run2016H/MuonEG/NANOAOD/UL2016_MiniAODv2_NanoAODv9-v1/130000/68511BF8-FFFC-514B-99C5-1CB3412BD2A0.root
[423/1254] root://eospublic.cern.ch//eos/opendata/cms/Run2016H/MuonEG/NANOAOD/UL2016_MiniAODv2_NanoAODv9-v1/280000/7C3917D1-D86C-B147-9252-46DA98701BDA.root
[424/1254] root://eospublic.cern.ch//eos/opendata/cms/Run2016H/MuonEG/NANOAOD/UL2016_MiniAODv2_NanoAODv9-v1/280000/7D136565-EF3A-9D4E-BCCC-FE7CFCCE160E.root
[425/1254] root://eospublic.cern.ch//eos/opendata/cms/Run2016H/MuonEG/NANOAOD/UL2016_MiniAODv2_NanoAODv9-v1/280000/7E26100C-3905-DD40-9416-E072BC4435C9.root
[426/1254] root://eospublic.cern.ch//eos/opendata/cms/Run2016H/MuonEG/NANOAOD/UL2016_MiniAODv2_NanoAODv9-v1/280000/8B72832E-0FB0-8F46-8E07-443C38940D06.root
[427/1254] root://eospublic.cern.ch//eos/opendata/cms/Run2016H/MuonEG/NANOAOD/UL2016_MiniAODv2_NanoAODv9-v1/280000/8F1BEBF6-5D51-2747-8F0B-743295AC123E.root
[428/1254] root://eospublic.cern.ch//eos/opendata/cms/Run2016H/MuonEG/NANOAOD/UL2016_MiniAODv2_NanoAODv9-v1/70000/934610B3-12B4-3D43-8646-A32259D32633.root
[429/1254] root://eospublic.cern.ch//eos/opendata/cms/Run2016H/MuonEG/NANOAOD/UL2016_MiniAODv2_NanoAODv9-v1/280000/A822CD17-993E-F644-9A6D-69E68C0C2B83.root
[430/1254] root://eospublic.cern.ch//eos/opendata/cms/Run2016H/MuonEG/NANOAOD/UL2016_MiniAODv2_NanoAODv9-v1/280000/AB048B10-E5F3-424C-BE17-88833817500B.root
[431/1254] root://eospublic.cern.ch//eos/opendata/cms/Run2016H/MuonEG/NANOAOD/UL2016_MiniAODv2_NanoAODv9-v1/280000/BBFAFA29-5B00-6448-9DB8-B3103E0777D5.root
[432/1254] root://eospublic.cern.ch//eos/opendata/cms/Run2016H/MuonEG/NANOAOD/UL2016_MiniAODv2_NanoAODv9-v1/280000/E7541429-CA5F-8843-B1D4-3831F0D04520.root
[433/1254] root://eospublic.cern.ch//eos/opendata/cms/Run2016H/MuonEG/NANOAOD/UL2016_MiniAODv2_NanoAODv9-v1/130000/EA4D33D5-30F3-FE4F-A440-23B1710D0F8C.root
[434/1254] root://eospublic.cern.ch//eos/opendata/cms/Run2016H/MuonEG/NANOAOD/UL2016_MiniAODv2_NanoAODv9-v1/70000/F9C9DE55-BF82-C146-A686-212C1731C11C.root
[435/1254] root://eospublic.cern.ch//eos/opendata/cms/Run2016H/SingleElectron/NANOAOD/UL2016_MiniAODv2_NanoAODv9-v1/120000/02A9B576-790A-9141-9762-AA2831FABF58.root
[436/1254] root://eospublic.cern.ch//eos/opendata/cms/Run2016H/SingleElectron/NANOAOD/UL2016_MiniAODv2_NanoAODv9-v1/70000/08695D89-1DCA-9146-B360-E8A9D3E2ED91.root
[437/1254] root://eospublic.cern.ch//eos/opendata/cms/Run2016H/SingleElectron/NANOAOD/UL2016_MiniAODv2_NanoAODv9-v1/270000/0D3360E0-CCE2-3543-A953-620C362B10C2.root
[438/1254] root://eospublic.cern.ch//eos/opendata/cms/Run2016H/SingleElectron/NANOAOD/UL2016_MiniAODv2_NanoAODv9-v1/70000/1498486F-78DC-EB47-88C6-CB9731F2386D.root
[439/1254] root://eospublic.cern.ch//eos/opendata/cms/Run2016H/SingleElectron/NANOAOD/UL2016_MiniAODv2_NanoAODv9-v1/270000/14CCEB5D-D3A7-8F4E-87B2-C05703CAD405.root
[440/1254] root://eospublic.cern.ch//eos/opendata/cms/Run2016H/SingleElectron/NANOAOD/UL2016_MiniAODv2_NanoAODv9-v1/280000/16A9A2A2-DFBF-2E44-8D6C-D69F3FF9CCFD.root
[441/1254] root://eospublic.cern.ch//eos/opendata/cms/Run2016H/SingleElectron/NANOAOD/UL2016_MiniAODv2_NanoAODv9-v1/70000/18541411-4F4B-334B-89B2-FD6E60C5E5B9.root
[442/1254] root://eospublic.cern.ch//eos/opendata/cms/Run2016H/SingleElectron/NANOAOD/UL2016_MiniAODv2_NanoAODv9-v1/270000/19096B97-3AD2-FE45-B316-1991C4634BF7.root
[443/1254] root://eospublic.cern.ch//eos/opendata/cms/Run2016H/SingleElectron/NANOAOD/UL2016_MiniAODv2_NanoAODv9-v1/120000/1B1FC377-5B36-ED46-B468-88AF8A8AF30E.root
[444/1254] root://eospublic.cern.ch//eos/opendata/cms/Run2016H/SingleElectron/NANOAOD/UL2016_MiniAODv2_NanoAODv9-v1/280000/1F403F75-76E0-3C48-BB90-189FF77A17E5.root
[445/1254] root://eospublic.cern.ch//eos/opendata/cms/Run2016H/SingleElectron/NANOAOD/UL2016_MiniAODv2_NanoAODv9-v1/70000/289B7B64-29E7-9C4D-9E2F-9322EDB66A7D.root
[446/1254] root://eospublic.cern.ch//eos/opendata/cms/Run2016H/SingleElectron/NANOAOD/UL2016_MiniAODv2_NanoAODv9-v1/280000/2AB2E3B2-47F0-6142-8F93-6AFDE18B18EA.root
[447/1254] root://eospublic.cern.ch//eos/opendata/cms/Run2016H/SingleElectron/NANOAOD/UL2016_MiniAODv2_NanoAODv9-v1/270000/3668E5C5-1E9A-6849-BA2C-07717C0A2ABA.root
[448/1254] root://eospublic.cern.ch//eos/opendata/cms/Run2016H/SingleElectron/NANOAOD/UL2016_MiniAODv2_NanoAODv9-v1/270000/374C9420-29A1-744C-93D9-9FDC59A6CDC8.root
[449/1254] root://eospublic.cern.ch//eos/opendata/cms/Run2016H/SingleElectron/NANOAOD/UL2016_MiniAODv2_NanoAODv9-v1/70000/38EF97ED-4BD2-9244-B2DF-D5F67A1A1DC6.root
[450/1254] root://eospublic.cern.ch//eos/opendata/cms/Run2016H/SingleElectron/NANOAOD/UL2016_MiniAODv2_NanoAODv9-v1/280000/3998437C-F335-9D49-A58A-D77FAAA88A41.root
[451/1254] root://eospublic.cern.ch//eos/opendata/cms/Run2016H/SingleElectron/NANOAOD/UL2016_MiniAODv2_NanoAODv9-v1/270000/3F6A495C-AC15-8148-8876-FEB0A1A71665.root
[452/1254] root://eospublic.cern.ch//eos/opendata/cms/Run2016H/SingleElectron/NANOAOD/UL2016_MiniAODv2_NanoAODv9-v1/270000/426D6D9F-F08F-5749-AA5D-7B31EEEC67C9.root
[453/1254] root://eospublic.cern.ch//eos/opendata/cms/Run2016H/SingleElectron/NANOAOD/UL2016_MiniAODv2_NanoAODv9-v1/270000/4299B418-248E-E648-A1C9-EC5309A43205.root
[454/1254] root://eospublic.cern.ch//eos/opendata/cms/Run2016H/SingleElectron/NANOAOD/UL2016_MiniAODv2_NanoAODv9-v1/70000/468D599C-03EB-A64B-BC67-89B3B552A31D.root
[455/1254] root://eospublic.cern.ch//eos/opendata/cms/Run2016H/SingleElectron/NANOAOD/UL2016_MiniAODv2_NanoAODv9-v1/70000/471C9C80-BD3B-CF45-BA88-8599C822A8B5.root
[456/1254] root://eospublic.cern.ch//eos/opendata/cms/Run2016H/SingleElectron/NANOAOD/UL2016_MiniAODv2_NanoAODv9-v1/270000/4800493A-3630-054A-A470-6FFE9C7B7EF9.root
[457/1254] root://eospublic.cern.ch//eos/opendata/cms/Run2016H/SingleElectron/NANOAOD/UL2016_MiniAODv2_NanoAODv9-v1/280000/493981A8-92AF-7A41-8BF3-5107039184D1.root
[458/1254] root://eospublic.cern.ch//eos/opendata/cms/Run2016H/SingleElectron/NANOAOD/UL2016_MiniAODv2_NanoAODv9-v1/70000/4AE1DA71-05D5-E044-ACEF-5CAEDF8F0C0B.root
[459/1254] root://eospublic.cern.ch//eos/opendata/cms/Run2016H/SingleElectron/NANOAOD/UL2016_MiniAODv2_NanoAODv9-v1/270000/4F1BF128-FAF9-DD4D-922D-75780BD4D321.root
[460/1254] root://eospublic.cern.ch//eos/opendata/cms/Run2016H/SingleElectron/NANOAOD/UL2016_MiniAODv2_NanoAODv9-v1/70000/51B1401A-433A-5C4D-AB45-75DB4F5A4843.root
[461/1254] root://eospublic.cern.ch//eos/opendata/cms/Run2016H/SingleElectron/NANOAOD/UL2016_MiniAODv2_NanoAODv9-v1/280000/5416D54B-F2A9-7042-8107-2FFE8609DC36.root
[462/1254] root://eospublic.cern.ch//eos/opendata/cms/Run2016H/SingleElectron/NANOAOD/UL2016_MiniAODv2_NanoAODv9-v1/70000/565B1708-EE04-D849-A300-1A6EC9FFB9DC.root
[463/1254] root://eospublic.cern.ch//eos/opendata/cms/Run2016H/SingleElectron/NANOAOD/UL2016_MiniAODv2_NanoAODv9-v1/120000/592F9AD5-7F3F-A64C-A2DD-DA5D4C69CA92.root
[464/1254] root://eospublic.cern.ch//eos/opendata/cms/Run2016H/SingleElectron/NANOAOD/UL2016_MiniAODv2_NanoAODv9-v1/70000/5CC83044-4544-B244-8F48-34900C6B05B8.root
[465/1254] root://eospublic.cern.ch//eos/opendata/cms/Run2016H/SingleElectron/NANOAOD/UL2016_MiniAODv2_NanoAODv9-v1/270000/5CF86C8F-A4D3-AF4E-BB14-F98978D0E0C2.root
[466/1254] root://eospublic.cern.ch//eos/opendata/cms/Run2016H/SingleElectron/NANOAOD/UL2016_MiniAODv2_NanoAODv9-v1/70000/5DDDD6F3-3A7A-5042-B125-1E7293C64CE0.root
[467/1254] root://eospublic.cern.ch//eos/opendata/cms/Run2016H/SingleElectron/NANOAOD/UL2016_MiniAODv2_NanoAODv9-v1/70000/5E8D1B09-FE30-214A-85FB-DC380DFD8A0E.root
[468/1254] root://eospublic.cern.ch//eos/opendata/cms/Run2016H/SingleElectron/NANOAOD/UL2016_MiniAODv2_NanoAODv9-v1/70000/5FF5DFDF-3A06-9449-AC7B-40D1A65ACF6C.root
[469/1254] root://eospublic.cern.ch//eos/opendata/cms/Run2016H/SingleElectron/NANOAOD/UL2016_MiniAODv2_NanoAODv9-v1/270000/636D149E-9B84-8040-A662-62D7323AF84C.root
[470/1254] root://eospublic.cern.ch//eos/opendata/cms/Run2016H/SingleElectron/NANOAOD/UL2016_MiniAODv2_NanoAODv9-v1/280000/6577E09B-FFE6-B44A-B89C-8ABE6DC5245E.root
[471/1254] root://eospublic.cern.ch//eos/opendata/cms/Run2016H/SingleElectron/NANOAOD/UL2016_MiniAODv2_NanoAODv9-v1/270000/6F79B8D8-AB14-9C4F-A3F8-8C3420592E52.root
[472/1254] root://eospublic.cern.ch//eos/opendata/cms/Run2016H/SingleElectron/NANOAOD/UL2016_MiniAODv2_NanoAODv9-v1/70000/6FC85334-058B-FD44-A465-61D337F0F63D.root
[473/1254] root://eospublic.cern.ch//eos/opendata/cms/Run2016H/SingleElectron/NANOAOD/UL2016_MiniAODv2_NanoAODv9-v1/120000/74E71684-C239-D64C-ACC5-DED88659AC42.root
[474/1254] root://eospublic.cern.ch//eos/opendata/cms/Run2016H/SingleElectron/NANOAOD/UL2016_MiniAODv2_NanoAODv9-v1/280000/7FF8956B-8048-1849-B974-0BB3CEB6A950.root
[475/1254] root://eospublic.cern.ch//eos/opendata/cms/Run2016H/SingleElectron/NANOAOD/UL2016_MiniAODv2_NanoAODv9-v1/270000/8211630D-1E4D-3540-B931-9858AC128E1F.root
[476/1254] root://eospublic.cern.ch//eos/opendata/cms/Run2016H/SingleElectron/NANOAOD/UL2016_MiniAODv2_NanoAODv9-v1/280000/832A95C1-777A-C94F-88ED-8DA9DE901754.root
[477/1254] root://eospublic.cern.ch//eos/opendata/cms/Run2016H/SingleElectron/NANOAOD/UL2016_MiniAODv2_NanoAODv9-v1/270000/834A7A94-CF92-2B45-AF3C-E748FF887AF3.root
[478/1254] root://eospublic.cern.ch//eos/opendata/cms/Run2016H/SingleElectron/NANOAOD/UL2016_MiniAODv2_NanoAODv9-v1/70000/882BE27B-4C53-D64C-A663-1A0A5390D879.root
[479/1254] root://eospublic.cern.ch//eos/opendata/cms/Run2016H/SingleElectron/NANOAOD/UL2016_MiniAODv2_NanoAODv9-v1/120000/887B7CC3-DB70-B64D-A43E-5434D6A5BB35.root
[480/1254] root://eospublic.cern.ch//eos/opendata/cms/Run2016H/SingleElectron/NANOAOD/UL2016_MiniAODv2_NanoAODv9-v1/70000/8B085BFD-9F70-B244-8E24-0CAA6BF4AECF.root
[481/1254] root://eospublic.cern.ch//eos/opendata/cms/Run2016H/SingleElectron/NANOAOD/UL2016_MiniAODv2_NanoAODv9-v1/70000/8D1C2BAD-670F-914E-985D-4CE2D69DFB08.root
[482/1254] root://eospublic.cern.ch//eos/opendata/cms/Run2016H/SingleElectron/NANOAOD/UL2016_MiniAODv2_NanoAODv9-v1/70000/91A8661B-37AC-4840-98D6-216F50D70387.root
[483/1254] root://eospublic.cern.ch//eos/opendata/cms/Run2016H/SingleElectron/NANOAOD/UL2016_MiniAODv2_NanoAODv9-v1/70000/9B589371-E753-1241-91B9-E0F856AD2CE9.root
[484/1254] root://eospublic.cern.ch//eos/opendata/cms/Run2016H/SingleElectron/NANOAOD/UL2016_MiniAODv2_NanoAODv9-v1/120000/9D36BBC1-48C6-9E4C-92BE-899F87090BBE.root
[485/1254] root://eospublic.cern.ch//eos/opendata/cms/Run2016H/SingleElectron/NANOAOD/UL2016_MiniAODv2_NanoAODv9-v1/70000/9D743DE7-24B3-2B48-8E82-232958A62E8C.root
[486/1254] root://eospublic.cern.ch//eos/opendata/cms/Run2016H/SingleElectron/NANOAOD/UL2016_MiniAODv2_NanoAODv9-v1/270000/A0179389-0560-C147-986F-2A0AFBF85175.root
[487/1254] root://eospublic.cern.ch//eos/opendata/cms/Run2016H/SingleElectron/NANOAOD/UL2016_MiniAODv2_NanoAODv9-v1/70000/A63D4B67-4DCB-604E-B209-EED86D2CE696.root
[488/1254] root://eospublic.cern.ch//eos/opendata/cms/Run2016H/SingleElectron/NANOAOD/UL2016_MiniAODv2_NanoAODv9-v1/70000/A6C78DE2-B20E-164D-B872-8AD76E834DE0.root
[489/1254] root://eospublic.cern.ch//eos/opendata/cms/Run2016H/SingleElectron/NANOAOD/UL2016_MiniAODv2_NanoAODv9-v1/70000/A7DA6992-50AB-8645-85C4-24976D4ACAFF.root
[490/1254] root://eospublic.cern.ch//eos/opendata/cms/Run2016H/SingleElectron/NANOAOD/UL2016_MiniAODv2_NanoAODv9-v1/70000/B3E8DB25-D5B4-514C-8301-C35CF69E61B0.root
[491/1254] root://eospublic.cern.ch//eos/opendata/cms/Run2016H/SingleElectron/NANOAOD/UL2016_MiniAODv2_NanoAODv9-v1/280000/BA260F73-22EC-6042-BE70-20D6AA3C716F.root
[492/1254] root://eospublic.cern.ch//eos/opendata/cms/Run2016H/SingleElectron/NANOAOD/UL2016_MiniAODv2_NanoAODv9-v1/70000/BA6CC564-204D-F646-A098-48582B490B6A.root
[493/1254] root://eospublic.cern.ch//eos/opendata/cms/Run2016H/SingleElectron/NANOAOD/UL2016_MiniAODv2_NanoAODv9-v1/70000/BF866CC1-98D5-C74D-A209-D509D7CA309D.root
[494/1254] root://eospublic.cern.ch//eos/opendata/cms/Run2016H/SingleElectron/NANOAOD/UL2016_MiniAODv2_NanoAODv9-v1/270000/C15AF7C7-B1E8-874A-B47E-D6C8691CCB07.root
[495/1254] root://eospublic.cern.ch//eos/opendata/cms/Run2016H/SingleElectron/NANOAOD/UL2016_MiniAODv2_NanoAODv9-v1/280000/CB7BF1F8-DBBD-874D-BC11-D0F7871CAF66.root
[496/1254] root://eospublic.cern.ch//eos/opendata/cms/Run2016H/SingleElectron/NANOAOD/UL2016_MiniAODv2_NanoAODv9-v1/270000/CCC4D6FC-1C8D-EC47-B5B4-28423B1803DF.root
[497/1254] root://eospublic.cern.ch//eos/opendata/cms/Run2016H/SingleElectron/NANOAOD/UL2016_MiniAODv2_NanoAODv9-v1/70000/D1AC23F3-50D1-544B-A953-582474C1C129.root
[498/1254] root://eospublic.cern.ch//eos/opendata/cms/Run2016H/SingleElectron/NANOAOD/UL2016_MiniAODv2_NanoAODv9-v1/70000/DB1C9C47-C0C3-5A4A-A1A1-E0212A6DAAA0.root
[499/1254] root://eospublic.cern.ch//eos/opendata/cms/Run2016H/SingleElectron/NANOAOD/UL2016_MiniAODv2_NanoAODv9-v1/70000/DFBC9D7A-6E2A-6647-9853-AE3E560E3E53.root
[500/1254] root://eospublic.cern.ch//eos/opendata/cms/Run2016H/SingleElectron/NANOAOD/UL2016_MiniAODv2_NanoAODv9-v1/70000/DFF3409E-2275-704F-A18A-5E9E41FD4776.root
[501/1254] root://eospublic.cern.ch//eos/opendata/cms/Run2016H/SingleElectron/NANOAOD/UL2016_MiniAODv2_NanoAODv9-v1/70000/E486DBDE-35B3-C242-B7C2-897A6ED8572C.root
[502/1254] root://eospublic.cern.ch//eos/opendata/cms/Run2016H/SingleElectron/NANOAOD/UL2016_MiniAODv2_NanoAODv9-v1/270000/E4F15409-AA04-7744-A7E2-DAFB531CE641.root
[503/1254] root://eospublic.cern.ch//eos/opendata/cms/Run2016H/SingleElectron/NANOAOD/UL2016_MiniAODv2_NanoAODv9-v1/70000/E61922D6-9ADF-A24F-B5C4-A2DC99610E7B.root
[504/1254] root://eospublic.cern.ch//eos/opendata/cms/Run2016H/SingleElectron/NANOAOD/UL2016_MiniAODv2_NanoAODv9-v1/70000/EAC30FBC-777A-724C-A1BD-907BD842DC1A.root
[505/1254] root://eospublic.cern.ch//eos/opendata/cms/Run2016H/SingleElectron/NANOAOD/UL2016_MiniAODv2_NanoAODv9-v1/70000/EEDA2F2C-185F-9048-AC62-5F69DF139770.root
[506/1254] root://eospublic.cern.ch//eos/opendata/cms/Run2016H/SingleElectron/NANOAOD/UL2016_MiniAODv2_NanoAODv9-v1/70000/F012F7AD-FFA2-4342-B811-2FBB538D4E6A.root
[507/1254] root://eospublic.cern.ch//eos/opendata/cms/Run2016H/SingleElectron/NANOAOD/UL2016_MiniAODv2_NanoAODv9-v1/70000/F1685621-2D00-5949-84C5-673476883AA8.root
[508/1254] root://eospublic.cern.ch//eos/opendata/cms/Run2016H/SingleElectron/NANOAOD/UL2016_MiniAODv2_NanoAODv9-v1/70000/F41A5313-B380-2D41-89CD-489CD8375B1B.root
[509/1254] root://eospublic.cern.ch//eos/opendata/cms/Run2016H/SingleElectron/NANOAOD/UL2016_MiniAODv2_NanoAODv9-v1/70000/F50B322A-29F0-C84E-82D2-AABDFAAA9496.root
[510/1254] root://eospublic.cern.ch//eos/opendata/cms/Run2016H/SingleElectron/NANOAOD/UL2016_MiniAODv2_NanoAODv9-v1/270000/F59C65FC-FABA-5E4E-ABB3-C6AED5045CFE.root
[511/1254] root://eospublic.cern.ch//eos/opendata/cms/Run2016H/SingleElectron/NANOAOD/UL2016_MiniAODv2_NanoAODv9-v1/70000/F5F8AADD-09B7-A04C-874A-F20805252EAF.root
[512/1254] root://eospublic.cern.ch//eos/opendata/cms/Run2016H/SingleElectron/NANOAOD/UL2016_MiniAODv2_NanoAODv9-v1/70000/F8CCE6A9-219D-D74E-B04E-A8A0BE6C683D.root
[513/1254] root://eospublic.cern.ch//eos/opendata/cms/Run2016H/SingleElectron/NANOAOD/UL2016_MiniAODv2_NanoAODv9-v1/70000/FA1A4E59-4350-5040-8AB7-7EF830AFA78A.root
[514/1254] root://eospublic.cern.ch//eos/opendata/cms/Run2016H/SingleElectron/NANOAOD/UL2016_MiniAODv2_NanoAODv9-v1/70000/FB585F64-DF88-6247-A3F6-D5CF704FA023.root
[515/1254] root://eospublic.cern.ch//eos/opendata/cms/Run2016H/SingleMuon/NANOAOD/UL2016_MiniAODv2_NanoAODv9-v1/130000/0107961B-4308-F845-8F96-E14622BBA484.root
[516/1254] root://eospublic.cern.ch//eos/opendata/cms/Run2016H/SingleMuon/NANOAOD/UL2016_MiniAODv2_NanoAODv9-v1/70000/01479010-3B51-B04A-9C5C-7800085D11B8.root
[517/1254] root://eospublic.cern.ch//eos/opendata/cms/Run2016H/SingleMuon/NANOAOD/UL2016_MiniAODv2_NanoAODv9-v1/70000/02C01469-552A-7E45-9894-6406F0030DB3.root
[518/1254] root://eospublic.cern.ch//eos/opendata/cms/Run2016H/SingleMuon/NANOAOD/UL2016_MiniAODv2_NanoAODv9-v1/130000/0DEE1709-0416-F24B-ACB2-C68997CB6465.root
[519/1254] root://eospublic.cern.ch//eos/opendata/cms/Run2016H/SingleMuon/NANOAOD/UL2016_MiniAODv2_NanoAODv9-v1/130000/0F03FF10-7F20-8A4E-A19A-418C090A3F97.root
[520/1254] root://eospublic.cern.ch//eos/opendata/cms/Run2016H/SingleMuon/NANOAOD/UL2016_MiniAODv2_NanoAODv9-v1/130000/0F6506E1-94CC-E14B-AE40-F72BD37BF8D4.root
[521/1254] root://eospublic.cern.ch//eos/opendata/cms/Run2016H/SingleMuon/NANOAOD/UL2016_MiniAODv2_NanoAODv9-v1/130000/120B99EA-7A22-094A-889D-E9049DB1A21C.root
[522/1254] root://eospublic.cern.ch//eos/opendata/cms/Run2016H/SingleMuon/NANOAOD/UL2016_MiniAODv2_NanoAODv9-v1/130000/136621ED-C32B-B347-9FC1-1BE4AF4F8EF3.root
[523/1254] root://eospublic.cern.ch//eos/opendata/cms/Run2016H/SingleMuon/NANOAOD/UL2016_MiniAODv2_NanoAODv9-v1/130000/13EF306B-E9EA-B24F-8094-DAC8A7BC4AE0.root
[524/1254] root://eospublic.cern.ch//eos/opendata/cms/Run2016H/SingleMuon/NANOAOD/UL2016_MiniAODv2_NanoAODv9-v1/130000/148777C2-F638-714C-AF76-00A32CD6F32A.root
[525/1254] root://eospublic.cern.ch//eos/opendata/cms/Run2016H/SingleMuon/NANOAOD/UL2016_MiniAODv2_NanoAODv9-v1/130000/14EA6AFB-593D-074F-AF31-BF588987BE99.root
[526/1254] root://eospublic.cern.ch//eos/opendata/cms/Run2016H/SingleMuon/NANOAOD/UL2016_MiniAODv2_NanoAODv9-v1/130000/17F6E03B-6B69-4341-863B-538EED26B89B.root
[527/1254] root://eospublic.cern.ch//eos/opendata/cms/Run2016H/SingleMuon/NANOAOD/UL2016_MiniAODv2_NanoAODv9-v1/130000/1C08614E-0C0E-6044-966A-CAF630CAEF8F.root
[528/1254] root://eospublic.cern.ch//eos/opendata/cms/Run2016H/SingleMuon/NANOAOD/UL2016_MiniAODv2_NanoAODv9-v1/130000/1D87B4FB-E31C-9F43-AC21-C32469DE9FC6.root
[529/1254] root://eospublic.cern.ch//eos/opendata/cms/Run2016H/SingleMuon/NANOAOD/UL2016_MiniAODv2_NanoAODv9-v1/130000/1EB443F2-1230-8042-B8AE-FD50329CA59B.root
[530/1254] root://eospublic.cern.ch//eos/opendata/cms/Run2016H/SingleMuon/NANOAOD/UL2016_MiniAODv2_NanoAODv9-v1/130000/2045F967-9F0A-7C46-9946-787B27D56E88.root
[531/1254] root://eospublic.cern.ch//eos/opendata/cms/Run2016H/SingleMuon/NANOAOD/UL2016_MiniAODv2_NanoAODv9-v1/130000/236A04EE-C105-D947-8A2E-F8CC6731644F.root
[532/1254] root://eospublic.cern.ch//eos/opendata/cms/Run2016H/SingleMuon/NANOAOD/UL2016_MiniAODv2_NanoAODv9-v1/70000/23953892-6295-B341-9D0B-6892EBDD67FC.root
[533/1254] root://eospublic.cern.ch//eos/opendata/cms/Run2016H/SingleMuon/NANOAOD/UL2016_MiniAODv2_NanoAODv9-v1/70000/28415B3F-DFB1-5542-9217-7D134447AC48.root
[534/1254] root://eospublic.cern.ch//eos/opendata/cms/Run2016H/SingleMuon/NANOAOD/UL2016_MiniAODv2_NanoAODv9-v1/70000/2AF26192-4B3A-324D-B14C-CFFFB1F69F4C.root
[535/1254] root://eospublic.cern.ch//eos/opendata/cms/Run2016H/SingleMuon/NANOAOD/UL2016_MiniAODv2_NanoAODv9-v1/70000/31BF084F-D414-1542-B61D-0F58520A17E8.root
[536/1254] root://eospublic.cern.ch//eos/opendata/cms/Run2016H/SingleMuon/NANOAOD/UL2016_MiniAODv2_NanoAODv9-v1/130000/370BE877-DA24-DB41-A875-07A86EAB6852.root
[537/1254] root://eospublic.cern.ch//eos/opendata/cms/Run2016H/SingleMuon/NANOAOD/UL2016_MiniAODv2_NanoAODv9-v1/70000/388AB3E1-8708-7D42-91BA-83E52373E808.root
[538/1254] root://eospublic.cern.ch//eos/opendata/cms/Run2016H/SingleMuon/NANOAOD/UL2016_MiniAODv2_NanoAODv9-v1/130000/39B0B7DF-2C71-9E4E-952F-833475062880.root
[539/1254] root://eospublic.cern.ch//eos/opendata/cms/Run2016H/SingleMuon/NANOAOD/UL2016_MiniAODv2_NanoAODv9-v1/130000/3A8A8FD7-1FB0-FC49-93FD-20378419A49A.root
[540/1254] root://eospublic.cern.ch//eos/opendata/cms/Run2016H/SingleMuon/NANOAOD/UL2016_MiniAODv2_NanoAODv9-v1/70000/3BCDC9CF-57F5-104F-8C20-2BA300439111.root
[541/1254] root://eospublic.cern.ch//eos/opendata/cms/Run2016H/SingleMuon/NANOAOD/UL2016_MiniAODv2_NanoAODv9-v1/70000/3E76909B-34D1-DE46-8355-51C2ADD587D5.root
[542/1254] root://eospublic.cern.ch//eos/opendata/cms/Run2016H/SingleMuon/NANOAOD/UL2016_MiniAODv2_NanoAODv9-v1/280000/40EA32B0-1284-7246-83A3-A703D908F9FC.root
[543/1254] root://eospublic.cern.ch//eos/opendata/cms/Run2016H/SingleMuon/NANOAOD/UL2016_MiniAODv2_NanoAODv9-v1/70000/4AD09F91-D53E-E345-817A-BBC670875478.root
[544/1254] root://eospublic.cern.ch//eos/opendata/cms/Run2016H/SingleMuon/NANOAOD/UL2016_MiniAODv2_NanoAODv9-v1/70000/4B985344-7CD7-6142-BCB6-B95E47279B9A.root
[545/1254] root://eospublic.cern.ch//eos/opendata/cms/Run2016H/SingleMuon/NANOAOD/UL2016_MiniAODv2_NanoAODv9-v1/130000/4C688018-90E1-5847-AEA3-D5F5DEB330EA.root
[546/1254] root://eospublic.cern.ch//eos/opendata/cms/Run2016H/SingleMuon/NANOAOD/UL2016_MiniAODv2_NanoAODv9-v1/130000/50ADF677-F507-D044-BCF2-40392F4A89DB.root
[547/1254] root://eospublic.cern.ch//eos/opendata/cms/Run2016H/SingleMuon/NANOAOD/UL2016_MiniAODv2_NanoAODv9-v1/1210000/576759DA-4A35-534B-B926-2A9E4A5A7268.root
[548/1254] root://eospublic.cern.ch//eos/opendata/cms/Run2016H/SingleMuon/NANOAOD/UL2016_MiniAODv2_NanoAODv9-v1/280000/579013D1-626D-D943-A8B0-A1A558C54F33.root
[549/1254] root://eospublic.cern.ch//eos/opendata/cms/Run2016H/SingleMuon/NANOAOD/UL2016_MiniAODv2_NanoAODv9-v1/70000/594F3D70-ED17-3D42-A322-269D0A074F9A.root
[550/1254] root://eospublic.cern.ch//eos/opendata/cms/Run2016H/SingleMuon/NANOAOD/UL2016_MiniAODv2_NanoAODv9-v1/130000/5CA4CE73-629C-2F48-939C-4274B369F112.root
[551/1254] root://eospublic.cern.ch//eos/opendata/cms/Run2016H/SingleMuon/NANOAOD/UL2016_MiniAODv2_NanoAODv9-v1/130000/60E957CB-2729-5D4C-B261-43406A639E8F.root
[552/1254] root://eospublic.cern.ch//eos/opendata/cms/Run2016H/SingleMuon/NANOAOD/UL2016_MiniAODv2_NanoAODv9-v1/120000/61FC1E38-F75C-6B44-AD19-A9894155874E.root
[553/1254] root://eospublic.cern.ch//eos/opendata/cms/Run2016H/SingleMuon/NANOAOD/UL2016_MiniAODv2_NanoAODv9-v1/70000/626C68F8-9DBD-194B-993E-8672B8E73BAE.root
[554/1254] root://eospublic.cern.ch//eos/opendata/cms/Run2016H/SingleMuon/NANOAOD/UL2016_MiniAODv2_NanoAODv9-v1/70000/6322429F-B620-854D-B4AC-6892359CAB2C.root
[555/1254] root://eospublic.cern.ch//eos/opendata/cms/Run2016H/SingleMuon/NANOAOD/UL2016_MiniAODv2_NanoAODv9-v1/280000/6351C999-8EF7-6345-822D-E2EF1C203603.root
[556/1254] root://eospublic.cern.ch//eos/opendata/cms/Run2016H/SingleMuon/NANOAOD/UL2016_MiniAODv2_NanoAODv9-v1/70000/6C8BBA90-79DC-CA45-9E0F-4AB683E91D8F.root
[557/1254] root://eospublic.cern.ch//eos/opendata/cms/Run2016H/SingleMuon/NANOAOD/UL2016_MiniAODv2_NanoAODv9-v1/130000/6CBB587F-1366-6F40-973C-7F98EA9C8335.root
[558/1254] root://eospublic.cern.ch//eos/opendata/cms/Run2016H/SingleMuon/NANOAOD/UL2016_MiniAODv2_NanoAODv9-v1/130000/715BF52A-7FE3-D848-A45F-99A0DDA80205.root
[559/1254] root://eospublic.cern.ch//eos/opendata/cms/Run2016H/SingleMuon/NANOAOD/UL2016_MiniAODv2_NanoAODv9-v1/130000/788CA5CB-13E0-544A-8427-33E4591CF20B.root
[560/1254] root://eospublic.cern.ch//eos/opendata/cms/Run2016H/SingleMuon/NANOAOD/UL2016_MiniAODv2_NanoAODv9-v1/130000/791500CE-B4AB-7C46-91D7-4E689B94F55A.root
[561/1254] root://eospublic.cern.ch//eos/opendata/cms/Run2016H/SingleMuon/NANOAOD/UL2016_MiniAODv2_NanoAODv9-v1/70000/7BA44B30-9EBA-6E4A-8DD6-2A239BDDBA50.root
[562/1254] root://eospublic.cern.ch//eos/opendata/cms/Run2016H/SingleMuon/NANOAOD/UL2016_MiniAODv2_NanoAODv9-v1/70000/84E83B69-73A2-BF4C-A59C-C3C10F71C76E.root
[563/1254] root://eospublic.cern.ch//eos/opendata/cms/Run2016H/SingleMuon/NANOAOD/UL2016_MiniAODv2_NanoAODv9-v1/70000/874B6634-10CD-4541-97E6-7A97BA44F4C6.root
[564/1254] root://eospublic.cern.ch//eos/opendata/cms/Run2016H/SingleMuon/NANOAOD/UL2016_MiniAODv2_NanoAODv9-v1/70000/8E33310F-1983-EE41-A97A-7D6853AF1BAD.root
[565/1254] root://eospublic.cern.ch//eos/opendata/cms/Run2016H/SingleMuon/NANOAOD/UL2016_MiniAODv2_NanoAODv9-v1/130000/8F3012A6-72CA-6C4F-81AA-64EEB640EA84.root
[566/1254] root://eospublic.cern.ch//eos/opendata/cms/Run2016H/SingleMuon/NANOAOD/UL2016_MiniAODv2_NanoAODv9-v1/70000/8F897B77-7EDA-B54B-812C-2185345CE97F.root
[567/1254] root://eospublic.cern.ch//eos/opendata/cms/Run2016H/SingleMuon/NANOAOD/UL2016_MiniAODv2_NanoAODv9-v1/130000/8FB46D51-A84B-8043-A86B-25743CE20170.root
[568/1254] root://eospublic.cern.ch//eos/opendata/cms/Run2016H/SingleMuon/NANOAOD/UL2016_MiniAODv2_NanoAODv9-v1/280000/977A32B2-1672-0646-8029-C12B37014B64.root
[569/1254] root://eospublic.cern.ch//eos/opendata/cms/Run2016H/SingleMuon/NANOAOD/UL2016_MiniAODv2_NanoAODv9-v1/70000/9C99B9F7-7F24-FE4A-A28D-E31D70DBDF66.root
[570/1254] root://eospublic.cern.ch//eos/opendata/cms/Run2016H/SingleMuon/NANOAOD/UL2016_MiniAODv2_NanoAODv9-v1/70000/A5B416ED-2D1C-4846-92FF-CA7E5C6DBA61.root
[571/1254] root://eospublic.cern.ch//eos/opendata/cms/Run2016H/SingleMuon/NANOAOD/UL2016_MiniAODv2_NanoAODv9-v1/70000/B0CFD000-E84C-344D-BED7-8AB35F3DBA36.root
[572/1254] root://eospublic.cern.ch//eos/opendata/cms/Run2016H/SingleMuon/NANOAOD/UL2016_MiniAODv2_NanoAODv9-v1/70000/B4E0C1C3-E86E-3F4B-9B1A-D17E3ADB0908.root
[573/1254] root://eospublic.cern.ch//eos/opendata/cms/Run2016H/SingleMuon/NANOAOD/UL2016_MiniAODv2_NanoAODv9-v1/130000/BE433087-4E55-6F44-8EBF-EDD13E745BAE.root
[574/1254] root://eospublic.cern.ch//eos/opendata/cms/Run2016H/SingleMuon/NANOAOD/UL2016_MiniAODv2_NanoAODv9-v1/70000/C250DA77-36D8-2440-8F71-4A913F18EA6C.root
[575/1254] root://eospublic.cern.ch//eos/opendata/cms/Run2016H/SingleMuon/NANOAOD/UL2016_MiniAODv2_NanoAODv9-v1/70000/C2A7D179-B263-704C-A8EB-B75F4D82F7B5.root
[576/1254] root://eospublic.cern.ch//eos/opendata/cms/Run2016H/SingleMuon/NANOAOD/UL2016_MiniAODv2_NanoAODv9-v1/280000/C653EBCD-C75E-8441-BB1D-12A90F76D597.root
[577/1254] root://eospublic.cern.ch//eos/opendata/cms/Run2016H/SingleMuon/NANOAOD/UL2016_MiniAODv2_NanoAODv9-v1/70000/C8653579-E6F0-5D44-ACEA-154A482DF4AD.root
[578/1254] root://eospublic.cern.ch//eos/opendata/cms/Run2016H/SingleMuon/NANOAOD/UL2016_MiniAODv2_NanoAODv9-v1/130000/CBFBEA23-7C46-624E-98B1-2CAEE35458C8.root
[579/1254] root://eospublic.cern.ch//eos/opendata/cms/Run2016H/SingleMuon/NANOAOD/UL2016_MiniAODv2_NanoAODv9-v1/70000/CD1172F5-A00E-0041-9A9C-5E1862026357.root
[580/1254] root://eospublic.cern.ch//eos/opendata/cms/Run2016H/SingleMuon/NANOAOD/UL2016_MiniAODv2_NanoAODv9-v1/130000/CEB3C22E-30A5-704F-BD07-BD6D0838DAFA.root
[581/1254] root://eospublic.cern.ch//eos/opendata/cms/Run2016H/SingleMuon/NANOAOD/UL2016_MiniAODv2_NanoAODv9-v1/130000/CEE8B116-DBE4-E54F-B038-A81090B2A147.root
[582/1254] root://eospublic.cern.ch//eos/opendata/cms/Run2016H/SingleMuon/NANOAOD/UL2016_MiniAODv2_NanoAODv9-v1/130000/D2F76766-1F43-264A-A39F-2DE68BF68752.root
[583/1254] root://eospublic.cern.ch//eos/opendata/cms/Run2016H/SingleMuon/NANOAOD/UL2016_MiniAODv2_NanoAODv9-v1/280000/D548310D-36A5-DE46-97C5-15933EAF7DC9.root
[584/1254] root://eospublic.cern.ch//eos/opendata/cms/Run2016H/SingleMuon/NANOAOD/UL2016_MiniAODv2_NanoAODv9-v1/280000/D87A4CC6-6CF7-6943-838E-475A7533EAA9.root
[585/1254] root://eospublic.cern.ch//eos/opendata/cms/Run2016H/SingleMuon/NANOAOD/UL2016_MiniAODv2_NanoAODv9-v1/130000/DBA71BF9-1B93-EC42-A96C-BD2B35E3538E.root
[586/1254] root://eospublic.cern.ch//eos/opendata/cms/Run2016H/SingleMuon/NANOAOD/UL2016_MiniAODv2_NanoAODv9-v1/70000/E037AB14-FEA9-4D40-AA30-9ADF56BD6270.root
[587/1254] root://eospublic.cern.ch//eos/opendata/cms/Run2016H/SingleMuon/NANOAOD/UL2016_MiniAODv2_NanoAODv9-v1/130000/E6C5C5AA-946B-A34C-ABB5-4B14AA0E9ED7.root
[588/1254] root://eospublic.cern.ch//eos/opendata/cms/Run2016H/SingleMuon/NANOAOD/UL2016_MiniAODv2_NanoAODv9-v1/130000/E8E0A6FB-E2D7-BE40-B098-7FEABFB340FF.root
[589/1254] root://eospublic.cern.ch//eos/opendata/cms/Run2016H/SingleMuon/NANOAOD/UL2016_MiniAODv2_NanoAODv9-v1/130000/EC4283CE-BB96-B845-8012-6ED0CC0FA7A2.root
[590/1254] root://eospublic.cern.ch//eos/opendata/cms/Run2016H/SingleMuon/NANOAOD/UL2016_MiniAODv2_NanoAODv9-v1/70000/F250A551-A8DC-BC47-895C-3BE19459F5DC.root
[591/1254] root://eospublic.cern.ch//eos/opendata/cms/Run2016H/SingleMuon/NANOAOD/UL2016_MiniAODv2_NanoAODv9-v1/280000/F302A865-17B0-064B-8154-41526BB38244.root
[592/1254] root://eospublic.cern.ch//eos/opendata/cms/Run2016H/SingleMuon/NANOAOD/UL2016_MiniAODv2_NanoAODv9-v1/130000/F4101B00-7984-C54F-98E9-2EF72AD66F43.root
[593/1254] root://eospublic.cern.ch//eos/opendata/cms/Run2016H/SingleMuon/NANOAOD/UL2016_MiniAODv2_NanoAODv9-v1/70000/F773638E-CE20-944A-A120-755C3E071B2F.root
[594/1254] root://eospublic.cern.ch//eos/opendata/cms/Run2016H/SingleMuon/NANOAOD/UL2016_MiniAODv2_NanoAODv9-v1/70000/FBD685D1-F6C9-8946-BA61-14F8DB0B1B82.root
[595/1254] root://eospublic.cern.ch//eos/opendata/cms/Run2016H/SingleMuon/NANOAOD/UL2016_MiniAODv2_NanoAODv9-v1/130000/FE81EE6E-0E21-1847-9105-D700F2E762DB.root
[596/1254] root://eospublic.cern.ch//eos/opendata/cms/Run2016H/SingleMuon/NANOAOD/UL2016_MiniAODv2_NanoAODv9-v1/130000/FFED1DB7-3626-A04C-8438-BF055BD16672.root
[597/1254] root://eospublic.cern.ch//eos/opendata/cms/Run2016H/SinglePhoton/NANOAOD/UL2016_MiniAODv2_NanoAODv9-v1/120000/278F7771-FAEE-0940-BCA9-32B04AD36773.root
[598/1254] root://eospublic.cern.ch//eos/opendata/cms/Run2016H/SinglePhoton/NANOAOD/UL2016_MiniAODv2_NanoAODv9-v1/120000/296116DF-3BFC-744B-95BA-41DB27DE5E62.root
[599/1254] root://eospublic.cern.ch//eos/opendata/cms/Run2016H/SinglePhoton/NANOAOD/UL2016_MiniAODv2_NanoAODv9-v1/120000/43F5F1FA-2D25-FD4A-BBB4-B418CF5A790E.root
[600/1254] root://eospublic.cern.ch//eos/opendata/cms/Run2016H/SinglePhoton/NANOAOD/UL2016_MiniAODv2_NanoAODv9-v1/120000/454422FD-35C6-6447-A072-4C6200EB2117.root
[601/1254] root://eospublic.cern.ch//eos/opendata/cms/Run2016H/SinglePhoton/NANOAOD/UL2016_MiniAODv2_NanoAODv9-v1/120000/558EA2CD-3D05-BE45-BEBA-E1FF1FA59909.root
[602/1254] root://eospublic.cern.ch//eos/opendata/cms/Run2016H/SinglePhoton/NANOAOD/UL2016_MiniAODv2_NanoAODv9-v1/120000/63B06448-12EB-604E-8CFA-F27ABB2CAFBF.root
[603/1254] root://eospublic.cern.ch//eos/opendata/cms/Run2016H/SinglePhoton/NANOAOD/UL2016_MiniAODv2_NanoAODv9-v1/120000/66FE20DF-0E15-8546-98E7-1B36B3AA3A14.root
[604/1254] root://eospublic.cern.ch//eos/opendata/cms/Run2016H/SinglePhoton/NANOAOD/UL2016_MiniAODv2_NanoAODv9-v1/120000/70423285-71AF-8844-8843-F4161F984B3D.root
[605/1254] root://eospublic.cern.ch//eos/opendata/cms/Run2016H/SinglePhoton/NANOAOD/UL2016_MiniAODv2_NanoAODv9-v1/120000/AAE48CAF-1DF4-B84F-817D-6A2197FC63E2.root
[606/1254] root://eospublic.cern.ch//eos/opendata/cms/Run2016H/SinglePhoton/NANOAOD/UL2016_MiniAODv2_NanoAODv9-v1/120000/BE72AEFE-EEF2-3344-B97B-C5BB75B0211A.root
[607/1254] root://eospublic.cern.ch//eos/opendata/cms/Run2016H/SinglePhoton/NANOAOD/UL2016_MiniAODv2_NanoAODv9-v1/120000/C0F2800C-7C1A-1243-84E3-9F97478B75C8.root
[608/1254] root://eospublic.cern.ch//eos/opendata/cms/Run2016H/SinglePhoton/NANOAOD/UL2016_MiniAODv2_NanoAODv9-v1/120000/D7F0A3EB-EC4B-8A4A-B4F1-FC244A1F55F1.root
[609/1254] root://eospublic.cern.ch//eos/opendata/cms/Run2016H/SinglePhoton/NANOAOD/UL2016_MiniAODv2_NanoAODv9-v1/120000/DAB086A6-E57A-AF42-9666-8A123139C948.root
[610/1254] root://eospublic.cern.ch//eos/opendata/cms/Run2016H/SinglePhoton/NANOAOD/UL2016_MiniAODv2_NanoAODv9-v1/120000/E6D884C4-FCA6-FB43-AF51-E8248D9A622E.root
[611/1254] root://eospublic.cern.ch//eos/opendata/cms/Run2016H/SinglePhoton/NANOAOD/UL2016_MiniAODv2_NanoAODv9-v1/120000/EA04F506-83F6-DE49-9E9F-281C68C246B6.root
[612/1254] root://eospublic.cern.ch//eos/opendata/cms/Run2016H/SinglePhoton/NANOAOD/UL2016_MiniAODv2_NanoAODv9-v1/120000/FBE9F629-7A61-5E47-9B64-8A756CC2F80B.root
[613/1254] root://eospublic.cern.ch//eos/opendata/cms/Run2016H/SinglePhoton/NANOAOD/UL2016_MiniAODv2_NanoAODv9-v1/120000/FD429C24-CFD6-994C-A587-97513FAA6FBF.root
[614/1254] root://eospublic.cern.ch//eos/opendata/cms/Run2016H/Tau/NANOAOD/UL2016_MiniAODv2_NanoAODv9-v1/260000/03DD0FB3-219B-C54D-A476-EE8937CC214E.root
[615/1254] root://eospublic.cern.ch//eos/opendata/cms/Run2016H/Tau/NANOAOD/UL2016_MiniAODv2_NanoAODv9-v1/260000/111B1E19-D2FE-9244-840F-866D71208590.root
[616/1254] root://eospublic.cern.ch//eos/opendata/cms/Run2016H/Tau/NANOAOD/UL2016_MiniAODv2_NanoAODv9-v1/260000/12C4DD11-D577-2043-B0B1-3B3265800343.root
[617/1254] root://eospublic.cern.ch//eos/opendata/cms/Run2016H/Tau/NANOAOD/UL2016_MiniAODv2_NanoAODv9-v1/260000/13899FDF-0B41-414B-B98B-D5BE9A6097F0.root
[618/1254] root://eospublic.cern.ch//eos/opendata/cms/Run2016H/Tau/NANOAOD/UL2016_MiniAODv2_NanoAODv9-v1/260000/1A969E3A-5024-3E45-950F-5694E571F543.root
[619/1254] root://eospublic.cern.ch//eos/opendata/cms/Run2016H/Tau/NANOAOD/UL2016_MiniAODv2_NanoAODv9-v1/260000/1BF09077-3B5A-D84A-BE7D-21C96137D7B8.root
[620/1254] root://eospublic.cern.ch//eos/opendata/cms/Run2016H/Tau/NANOAOD/UL2016_MiniAODv2_NanoAODv9-v1/260000/1F6DEC6B-F397-4543-BC7E-BADA6D853636.root
[621/1254] root://eospublic.cern.ch//eos/opendata/cms/Run2016H/Tau/NANOAOD/UL2016_MiniAODv2_NanoAODv9-v1/260000/1FD6DE24-82FA-FE4C-9D40-335EF69EBC21.root
[622/1254] root://eospublic.cern.ch//eos/opendata/cms/Run2016H/Tau/NANOAOD/UL2016_MiniAODv2_NanoAODv9-v1/260000/31C12F3F-97EE-6F48-9E1A-007EFDB1825E.root
[623/1254] root://eospublic.cern.ch//eos/opendata/cms/Run2016H/Tau/NANOAOD/UL2016_MiniAODv2_NanoAODv9-v1/260000/348884F1-B07E-EA44-9941-584640498E36.root
[624/1254] root://eospublic.cern.ch//eos/opendata/cms/Run2016H/Tau/NANOAOD/UL2016_MiniAODv2_NanoAODv9-v1/260000/43BE5E52-43AD-DA45-85CB-61DDC524F8D0.root
[625/1254] root://eospublic.cern.ch//eos/opendata/cms/Run2016H/Tau/NANOAOD/UL2016_MiniAODv2_NanoAODv9-v1/260000/49AB3396-9ED1-5E42-959B-43749731FB29.root
[626/1254] root://eospublic.cern.ch//eos/opendata/cms/Run2016H/Tau/NANOAOD/UL2016_MiniAODv2_NanoAODv9-v1/260000/4C393AE9-F025-BC4E-986D-BDDD16585FC1.root
[627/1254] root://eospublic.cern.ch//eos/opendata/cms/Run2016H/Tau/NANOAOD/UL2016_MiniAODv2_NanoAODv9-v1/260000/50AEA95B-C4E4-9A4E-B65F-E3858C29278E.root
[628/1254] root://eospublic.cern.ch//eos/opendata/cms/Run2016H/Tau/NANOAOD/UL2016_MiniAODv2_NanoAODv9-v1/260000/55363574-C4E7-5248-9B49-8916FDE193F6.root
[629/1254] root://eospublic.cern.ch//eos/opendata/cms/Run2016H/Tau/NANOAOD/UL2016_MiniAODv2_NanoAODv9-v1/260000/55887AE2-DDBA-EE41-B966-8EE3F1CE0249.root
[630/1254] root://eospublic.cern.ch//eos/opendata/cms/Run2016H/Tau/NANOAOD/UL2016_MiniAODv2_NanoAODv9-v1/260000/588BD28C-059F-8C42-9FB8-FD3274B16A4F.root
[631/1254] root://eospublic.cern.ch//eos/opendata/cms/Run2016H/Tau/NANOAOD/UL2016_MiniAODv2_NanoAODv9-v1/260000/5A869822-6B0C-B14C-949A-2F295FE26EB2.root
[632/1254] root://eospublic.cern.ch//eos/opendata/cms/Run2016H/Tau/NANOAOD/UL2016_MiniAODv2_NanoAODv9-v1/260000/5F435EA9-D666-8948-836D-DDC3809EBF0D.root
[633/1254] root://eospublic.cern.ch//eos/opendata/cms/Run2016H/Tau/NANOAOD/UL2016_MiniAODv2_NanoAODv9-v1/260000/60D1E52F-199E-2543-9BD7-B5AEED804D6C.root
[634/1254] root://eospublic.cern.ch//eos/opendata/cms/Run2016H/Tau/NANOAOD/UL2016_MiniAODv2_NanoAODv9-v1/260000/62451EFF-8C75-034C-8699-FC798D4CDAB0.root
[635/1254] root://eospublic.cern.ch//eos/opendata/cms/Run2016H/Tau/NANOAOD/UL2016_MiniAODv2_NanoAODv9-v1/260000/64C0EEB7-0C1C-BF4A-9C0B-B8A22FB366CF.root
[636/1254] root://eospublic.cern.ch//eos/opendata/cms/Run2016H/Tau/NANOAOD/UL2016_MiniAODv2_NanoAODv9-v1/260000/72A0BB70-1339-0245-BE82-EBD96E08AD73.root
[637/1254] root://eospublic.cern.ch//eos/opendata/cms/Run2016H/Tau/NANOAOD/UL2016_MiniAODv2_NanoAODv9-v1/260000/7682780E-C0E4-4A42-B1AA-32B58C6898B4.root
[638/1254] root://eospublic.cern.ch//eos/opendata/cms/Run2016H/Tau/NANOAOD/UL2016_MiniAODv2_NanoAODv9-v1/260000/7B6B2454-6657-F344-8A33-7C6A6B72B54F.root
[639/1254] root://eospublic.cern.ch//eos/opendata/cms/Run2016H/Tau/NANOAOD/UL2016_MiniAODv2_NanoAODv9-v1/260000/84350E17-F040-184E-B128-16D829E53845.root
[640/1254] root://eospublic.cern.ch//eos/opendata/cms/Run2016H/Tau/NANOAOD/UL2016_MiniAODv2_NanoAODv9-v1/260000/8E2AEF79-0EFB-DE42-A8FD-23F2C26347F5.root
[641/1254] root://eospublic.cern.ch//eos/opendata/cms/Run2016H/Tau/NANOAOD/UL2016_MiniAODv2_NanoAODv9-v1/260000/8EDE4766-7730-5947-B559-32E1FA5082B3.root
[642/1254] root://eospublic.cern.ch//eos/opendata/cms/Run2016H/Tau/NANOAOD/UL2016_MiniAODv2_NanoAODv9-v1/260000/954DB8F9-481C-7743-B686-43CED63FFB24.root
[643/1254] root://eospublic.cern.ch//eos/opendata/cms/Run2016H/Tau/NANOAOD/UL2016_MiniAODv2_NanoAODv9-v1/260000/96D862F6-691F-BB46-A5C3-DD621746F6A7.root
[644/1254] root://eospublic.cern.ch//eos/opendata/cms/Run2016H/Tau/NANOAOD/UL2016_MiniAODv2_NanoAODv9-v1/260000/976278CA-81CB-6146-BE41-2FDADE86B88F.root
[645/1254] root://eospublic.cern.ch//eos/opendata/cms/Run2016H/Tau/NANOAOD/UL2016_MiniAODv2_NanoAODv9-v1/260000/9A0DFD37-AF27-7547-B2BA-D0F3C1F43D7B.root
[646/1254] root://eospublic.cern.ch//eos/opendata/cms/Run2016H/Tau/NANOAOD/UL2016_MiniAODv2_NanoAODv9-v1/260000/9D265904-54D7-C24F-85AC-04C72F4D7EC9.root
[647/1254] root://eospublic.cern.ch//eos/opendata/cms/Run2016H/Tau/NANOAOD/UL2016_MiniAODv2_NanoAODv9-v1/260000/9F292AC6-4BE1-274D-A75F-40632103C78A.root
[648/1254] root://eospublic.cern.ch//eos/opendata/cms/Run2016H/Tau/NANOAOD/UL2016_MiniAODv2_NanoAODv9-v1/260000/9F724B7B-0965-274D-8076-881045C01A52.root
[649/1254] root://eospublic.cern.ch//eos/opendata/cms/Run2016H/Tau/NANOAOD/UL2016_MiniAODv2_NanoAODv9-v1/260000/A20DBB52-54A5-5F4B-B0E0-1F99D0906C04.root
[650/1254] root://eospublic.cern.ch//eos/opendata/cms/Run2016H/Tau/NANOAOD/UL2016_MiniAODv2_NanoAODv9-v1/260000/A26B7833-F99A-5640-91BC-02248AF59976.root
[651/1254] root://eospublic.cern.ch//eos/opendata/cms/Run2016H/Tau/NANOAOD/UL2016_MiniAODv2_NanoAODv9-v1/260000/A8F55682-E1CF-144F-BFF3-CC98FDA503E1.root
[652/1254] root://eospublic.cern.ch//eos/opendata/cms/Run2016H/Tau/NANOAOD/UL2016_MiniAODv2_NanoAODv9-v1/260000/AC294007-A82E-BF4B-9E93-F912695FEB4B.root
[653/1254] root://eospublic.cern.ch//eos/opendata/cms/Run2016H/Tau/NANOAOD/UL2016_MiniAODv2_NanoAODv9-v1/260000/B5D6D0AE-D83C-904F-BAB3-745F5DC3DAC8.root
[654/1254] root://eospublic.cern.ch//eos/opendata/cms/Run2016H/Tau/NANOAOD/UL2016_MiniAODv2_NanoAODv9-v1/260000/B8DBB890-540A-AF48-B79B-34284CC2665A.root
[655/1254] root://eospublic.cern.ch//eos/opendata/cms/Run2016H/Tau/NANOAOD/UL2016_MiniAODv2_NanoAODv9-v1/260000/BCDA84B5-6BCA-1240-8C09-6CFBD991078F.root
[656/1254] root://eospublic.cern.ch//eos/opendata/cms/Run2016H/Tau/NANOAOD/UL2016_MiniAODv2_NanoAODv9-v1/260000/C5904BB5-F8AB-C149-9300-3F75E27F0939.root
[657/1254] root://eospublic.cern.ch//eos/opendata/cms/Run2016H/Tau/NANOAOD/UL2016_MiniAODv2_NanoAODv9-v1/260000/C5A267B3-EC39-E94A-9DC0-4C801DAF04E6.root
[658/1254] root://eospublic.cern.ch//eos/opendata/cms/Run2016H/Tau/NANOAOD/UL2016_MiniAODv2_NanoAODv9-v1/260000/C672C26B-1CD0-BA40-85EA-387782570946.root
[659/1254] root://eospublic.cern.ch//eos/opendata/cms/Run2016H/Tau/NANOAOD/UL2016_MiniAODv2_NanoAODv9-v1/260000/C87AE5B4-9F9C-674F-8599-F91D7EA8A5EB.root
[660/1254] root://eospublic.cern.ch//eos/opendata/cms/Run2016H/Tau/NANOAOD/UL2016_MiniAODv2_NanoAODv9-v1/260000/C894F318-AB66-B140-8239-4E2E0E210F90.root
[661/1254] root://eospublic.cern.ch//eos/opendata/cms/Run2016H/Tau/NANOAOD/UL2016_MiniAODv2_NanoAODv9-v1/260000/CB72D8B6-00EE-1940-898F-A680BBB4E810.root
[662/1254] root://eospublic.cern.ch//eos/opendata/cms/Run2016H/Tau/NANOAOD/UL2016_MiniAODv2_NanoAODv9-v1/260000/DA3A29D8-B5FC-6846-A06A-1CEE84506CA1.root
[663/1254] root://eospublic.cern.ch//eos/opendata/cms/Run2016H/Tau/NANOAOD/UL2016_MiniAODv2_NanoAODv9-v1/260000/DD9DDF8D-9FBA-F743-970B-AB74280A7E01.root
[664/1254] root://eospublic.cern.ch//eos/opendata/cms/Run2016H/Tau/NANOAOD/UL2016_MiniAODv2_NanoAODv9-v1/260000/E60E7175-C8AB-F54B-AC1C-CB84675543D8.root
[665/1254] root://eospublic.cern.ch//eos/opendata/cms/Run2016H/Tau/NANOAOD/UL2016_MiniAODv2_NanoAODv9-v1/260000/E8AABB13-E737-784B-8851-A6CA614CDD94.root
[666/1254] root://eospublic.cern.ch//eos/opendata/cms/Run2016H/Tau/NANOAOD/UL2016_MiniAODv2_NanoAODv9-v1/260000/F49E7F9B-86F8-214D-AA76-65263946AE5F.root
[667/1254] root://eospublic.cern.ch//eos/opendata/cms/Run2016H/Tau/NANOAOD/UL2016_MiniAODv2_NanoAODv9-v1/260000/FB15D9CB-3454-6340-9BA1-CA157D87BCDE.root
[668/1254] root://eospublic.cern.ch//eos/opendata/cms/Run2016H/Tau/NANOAOD/UL2016_MiniAODv2_NanoAODv9-v1/260000/FCB957D2-39A5-6E42-BA4C-59F3F4624DCD.root
[669/1254] root://eospublic.cern.ch//eos/opendata/cms/Run2016G/BTagCSV/NANOAOD/UL2016_MiniAODv2_NanoAODv9-v1/260000/01472671-4A55-5A4A-B2CE-2C7990D279E3.root
[670/1254] root://eospublic.cern.ch//eos/opendata/cms/Run2016G/BTagCSV/NANOAOD/UL2016_MiniAODv2_NanoAODv9-v1/260000/043ED1E5-FA1B-D04C-8B1F-A4010A5737F1.root
[671/1254] root://eospublic.cern.ch//eos/opendata/cms/Run2016G/BTagCSV/NANOAOD/UL2016_MiniAODv2_NanoAODv9-v1/260000/094C356D-0C7E-144C-839B-C80C254CF929.root
[672/1254] root://eospublic.cern.ch//eos/opendata/cms/Run2016G/BTagCSV/NANOAOD/UL2016_MiniAODv2_NanoAODv9-v1/260000/0BAFA2A0-7170-A346-A301-1F20FF08BC36.root
[673/1254] root://eospublic.cern.ch//eos/opendata/cms/Run2016G/BTagCSV/NANOAOD/UL2016_MiniAODv2_NanoAODv9-v1/70000/117B66DB-D66D-334E-AB27-612B38483917.root
[674/1254] root://eospublic.cern.ch//eos/opendata/cms/Run2016G/BTagCSV/NANOAOD/UL2016_MiniAODv2_NanoAODv9-v1/70000/15134267-13FB-5B41-B64C-D58B0F31AA3C.root
[675/1254] root://eospublic.cern.ch//eos/opendata/cms/Run2016G/BTagCSV/NANOAOD/UL2016_MiniAODv2_NanoAODv9-v1/70000/15CB23C7-8D05-0A4B-B306-A0FAFD2F24FE.root
[676/1254] root://eospublic.cern.ch//eos/opendata/cms/Run2016G/BTagCSV/NANOAOD/UL2016_MiniAODv2_NanoAODv9-v1/260000/22C2685D-CB35-1940-B208-BD0E4259EE76.root
[677/1254] root://eospublic.cern.ch//eos/opendata/cms/Run2016G/BTagCSV/NANOAOD/UL2016_MiniAODv2_NanoAODv9-v1/260000/23C21FB0-AAB7-1842-A5E6-07481125CE07.root
[678/1254] root://eospublic.cern.ch//eos/opendata/cms/Run2016G/BTagCSV/NANOAOD/UL2016_MiniAODv2_NanoAODv9-v1/260000/245F22BB-51E9-5F41-B280-D8814FB50EA8.root
[679/1254] root://eospublic.cern.ch//eos/opendata/cms/Run2016G/BTagCSV/NANOAOD/UL2016_MiniAODv2_NanoAODv9-v1/70000/292E0F4B-D588-5448-B4BB-82BD5EE02804.root
[680/1254] root://eospublic.cern.ch//eos/opendata/cms/Run2016G/BTagCSV/NANOAOD/UL2016_MiniAODv2_NanoAODv9-v1/260000/2A2D52E2-CD96-BD4C-8D60-4BC274FA8ED5.root
[681/1254] root://eospublic.cern.ch//eos/opendata/cms/Run2016G/BTagCSV/NANOAOD/UL2016_MiniAODv2_NanoAODv9-v1/70000/2B8DF31F-08A6-044B-AB45-173CB863FEE0.root
[682/1254] root://eospublic.cern.ch//eos/opendata/cms/Run2016G/BTagCSV/NANOAOD/UL2016_MiniAODv2_NanoAODv9-v1/260000/3695B437-4B36-2D4C-9373-3C4340BF9D82.root
[683/1254] root://eospublic.cern.ch//eos/opendata/cms/Run2016G/BTagCSV/NANOAOD/UL2016_MiniAODv2_NanoAODv9-v1/260000/3B5D5F9B-3AE4-A646-A771-131BA99ECC9A.root
[684/1254] root://eospublic.cern.ch//eos/opendata/cms/Run2016G/BTagCSV/NANOAOD/UL2016_MiniAODv2_NanoAODv9-v1/70000/3C45108E-59DD-A742-B927-C18C9A2DEA50.root
[685/1254] root://eospublic.cern.ch//eos/opendata/cms/Run2016G/BTagCSV/NANOAOD/UL2016_MiniAODv2_NanoAODv9-v1/260000/42C7EB9B-A219-BE4C-BD7E-3EA2653993FD.root
[686/1254] root://eospublic.cern.ch//eos/opendata/cms/Run2016G/BTagCSV/NANOAOD/UL2016_MiniAODv2_NanoAODv9-v1/260000/47207937-C137-4844-977B-8DCC171C8883.root
[687/1254] root://eospublic.cern.ch//eos/opendata/cms/Run2016G/BTagCSV/NANOAOD/UL2016_MiniAODv2_NanoAODv9-v1/260000/48379593-C473-5F40-9CB5-7B778AC24335.root
[688/1254] root://eospublic.cern.ch//eos/opendata/cms/Run2016G/BTagCSV/NANOAOD/UL2016_MiniAODv2_NanoAODv9-v1/260000/496FF1BD-5220-974B-9E88-66169F08C6A3.root
[689/1254] root://eospublic.cern.ch//eos/opendata/cms/Run2016G/BTagCSV/NANOAOD/UL2016_MiniAODv2_NanoAODv9-v1/260000/4ADE7BA1-634C-A04F-B495-68DE5AFC1974.root
[690/1254] root://eospublic.cern.ch//eos/opendata/cms/Run2016G/BTagCSV/NANOAOD/UL2016_MiniAODv2_NanoAODv9-v1/260000/4B10E876-3194-1B49-B721-1D82146E0B67.root
[691/1254] root://eospublic.cern.ch//eos/opendata/cms/Run2016G/BTagCSV/NANOAOD/UL2016_MiniAODv2_NanoAODv9-v1/260000/4D3438DE-CC0B-0941-B03D-339D3B066F11.root
[692/1254] root://eospublic.cern.ch//eos/opendata/cms/Run2016G/BTagCSV/NANOAOD/UL2016_MiniAODv2_NanoAODv9-v1/260000/528D8E78-DCDD-3941-8E82-9E9F30B640F0.root
[693/1254] root://eospublic.cern.ch//eos/opendata/cms/Run2016G/BTagCSV/NANOAOD/UL2016_MiniAODv2_NanoAODv9-v1/260000/619F6DE0-AB52-F34B-A329-F8E89E0FB669.root
[694/1254] root://eospublic.cern.ch//eos/opendata/cms/Run2016G/BTagCSV/NANOAOD/UL2016_MiniAODv2_NanoAODv9-v1/70000/62A1CABE-34ED-0C45-83C0-D48B78D449D4.root
[695/1254] root://eospublic.cern.ch//eos/opendata/cms/Run2016G/BTagCSV/NANOAOD/UL2016_MiniAODv2_NanoAODv9-v1/260000/62DBBA90-C49F-5B42-8632-4A8E207CA63B.root
[696/1254] root://eospublic.cern.ch//eos/opendata/cms/Run2016G/BTagCSV/NANOAOD/UL2016_MiniAODv2_NanoAODv9-v1/70000/66D7D704-CEDF-864C-B2BE-F7C305AFBFF0.root
[697/1254] root://eospublic.cern.ch//eos/opendata/cms/Run2016G/BTagCSV/NANOAOD/UL2016_MiniAODv2_NanoAODv9-v1/70000/69515E5B-D7C2-9048-B0C4-3CAFC88898B2.root
[698/1254] root://eospublic.cern.ch//eos/opendata/cms/Run2016G/BTagCSV/NANOAOD/UL2016_MiniAODv2_NanoAODv9-v1/260000/6ACB9B71-A34C-9F45-871C-A5C1697FE8BB.root
[699/1254] root://eospublic.cern.ch//eos/opendata/cms/Run2016G/BTagCSV/NANOAOD/UL2016_MiniAODv2_NanoAODv9-v1/70000/78DA1FE5-6C66-9D43-97ED-2A2673C638AB.root
[700/1254] root://eospublic.cern.ch//eos/opendata/cms/Run2016G/BTagCSV/NANOAOD/UL2016_MiniAODv2_NanoAODv9-v1/260000/79E63C1F-6647-9847-9D9F-3D9E9E76F4E6.root
[701/1254] root://eospublic.cern.ch//eos/opendata/cms/Run2016G/BTagCSV/NANOAOD/UL2016_MiniAODv2_NanoAODv9-v1/70000/7B923514-DBE0-CE40-AD65-8D7377EF699A.root
[702/1254] root://eospublic.cern.ch//eos/opendata/cms/Run2016G/BTagCSV/NANOAOD/UL2016_MiniAODv2_NanoAODv9-v1/70000/8537B526-9FF0-FE43-8061-2EC6826CE90A.root
[703/1254] root://eospublic.cern.ch//eos/opendata/cms/Run2016G/BTagCSV/NANOAOD/UL2016_MiniAODv2_NanoAODv9-v1/2610000/86DFB92C-9CFD-8C4F-BCF7-D13AB6EBE393.root
[704/1254] root://eospublic.cern.ch//eos/opendata/cms/Run2016G/BTagCSV/NANOAOD/UL2016_MiniAODv2_NanoAODv9-v1/70000/88A13082-2794-2048-9DEE-15B31BF8B967.root
[705/1254] root://eospublic.cern.ch//eos/opendata/cms/Run2016G/BTagCSV/NANOAOD/UL2016_MiniAODv2_NanoAODv9-v1/260000/8EA4C683-CA72-E149-9B9D-6D5609145B5C.root
[706/1254] root://eospublic.cern.ch//eos/opendata/cms/Run2016G/BTagCSV/NANOAOD/UL2016_MiniAODv2_NanoAODv9-v1/260000/8EC75E3C-1892-7549-8BE6-0532ED591A02.root
[707/1254] root://eospublic.cern.ch//eos/opendata/cms/Run2016G/BTagCSV/NANOAOD/UL2016_MiniAODv2_NanoAODv9-v1/70000/92234D23-6FCE-354C-852B-33FED0F1760C.root
[708/1254] root://eospublic.cern.ch//eos/opendata/cms/Run2016G/BTagCSV/NANOAOD/UL2016_MiniAODv2_NanoAODv9-v1/260000/9AEE4CA9-DFC3-4B47-9D13-EA95448B9790.root
[709/1254] root://eospublic.cern.ch//eos/opendata/cms/Run2016G/BTagCSV/NANOAOD/UL2016_MiniAODv2_NanoAODv9-v1/70000/9C04CC4C-161B-644A-AADD-2C46F2FABCD5.root
[710/1254] root://eospublic.cern.ch//eos/opendata/cms/Run2016G/BTagCSV/NANOAOD/UL2016_MiniAODv2_NanoAODv9-v1/260000/9CD95B62-8169-9448-9206-11A5D740671A.root
[711/1254] root://eospublic.cern.ch//eos/opendata/cms/Run2016G/BTagCSV/NANOAOD/UL2016_MiniAODv2_NanoAODv9-v1/70000/9E62F438-9A67-BA49-BD1D-E1F0D19F975E.root
[712/1254] root://eospublic.cern.ch//eos/opendata/cms/Run2016G/BTagCSV/NANOAOD/UL2016_MiniAODv2_NanoAODv9-v1/260000/A0227B9C-FFE7-FC4A-9A86-30ADCFD4EBAA.root
[713/1254] root://eospublic.cern.ch//eos/opendata/cms/Run2016G/BTagCSV/NANOAOD/UL2016_MiniAODv2_NanoAODv9-v1/260000/AD86DC98-8074-F844-BA76-6A75CB430C16.root
[714/1254] root://eospublic.cern.ch//eos/opendata/cms/Run2016G/BTagCSV/NANOAOD/UL2016_MiniAODv2_NanoAODv9-v1/260000/B1B5F9FB-3356-2744-994C-233E4DEECD5D.root
[715/1254] root://eospublic.cern.ch//eos/opendata/cms/Run2016G/BTagCSV/NANOAOD/UL2016_MiniAODv2_NanoAODv9-v1/260000/B3DE98F8-7F7E-DE49-BE47-633EAD7E8B83.root
[716/1254] root://eospublic.cern.ch//eos/opendata/cms/Run2016G/BTagCSV/NANOAOD/UL2016_MiniAODv2_NanoAODv9-v1/260000/B797B576-E708-A440-B283-53AD42CD5A41.root
[717/1254] root://eospublic.cern.ch//eos/opendata/cms/Run2016G/BTagCSV/NANOAOD/UL2016_MiniAODv2_NanoAODv9-v1/260000/B864B1EC-7E01-5247-A08D-C4AEE06612E8.root
[718/1254] root://eospublic.cern.ch//eos/opendata/cms/Run2016G/BTagCSV/NANOAOD/UL2016_MiniAODv2_NanoAODv9-v1/260000/B8C063C4-3362-6A40-808E-428CE268097D.root
[719/1254] root://eospublic.cern.ch//eos/opendata/cms/Run2016G/BTagCSV/NANOAOD/UL2016_MiniAODv2_NanoAODv9-v1/70000/B9DF59B8-AE49-A744-A504-1E984A5E05B8.root
[720/1254] root://eospublic.cern.ch//eos/opendata/cms/Run2016G/BTagCSV/NANOAOD/UL2016_MiniAODv2_NanoAODv9-v1/260000/C37F4BED-AF0B-9746-9204-ECD99B803D7F.root
[721/1254] root://eospublic.cern.ch//eos/opendata/cms/Run2016G/BTagCSV/NANOAOD/UL2016_MiniAODv2_NanoAODv9-v1/260000/C925324B-09C1-8444-95E8-63FFC0557C52.root
[722/1254] root://eospublic.cern.ch//eos/opendata/cms/Run2016G/BTagCSV/NANOAOD/UL2016_MiniAODv2_NanoAODv9-v1/70000/CEE74424-E052-0F4C-99B9-2A275F62EFBF.root
[723/1254] root://eospublic.cern.ch//eos/opendata/cms/Run2016G/BTagCSV/NANOAOD/UL2016_MiniAODv2_NanoAODv9-v1/260000/D6E87D61-8E36-BA4B-831C-7644686A85F2.root
[724/1254] root://eospublic.cern.ch//eos/opendata/cms/Run2016G/BTagCSV/NANOAOD/UL2016_MiniAODv2_NanoAODv9-v1/260000/D9DC6A07-B871-364F-AAB4-7448A31EFD7B.root
[725/1254] root://eospublic.cern.ch//eos/opendata/cms/Run2016G/BTagCSV/NANOAOD/UL2016_MiniAODv2_NanoAODv9-v1/260000/DAF4B0E2-75B2-F24A-87E5-EFE3ECD54383.root
[726/1254] root://eospublic.cern.ch//eos/opendata/cms/Run2016G/BTagCSV/NANOAOD/UL2016_MiniAODv2_NanoAODv9-v1/70000/DB9E9548-0EF7-2747-AD0C-2FD709B544FF.root
[727/1254] root://eospublic.cern.ch//eos/opendata/cms/Run2016G/BTagCSV/NANOAOD/UL2016_MiniAODv2_NanoAODv9-v1/260000/E24EB924-CD9C-7347-989D-9774DBEA325D.root
[728/1254] root://eospublic.cern.ch//eos/opendata/cms/Run2016G/BTagCSV/NANOAOD/UL2016_MiniAODv2_NanoAODv9-v1/70000/EBEA4287-D4B0-0142-8EED-2DACC4170F1C.root
[729/1254] root://eospublic.cern.ch//eos/opendata/cms/Run2016G/BTagCSV/NANOAOD/UL2016_MiniAODv2_NanoAODv9-v1/260000/EC0B3258-935A-F547-8BA9-5C56D4177DA0.root
[730/1254] root://eospublic.cern.ch//eos/opendata/cms/Run2016G/BTagCSV/NANOAOD/UL2016_MiniAODv2_NanoAODv9-v1/260000/EDB752AE-171E-E04A-890C-6063D906B3C7.root
[731/1254] root://eospublic.cern.ch//eos/opendata/cms/Run2016G/BTagCSV/NANOAOD/UL2016_MiniAODv2_NanoAODv9-v1/70000/F0D5E03E-03CB-0049-986C-8ABF06AEDB23.root
[732/1254] root://eospublic.cern.ch//eos/opendata/cms/Run2016G/BTagMu/NANOAOD/UL2016_MiniAODv2_NanoAODv9-v1/70000/033D7942-C0C1-B54F-9BEE-2A171BFCDCEB.root
[733/1254] root://eospublic.cern.ch//eos/opendata/cms/Run2016G/BTagMu/NANOAOD/UL2016_MiniAODv2_NanoAODv9-v1/70000/2A9223A5-89C5-8F42-B1A4-1D59360619D6.root
[734/1254] root://eospublic.cern.ch//eos/opendata/cms/Run2016G/BTagMu/NANOAOD/UL2016_MiniAODv2_NanoAODv9-v1/70000/2AD1D6AD-71FB-DE4F-8D7F-6731D5E87A41.root
[735/1254] root://eospublic.cern.ch//eos/opendata/cms/Run2016G/BTagMu/NANOAOD/UL2016_MiniAODv2_NanoAODv9-v1/70000/58062707-61B6-9545-841B-914353EE2962.root
[736/1254] root://eospublic.cern.ch//eos/opendata/cms/Run2016G/BTagMu/NANOAOD/UL2016_MiniAODv2_NanoAODv9-v1/70000/630C796B-208D-8B42-AA1E-B47C0D3132A1.root
[737/1254] root://eospublic.cern.ch//eos/opendata/cms/Run2016G/BTagMu/NANOAOD/UL2016_MiniAODv2_NanoAODv9-v1/70000/731BEA2C-7846-2640-97A4-46C57504BEA9.root
[738/1254] root://eospublic.cern.ch//eos/opendata/cms/Run2016G/BTagMu/NANOAOD/UL2016_MiniAODv2_NanoAODv9-v1/70000/7808820B-1C88-3A45-9E53-F19FF47801B4.root
[739/1254] root://eospublic.cern.ch//eos/opendata/cms/Run2016G/BTagMu/NANOAOD/UL2016_MiniAODv2_NanoAODv9-v1/70000/7C6EDA93-B36F-B04D-B772-7FC624D8CCFF.root
[740/1254] root://eospublic.cern.ch//eos/opendata/cms/Run2016G/BTagMu/NANOAOD/UL2016_MiniAODv2_NanoAODv9-v1/70000/8C0BC405-FFE9-8F4A-82EA-39DFE65D0389.root
[741/1254] root://eospublic.cern.ch//eos/opendata/cms/Run2016G/BTagMu/NANOAOD/UL2016_MiniAODv2_NanoAODv9-v1/70000/91F84807-7403-5F4F-8D8A-F539F300E11F.root
[742/1254] root://eospublic.cern.ch//eos/opendata/cms/Run2016G/BTagMu/NANOAOD/UL2016_MiniAODv2_NanoAODv9-v1/70000/A0999D89-AEE2-AB48-AFD1-17C9D285F4ED.root
[743/1254] root://eospublic.cern.ch//eos/opendata/cms/Run2016G/BTagMu/NANOAOD/UL2016_MiniAODv2_NanoAODv9-v1/70000/BDDADFCC-1D7F-5B4E-BE9C-44B43055AD8F.root
[744/1254] root://eospublic.cern.ch//eos/opendata/cms/Run2016G/BTagMu/NANOAOD/UL2016_MiniAODv2_NanoAODv9-v1/70000/C0623904-EFA7-1547-A2E0-6ED37244915B.root
[745/1254] root://eospublic.cern.ch//eos/opendata/cms/Run2016G/BTagMu/NANOAOD/UL2016_MiniAODv2_NanoAODv9-v1/70000/DCE044A3-CE47-CC47-93A5-2134DBC7F5AA.root
[746/1254] root://eospublic.cern.ch//eos/opendata/cms/Run2016G/BTagMu/NANOAOD/UL2016_MiniAODv2_NanoAODv9-v1/70000/FE0E97D0-5640-FB4F-B4EE-57A67CF4AC8C.root
[747/1254] root://eospublic.cern.ch//eos/opendata/cms/Run2016G/Charmonium/NANOAOD/UL2016_MiniAODv2_NanoAODv9-v1/270000/00FA3E09-0BB7-FA4B-9F0B-B2D1EDAB9A76.root
[748/1254] root://eospublic.cern.ch//eos/opendata/cms/Run2016G/Charmonium/NANOAOD/UL2016_MiniAODv2_NanoAODv9-v1/270000/01031668-D85E-7A47-894D-C06E3C1B5150.root
[749/1254] root://eospublic.cern.ch//eos/opendata/cms/Run2016G/Charmonium/NANOAOD/UL2016_MiniAODv2_NanoAODv9-v1/270000/05CFAECA-5CF7-3047-8198-8539C5AC7F8E.root
[750/1254] root://eospublic.cern.ch//eos/opendata/cms/Run2016G/Charmonium/NANOAOD/UL2016_MiniAODv2_NanoAODv9-v1/270000/084BAD95-A4A6-CF41-9211-34C4C29A2F3F.root
[751/1254] root://eospublic.cern.ch//eos/opendata/cms/Run2016G/Charmonium/NANOAOD/UL2016_MiniAODv2_NanoAODv9-v1/270000/0DAAB503-E453-BA44-87B2-A3E2544497BA.root
[752/1254] root://eospublic.cern.ch//eos/opendata/cms/Run2016G/Charmonium/NANOAOD/UL2016_MiniAODv2_NanoAODv9-v1/270000/237E923F-941E-F545-9DAF-0948A4811D25.root
[753/1254] root://eospublic.cern.ch//eos/opendata/cms/Run2016G/Charmonium/NANOAOD/UL2016_MiniAODv2_NanoAODv9-v1/270000/2781BF51-0A1C-7F4B-A233-C76002082F4D.root
[754/1254] root://eospublic.cern.ch//eos/opendata/cms/Run2016G/Charmonium/NANOAOD/UL2016_MiniAODv2_NanoAODv9-v1/270000/28574680-7261-B84A-A83B-5845288D5B83.root
[755/1254] root://eospublic.cern.ch//eos/opendata/cms/Run2016G/Charmonium/NANOAOD/UL2016_MiniAODv2_NanoAODv9-v1/270000/3453BC89-A2E1-7B4A-B536-B0A0969030C3.root
[756/1254] root://eospublic.cern.ch//eos/opendata/cms/Run2016G/Charmonium/NANOAOD/UL2016_MiniAODv2_NanoAODv9-v1/270000/3BC4AAD9-2EE6-9C45-AC02-C5D63900CF92.root
[757/1254] root://eospublic.cern.ch//eos/opendata/cms/Run2016G/Charmonium/NANOAOD/UL2016_MiniAODv2_NanoAODv9-v1/270000/3BE2B142-BBC1-F940-B385-5ABB1AF53BCF.root
[758/1254] root://eospublic.cern.ch//eos/opendata/cms/Run2016G/Charmonium/NANOAOD/UL2016_MiniAODv2_NanoAODv9-v1/270000/431E49B0-50F9-6C41-BA1D-C693A7A37DA7.root
[759/1254] root://eospublic.cern.ch//eos/opendata/cms/Run2016G/Charmonium/NANOAOD/UL2016_MiniAODv2_NanoAODv9-v1/270000/542501D9-90ED-E44D-8FCB-4A545E596DF6.root
[760/1254] root://eospublic.cern.ch//eos/opendata/cms/Run2016G/Charmonium/NANOAOD/UL2016_MiniAODv2_NanoAODv9-v1/270000/595F58DA-9E09-F64B-9485-174E0D156418.root
[761/1254] root://eospublic.cern.ch//eos/opendata/cms/Run2016G/Charmonium/NANOAOD/UL2016_MiniAODv2_NanoAODv9-v1/270000/5AD56C89-53CF-894C-9236-83BF19BACF90.root
[762/1254] root://eospublic.cern.ch//eos/opendata/cms/Run2016G/Charmonium/NANOAOD/UL2016_MiniAODv2_NanoAODv9-v1/270000/5DD68566-A42E-F649-B3C3-3A26E682EFCD.root
[763/1254] root://eospublic.cern.ch//eos/opendata/cms/Run2016G/Charmonium/NANOAOD/UL2016_MiniAODv2_NanoAODv9-v1/270000/5F95E8B9-631F-3A4C-9509-CD3CB58E9D0F.root
[764/1254] root://eospublic.cern.ch//eos/opendata/cms/Run2016G/Charmonium/NANOAOD/UL2016_MiniAODv2_NanoAODv9-v1/270000/659B07E5-E131-5643-BC1A-FAEDF159DCF9.root
[765/1254] root://eospublic.cern.ch//eos/opendata/cms/Run2016G/Charmonium/NANOAOD/UL2016_MiniAODv2_NanoAODv9-v1/270000/74A91508-6689-074C-87EE-B6B8A0D90B30.root
[766/1254] root://eospublic.cern.ch//eos/opendata/cms/Run2016G/Charmonium/NANOAOD/UL2016_MiniAODv2_NanoAODv9-v1/270000/AA5EDDC9-D2C8-B244-A3BD-2CE56B69BBA4.root
[767/1254] root://eospublic.cern.ch//eos/opendata/cms/Run2016G/Charmonium/NANOAOD/UL2016_MiniAODv2_NanoAODv9-v1/270000/BA52F3C1-2CE0-EE41-AA38-A84500F4A771.root
[768/1254] root://eospublic.cern.ch//eos/opendata/cms/Run2016G/Charmonium/NANOAOD/UL2016_MiniAODv2_NanoAODv9-v1/270000/C33C6BDD-74FE-714E-AC61-96983B2F9DB9.root
[769/1254] root://eospublic.cern.ch//eos/opendata/cms/Run2016G/Charmonium/NANOAOD/UL2016_MiniAODv2_NanoAODv9-v1/270000/CD837F91-1AC6-BD4B-8B0D-6010275D8A19.root
[770/1254] root://eospublic.cern.ch//eos/opendata/cms/Run2016G/Charmonium/NANOAOD/UL2016_MiniAODv2_NanoAODv9-v1/270000/CF6B210A-A519-1C47-912C-5629D7EC87C0.root
[771/1254] root://eospublic.cern.ch//eos/opendata/cms/Run2016G/Charmonium/NANOAOD/UL2016_MiniAODv2_NanoAODv9-v1/270000/D18F87DC-41D2-F64D-A3CE-F70FE5F4F63F.root
[772/1254] root://eospublic.cern.ch//eos/opendata/cms/Run2016G/Charmonium/NANOAOD/UL2016_MiniAODv2_NanoAODv9-v1/270000/DCFB6F99-DD72-144A-8D55-2EA841B70705.root
[773/1254] root://eospublic.cern.ch//eos/opendata/cms/Run2016G/Charmonium/NANOAOD/UL2016_MiniAODv2_NanoAODv9-v1/270000/DE4D1E9F-3FC4-154A-A502-E01DB72807DD.root
[774/1254] root://eospublic.cern.ch//eos/opendata/cms/Run2016G/Charmonium/NANOAOD/UL2016_MiniAODv2_NanoAODv9-v1/270000/E9604832-D2EA-6B45-B3FB-BB3D3EF0C094.root
[775/1254] root://eospublic.cern.ch//eos/opendata/cms/Run2016G/Charmonium/NANOAOD/UL2016_MiniAODv2_NanoAODv9-v1/270000/FCBBD115-D5B1-6843-8181-FB20D7A40A39.root
[776/1254] root://eospublic.cern.ch//eos/opendata/cms/Run2016G/DisplacedJet/NANOAOD/UL2016_MiniAODv2_NanoAODv9-v1/130000/13286D5C-EB1B-514B-BBD3-B83A62C68C51.root
[777/1254] root://eospublic.cern.ch//eos/opendata/cms/Run2016G/DisplacedJet/NANOAOD/UL2016_MiniAODv2_NanoAODv9-v1/130000/144DC6B9-00FA-404A-B276-26F5567114C1.root
[778/1254] root://eospublic.cern.ch//eos/opendata/cms/Run2016G/DisplacedJet/NANOAOD/UL2016_MiniAODv2_NanoAODv9-v1/130000/1FEC6D51-11DB-CA46-B59F-E194270A9911.root
[779/1254] root://eospublic.cern.ch//eos/opendata/cms/Run2016G/DisplacedJet/NANOAOD/UL2016_MiniAODv2_NanoAODv9-v1/130000/273947DF-2A7E-E341-804B-39EE1188814C.root
[780/1254] root://eospublic.cern.ch//eos/opendata/cms/Run2016G/DisplacedJet/NANOAOD/UL2016_MiniAODv2_NanoAODv9-v1/130000/32472F79-E4DA-1143-B62F-6D5AA954A823.root
[781/1254] root://eospublic.cern.ch//eos/opendata/cms/Run2016G/DisplacedJet/NANOAOD/UL2016_MiniAODv2_NanoAODv9-v1/130000/3E1D4DBF-5852-6B4C-A25B-136F80E1AACA.root
[782/1254] root://eospublic.cern.ch//eos/opendata/cms/Run2016G/DisplacedJet/NANOAOD/UL2016_MiniAODv2_NanoAODv9-v1/130000/4883E830-32CA-484A-897C-4F0EA86DD56B.root
[783/1254] root://eospublic.cern.ch//eos/opendata/cms/Run2016G/DisplacedJet/NANOAOD/UL2016_MiniAODv2_NanoAODv9-v1/130000/56275807-FB18-EC49-9A77-CB777D6A0C17.root
[784/1254] root://eospublic.cern.ch//eos/opendata/cms/Run2016G/DisplacedJet/NANOAOD/UL2016_MiniAODv2_NanoAODv9-v1/130000/6ED1A1EC-0A75-0A4B-974C-81D5A450E87D.root
[785/1254] root://eospublic.cern.ch//eos/opendata/cms/Run2016G/DisplacedJet/NANOAOD/UL2016_MiniAODv2_NanoAODv9-v1/130000/B83D6DBE-0600-A74B-A883-EBF531C26D8E.root
[786/1254] root://eospublic.cern.ch//eos/opendata/cms/Run2016G/DisplacedJet/NANOAOD/UL2016_MiniAODv2_NanoAODv9-v1/130000/BC4B0B4F-CB5C-2F4B-9204-076A0181BB9C.root
[787/1254] root://eospublic.cern.ch//eos/opendata/cms/Run2016G/DisplacedJet/NANOAOD/UL2016_MiniAODv2_NanoAODv9-v1/130000/E07422A4-3805-E74F-992C-886E324A83FC.root
[788/1254] root://eospublic.cern.ch//eos/opendata/cms/Run2016G/DoubleEG/NANOAOD/UL2016_MiniAODv2_NanoAODv9-v1/100000/11DA657F-5262-BD4A-AD1E-8E53BE62A601.root
[789/1254] root://eospublic.cern.ch//eos/opendata/cms/Run2016G/DoubleEG/NANOAOD/UL2016_MiniAODv2_NanoAODv9-v1/100000/148C0840-3400-844C-A955-0318E69E353C.root
[790/1254] root://eospublic.cern.ch//eos/opendata/cms/Run2016G/DoubleEG/NANOAOD/UL2016_MiniAODv2_NanoAODv9-v1/250000/1EEFCB14-DE11-7443-A09D-8609C8B876AE.root
[791/1254] root://eospublic.cern.ch//eos/opendata/cms/Run2016G/DoubleEG/NANOAOD/UL2016_MiniAODv2_NanoAODv9-v1/100000/27CFDBBC-45BA-EB40-BCDD-589BD19208E0.root
[792/1254] root://eospublic.cern.ch//eos/opendata/cms/Run2016G/DoubleEG/NANOAOD/UL2016_MiniAODv2_NanoAODv9-v1/100000/2D7814E0-D1F2-2A4E-9C4C-A1875418EDBB.root
[793/1254] root://eospublic.cern.ch//eos/opendata/cms/Run2016G/DoubleEG/NANOAOD/UL2016_MiniAODv2_NanoAODv9-v1/250000/38DBBB65-7063-C34A-A04F-4147DA109D23.root
[794/1254] root://eospublic.cern.ch//eos/opendata/cms/Run2016G/DoubleEG/NANOAOD/UL2016_MiniAODv2_NanoAODv9-v1/100000/390EC465-A417-0048-B2D4-6D7081C9B348.root
[795/1254] root://eospublic.cern.ch//eos/opendata/cms/Run2016G/DoubleEG/NANOAOD/UL2016_MiniAODv2_NanoAODv9-v1/250000/3EBF4299-63AB-EC48-8E8A-A66E3C1039C5.root
[796/1254] root://eospublic.cern.ch//eos/opendata/cms/Run2016G/DoubleEG/NANOAOD/UL2016_MiniAODv2_NanoAODv9-v1/100000/45823BAC-337D-1C4E-9058-CA552D0423F7.root
[797/1254] root://eospublic.cern.ch//eos/opendata/cms/Run2016G/DoubleEG/NANOAOD/UL2016_MiniAODv2_NanoAODv9-v1/100000/46F874F2-25BF-FE44-A95E-C79F3C374504.root
[798/1254] root://eospublic.cern.ch//eos/opendata/cms/Run2016G/DoubleEG/NANOAOD/UL2016_MiniAODv2_NanoAODv9-v1/100000/55DE6E50-CAF8-8449-9C11-8B9828D57121.root
[799/1254] root://eospublic.cern.ch//eos/opendata/cms/Run2016G/DoubleEG/NANOAOD/UL2016_MiniAODv2_NanoAODv9-v1/100000/59FCC2C6-03BA-6D44-85A9-0DF7EF6191AF.root
[800/1254] root://eospublic.cern.ch//eos/opendata/cms/Run2016G/DoubleEG/NANOAOD/UL2016_MiniAODv2_NanoAODv9-v1/250000/5A99C795-4CE4-0F43-87C6-22686CCDBD0F.root
[801/1254] root://eospublic.cern.ch//eos/opendata/cms/Run2016G/DoubleEG/NANOAOD/UL2016_MiniAODv2_NanoAODv9-v1/100000/60EB951D-C1FB-564F-BD39-08F98612DA87.root
[802/1254] root://eospublic.cern.ch//eos/opendata/cms/Run2016G/DoubleEG/NANOAOD/UL2016_MiniAODv2_NanoAODv9-v1/250000/62BB7342-D2FE-9545-935B-4E72B036951E.root
[803/1254] root://eospublic.cern.ch//eos/opendata/cms/Run2016G/DoubleEG/NANOAOD/UL2016_MiniAODv2_NanoAODv9-v1/100000/63474F7C-8692-8448-8450-40325D051C5D.root
[804/1254] root://eospublic.cern.ch//eos/opendata/cms/Run2016G/DoubleEG/NANOAOD/UL2016_MiniAODv2_NanoAODv9-v1/100000/63D89423-DDDB-6146-ADA6-46C16F41994A.root
[805/1254] root://eospublic.cern.ch//eos/opendata/cms/Run2016G/DoubleEG/NANOAOD/UL2016_MiniAODv2_NanoAODv9-v1/100000/722689F4-B27E-AB44-AA42-1EA848111AD4.root
[806/1254] root://eospublic.cern.ch//eos/opendata/cms/Run2016G/DoubleEG/NANOAOD/UL2016_MiniAODv2_NanoAODv9-v1/250000/7391214E-8674-4640-8165-8E7102C6A5AF.root
[807/1254] root://eospublic.cern.ch//eos/opendata/cms/Run2016G/DoubleEG/NANOAOD/UL2016_MiniAODv2_NanoAODv9-v1/250000/766D66D2-FF49-5F4C-AA0A-37F91ECCF4D9.root
[808/1254] root://eospublic.cern.ch//eos/opendata/cms/Run2016G/DoubleEG/NANOAOD/UL2016_MiniAODv2_NanoAODv9-v1/100000/77F68565-2F10-764C-8D98-EA799EBA71B4.root
[809/1254] root://eospublic.cern.ch//eos/opendata/cms/Run2016G/DoubleEG/NANOAOD/UL2016_MiniAODv2_NanoAODv9-v1/250000/78612FAC-7685-5C4D-8387-ABDFBB3DE3DA.root
[810/1254] root://eospublic.cern.ch//eos/opendata/cms/Run2016G/DoubleEG/NANOAOD/UL2016_MiniAODv2_NanoAODv9-v1/250000/7A11637B-4BD7-ED42-ABF7-F22BF3D38D86.root
[811/1254] root://eospublic.cern.ch//eos/opendata/cms/Run2016G/DoubleEG/NANOAOD/UL2016_MiniAODv2_NanoAODv9-v1/100000/7AF7BF95-A11F-C441-8B9C-0B1676387D76.root
[812/1254] root://eospublic.cern.ch//eos/opendata/cms/Run2016G/DoubleEG/NANOAOD/UL2016_MiniAODv2_NanoAODv9-v1/100000/82F2195E-ED8F-9E47-83A8-ECA4A3B85386.root
[813/1254] root://eospublic.cern.ch//eos/opendata/cms/Run2016G/DoubleEG/NANOAOD/UL2016_MiniAODv2_NanoAODv9-v1/100000/8735FA3C-563F-4441-86B3-835BB1AD05D1.root
[814/1254] root://eospublic.cern.ch//eos/opendata/cms/Run2016G/DoubleEG/NANOAOD/UL2016_MiniAODv2_NanoAODv9-v1/250000/8FB66688-EFC5-7046-9E04-4355A76E66BB.root
[815/1254] root://eospublic.cern.ch//eos/opendata/cms/Run2016G/DoubleEG/NANOAOD/UL2016_MiniAODv2_NanoAODv9-v1/100000/93A79640-006D-3343-BC83-EABCB5255E8B.root
[816/1254] root://eospublic.cern.ch//eos/opendata/cms/Run2016G/DoubleEG/NANOAOD/UL2016_MiniAODv2_NanoAODv9-v1/100000/97B28FE3-A003-C84D-849A-8282D571EF12.root
[817/1254] root://eospublic.cern.ch//eos/opendata/cms/Run2016G/DoubleEG/NANOAOD/UL2016_MiniAODv2_NanoAODv9-v1/250000/9D50C250-B966-9D46-B1EE-2A7D47F18389.root
[818/1254] root://eospublic.cern.ch//eos/opendata/cms/Run2016G/DoubleEG/NANOAOD/UL2016_MiniAODv2_NanoAODv9-v1/100000/ACA6225D-5B6D-CC4F-973B-2696EAF5C069.root
[819/1254] root://eospublic.cern.ch//eos/opendata/cms/Run2016G/DoubleEG/NANOAOD/UL2016_MiniAODv2_NanoAODv9-v1/100000/BA0425E7-D953-9040-974E-2BE3E42E20EC.root
[820/1254] root://eospublic.cern.ch//eos/opendata/cms/Run2016G/DoubleEG/NANOAOD/UL2016_MiniAODv2_NanoAODv9-v1/100000/BE4BFB33-B61D-BB41-A734-C55CCB29EC71.root
[821/1254] root://eospublic.cern.ch//eos/opendata/cms/Run2016G/DoubleEG/NANOAOD/UL2016_MiniAODv2_NanoAODv9-v1/100000/CDBE3429-C5B1-D14F-91A4-B118B72D3FC9.root
[822/1254] root://eospublic.cern.ch//eos/opendata/cms/Run2016G/DoubleEG/NANOAOD/UL2016_MiniAODv2_NanoAODv9-v1/100000/D0C7C005-8B8E-5849-9A22-42FB0187E5D0.root
[823/1254] root://eospublic.cern.ch//eos/opendata/cms/Run2016G/DoubleEG/NANOAOD/UL2016_MiniAODv2_NanoAODv9-v1/250000/D0F50568-5BC7-1F40-A4FE-66E11FBC7F33.root
[824/1254] root://eospublic.cern.ch//eos/opendata/cms/Run2016G/DoubleEG/NANOAOD/UL2016_MiniAODv2_NanoAODv9-v1/100000/D17FB630-51D5-0C4F-B764-B3C674F84489.root
[825/1254] root://eospublic.cern.ch//eos/opendata/cms/Run2016G/DoubleEG/NANOAOD/UL2016_MiniAODv2_NanoAODv9-v1/250000/D2C36742-3446-EB46-82A9-E583D4866980.root
[826/1254] root://eospublic.cern.ch//eos/opendata/cms/Run2016G/DoubleEG/NANOAOD/UL2016_MiniAODv2_NanoAODv9-v1/100000/D2CEC31C-74B6-FA40-A0EB-690FC0B55C76.root
[827/1254] root://eospublic.cern.ch//eos/opendata/cms/Run2016G/DoubleEG/NANOAOD/UL2016_MiniAODv2_NanoAODv9-v1/1010000/DA14785B-FF37-EE46-954A-DDA928953ED8.root
[828/1254] root://eospublic.cern.ch//eos/opendata/cms/Run2016G/DoubleEG/NANOAOD/UL2016_MiniAODv2_NanoAODv9-v1/250000/DCBFCC6D-EC34-8B48-A2CF-EA74BBF4EDFD.root
[829/1254] root://eospublic.cern.ch//eos/opendata/cms/Run2016G/DoubleEG/NANOAOD/UL2016_MiniAODv2_NanoAODv9-v1/250000/DEC5448B-E182-1947-AE4E-FB6A87AA30D7.root
[830/1254] root://eospublic.cern.ch//eos/opendata/cms/Run2016G/DoubleEG/NANOAOD/UL2016_MiniAODv2_NanoAODv9-v1/100000/E1414F52-C9C7-A04F-BAE4-8E8C95595A1F.root
[831/1254] root://eospublic.cern.ch//eos/opendata/cms/Run2016G/DoubleEG/NANOAOD/UL2016_MiniAODv2_NanoAODv9-v1/250000/E353F511-F565-2443-B67C-40D0C3235AC8.root
[832/1254] root://eospublic.cern.ch//eos/opendata/cms/Run2016G/DoubleEG/NANOAOD/UL2016_MiniAODv2_NanoAODv9-v1/100000/E35AC133-E83B-BA4B-B4B7-640D9FCF1711.root
[833/1254] root://eospublic.cern.ch//eos/opendata/cms/Run2016G/DoubleEG/NANOAOD/UL2016_MiniAODv2_NanoAODv9-v1/250000/ECA6DDD9-3AA8-8C45-B36A-F86B53F4F2DF.root
[834/1254] root://eospublic.cern.ch//eos/opendata/cms/Run2016G/DoubleEG/NANOAOD/UL2016_MiniAODv2_NanoAODv9-v1/100000/FA7CAD53-01EE-1444-BB8B-87284351D242.root
[835/1254] root://eospublic.cern.ch//eos/opendata/cms/Run2016G/DoubleMuon/NANOAOD/UL2016_MiniAODv2_NanoAODv9-v2/2430000/05DD095C-F6C3-9A4F-9FB3-348A5A6403D5.root
[836/1254] root://eospublic.cern.ch//eos/opendata/cms/Run2016G/DoubleMuon/NANOAOD/UL2016_MiniAODv2_NanoAODv9-v2/2430000/209D94D9-B6D5-A34B-A2A3-CBB7E4EA8ADF.root
[837/1254] root://eospublic.cern.ch//eos/opendata/cms/Run2016G/DoubleMuon/NANOAOD/UL2016_MiniAODv2_NanoAODv9-v2/2430000/23A0C786-B116-F346-81C1-18EF4716C097.root
[838/1254] root://eospublic.cern.ch//eos/opendata/cms/Run2016G/DoubleMuon/NANOAOD/UL2016_MiniAODv2_NanoAODv9-v2/2430000/2631F9B1-3B3E-7E4A-BE75-FC57E322C981.root
[839/1254] root://eospublic.cern.ch//eos/opendata/cms/Run2016G/DoubleMuon/NANOAOD/UL2016_MiniAODv2_NanoAODv9-v2/2430000/26A77DF8-54A5-7B44-B1BB-5B93CFF5C9C6.root
[840/1254] root://eospublic.cern.ch//eos/opendata/cms/Run2016G/DoubleMuon/NANOAOD/UL2016_MiniAODv2_NanoAODv9-v2/2430000/28E0E7C4-3DA1-6C47-8EBB-89C9507BC283.root
[841/1254] root://eospublic.cern.ch//eos/opendata/cms/Run2016G/DoubleMuon/NANOAOD/UL2016_MiniAODv2_NanoAODv9-v2/2430000/3B20EB8F-4FD1-D041-9513-1A82351756E1.root
[842/1254] root://eospublic.cern.ch//eos/opendata/cms/Run2016G/DoubleMuon/NANOAOD/UL2016_MiniAODv2_NanoAODv9-v2/2430000/4AAF4AB2-171D-F54C-8FE3-0D709B049A8A.root
[843/1254] root://eospublic.cern.ch//eos/opendata/cms/Run2016G/DoubleMuon/NANOAOD/UL2016_MiniAODv2_NanoAODv9-v2/2430000/4E3A26DE-E53B-A844-8048-36376617AE8D.root
[844/1254] root://eospublic.cern.ch//eos/opendata/cms/Run2016G/DoubleMuon/NANOAOD/UL2016_MiniAODv2_NanoAODv9-v2/2430000/58749C91-2895-334A-8546-D163C2E05718.root
[845/1254] root://eospublic.cern.ch//eos/opendata/cms/Run2016G/DoubleMuon/NANOAOD/UL2016_MiniAODv2_NanoAODv9-v2/2430000/718C97EB-8F87-E644-9371-E04760201AE4.root
[846/1254] root://eospublic.cern.ch//eos/opendata/cms/Run2016G/DoubleMuon/NANOAOD/UL2016_MiniAODv2_NanoAODv9-v2/2430000/78FA0801-28AF-3A45-A36A-AB7CC9A5506E.root
[847/1254] root://eospublic.cern.ch//eos/opendata/cms/Run2016G/DoubleMuon/NANOAOD/UL2016_MiniAODv2_NanoAODv9-v2/2430000/7B6069C4-7ED4-C34B-BD4C-8DE972F9206C.root
[848/1254] root://eospublic.cern.ch//eos/opendata/cms/Run2016G/DoubleMuon/NANOAOD/UL2016_MiniAODv2_NanoAODv9-v2/2430000/87162F7A-6440-6F41-B61C-DD84BF000C35.root
[849/1254] root://eospublic.cern.ch//eos/opendata/cms/Run2016G/DoubleMuon/NANOAOD/UL2016_MiniAODv2_NanoAODv9-v2/2430000/8B0B7376-00E2-BF47-A0B2-7CD4E77FC2CB.root
[850/1254] root://eospublic.cern.ch//eos/opendata/cms/Run2016G/DoubleMuon/NANOAOD/UL2016_MiniAODv2_NanoAODv9-v2/2430000/8E86856A-A894-CE4E-8D07-060C9633C368.root
[851/1254] root://eospublic.cern.ch//eos/opendata/cms/Run2016G/DoubleMuon/NANOAOD/UL2016_MiniAODv2_NanoAODv9-v2/2430000/8FA6C301-684B-9E46-B901-87FCD68FC02F.root
[852/1254] root://eospublic.cern.ch//eos/opendata/cms/Run2016G/DoubleMuon/NANOAOD/UL2016_MiniAODv2_NanoAODv9-v2/2430000/99BE333D-5E3F-5D4B-A24A-A250B8B2C2EC.root
[853/1254] root://eospublic.cern.ch//eos/opendata/cms/Run2016G/DoubleMuon/NANOAOD/UL2016_MiniAODv2_NanoAODv9-v2/2430000/A3CE8422-11FF-5D4C-922D-B592FDD76682.root
[854/1254] root://eospublic.cern.ch//eos/opendata/cms/Run2016G/DoubleMuon/NANOAOD/UL2016_MiniAODv2_NanoAODv9-v2/2430000/A4201268-368C-D74F-B79E-8C01803D8608.root
[855/1254] root://eospublic.cern.ch//eos/opendata/cms/Run2016G/DoubleMuon/NANOAOD/UL2016_MiniAODv2_NanoAODv9-v2/2430000/A492FDC6-77B1-5745-A129-50784E0B3028.root
[856/1254] root://eospublic.cern.ch//eos/opendata/cms/Run2016G/DoubleMuon/NANOAOD/UL2016_MiniAODv2_NanoAODv9-v2/2430000/BA67D74C-A071-104C-BE33-AF82B10BAEB7.root
[857/1254] root://eospublic.cern.ch//eos/opendata/cms/Run2016G/DoubleMuon/NANOAOD/UL2016_MiniAODv2_NanoAODv9-v2/2430000/D1989538-A8AE-854E-9F7B-6638D5D45817.root
[858/1254] root://eospublic.cern.ch//eos/opendata/cms/Run2016G/DoubleMuon/NANOAOD/UL2016_MiniAODv2_NanoAODv9-v2/2430000/D535680D-169D-094E-B424-D79C59C6687F.root
[859/1254] root://eospublic.cern.ch//eos/opendata/cms/Run2016G/DoubleMuon/NANOAOD/UL2016_MiniAODv2_NanoAODv9-v2/2430000/E243437A-C5B2-E543-AD00-931CE36A3935.root
[860/1254] root://eospublic.cern.ch//eos/opendata/cms/Run2016G/DoubleMuon/NANOAOD/UL2016_MiniAODv2_NanoAODv9-v2/2430000/ED3359B9-BF1E-044C-8418-ACDDE2B11FF0.root
[861/1254] root://eospublic.cern.ch//eos/opendata/cms/Run2016G/DoubleMuon/NANOAOD/UL2016_MiniAODv2_NanoAODv9-v2/2430000/EF0619CE-F699-5942-BA8B-206D2D434A33.root
[862/1254] root://eospublic.cern.ch//eos/opendata/cms/Run2016G/DoubleMuon/NANOAOD/UL2016_MiniAODv2_NanoAODv9-v2/2430000/F1D0DAC7-256C-0E47-AA8E-679FBAA2E47D.root
[863/1254] root://eospublic.cern.ch//eos/opendata/cms/Run2016G/DoubleMuon/NANOAOD/UL2016_MiniAODv2_NanoAODv9-v2/2430000/F20C428E-C7D7-BB46-BA0F-BCB31B79F1AC.root
[864/1254] root://eospublic.cern.ch//eos/opendata/cms/Run2016G/DoubleMuonLowMass/NANOAOD/UL2016_MiniAODv2_NanoAODv9-v1/40000/035D643C-1D90-414C-B2A2-8F98A94DB814.root
[865/1254] root://eospublic.cern.ch//eos/opendata/cms/Run2016G/DoubleMuonLowMass/NANOAOD/UL2016_MiniAODv2_NanoAODv9-v1/40000/0A29083F-605E-3D48-AAD1-AE6B500E9AAB.root
[866/1254] root://eospublic.cern.ch//eos/opendata/cms/Run2016G/DoubleMuonLowMass/NANOAOD/UL2016_MiniAODv2_NanoAODv9-v1/40000/14183266-066B-2E44-925E-018EFB39068F.root
[867/1254] root://eospublic.cern.ch//eos/opendata/cms/Run2016G/DoubleMuonLowMass/NANOAOD/UL2016_MiniAODv2_NanoAODv9-v1/40000/1517B733-9AF9-D649-8A91-07C04B14D51D.root
[868/1254] root://eospublic.cern.ch//eos/opendata/cms/Run2016G/DoubleMuonLowMass/NANOAOD/UL2016_MiniAODv2_NanoAODv9-v1/40000/15DDE537-ABD0-0E4C-8497-8E00403AFE9B.root
[869/1254] root://eospublic.cern.ch//eos/opendata/cms/Run2016G/DoubleMuonLowMass/NANOAOD/UL2016_MiniAODv2_NanoAODv9-v1/40000/214DDABB-2DD5-2047-98DA-C4C23A38D437.root
[870/1254] root://eospublic.cern.ch//eos/opendata/cms/Run2016G/DoubleMuonLowMass/NANOAOD/UL2016_MiniAODv2_NanoAODv9-v1/40000/2531EBF6-DF50-DB44-A0B3-AABF0FF57FEA.root
[871/1254] root://eospublic.cern.ch//eos/opendata/cms/Run2016G/DoubleMuonLowMass/NANOAOD/UL2016_MiniAODv2_NanoAODv9-v1/40000/26D2A96E-50BA-6F46-89A6-B8DC3C75A0DF.root
[872/1254] root://eospublic.cern.ch//eos/opendata/cms/Run2016G/DoubleMuonLowMass/NANOAOD/UL2016_MiniAODv2_NanoAODv9-v1/40000/357586DE-DA9E-E04A-9312-9D3399EA2410.root
[873/1254] root://eospublic.cern.ch//eos/opendata/cms/Run2016G/DoubleMuonLowMass/NANOAOD/UL2016_MiniAODv2_NanoAODv9-v1/40000/36F5530F-E501-7147-AA31-66A41781C89A.root
[874/1254] root://eospublic.cern.ch//eos/opendata/cms/Run2016G/DoubleMuonLowMass/NANOAOD/UL2016_MiniAODv2_NanoAODv9-v1/40000/3AD8BD8A-3527-3648-9216-9F1EAEB02F90.root
[875/1254] root://eospublic.cern.ch//eos/opendata/cms/Run2016G/DoubleMuonLowMass/NANOAOD/UL2016_MiniAODv2_NanoAODv9-v1/40000/43D32BAE-442C-6E42-8313-A920328391AE.root
[876/1254] root://eospublic.cern.ch//eos/opendata/cms/Run2016G/DoubleMuonLowMass/NANOAOD/UL2016_MiniAODv2_NanoAODv9-v1/40000/4DA8D31B-0B3F-F44D-91F1-F6CA73E9B211.root
[877/1254] root://eospublic.cern.ch//eos/opendata/cms/Run2016G/DoubleMuonLowMass/NANOAOD/UL2016_MiniAODv2_NanoAODv9-v1/40000/4FA29391-D8AE-3748-9A41-DBDCB54E1376.root
[878/1254] root://eospublic.cern.ch//eos/opendata/cms/Run2016G/DoubleMuonLowMass/NANOAOD/UL2016_MiniAODv2_NanoAODv9-v1/40000/5126F6FB-ED74-7F41-933A-4F5D037D2DA7.root
[879/1254] root://eospublic.cern.ch//eos/opendata/cms/Run2016G/DoubleMuonLowMass/NANOAOD/UL2016_MiniAODv2_NanoAODv9-v1/40000/543BB278-DEEB-E84D-927D-016D14E469AA.root
[880/1254] root://eospublic.cern.ch//eos/opendata/cms/Run2016G/DoubleMuonLowMass/NANOAOD/UL2016_MiniAODv2_NanoAODv9-v1/40000/5803CB32-4A85-D743-B957-16687E4BF4FA.root
[881/1254] root://eospublic.cern.ch//eos/opendata/cms/Run2016G/DoubleMuonLowMass/NANOAOD/UL2016_MiniAODv2_NanoAODv9-v1/40000/5AECF1EB-EAD6-854A-8A9D-BC95199E3FE9.root
[882/1254] root://eospublic.cern.ch//eos/opendata/cms/Run2016G/DoubleMuonLowMass/NANOAOD/UL2016_MiniAODv2_NanoAODv9-v1/40000/8038009A-6709-3240-A566-5A3FB4B5DF82.root
[883/1254] root://eospublic.cern.ch//eos/opendata/cms/Run2016G/DoubleMuonLowMass/NANOAOD/UL2016_MiniAODv2_NanoAODv9-v1/40000/813D44A7-5F41-B344-83AB-5A7353F27BEF.root
[884/1254] root://eospublic.cern.ch//eos/opendata/cms/Run2016G/DoubleMuonLowMass/NANOAOD/UL2016_MiniAODv2_NanoAODv9-v1/40000/8A9B5D35-411A-944E-A71B-94DBD0734133.root
[885/1254] root://eospublic.cern.ch//eos/opendata/cms/Run2016G/DoubleMuonLowMass/NANOAOD/UL2016_MiniAODv2_NanoAODv9-v1/40000/9856B256-38A1-6841-9E23-7A74BCBC95AB.root
[886/1254] root://eospublic.cern.ch//eos/opendata/cms/Run2016G/DoubleMuonLowMass/NANOAOD/UL2016_MiniAODv2_NanoAODv9-v1/40000/A364DB64-8DE9-F14C-87AC-7B72024D2BD1.root
[887/1254] root://eospublic.cern.ch//eos/opendata/cms/Run2016G/DoubleMuonLowMass/NANOAOD/UL2016_MiniAODv2_NanoAODv9-v1/40000/A9D2032D-5AB1-894F-8A55-CB3D293761BB.root
[888/1254] root://eospublic.cern.ch//eos/opendata/cms/Run2016G/DoubleMuonLowMass/NANOAOD/UL2016_MiniAODv2_NanoAODv9-v1/40000/B1807F64-18F1-8243-8DFD-A4EFFFCFC7FD.root
[889/1254] root://eospublic.cern.ch//eos/opendata/cms/Run2016G/DoubleMuonLowMass/NANOAOD/UL2016_MiniAODv2_NanoAODv9-v1/40000/B4AF0DDA-72D6-654E-9E2F-3CE4FBE06EC1.root
[890/1254] root://eospublic.cern.ch//eos/opendata/cms/Run2016G/DoubleMuonLowMass/NANOAOD/UL2016_MiniAODv2_NanoAODv9-v1/40000/B761E717-E5F9-ED44-8FF7-F7F6CBEAB1D6.root
[891/1254] root://eospublic.cern.ch//eos/opendata/cms/Run2016G/DoubleMuonLowMass/NANOAOD/UL2016_MiniAODv2_NanoAODv9-v1/40000/C9613931-A2D8-BA47-B01C-779C58016941.root
[892/1254] root://eospublic.cern.ch//eos/opendata/cms/Run2016G/DoubleMuonLowMass/NANOAOD/UL2016_MiniAODv2_NanoAODv9-v1/40000/CBCB9256-722E-D04A-9D99-CC4A51872C99.root
[893/1254] root://eospublic.cern.ch//eos/opendata/cms/Run2016G/DoubleMuonLowMass/NANOAOD/UL2016_MiniAODv2_NanoAODv9-v1/40000/DC610944-A090-E34A-A3FF-C3CD86C000CD.root
[894/1254] root://eospublic.cern.ch//eos/opendata/cms/Run2016G/DoubleMuonLowMass/NANOAOD/UL2016_MiniAODv2_NanoAODv9-v1/40000/E1DB48A5-46DD-8445-ACC4-97D4DA55B060.root
[895/1254] root://eospublic.cern.ch//eos/opendata/cms/Run2016G/HTMHT/NANOAOD/UL2016_MiniAODv2_NanoAODv9-v1/70000/0922B35F-D0AC-0846-AA41-4EA12ED9C729.root
[896/1254] root://eospublic.cern.ch//eos/opendata/cms/Run2016G/HTMHT/NANOAOD/UL2016_MiniAODv2_NanoAODv9-v1/70000/13F0D237-52A4-504D-A99B-0C150618935D.root
[897/1254] root://eospublic.cern.ch//eos/opendata/cms/Run2016G/HTMHT/NANOAOD/UL2016_MiniAODv2_NanoAODv9-v1/70000/17A821F0-3060-894D-82D5-2677BE90FEE6.root
[898/1254] root://eospublic.cern.ch//eos/opendata/cms/Run2016G/HTMHT/NANOAOD/UL2016_MiniAODv2_NanoAODv9-v1/70000/21A40F6F-891B-104E-9FEB-70D4AFAF8510.root
[899/1254] root://eospublic.cern.ch//eos/opendata/cms/Run2016G/HTMHT/NANOAOD/UL2016_MiniAODv2_NanoAODv9-v1/70000/2AD16404-EA40-EE4D-8E94-348E51D4B3C6.root
[900/1254] root://eospublic.cern.ch//eos/opendata/cms/Run2016G/HTMHT/NANOAOD/UL2016_MiniAODv2_NanoAODv9-v1/70000/2EEF9A8A-3AD7-464C-8325-A5F72E89FA03.root
[901/1254] root://eospublic.cern.ch//eos/opendata/cms/Run2016G/HTMHT/NANOAOD/UL2016_MiniAODv2_NanoAODv9-v1/70000/46964DDC-8778-C74A-8AE3-2BCEEF20B128.root
[902/1254] root://eospublic.cern.ch//eos/opendata/cms/Run2016G/HTMHT/NANOAOD/UL2016_MiniAODv2_NanoAODv9-v1/70000/7E0E556B-C84F-3842-95A3-008D478CF9B3.root
[903/1254] root://eospublic.cern.ch//eos/opendata/cms/Run2016G/HTMHT/NANOAOD/UL2016_MiniAODv2_NanoAODv9-v1/70000/8F67C6FC-7EC2-FA44-B0DC-5078F114F3D9.root
[904/1254] root://eospublic.cern.ch//eos/opendata/cms/Run2016G/HTMHT/NANOAOD/UL2016_MiniAODv2_NanoAODv9-v1/70000/9C4D3870-C102-2947-ADAA-373C0D06BD0B.root
[905/1254] root://eospublic.cern.ch//eos/opendata/cms/Run2016G/HTMHT/NANOAOD/UL2016_MiniAODv2_NanoAODv9-v1/70000/A652E6D7-B63A-4346-8355-F3A0E9F3772F.root
[906/1254] root://eospublic.cern.ch//eos/opendata/cms/Run2016G/HTMHT/NANOAOD/UL2016_MiniAODv2_NanoAODv9-v1/70000/BD6D056F-138F-7F4C-89A0-1B044954378A.root
[907/1254] root://eospublic.cern.ch//eos/opendata/cms/Run2016G/HTMHT/NANOAOD/UL2016_MiniAODv2_NanoAODv9-v1/70000/CD888ABD-D6FB-3140-9B4C-5A5006B41EE0.root
[908/1254] root://eospublic.cern.ch//eos/opendata/cms/Run2016G/HTMHT/NANOAOD/UL2016_MiniAODv2_NanoAODv9-v1/70000/D7D98141-3BE3-D34D-BAEA-675625FB1D07.root
[909/1254] root://eospublic.cern.ch//eos/opendata/cms/Run2016G/HTMHT/NANOAOD/UL2016_MiniAODv2_NanoAODv9-v1/70000/DBC268DA-400F-6044-976B-8AC38911721F.root
[910/1254] root://eospublic.cern.ch//eos/opendata/cms/Run2016G/HTMHT/NANOAOD/UL2016_MiniAODv2_NanoAODv9-v1/70000/DD516631-CA6B-694F-92B3-7CB37B3A6564.root
[911/1254] root://eospublic.cern.ch//eos/opendata/cms/Run2016G/HTMHT/NANOAOD/UL2016_MiniAODv2_NanoAODv9-v1/70000/E551A4D7-3B1E-2444-9D89-7085297807F7.root
[912/1254] root://eospublic.cern.ch//eos/opendata/cms/Run2016G/HTMHT/NANOAOD/UL2016_MiniAODv2_NanoAODv9-v1/70000/FCC2A7B8-3F5E-A74F-B7EE-ED87B580172B.root
[913/1254] root://eospublic.cern.ch//eos/opendata/cms/Run2016G/HTMHT/NANOAOD/UL2016_MiniAODv2_NanoAODv9-v1/70000/FE30D2AE-5FA5-C24C-A811-A302F54C67C7.root
[914/1254] root://eospublic.cern.ch//eos/opendata/cms/Run2016G/JetHT/NANOAOD/UL2016_MiniAODv2_NanoAODv9-v1/260000/0673B754-2FF9-A247-B862-C4F2F1EF6673.root
[915/1254] root://eospublic.cern.ch//eos/opendata/cms/Run2016G/JetHT/NANOAOD/UL2016_MiniAODv2_NanoAODv9-v1/260000/07E886E0-9B35-5444-9E9B-9721A82B1C82.root
[916/1254] root://eospublic.cern.ch//eos/opendata/cms/Run2016G/JetHT/NANOAOD/UL2016_MiniAODv2_NanoAODv9-v1/260000/0816386A-4B3B-3D40-926C-352F8F6FF782.root
[917/1254] root://eospublic.cern.ch//eos/opendata/cms/Run2016G/JetHT/NANOAOD/UL2016_MiniAODv2_NanoAODv9-v1/260000/0FAAB36E-8E5F-504B-9CB8-6453C6EFC9FD.root
[918/1254] root://eospublic.cern.ch//eos/opendata/cms/Run2016G/JetHT/NANOAOD/UL2016_MiniAODv2_NanoAODv9-v1/260000/1258413A-8BA3-2D48-9C66-58A8D165D600.root
[919/1254] root://eospublic.cern.ch//eos/opendata/cms/Run2016G/JetHT/NANOAOD/UL2016_MiniAODv2_NanoAODv9-v1/260000/1B2EC787-399E-B847-9F8F-A83EE589A022.root
[920/1254] root://eospublic.cern.ch//eos/opendata/cms/Run2016G/JetHT/NANOAOD/UL2016_MiniAODv2_NanoAODv9-v1/260000/1CA06DD5-7529-ED4D-AD22-BF21383E7EA6.root
[921/1254] root://eospublic.cern.ch//eos/opendata/cms/Run2016G/JetHT/NANOAOD/UL2016_MiniAODv2_NanoAODv9-v1/260000/24018FB9-028E-D24E-B3A5-7AF9881A1569.root
[922/1254] root://eospublic.cern.ch//eos/opendata/cms/Run2016G/JetHT/NANOAOD/UL2016_MiniAODv2_NanoAODv9-v1/260000/27B4C175-DA11-E946-970C-32D217F7D54C.root
[923/1254] root://eospublic.cern.ch//eos/opendata/cms/Run2016G/JetHT/NANOAOD/UL2016_MiniAODv2_NanoAODv9-v1/260000/295DD3A0-0A92-614C-B686-AF44A6720230.root
[924/1254] root://eospublic.cern.ch//eos/opendata/cms/Run2016G/JetHT/NANOAOD/UL2016_MiniAODv2_NanoAODv9-v1/260000/2C125761-133F-C343-AABF-F262742B9D73.root
[925/1254] root://eospublic.cern.ch//eos/opendata/cms/Run2016G/JetHT/NANOAOD/UL2016_MiniAODv2_NanoAODv9-v1/260000/3931AB5E-F5E7-664B-8E61-A6F62DB976CC.root
[926/1254] root://eospublic.cern.ch//eos/opendata/cms/Run2016G/JetHT/NANOAOD/UL2016_MiniAODv2_NanoAODv9-v1/260000/3B5F7371-EB60-F148-9BB0-2C78B38464FC.root
[927/1254] root://eospublic.cern.ch//eos/opendata/cms/Run2016G/JetHT/NANOAOD/UL2016_MiniAODv2_NanoAODv9-v1/260000/3D729690-218D-CA4C-ADC7-EA061BB3FA6E.root
[928/1254] root://eospublic.cern.ch//eos/opendata/cms/Run2016G/JetHT/NANOAOD/UL2016_MiniAODv2_NanoAODv9-v1/260000/42D06DDD-8930-5B4D-94FD-AF28B397D392.root
[929/1254] root://eospublic.cern.ch//eos/opendata/cms/Run2016G/JetHT/NANOAOD/UL2016_MiniAODv2_NanoAODv9-v1/260000/44CFF31A-D5B1-B34C-A392-D330044B1207.root
[930/1254] root://eospublic.cern.ch//eos/opendata/cms/Run2016G/JetHT/NANOAOD/UL2016_MiniAODv2_NanoAODv9-v1/260000/48762316-FC40-7C46-8F89-7C41A5817B1B.root
[931/1254] root://eospublic.cern.ch//eos/opendata/cms/Run2016G/JetHT/NANOAOD/UL2016_MiniAODv2_NanoAODv9-v1/260000/4A280C29-D51B-A14F-960A-2ABCBD35C99B.root
[932/1254] root://eospublic.cern.ch//eos/opendata/cms/Run2016G/JetHT/NANOAOD/UL2016_MiniAODv2_NanoAODv9-v1/260000/4B5665A6-5C26-BF41-AA1F-0710817E7CB3.root
[933/1254] root://eospublic.cern.ch//eos/opendata/cms/Run2016G/JetHT/NANOAOD/UL2016_MiniAODv2_NanoAODv9-v1/260000/5305478D-3451-6444-930C-953562A82B76.root
[934/1254] root://eospublic.cern.ch//eos/opendata/cms/Run2016G/JetHT/NANOAOD/UL2016_MiniAODv2_NanoAODv9-v1/260000/55C56AC0-0037-3B4F-817C-DFD10753609A.root
[935/1254] root://eospublic.cern.ch//eos/opendata/cms/Run2016G/JetHT/NANOAOD/UL2016_MiniAODv2_NanoAODv9-v1/260000/5694881E-DA74-6A47-9785-420F474C3D18.root
[936/1254] root://eospublic.cern.ch//eos/opendata/cms/Run2016G/JetHT/NANOAOD/UL2016_MiniAODv2_NanoAODv9-v1/260000/575CF868-89D8-8C4F-AC24-CCAE46C5BB5A.root
[937/1254] root://eospublic.cern.ch//eos/opendata/cms/Run2016G/JetHT/NANOAOD/UL2016_MiniAODv2_NanoAODv9-v1/260000/5893F85C-ECBB-ED4D-B507-C1A68401F38C.root
[938/1254] root://eospublic.cern.ch//eos/opendata/cms/Run2016G/JetHT/NANOAOD/UL2016_MiniAODv2_NanoAODv9-v1/260000/61F5EB2D-5040-544C-B26B-D522BDD59978.root
[939/1254] root://eospublic.cern.ch//eos/opendata/cms/Run2016G/JetHT/NANOAOD/UL2016_MiniAODv2_NanoAODv9-v1/260000/6642B9BF-5C38-1544-A2F0-DF9457626B0F.root
[940/1254] root://eospublic.cern.ch//eos/opendata/cms/Run2016G/JetHT/NANOAOD/UL2016_MiniAODv2_NanoAODv9-v1/260000/67BE0CF7-0811-F44F-9874-E2606559912C.root
[941/1254] root://eospublic.cern.ch//eos/opendata/cms/Run2016G/JetHT/NANOAOD/UL2016_MiniAODv2_NanoAODv9-v1/260000/6B941680-8A6F-4E4E-8728-AC74F2AFB203.root
[942/1254] root://eospublic.cern.ch//eos/opendata/cms/Run2016G/JetHT/NANOAOD/UL2016_MiniAODv2_NanoAODv9-v1/260000/6BFE5AE6-6005-E645-BAD2-5CEA5D09F2B5.root
[943/1254] root://eospublic.cern.ch//eos/opendata/cms/Run2016G/JetHT/NANOAOD/UL2016_MiniAODv2_NanoAODv9-v1/260000/7109A25F-B9BB-7F4C-9726-185B6AA86323.root
[944/1254] root://eospublic.cern.ch//eos/opendata/cms/Run2016G/JetHT/NANOAOD/UL2016_MiniAODv2_NanoAODv9-v1/260000/778CE074-6988-3543-B8AD-54DAB53CE19D.root
[945/1254] root://eospublic.cern.ch//eos/opendata/cms/Run2016G/JetHT/NANOAOD/UL2016_MiniAODv2_NanoAODv9-v1/260000/78AC29D3-DDB5-C842-B8D9-2FC47513C1A3.root
[946/1254] root://eospublic.cern.ch//eos/opendata/cms/Run2016G/JetHT/NANOAOD/UL2016_MiniAODv2_NanoAODv9-v1/260000/790A1104-412D-0448-9AE4-0E696A7E366F.root
[947/1254] root://eospublic.cern.ch//eos/opendata/cms/Run2016G/JetHT/NANOAOD/UL2016_MiniAODv2_NanoAODv9-v1/260000/79E3D088-A3D3-A24E-8A22-BFBD64A4C3EF.root
[948/1254] root://eospublic.cern.ch//eos/opendata/cms/Run2016G/JetHT/NANOAOD/UL2016_MiniAODv2_NanoAODv9-v1/260000/7B5234FC-67C4-3C44-89EB-D6E4B9C19D89.root
[949/1254] root://eospublic.cern.ch//eos/opendata/cms/Run2016G/JetHT/NANOAOD/UL2016_MiniAODv2_NanoAODv9-v1/260000/7EAC85CB-ACE7-B642-B3F6-10C16C02CB71.root
[950/1254] root://eospublic.cern.ch//eos/opendata/cms/Run2016G/JetHT/NANOAOD/UL2016_MiniAODv2_NanoAODv9-v1/260000/8374BD28-F93F-8D47-AACB-6AFA55E2E0C7.root
[951/1254] root://eospublic.cern.ch//eos/opendata/cms/Run2016G/JetHT/NANOAOD/UL2016_MiniAODv2_NanoAODv9-v1/260000/8859235A-A12E-9449-8F64-DFC32B2E2E67.root
[952/1254] root://eospublic.cern.ch//eos/opendata/cms/Run2016G/JetHT/NANOAOD/UL2016_MiniAODv2_NanoAODv9-v1/260000/8AE36A14-8433-6C45-B556-1B2D010B2E06.root
[953/1254] root://eospublic.cern.ch//eos/opendata/cms/Run2016G/JetHT/NANOAOD/UL2016_MiniAODv2_NanoAODv9-v1/260000/8C2D327C-E1C0-BE4B-AD9E-82746393A725.root
[954/1254] root://eospublic.cern.ch//eos/opendata/cms/Run2016G/JetHT/NANOAOD/UL2016_MiniAODv2_NanoAODv9-v1/260000/8F86E3B9-EFB0-0F4F-9287-150587984048.root
[955/1254] root://eospublic.cern.ch//eos/opendata/cms/Run2016G/JetHT/NANOAOD/UL2016_MiniAODv2_NanoAODv9-v1/260000/9030EBDC-4D85-5A42-B073-4B0CE8F65975.root
[956/1254] root://eospublic.cern.ch//eos/opendata/cms/Run2016G/JetHT/NANOAOD/UL2016_MiniAODv2_NanoAODv9-v1/260000/936BE346-B814-DB4C-A8DD-E4578CDCF7B1.root
[957/1254] root://eospublic.cern.ch//eos/opendata/cms/Run2016G/JetHT/NANOAOD/UL2016_MiniAODv2_NanoAODv9-v1/260000/9457E4E1-4533-4B40-8BC7-2AB955E58ACD.root
[958/1254] root://eospublic.cern.ch//eos/opendata/cms/Run2016G/JetHT/NANOAOD/UL2016_MiniAODv2_NanoAODv9-v1/260000/9531269E-4C52-2A4B-A3B7-5EA773EF54CF.root
[959/1254] root://eospublic.cern.ch//eos/opendata/cms/Run2016G/JetHT/NANOAOD/UL2016_MiniAODv2_NanoAODv9-v1/260000/97CCD62E-3149-9145-ABD6-4F82DD3BC612.root
[960/1254] root://eospublic.cern.ch//eos/opendata/cms/Run2016G/JetHT/NANOAOD/UL2016_MiniAODv2_NanoAODv9-v1/260000/9D0BBF6C-B3B1-754F-86AF-7717DB52698D.root
[961/1254] root://eospublic.cern.ch//eos/opendata/cms/Run2016G/JetHT/NANOAOD/UL2016_MiniAODv2_NanoAODv9-v1/260000/A168B526-880D-AC4C-B87E-95E617310AF7.root
[962/1254] root://eospublic.cern.ch//eos/opendata/cms/Run2016G/JetHT/NANOAOD/UL2016_MiniAODv2_NanoAODv9-v1/260000/A49AB830-34D8-0A49-BBD4-7E085D275E00.root
[963/1254] root://eospublic.cern.ch//eos/opendata/cms/Run2016G/JetHT/NANOAOD/UL2016_MiniAODv2_NanoAODv9-v1/260000/A63B9B97-E2E2-BD4C-9D85-3E49A7639444.root
[964/1254] root://eospublic.cern.ch//eos/opendata/cms/Run2016G/JetHT/NANOAOD/UL2016_MiniAODv2_NanoAODv9-v1/260000/A82D6C52-5789-F744-850E-65D0D413B48E.root
[965/1254] root://eospublic.cern.ch//eos/opendata/cms/Run2016G/JetHT/NANOAOD/UL2016_MiniAODv2_NanoAODv9-v1/260000/AE672181-0B74-FE4E-B4CD-13DE92EE7735.root
[966/1254] root://eospublic.cern.ch//eos/opendata/cms/Run2016G/JetHT/NANOAOD/UL2016_MiniAODv2_NanoAODv9-v1/260000/AF04AD13-6503-0441-AC2D-12E56A5B185E.root
[967/1254] root://eospublic.cern.ch//eos/opendata/cms/Run2016G/JetHT/NANOAOD/UL2016_MiniAODv2_NanoAODv9-v1/260000/AFD0CE71-9112-D045-99B5-D09E47CE7606.root
[968/1254] root://eospublic.cern.ch//eos/opendata/cms/Run2016G/JetHT/NANOAOD/UL2016_MiniAODv2_NanoAODv9-v1/260000/B4CD0001-96CC-A542-81A8-FB469DDEDE54.root
[969/1254] root://eospublic.cern.ch//eos/opendata/cms/Run2016G/JetHT/NANOAOD/UL2016_MiniAODv2_NanoAODv9-v1/260000/BB9A7119-7FE6-D648-A834-EFDBB5E25EF2.root
[970/1254] root://eospublic.cern.ch//eos/opendata/cms/Run2016G/JetHT/NANOAOD/UL2016_MiniAODv2_NanoAODv9-v1/260000/C0B73436-D1B2-1F4E-9166-D635197DE98E.root
[971/1254] root://eospublic.cern.ch//eos/opendata/cms/Run2016G/JetHT/NANOAOD/UL2016_MiniAODv2_NanoAODv9-v1/260000/C87CC31D-7DD1-9649-B3CF-363BD198EF51.root
[972/1254] root://eospublic.cern.ch//eos/opendata/cms/Run2016G/JetHT/NANOAOD/UL2016_MiniAODv2_NanoAODv9-v1/260000/CC8237A7-F4E5-1E41-A4D8-D3A2A06988E6.root
[973/1254] root://eospublic.cern.ch//eos/opendata/cms/Run2016G/JetHT/NANOAOD/UL2016_MiniAODv2_NanoAODv9-v1/130000/CD205112-3009-AB40-ACE1-9C3C31285B4A.root
[974/1254] root://eospublic.cern.ch//eos/opendata/cms/Run2016G/JetHT/NANOAOD/UL2016_MiniAODv2_NanoAODv9-v1/260000/CD267EF5-B8C7-6C4A-81A2-CA0E55E2ED05.root
[975/1254] root://eospublic.cern.ch//eos/opendata/cms/Run2016G/JetHT/NANOAOD/UL2016_MiniAODv2_NanoAODv9-v1/260000/D28357C3-9F1D-224A-8E37-80083A41305A.root
[976/1254] root://eospublic.cern.ch//eos/opendata/cms/Run2016G/JetHT/NANOAOD/UL2016_MiniAODv2_NanoAODv9-v1/260000/D342C244-1482-8D4F-B27D-EB53136B20DC.root
[977/1254] root://eospublic.cern.ch//eos/opendata/cms/Run2016G/JetHT/NANOAOD/UL2016_MiniAODv2_NanoAODv9-v1/260000/D8330AFC-F254-DE44-BB3D-50ADDCB9533C.root
[978/1254] root://eospublic.cern.ch//eos/opendata/cms/Run2016G/JetHT/NANOAOD/UL2016_MiniAODv2_NanoAODv9-v1/260000/E3ABC65B-DD99-A24E-968B-66BC8015631B.root
[979/1254] root://eospublic.cern.ch//eos/opendata/cms/Run2016G/JetHT/NANOAOD/UL2016_MiniAODv2_NanoAODv9-v1/260000/E44CD0EB-90A3-F047-B2B6-5F5C699C69FB.root
[980/1254] root://eospublic.cern.ch//eos/opendata/cms/Run2016G/JetHT/NANOAOD/UL2016_MiniAODv2_NanoAODv9-v1/260000/F23925EA-B390-5D47-9544-2C17E1762642.root
[981/1254] root://eospublic.cern.ch//eos/opendata/cms/Run2016G/JetHT/NANOAOD/UL2016_MiniAODv2_NanoAODv9-v1/260000/F6F79473-4432-0646-83B9-AB8D20272C5A.root
[982/1254] root://eospublic.cern.ch//eos/opendata/cms/Run2016G/JetHT/NANOAOD/UL2016_MiniAODv2_NanoAODv9-v1/260000/FEA4C3C7-2082-3543-9BCC-EC0C1F802CFA.root
[983/1254] root://eospublic.cern.ch//eos/opendata/cms/Run2016G/JetHT/NANOAOD/UL2016_MiniAODv2_NanoAODv9-v1/260000/FF42B6D9-AC23-6448-8268-F5E4B8950B67.root
[984/1254] root://eospublic.cern.ch//eos/opendata/cms/Run2016G/MET/NANOAOD/UL2016_MiniAODv2_NanoAODv9-v1/270000/0485102E-7DF7-8641-BBBB-E76473C455E2.root
[985/1254] root://eospublic.cern.ch//eos/opendata/cms/Run2016G/MET/NANOAOD/UL2016_MiniAODv2_NanoAODv9-v1/270000/0AADFEBE-F652-FF44-B0A4-5954D894D308.root
[986/1254] root://eospublic.cern.ch//eos/opendata/cms/Run2016G/MET/NANOAOD/UL2016_MiniAODv2_NanoAODv9-v1/270000/0EC589CC-D2FA-1446-9A1E-74ED4A779498.root
[987/1254] root://eospublic.cern.ch//eos/opendata/cms/Run2016G/MET/NANOAOD/UL2016_MiniAODv2_NanoAODv9-v1/270000/13526412-8C47-4A49-A11C-CABB7F1C4AF7.root
[988/1254] root://eospublic.cern.ch//eos/opendata/cms/Run2016G/MET/NANOAOD/UL2016_MiniAODv2_NanoAODv9-v1/270000/178B2AD7-9C20-9545-925B-5233A1C03B9D.root
[989/1254] root://eospublic.cern.ch//eos/opendata/cms/Run2016G/MET/NANOAOD/UL2016_MiniAODv2_NanoAODv9-v1/270000/1ED9314C-5C6A-6F4F-8467-BFD8A8024781.root
[990/1254] root://eospublic.cern.ch//eos/opendata/cms/Run2016G/MET/NANOAOD/UL2016_MiniAODv2_NanoAODv9-v1/1110000/498DAB22-324C-A744-9F94-B9403276F9FC.root
[991/1254] root://eospublic.cern.ch//eos/opendata/cms/Run2016G/MET/NANOAOD/UL2016_MiniAODv2_NanoAODv9-v1/270000/51DD2D9D-496F-5E4D-BA61-5BBD952631CA.root
[992/1254] root://eospublic.cern.ch//eos/opendata/cms/Run2016G/MET/NANOAOD/UL2016_MiniAODv2_NanoAODv9-v1/270000/6A4F07DD-F1D1-164F-B509-AFBA9877D6D5.root
[993/1254] root://eospublic.cern.ch//eos/opendata/cms/Run2016G/MET/NANOAOD/UL2016_MiniAODv2_NanoAODv9-v1/270000/7036A078-EB71-3C49-BB25-BBE7F191A606.root
[994/1254] root://eospublic.cern.ch//eos/opendata/cms/Run2016G/MET/NANOAOD/UL2016_MiniAODv2_NanoAODv9-v1/270000/88F48B67-EADD-C14F-BC13-19D5E52C28CC.root
[995/1254] root://eospublic.cern.ch//eos/opendata/cms/Run2016G/MET/NANOAOD/UL2016_MiniAODv2_NanoAODv9-v1/270000/8E86E692-B324-2F49-9853-5335D371CDA3.root
[996/1254] root://eospublic.cern.ch//eos/opendata/cms/Run2016G/MET/NANOAOD/UL2016_MiniAODv2_NanoAODv9-v1/270000/9FD09B43-C8E5-384B-9894-50160B606CEE.root
[997/1254] root://eospublic.cern.ch//eos/opendata/cms/Run2016G/MET/NANOAOD/UL2016_MiniAODv2_NanoAODv9-v1/270000/A52A2155-40A4-AB4B-8FCC-60E16E1A6A84.root
[998/1254] root://eospublic.cern.ch//eos/opendata/cms/Run2016G/MET/NANOAOD/UL2016_MiniAODv2_NanoAODv9-v1/270000/CE2F8BC4-D806-8041-A857-54CD636BCEC7.root
[999/1254] root://eospublic.cern.ch//eos/opendata/cms/Run2016G/MET/NANOAOD/UL2016_MiniAODv2_NanoAODv9-v1/270000/D7A2449E-B767-D846-811E-235735B47141.root
[1000/1254] root://eospublic.cern.ch//eos/opendata/cms/Run2016G/MET/NANOAOD/UL2016_MiniAODv2_NanoAODv9-v1/270000/D937BCB9-279D-7741-B42C-5CC44E2B0E13.root
[1001/1254] root://eospublic.cern.ch//eos/opendata/cms/Run2016G/MuOnia/NANOAOD/UL2016_MiniAODv2_NanoAODv9-v1/70000/0387B528-656B-D145-BF3B-00EADD030BEC.root
[1002/1254] root://eospublic.cern.ch//eos/opendata/cms/Run2016G/MuOnia/NANOAOD/UL2016_MiniAODv2_NanoAODv9-v1/270000/1CA7427A-FF5A-2A48-A760-C4BF89EDCD54.root
[1003/1254] root://eospublic.cern.ch//eos/opendata/cms/Run2016G/MuOnia/NANOAOD/UL2016_MiniAODv2_NanoAODv9-v1/270000/244E7F40-DD29-0044-9790-107185562196.root
[1004/1254] root://eospublic.cern.ch//eos/opendata/cms/Run2016G/MuOnia/NANOAOD/UL2016_MiniAODv2_NanoAODv9-v1/70000/3737A91B-12CE-4E40-AF43-4A41ABBEAEF4.root
[1005/1254] root://eospublic.cern.ch//eos/opendata/cms/Run2016G/MuOnia/NANOAOD/UL2016_MiniAODv2_NanoAODv9-v1/270000/4EEEA9A6-B71E-0141-ADB3-3DFBEA9F0BC8.root
[1006/1254] root://eospublic.cern.ch//eos/opendata/cms/Run2016G/MuOnia/NANOAOD/UL2016_MiniAODv2_NanoAODv9-v1/270000/54D74A91-E9CA-5444-B54D-BDB7FFD578F7.root
[1007/1254] root://eospublic.cern.ch//eos/opendata/cms/Run2016G/MuOnia/NANOAOD/UL2016_MiniAODv2_NanoAODv9-v1/270000/660EF136-14EF-8F49-99D5-1C5F280F48CF.root
[1008/1254] root://eospublic.cern.ch//eos/opendata/cms/Run2016G/MuOnia/NANOAOD/UL2016_MiniAODv2_NanoAODv9-v1/270000/737D2BD0-A1A2-B541-A71F-855CE12C4B8B.root
[1009/1254] root://eospublic.cern.ch//eos/opendata/cms/Run2016G/MuOnia/NANOAOD/UL2016_MiniAODv2_NanoAODv9-v1/270000/8B0DA6FA-9626-F849-84F2-BB7E8EB2EDDC.root
[1010/1254] root://eospublic.cern.ch//eos/opendata/cms/Run2016G/MuOnia/NANOAOD/UL2016_MiniAODv2_NanoAODv9-v1/270000/AC2466A8-1CDA-6B4A-9381-2763E0CCA363.root
[1011/1254] root://eospublic.cern.ch//eos/opendata/cms/Run2016G/MuOnia/NANOAOD/UL2016_MiniAODv2_NanoAODv9-v1/70000/B6E748A7-3711-944D-95A5-2CD921956199.root
[1012/1254] root://eospublic.cern.ch//eos/opendata/cms/Run2016G/MuOnia/NANOAOD/UL2016_MiniAODv2_NanoAODv9-v1/270000/C23B168D-9A96-2441-B0BB-AFD3E59CA0E5.root
[1013/1254] root://eospublic.cern.ch//eos/opendata/cms/Run2016G/MuOnia/NANOAOD/UL2016_MiniAODv2_NanoAODv9-v1/270000/CAAF0E66-E66A-2544-B03F-8523AB248945.root
[1014/1254] root://eospublic.cern.ch//eos/opendata/cms/Run2016G/MuOnia/NANOAOD/UL2016_MiniAODv2_NanoAODv9-v1/70000/D2525A43-F87A-4748-9D44-37A86CDAA1BD.root
[1015/1254] root://eospublic.cern.ch//eos/opendata/cms/Run2016G/MuOnia/NANOAOD/UL2016_MiniAODv2_NanoAODv9-v1/270000/D64BAAE3-0908-C141-8BE5-1C2AEF339383.root
[1016/1254] root://eospublic.cern.ch//eos/opendata/cms/Run2016G/MuOnia/NANOAOD/UL2016_MiniAODv2_NanoAODv9-v1/270000/FC45C573-EC39-4548-A598-EE2C08C127AC.root
[1017/1254] root://eospublic.cern.ch//eos/opendata/cms/Run2016G/MuonEG/NANOAOD/UL2016_MiniAODv2_NanoAODv9-v1/70000/09480DEC-5A5A-714F-A462-04EB5732A4EF.root
[1018/1254] root://eospublic.cern.ch//eos/opendata/cms/Run2016G/MuonEG/NANOAOD/UL2016_MiniAODv2_NanoAODv9-v1/70000/28B8C379-DFB4-554F-9BEC-DCD466557EAA.root
[1019/1254] root://eospublic.cern.ch//eos/opendata/cms/Run2016G/MuonEG/NANOAOD/UL2016_MiniAODv2_NanoAODv9-v1/120000/2ADBED61-A06A-D64B-BE90-E9B267D15700.root
[1020/1254] root://eospublic.cern.ch//eos/opendata/cms/Run2016G/MuonEG/NANOAOD/UL2016_MiniAODv2_NanoAODv9-v1/130000/2BB77043-4853-D745-8C2B-007FAB294628.root
[1021/1254] root://eospublic.cern.ch//eos/opendata/cms/Run2016G/MuonEG/NANOAOD/UL2016_MiniAODv2_NanoAODv9-v1/70000/2BBCCCBF-CD06-4540-AA1B-3A5C9A696748.root
[1022/1254] root://eospublic.cern.ch//eos/opendata/cms/Run2016G/MuonEG/NANOAOD/UL2016_MiniAODv2_NanoAODv9-v1/120000/344BFE5B-F86C-AC45-B6A5-1A7FBA3633E2.root
[1023/1254] root://eospublic.cern.ch//eos/opendata/cms/Run2016G/MuonEG/NANOAOD/UL2016_MiniAODv2_NanoAODv9-v1/70000/41A1F65A-AF8D-8E4B-8A01-B856DDF391AE.root
[1024/1254] root://eospublic.cern.ch//eos/opendata/cms/Run2016G/MuonEG/NANOAOD/UL2016_MiniAODv2_NanoAODv9-v1/70000/4886ED5D-7E56-7943-8DB6-EDC684E7BF10.root
[1025/1254] root://eospublic.cern.ch//eos/opendata/cms/Run2016G/MuonEG/NANOAOD/UL2016_MiniAODv2_NanoAODv9-v1/130000/4CD61DEB-ED1C-C945-AFF6-77CCBD467DD3.root
[1026/1254] root://eospublic.cern.ch//eos/opendata/cms/Run2016G/MuonEG/NANOAOD/UL2016_MiniAODv2_NanoAODv9-v1/70000/62766066-B925-8446-A4DD-0AC401880F8C.root
[1027/1254] root://eospublic.cern.ch//eos/opendata/cms/Run2016G/MuonEG/NANOAOD/UL2016_MiniAODv2_NanoAODv9-v1/70000/662F8301-B700-984D-B8C8-55960534D81C.root
[1028/1254] root://eospublic.cern.ch//eos/opendata/cms/Run2016G/MuonEG/NANOAOD/UL2016_MiniAODv2_NanoAODv9-v1/70000/72911BC4-C1F8-4E40-A762-0ED583A0BFDC.root
[1029/1254] root://eospublic.cern.ch//eos/opendata/cms/Run2016G/MuonEG/NANOAOD/UL2016_MiniAODv2_NanoAODv9-v1/70000/78B96A9D-4398-BE4D-9671-B8EF3E7AC8B2.root
[1030/1254] root://eospublic.cern.ch//eos/opendata/cms/Run2016G/MuonEG/NANOAOD/UL2016_MiniAODv2_NanoAODv9-v1/120000/7A255D19-9FD8-1D48-9319-D3E27B5D6832.root
[1031/1254] root://eospublic.cern.ch//eos/opendata/cms/Run2016G/MuonEG/NANOAOD/UL2016_MiniAODv2_NanoAODv9-v1/70000/7F024D09-4B4E-1248-A804-BDAD76CB97A3.root
[1032/1254] root://eospublic.cern.ch//eos/opendata/cms/Run2016G/MuonEG/NANOAOD/UL2016_MiniAODv2_NanoAODv9-v1/70000/822C98FE-B8F3-B24D-9FE0-3D842306A3CF.root
[1033/1254] root://eospublic.cern.ch//eos/opendata/cms/Run2016G/MuonEG/NANOAOD/UL2016_MiniAODv2_NanoAODv9-v1/130000/8B730355-82A5-0C4C-A96D-08EA8B982180.root
[1034/1254] root://eospublic.cern.ch//eos/opendata/cms/Run2016G/MuonEG/NANOAOD/UL2016_MiniAODv2_NanoAODv9-v1/70000/915A589D-2199-5647-BBA0-31C2C0D455BA.root
[1035/1254] root://eospublic.cern.ch//eos/opendata/cms/Run2016G/MuonEG/NANOAOD/UL2016_MiniAODv2_NanoAODv9-v1/70000/A2C77F21-22CC-5A40-A4DB-89B79058A42C.root
[1036/1254] root://eospublic.cern.ch//eos/opendata/cms/Run2016G/MuonEG/NANOAOD/UL2016_MiniAODv2_NanoAODv9-v1/70000/B2379F30-0CB4-094B-B5A2-9A7CD9747D86.root
[1037/1254] root://eospublic.cern.ch//eos/opendata/cms/Run2016G/MuonEG/NANOAOD/UL2016_MiniAODv2_NanoAODv9-v1/70000/BCE81FA9-6B2F-F44C-8B5A-95C108DC8EAE.root
[1038/1254] root://eospublic.cern.ch//eos/opendata/cms/Run2016G/MuonEG/NANOAOD/UL2016_MiniAODv2_NanoAODv9-v1/70000/C773A128-DE5A-2B47-B2A9-493ACB009702.root
[1039/1254] root://eospublic.cern.ch//eos/opendata/cms/Run2016G/MuonEG/NANOAOD/UL2016_MiniAODv2_NanoAODv9-v1/70000/CB74FACB-BF4F-914E-91CD-4717C840EC79.root
[1040/1254] root://eospublic.cern.ch//eos/opendata/cms/Run2016G/MuonEG/NANOAOD/UL2016_MiniAODv2_NanoAODv9-v1/70000/DC3EA7B9-59D1-0043-9B23-5DBFBE16FEB5.root
[1041/1254] root://eospublic.cern.ch//eos/opendata/cms/Run2016G/MuonEG/NANOAOD/UL2016_MiniAODv2_NanoAODv9-v1/130000/E8A2E308-3F7C-CE43-AA11-F7700481C400.root
[1042/1254] root://eospublic.cern.ch//eos/opendata/cms/Run2016G/MuonEG/NANOAOD/UL2016_MiniAODv2_NanoAODv9-v1/130000/ED6E75A0-2373-1347-975A-A5F899B54351.root
[1043/1254] root://eospublic.cern.ch//eos/opendata/cms/Run2016G/MuonEG/NANOAOD/UL2016_MiniAODv2_NanoAODv9-v1/70000/F63BBE71-7632-6A4E-B7A3-2213BBBBA02D.root
[1044/1254] root://eospublic.cern.ch//eos/opendata/cms/Run2016G/MuonEG/NANOAOD/UL2016_MiniAODv2_NanoAODv9-v1/70000/FD1265DB-83E7-2B40-BC96-E79973AB3379.root
[1045/1254] root://eospublic.cern.ch//eos/opendata/cms/Run2016G/MuonEG/NANOAOD/UL2016_MiniAODv2_NanoAODv9-v1/70000/FE49F68D-9F24-D94F-BD2C-21C5FF697D7B.root
[1046/1254] root://eospublic.cern.ch//eos/opendata/cms/Run2016G/SingleElectron/NANOAOD/UL2016_MiniAODv2_NanoAODv9-v1/260000/0093A31E-1326-3145-926E-B7C57A48E0E8.root
[1047/1254] root://eospublic.cern.ch//eos/opendata/cms/Run2016G/SingleElectron/NANOAOD/UL2016_MiniAODv2_NanoAODv9-v1/260000/01EAD3EB-94BF-2D44-B6FF-7661E7503B77.root
[1048/1254] root://eospublic.cern.ch//eos/opendata/cms/Run2016G/SingleElectron/NANOAOD/UL2016_MiniAODv2_NanoAODv9-v1/260000/0D19EF2A-904C-5347-A8FA-8DCA87868F37.root
[1049/1254] root://eospublic.cern.ch//eos/opendata/cms/Run2016G/SingleElectron/NANOAOD/UL2016_MiniAODv2_NanoAODv9-v1/260000/172C3AB6-A094-EA48-82C2-312C587F810B.root
[1050/1254] root://eospublic.cern.ch//eos/opendata/cms/Run2016G/SingleElectron/NANOAOD/UL2016_MiniAODv2_NanoAODv9-v1/270000/19B10F2C-40CC-C245-A1C8-9A722EA672B6.root
[1051/1254] root://eospublic.cern.ch//eos/opendata/cms/Run2016G/SingleElectron/NANOAOD/UL2016_MiniAODv2_NanoAODv9-v1/260000/19E16619-BDB5-FD46-9F16-8273ACFD5C0C.root
[1052/1254] root://eospublic.cern.ch//eos/opendata/cms/Run2016G/SingleElectron/NANOAOD/UL2016_MiniAODv2_NanoAODv9-v1/270000/1C9FE2CF-36A1-AD49-938D-26F24CA7D045.root
[1053/1254] root://eospublic.cern.ch//eos/opendata/cms/Run2016G/SingleElectron/NANOAOD/UL2016_MiniAODv2_NanoAODv9-v1/260000/1D1E459B-A4CF-D840-A207-42A894EEAEEF.root
[1054/1254] root://eospublic.cern.ch//eos/opendata/cms/Run2016G/SingleElectron/NANOAOD/UL2016_MiniAODv2_NanoAODv9-v1/270000/1D6931B7-A652-4A45-8984-3BFD9EE16D84.root
[1055/1254] root://eospublic.cern.ch//eos/opendata/cms/Run2016G/SingleElectron/NANOAOD/UL2016_MiniAODv2_NanoAODv9-v1/260000/2B9CDE6B-BF57-A943-824B-35CB02C2D245.root
[1056/1254] root://eospublic.cern.ch//eos/opendata/cms/Run2016G/SingleElectron/NANOAOD/UL2016_MiniAODv2_NanoAODv9-v1/260000/30583D9F-D553-964E-BEE9-F98C24AB89F8.root
[1057/1254] root://eospublic.cern.ch//eos/opendata/cms/Run2016G/SingleElectron/NANOAOD/UL2016_MiniAODv2_NanoAODv9-v1/260000/31A241F3-D4C9-D94E-8B34-B426CA8E0649.root
[1058/1254] root://eospublic.cern.ch//eos/opendata/cms/Run2016G/SingleElectron/NANOAOD/UL2016_MiniAODv2_NanoAODv9-v1/270000/3661903C-9BE9-044B-91F9-6849FF39B6CA.root
[1059/1254] root://eospublic.cern.ch//eos/opendata/cms/Run2016G/SingleElectron/NANOAOD/UL2016_MiniAODv2_NanoAODv9-v1/270000/36D35EAC-3BDC-5044-BAE7-E79CB3791441.root
[1060/1254] root://eospublic.cern.ch//eos/opendata/cms/Run2016G/SingleElectron/NANOAOD/UL2016_MiniAODv2_NanoAODv9-v1/260000/38A4D060-A677-1A4E-A51B-E7D9ECDAD04D.root
[1061/1254] root://eospublic.cern.ch//eos/opendata/cms/Run2016G/SingleElectron/NANOAOD/UL2016_MiniAODv2_NanoAODv9-v1/110000/43B00DA0-41AF-D042-9F41-7F95FBE5E59F.root
[1062/1254] root://eospublic.cern.ch//eos/opendata/cms/Run2016G/SingleElectron/NANOAOD/UL2016_MiniAODv2_NanoAODv9-v1/260000/49FAAA2C-84ED-864E-80EA-55A175C5D62D.root
[1063/1254] root://eospublic.cern.ch//eos/opendata/cms/Run2016G/SingleElectron/NANOAOD/UL2016_MiniAODv2_NanoAODv9-v1/270000/51A0A604-31F5-3E48-B8FB-6C8B3F680ACF.root
[1064/1254] root://eospublic.cern.ch//eos/opendata/cms/Run2016G/SingleElectron/NANOAOD/UL2016_MiniAODv2_NanoAODv9-v1/270000/54226DD5-CD7A-9A43-8B79-C6F6389D0C7F.root
[1065/1254] root://eospublic.cern.ch//eos/opendata/cms/Run2016G/SingleElectron/NANOAOD/UL2016_MiniAODv2_NanoAODv9-v1/270000/5482B2CE-D532-074E-AAE9-D21372FA3A56.root
[1066/1254] root://eospublic.cern.ch//eos/opendata/cms/Run2016G/SingleElectron/NANOAOD/UL2016_MiniAODv2_NanoAODv9-v1/260000/59193DBF-CEF8-064F-B44A-987DA423590B.root
[1067/1254] root://eospublic.cern.ch//eos/opendata/cms/Run2016G/SingleElectron/NANOAOD/UL2016_MiniAODv2_NanoAODv9-v1/270000/5A7C9DDD-89A9-884F-821B-B0B2D10FE399.root
[1068/1254] root://eospublic.cern.ch//eos/opendata/cms/Run2016G/SingleElectron/NANOAOD/UL2016_MiniAODv2_NanoAODv9-v1/270000/5D546170-4CC2-8047-B7A2-DFA78CD0B796.root
[1069/1254] root://eospublic.cern.ch//eos/opendata/cms/Run2016G/SingleElectron/NANOAOD/UL2016_MiniAODv2_NanoAODv9-v1/260000/5DC146D2-8EE0-734B-A98C-FF046331BCB3.root
[1070/1254] root://eospublic.cern.ch//eos/opendata/cms/Run2016G/SingleElectron/NANOAOD/UL2016_MiniAODv2_NanoAODv9-v1/260000/61163327-B48D-B84C-B9B6-718E787F508A.root
[1071/1254] root://eospublic.cern.ch//eos/opendata/cms/Run2016G/SingleElectron/NANOAOD/UL2016_MiniAODv2_NanoAODv9-v1/260000/65C93760-0935-B641-98F7-63F88BB46F4C.root
[1072/1254] root://eospublic.cern.ch//eos/opendata/cms/Run2016G/SingleElectron/NANOAOD/UL2016_MiniAODv2_NanoAODv9-v1/270000/668B508C-9E6D-0A4D-AA2F-9F0F87C79F0A.root
[1073/1254] root://eospublic.cern.ch//eos/opendata/cms/Run2016G/SingleElectron/NANOAOD/UL2016_MiniAODv2_NanoAODv9-v1/260000/670E43C7-359C-FA45-84A5-43F07F1F0F9C.root
[1074/1254] root://eospublic.cern.ch//eos/opendata/cms/Run2016G/SingleElectron/NANOAOD/UL2016_MiniAODv2_NanoAODv9-v1/270000/674CD296-D0D9-FA49-B7D3-FC0EFCA8DDDE.root
[1075/1254] root://eospublic.cern.ch//eos/opendata/cms/Run2016G/SingleElectron/NANOAOD/UL2016_MiniAODv2_NanoAODv9-v1/270000/69F2EFAB-0664-EA47-BB96-FC1AAFD1E9D6.root
[1076/1254] root://eospublic.cern.ch//eos/opendata/cms/Run2016G/SingleElectron/NANOAOD/UL2016_MiniAODv2_NanoAODv9-v1/260000/6A2102DB-55A4-6B43-891F-6B7AB6DE88E2.root
[1077/1254] root://eospublic.cern.ch//eos/opendata/cms/Run2016G/SingleElectron/NANOAOD/UL2016_MiniAODv2_NanoAODv9-v1/270000/6A5190BA-7564-6644-B56D-EAF5E321DCC1.root
[1078/1254] root://eospublic.cern.ch//eos/opendata/cms/Run2016G/SingleElectron/NANOAOD/UL2016_MiniAODv2_NanoAODv9-v1/270000/6C322BC9-180D-654E-93A8-92BE581B7DDE.root
[1079/1254] root://eospublic.cern.ch//eos/opendata/cms/Run2016G/SingleElectron/NANOAOD/UL2016_MiniAODv2_NanoAODv9-v1/260000/77FBAFF1-C7E9-6541-9B0B-E2A76A1EA0D2.root
[1080/1254] root://eospublic.cern.ch//eos/opendata/cms/Run2016G/SingleElectron/NANOAOD/UL2016_MiniAODv2_NanoAODv9-v1/260000/86FCCAC0-E439-2C4A-BFC9-13029BDD8431.root
[1081/1254] root://eospublic.cern.ch//eos/opendata/cms/Run2016G/SingleElectron/NANOAOD/UL2016_MiniAODv2_NanoAODv9-v1/260000/8E4E41F9-FCAB-A34E-8D79-F3C2E76759FA.root
[1082/1254] root://eospublic.cern.ch//eos/opendata/cms/Run2016G/SingleElectron/NANOAOD/UL2016_MiniAODv2_NanoAODv9-v1/270000/8F883EE8-B7D4-904E-A511-6536F689A700.root
[1083/1254] root://eospublic.cern.ch//eos/opendata/cms/Run2016G/SingleElectron/NANOAOD/UL2016_MiniAODv2_NanoAODv9-v1/260000/954D99E8-1411-764A-B443-CF0CE05172DC.root
[1084/1254] root://eospublic.cern.ch//eos/opendata/cms/Run2016G/SingleElectron/NANOAOD/UL2016_MiniAODv2_NanoAODv9-v1/260000/95C9BA58-E9BA-F243-845A-6B835CC97BD8.root
[1085/1254] root://eospublic.cern.ch//eos/opendata/cms/Run2016G/SingleElectron/NANOAOD/UL2016_MiniAODv2_NanoAODv9-v1/260000/98BBB482-211A-4F43-9670-D60A697478B1.root
[1086/1254] root://eospublic.cern.ch//eos/opendata/cms/Run2016G/SingleElectron/NANOAOD/UL2016_MiniAODv2_NanoAODv9-v1/260000/9ABE5270-E3B7-BE4A-A892-D1C24D401C21.root
[1087/1254] root://eospublic.cern.ch//eos/opendata/cms/Run2016G/SingleElectron/NANOAOD/UL2016_MiniAODv2_NanoAODv9-v1/260000/9DB2F132-AB01-7040-9F10-F8D294026436.root
[1088/1254] root://eospublic.cern.ch//eos/opendata/cms/Run2016G/SingleElectron/NANOAOD/UL2016_MiniAODv2_NanoAODv9-v1/260000/9E7515D7-26DB-3249-AD58-F2AD6462D5E4.root
[1089/1254] root://eospublic.cern.ch//eos/opendata/cms/Run2016G/SingleElectron/NANOAOD/UL2016_MiniAODv2_NanoAODv9-v1/260000/9F50ADDF-3DBD-9642-B1E6-65F20AD66598.root
[1090/1254] root://eospublic.cern.ch//eos/opendata/cms/Run2016G/SingleElectron/NANOAOD/UL2016_MiniAODv2_NanoAODv9-v1/260000/AA9D0D9A-F249-BD47-93EA-45E35DF69653.root
[1091/1254] root://eospublic.cern.ch//eos/opendata/cms/Run2016G/SingleElectron/NANOAOD/UL2016_MiniAODv2_NanoAODv9-v1/270000/ACFAC4F3-D8E2-F943-8E4C-9737F393B90C.root
[1092/1254] root://eospublic.cern.ch//eos/opendata/cms/Run2016G/SingleElectron/NANOAOD/UL2016_MiniAODv2_NanoAODv9-v1/260000/B4F234BD-C3A7-2948-9C5F-F8C509BDC4D7.root
[1093/1254] root://eospublic.cern.ch//eos/opendata/cms/Run2016G/SingleElectron/NANOAOD/UL2016_MiniAODv2_NanoAODv9-v1/260000/B7B3D772-C182-AE41-9955-2B197B87AFF8.root
[1094/1254] root://eospublic.cern.ch//eos/opendata/cms/Run2016G/SingleElectron/NANOAOD/UL2016_MiniAODv2_NanoAODv9-v1/270000/BB6CC8E2-C16E-1045-A3C9-78BACD26BFF9.root
[1095/1254] root://eospublic.cern.ch//eos/opendata/cms/Run2016G/SingleElectron/NANOAOD/UL2016_MiniAODv2_NanoAODv9-v1/270000/BC2C1B66-83B7-0E4B-AC75-CA33FC89DDCB.root
[1096/1254] root://eospublic.cern.ch//eos/opendata/cms/Run2016G/SingleElectron/NANOAOD/UL2016_MiniAODv2_NanoAODv9-v1/270000/BEAEFAFC-8D68-1B48-AC43-104702D74E38.root
[1097/1254] root://eospublic.cern.ch//eos/opendata/cms/Run2016G/SingleElectron/NANOAOD/UL2016_MiniAODv2_NanoAODv9-v1/260000/C93D0569-0832-2849-92E2-EBEE3F05A75F.root
[1098/1254] root://eospublic.cern.ch//eos/opendata/cms/Run2016G/SingleElectron/NANOAOD/UL2016_MiniAODv2_NanoAODv9-v1/270000/C988C8DB-CE37-E540-9E03-C5E5BB4429A5.root
[1099/1254] root://eospublic.cern.ch//eos/opendata/cms/Run2016G/SingleElectron/NANOAOD/UL2016_MiniAODv2_NanoAODv9-v1/260000/CA95BEBB-BD20-A345-B517-6D32E443F129.root
[1100/1254] root://eospublic.cern.ch//eos/opendata/cms/Run2016G/SingleElectron/NANOAOD/UL2016_MiniAODv2_NanoAODv9-v1/270000/CE187FC0-27D1-764B-BB24-5C7F8418EDD6.root
[1101/1254] root://eospublic.cern.ch//eos/opendata/cms/Run2016G/SingleElectron/NANOAOD/UL2016_MiniAODv2_NanoAODv9-v1/260000/D089EB55-5567-DA40-9CB0-7E58441E7B2B.root
[1102/1254] root://eospublic.cern.ch//eos/opendata/cms/Run2016G/SingleElectron/NANOAOD/UL2016_MiniAODv2_NanoAODv9-v1/260000/D621F4C4-ED52-9F48-938B-46641315AB8F.root
[1103/1254] root://eospublic.cern.ch//eos/opendata/cms/Run2016G/SingleElectron/NANOAOD/UL2016_MiniAODv2_NanoAODv9-v1/260000/D8C82F21-CD49-3C4D-BD90-33F1613369A4.root
[1104/1254] root://eospublic.cern.ch//eos/opendata/cms/Run2016G/SingleElectron/NANOAOD/UL2016_MiniAODv2_NanoAODv9-v1/270000/D9AE3B22-4A97-164E-8635-D16400A2F32E.root
[1105/1254] root://eospublic.cern.ch//eos/opendata/cms/Run2016G/SingleElectron/NANOAOD/UL2016_MiniAODv2_NanoAODv9-v1/260000/DC663292-716F-2A49-AFD5-D73F20DC0AE4.root
[1106/1254] root://eospublic.cern.ch//eos/opendata/cms/Run2016G/SingleElectron/NANOAOD/UL2016_MiniAODv2_NanoAODv9-v1/260000/DCB2EA4A-2822-2B41-9EE7-8F0FF60DE61B.root
[1107/1254] root://eospublic.cern.ch//eos/opendata/cms/Run2016G/SingleElectron/NANOAOD/UL2016_MiniAODv2_NanoAODv9-v1/270000/DFE2DCA5-A771-7448-8506-0D2740C41E39.root
[1108/1254] root://eospublic.cern.ch//eos/opendata/cms/Run2016G/SingleElectron/NANOAOD/UL2016_MiniAODv2_NanoAODv9-v1/260000/E3B70EA3-4108-8946-A018-DD42B727BC81.root
[1109/1254] root://eospublic.cern.ch//eos/opendata/cms/Run2016G/SingleElectron/NANOAOD/UL2016_MiniAODv2_NanoAODv9-v1/270000/E4BEA898-1092-D34B-B82A-E70804FA4D95.root
[1110/1254] root://eospublic.cern.ch//eos/opendata/cms/Run2016G/SingleElectron/NANOAOD/UL2016_MiniAODv2_NanoAODv9-v1/270000/F17689C1-08B7-8D4C-81A1-F06E4EE3B2B1.root
[1111/1254] root://eospublic.cern.ch//eos/opendata/cms/Run2016G/SingleElectron/NANOAOD/UL2016_MiniAODv2_NanoAODv9-v1/270000/F476C7F1-5EEB-A44D-B31E-D04A9B168713.root
[1112/1254] root://eospublic.cern.ch//eos/opendata/cms/Run2016G/SingleElectron/NANOAOD/UL2016_MiniAODv2_NanoAODv9-v1/260000/F54A04DC-57C2-0A4A-BC08-BE67B7D15D0C.root
[1113/1254] root://eospublic.cern.ch//eos/opendata/cms/Run2016G/SingleElectron/NANOAOD/UL2016_MiniAODv2_NanoAODv9-v1/260000/FCD59491-8863-0A4D-9F63-6E7457CACE01.root
[1114/1254] root://eospublic.cern.ch//eos/opendata/cms/Run2016G/SingleElectron/NANOAOD/UL2016_MiniAODv2_NanoAODv9-v1/270000/FD812374-389A-B745-91A5-DB00A00BBAAA.root
[1115/1254] root://eospublic.cern.ch//eos/opendata/cms/Run2016G/SingleElectron/NANOAOD/UL2016_MiniAODv2_NanoAODv9-v1/260000/FDD8276A-7968-9C45-9D38-280DE9DDF650.root
[1116/1254] root://eospublic.cern.ch//eos/opendata/cms/Run2016G/SingleElectron/NANOAOD/UL2016_MiniAODv2_NanoAODv9-v1/270000/FE6975B4-F048-0F47-A784-6206B98359DB.root
[1117/1254] root://eospublic.cern.ch//eos/opendata/cms/Run2016G/SingleMuon/NANOAOD/UL2016_MiniAODv2_NanoAODv9-v1/70000/044B8A93-571B-0F46-BBC4-FFEDD253984D.root
[1118/1254] root://eospublic.cern.ch//eos/opendata/cms/Run2016G/SingleMuon/NANOAOD/UL2016_MiniAODv2_NanoAODv9-v1/70000/070EC05A-1BD0-B940-A8D2-AD6650144A72.root
[1119/1254] root://eospublic.cern.ch//eos/opendata/cms/Run2016G/SingleMuon/NANOAOD/UL2016_MiniAODv2_NanoAODv9-v1/70000/08BEF135-37C0-F145-88E9-63F7A10D3BC7.root
[1120/1254] root://eospublic.cern.ch//eos/opendata/cms/Run2016G/SingleMuon/NANOAOD/UL2016_MiniAODv2_NanoAODv9-v1/130000/0A4230E2-0C75-604D-890F-A4CE5E5C164E.root
[1121/1254] root://eospublic.cern.ch//eos/opendata/cms/Run2016G/SingleMuon/NANOAOD/UL2016_MiniAODv2_NanoAODv9-v1/70000/0FE0804D-33EA-7C41-A968-132B08494EA6.root
[1122/1254] root://eospublic.cern.ch//eos/opendata/cms/Run2016G/SingleMuon/NANOAOD/UL2016_MiniAODv2_NanoAODv9-v1/70000/10573E58-8061-F349-B708-275CD2609AF7.root
[1123/1254] root://eospublic.cern.ch//eos/opendata/cms/Run2016G/SingleMuon/NANOAOD/UL2016_MiniAODv2_NanoAODv9-v1/130000/143F9660-3FE1-3E4E-A58D-FD56967BA9B8.root
[1124/1254] root://eospublic.cern.ch//eos/opendata/cms/Run2016G/SingleMuon/NANOAOD/UL2016_MiniAODv2_NanoAODv9-v1/70000/16CB6056-D4D5-2046-9D30-82D8985F831F.root
[1125/1254] root://eospublic.cern.ch//eos/opendata/cms/Run2016G/SingleMuon/NANOAOD/UL2016_MiniAODv2_NanoAODv9-v1/70000/1BE80946-8275-7A46-842F-6DBDB9193FAD.root
[1126/1254] root://eospublic.cern.ch//eos/opendata/cms/Run2016G/SingleMuon/NANOAOD/UL2016_MiniAODv2_NanoAODv9-v1/130000/1D280BA6-2EBB-A544-91EB-E821F3CF0B06.root
[1127/1254] root://eospublic.cern.ch//eos/opendata/cms/Run2016G/SingleMuon/NANOAOD/UL2016_MiniAODv2_NanoAODv9-v1/70000/1D772C99-43DE-2749-9EFF-0A5DFFC5EFD8.root
[1128/1254] root://eospublic.cern.ch//eos/opendata/cms/Run2016G/SingleMuon/NANOAOD/UL2016_MiniAODv2_NanoAODv9-v1/70000/1E594251-5C49-3649-9413-14663553AE7D.root
[1129/1254] root://eospublic.cern.ch//eos/opendata/cms/Run2016G/SingleMuon/NANOAOD/UL2016_MiniAODv2_NanoAODv9-v1/70000/20CCC9D4-0AD5-9E42-B642-DE86F25153ED.root
[1130/1254] root://eospublic.cern.ch//eos/opendata/cms/Run2016G/SingleMuon/NANOAOD/UL2016_MiniAODv2_NanoAODv9-v1/70000/23734531-415C-BD43-83DE-94E787D3F57C.root
[1131/1254] root://eospublic.cern.ch//eos/opendata/cms/Run2016G/SingleMuon/NANOAOD/UL2016_MiniAODv2_NanoAODv9-v1/70000/247E64DA-FE25-DB4E-ACFE-034455CFD3EB.root
[1132/1254] root://eospublic.cern.ch//eos/opendata/cms/Run2016G/SingleMuon/NANOAOD/UL2016_MiniAODv2_NanoAODv9-v1/70000/25DEFBD5-45E9-544B-9E88-B1D3ED80EFFA.root
[1133/1254] root://eospublic.cern.ch//eos/opendata/cms/Run2016G/SingleMuon/NANOAOD/UL2016_MiniAODv2_NanoAODv9-v1/70000/261B08A0-22B5-5149-B00E-F9A774477005.root
[1134/1254] root://eospublic.cern.ch//eos/opendata/cms/Run2016G/SingleMuon/NANOAOD/UL2016_MiniAODv2_NanoAODv9-v1/70000/266B2CD6-17D4-C04F-B1FD-445C371464E4.root
[1135/1254] root://eospublic.cern.ch//eos/opendata/cms/Run2016G/SingleMuon/NANOAOD/UL2016_MiniAODv2_NanoAODv9-v1/70000/37B993E8-7A11-6141-B42F-C20F3F6BB2D0.root
[1136/1254] root://eospublic.cern.ch//eos/opendata/cms/Run2016G/SingleMuon/NANOAOD/UL2016_MiniAODv2_NanoAODv9-v1/70000/3ADD6FD9-5B2A-1441-BC2E-D68FDA486B4B.root
[1137/1254] root://eospublic.cern.ch//eos/opendata/cms/Run2016G/SingleMuon/NANOAOD/UL2016_MiniAODv2_NanoAODv9-v1/70000/473F6C9A-F7AF-2640-886D-D814F98886D8.root
[1138/1254] root://eospublic.cern.ch//eos/opendata/cms/Run2016G/SingleMuon/NANOAOD/UL2016_MiniAODv2_NanoAODv9-v1/70000/51E1A1D8-FBF4-0E45-9F37-FBFD4B5A7A09.root
[1139/1254] root://eospublic.cern.ch//eos/opendata/cms/Run2016G/SingleMuon/NANOAOD/UL2016_MiniAODv2_NanoAODv9-v1/70000/5553FFE8-D1DF-9842-9F49-16BB8EFFD4A3.root
[1140/1254] root://eospublic.cern.ch//eos/opendata/cms/Run2016G/SingleMuon/NANOAOD/UL2016_MiniAODv2_NanoAODv9-v1/70000/5709DEB4-AAE5-7949-975C-119CF30ABA70.root
[1141/1254] root://eospublic.cern.ch//eos/opendata/cms/Run2016G/SingleMuon/NANOAOD/UL2016_MiniAODv2_NanoAODv9-v1/70000/59905258-7CCF-BB41-AF01-D9FCBBECC03D.root
[1142/1254] root://eospublic.cern.ch//eos/opendata/cms/Run2016G/SingleMuon/NANOAOD/UL2016_MiniAODv2_NanoAODv9-v1/70000/5BF83F4E-336D-1641-9576-53FC198765B5.root
[1143/1254] root://eospublic.cern.ch//eos/opendata/cms/Run2016G/SingleMuon/NANOAOD/UL2016_MiniAODv2_NanoAODv9-v1/130000/5E060727-1BCF-1F40-BBD8-D6841127F7BA.root
[1144/1254] root://eospublic.cern.ch//eos/opendata/cms/Run2016G/SingleMuon/NANOAOD/UL2016_MiniAODv2_NanoAODv9-v1/70000/5F5E0726-4074-DA46-9AD9-C39389E885EC.root
[1145/1254] root://eospublic.cern.ch//eos/opendata/cms/Run2016G/SingleMuon/NANOAOD/UL2016_MiniAODv2_NanoAODv9-v1/70000/66A58A5A-4A7F-0546-B370-BABDDE02ADFD.root
[1146/1254] root://eospublic.cern.ch//eos/opendata/cms/Run2016G/SingleMuon/NANOAOD/UL2016_MiniAODv2_NanoAODv9-v1/70000/6789206B-7C28-5C44-B975-A5EF9D7BC6A0.root
[1147/1254] root://eospublic.cern.ch//eos/opendata/cms/Run2016G/SingleMuon/NANOAOD/UL2016_MiniAODv2_NanoAODv9-v1/70000/710A09CB-D2D9-0948-B4EC-6D94FD9F612B.root
[1148/1254] root://eospublic.cern.ch//eos/opendata/cms/Run2016G/SingleMuon/NANOAOD/UL2016_MiniAODv2_NanoAODv9-v1/70000/78995FCF-4A0B-364B-8875-9207B74685CF.root
[1149/1254] root://eospublic.cern.ch//eos/opendata/cms/Run2016G/SingleMuon/NANOAOD/UL2016_MiniAODv2_NanoAODv9-v1/70000/7EC9A11A-ACD9-4A46-8770-B7A48670CBBF.root
[1150/1254] root://eospublic.cern.ch//eos/opendata/cms/Run2016G/SingleMuon/NANOAOD/UL2016_MiniAODv2_NanoAODv9-v1/70000/809D6534-33BF-244B-B689-8C63F763959A.root
[1151/1254] root://eospublic.cern.ch//eos/opendata/cms/Run2016G/SingleMuon/NANOAOD/UL2016_MiniAODv2_NanoAODv9-v1/70000/8531DBAE-434E-FF45-9647-1FFA5B964660.root
[1152/1254] root://eospublic.cern.ch//eos/opendata/cms/Run2016G/SingleMuon/NANOAOD/UL2016_MiniAODv2_NanoAODv9-v1/70000/9110E45A-9003-CB4F-9220-18B2EBFA2B42.root
[1153/1254] root://eospublic.cern.ch//eos/opendata/cms/Run2016G/SingleMuon/NANOAOD/UL2016_MiniAODv2_NanoAODv9-v1/70000/92238EFF-D3BC-B745-B707-BB7096790F83.root
[1154/1254] root://eospublic.cern.ch//eos/opendata/cms/Run2016G/SingleMuon/NANOAOD/UL2016_MiniAODv2_NanoAODv9-v1/70000/95AF7A2E-F973-5642-96C6-B37EA7C96FF7.root
[1155/1254] root://eospublic.cern.ch//eos/opendata/cms/Run2016G/SingleMuon/NANOAOD/UL2016_MiniAODv2_NanoAODv9-v1/130000/A1DF7082-FF8C-114D-BA6C-FC0EDFDF61B2.root
[1156/1254] root://eospublic.cern.ch//eos/opendata/cms/Run2016G/SingleMuon/NANOAOD/UL2016_MiniAODv2_NanoAODv9-v1/130000/A3279183-BDA6-F44C-8EF3-C063BC598B68.root
[1157/1254] root://eospublic.cern.ch//eos/opendata/cms/Run2016G/SingleMuon/NANOAOD/UL2016_MiniAODv2_NanoAODv9-v1/70000/A3664F2C-DE66-C64E-8471-88F341DBC4BF.root
[1158/1254] root://eospublic.cern.ch//eos/opendata/cms/Run2016G/SingleMuon/NANOAOD/UL2016_MiniAODv2_NanoAODv9-v1/130000/ABAF299E-EAF9-5043-B89B-1D13A9475BBC.root
[1159/1254] root://eospublic.cern.ch//eos/opendata/cms/Run2016G/SingleMuon/NANOAOD/UL2016_MiniAODv2_NanoAODv9-v1/70000/ABF5CD64-0947-964E-8104-84D880B737CD.root
[1160/1254] root://eospublic.cern.ch//eos/opendata/cms/Run2016G/SingleMuon/NANOAOD/UL2016_MiniAODv2_NanoAODv9-v1/70000/ACF68248-100D-D345-80C9-AECE7BCB73AF.root
[1161/1254] root://eospublic.cern.ch//eos/opendata/cms/Run2016G/SingleMuon/NANOAOD/UL2016_MiniAODv2_NanoAODv9-v1/70000/AD99EB27-9D69-B74E-981C-F1869AED6582.root
[1162/1254] root://eospublic.cern.ch//eos/opendata/cms/Run2016G/SingleMuon/NANOAOD/UL2016_MiniAODv2_NanoAODv9-v1/70000/B02F3578-EDAA-D649-BF16-B0090E99B34A.root
[1163/1254] root://eospublic.cern.ch//eos/opendata/cms/Run2016G/SingleMuon/NANOAOD/UL2016_MiniAODv2_NanoAODv9-v1/70000/B61CB2F3-3F7B-C143-B349-C9FE421103AC.root
[1164/1254] root://eospublic.cern.ch//eos/opendata/cms/Run2016G/SingleMuon/NANOAOD/UL2016_MiniAODv2_NanoAODv9-v1/130000/B7EEE475-047D-CA4D-B680-617FE16540AC.root
[1165/1254] root://eospublic.cern.ch//eos/opendata/cms/Run2016G/SingleMuon/NANOAOD/UL2016_MiniAODv2_NanoAODv9-v1/130000/BC07CDBA-E54A-AD4A-BC24-960043783955.root
[1166/1254] root://eospublic.cern.ch//eos/opendata/cms/Run2016G/SingleMuon/NANOAOD/UL2016_MiniAODv2_NanoAODv9-v1/70000/BD979CEA-AA60-104B-B656-A2A7ACE54A4B.root
[1167/1254] root://eospublic.cern.ch//eos/opendata/cms/Run2016G/SingleMuon/NANOAOD/UL2016_MiniAODv2_NanoAODv9-v1/70000/C08430A5-EB2C-EB4D-A653-7CA621B11BFC.root
[1168/1254] root://eospublic.cern.ch//eos/opendata/cms/Run2016G/SingleMuon/NANOAOD/UL2016_MiniAODv2_NanoAODv9-v1/130000/C144B7AE-E8C0-9D40-BECF-D027FA604946.root
[1169/1254] root://eospublic.cern.ch//eos/opendata/cms/Run2016G/SingleMuon/NANOAOD/UL2016_MiniAODv2_NanoAODv9-v1/130000/C760C7A6-E4AB-E447-93BB-1EAD0177DB41.root
[1170/1254] root://eospublic.cern.ch//eos/opendata/cms/Run2016G/SingleMuon/NANOAOD/UL2016_MiniAODv2_NanoAODv9-v1/70000/CC55E1DA-ADBB-0342-A53C-C7B7CFA6AD85.root
[1171/1254] root://eospublic.cern.ch//eos/opendata/cms/Run2016G/SingleMuon/NANOAOD/UL2016_MiniAODv2_NanoAODv9-v1/70000/CE1F1724-2933-C44F-829E-0FA4CB49D49A.root
[1172/1254] root://eospublic.cern.ch//eos/opendata/cms/Run2016G/SingleMuon/NANOAOD/UL2016_MiniAODv2_NanoAODv9-v1/130000/D2392663-56C1-5849-A224-28CD5251166A.root
[1173/1254] root://eospublic.cern.ch//eos/opendata/cms/Run2016G/SingleMuon/NANOAOD/UL2016_MiniAODv2_NanoAODv9-v1/130000/D2C497A2-F632-AC4B-8655-1ACA9F2A43DE.root
[1174/1254] root://eospublic.cern.ch//eos/opendata/cms/Run2016G/SingleMuon/NANOAOD/UL2016_MiniAODv2_NanoAODv9-v1/70000/D5642602-6BA0-E843-B8CC-03B0072E1796.root
[1175/1254] root://eospublic.cern.ch//eos/opendata/cms/Run2016G/SingleMuon/NANOAOD/UL2016_MiniAODv2_NanoAODv9-v1/70000/DCA6F24D-0006-634B-9964-65CE4B8E70D5.root
[1176/1254] root://eospublic.cern.ch//eos/opendata/cms/Run2016G/SingleMuon/NANOAOD/UL2016_MiniAODv2_NanoAODv9-v1/70000/E5B3AF0A-A0F0-594B-9E72-B9EA1859D549.root
[1177/1254] root://eospublic.cern.ch//eos/opendata/cms/Run2016G/SingleMuon/NANOAOD/UL2016_MiniAODv2_NanoAODv9-v1/70000/E801FC2F-0877-9F4C-978D-FE9C94B92CAF.root
[1178/1254] root://eospublic.cern.ch//eos/opendata/cms/Run2016G/SingleMuon/NANOAOD/UL2016_MiniAODv2_NanoAODv9-v1/130000/EA9DD56A-11DE-AE48-8E43-07852D3E3694.root
[1179/1254] root://eospublic.cern.ch//eos/opendata/cms/Run2016G/SingleMuon/NANOAOD/UL2016_MiniAODv2_NanoAODv9-v1/70000/EAABF77C-A79B-FB4E-B307-7B2F9CFC6C9E.root
[1180/1254] root://eospublic.cern.ch//eos/opendata/cms/Run2016G/SingleMuon/NANOAOD/UL2016_MiniAODv2_NanoAODv9-v1/70000/EE1BAEDB-88FC-674E-A969-707818596CA4.root
[1181/1254] root://eospublic.cern.ch//eos/opendata/cms/Run2016G/SingleMuon/NANOAOD/UL2016_MiniAODv2_NanoAODv9-v1/70000/F24742D6-8BF8-F640-AD2F-063EE84A759F.root
[1182/1254] root://eospublic.cern.ch//eos/opendata/cms/Run2016G/SingleMuon/NANOAOD/UL2016_MiniAODv2_NanoAODv9-v1/130000/F361D15A-F30D-4D45-8874-446B7450D4BF.root
[1183/1254] root://eospublic.cern.ch//eos/opendata/cms/Run2016G/SingleMuon/NANOAOD/UL2016_MiniAODv2_NanoAODv9-v1/70000/F3F7C96C-CF45-EB45-918C-9E5A05F8D899.root
[1184/1254] root://eospublic.cern.ch//eos/opendata/cms/Run2016G/SingleMuon/NANOAOD/UL2016_MiniAODv2_NanoAODv9-v1/70000/F4BB5330-5236-5940-BA0B-F13088D94F5E.root
[1185/1254] root://eospublic.cern.ch//eos/opendata/cms/Run2016G/SingleMuon/NANOAOD/UL2016_MiniAODv2_NanoAODv9-v1/130000/F9ECEECC-1226-DC4C-BD06-0C218B250D60.root
[1186/1254] root://eospublic.cern.ch//eos/opendata/cms/Run2016G/SingleMuon/NANOAOD/UL2016_MiniAODv2_NanoAODv9-v1/130000/FD262A89-0289-F941-9494-5FD7556833B4.root
[1187/1254] root://eospublic.cern.ch//eos/opendata/cms/Run2016G/SinglePhoton/NANOAOD/UL2016_MiniAODv2_NanoAODv9-v2/250000/0187E47F-4F85-FF4A-B131-B91F2DD2ABFB.root
[1188/1254] root://eospublic.cern.ch//eos/opendata/cms/Run2016G/SinglePhoton/NANOAOD/UL2016_MiniAODv2_NanoAODv9-v2/250000/27E7B96A-C39A-B64F-B069-C3F1D6E43DD6.root
[1189/1254] root://eospublic.cern.ch//eos/opendata/cms/Run2016G/SinglePhoton/NANOAOD/UL2016_MiniAODv2_NanoAODv9-v2/2430000/28182352-6457-734D-995A-301A869F95B0.root
[1190/1254] root://eospublic.cern.ch//eos/opendata/cms/Run2016G/SinglePhoton/NANOAOD/UL2016_MiniAODv2_NanoAODv9-v2/2430000/2C47055A-092A-3242-BEC4-6CA0B67557FA.root
[1191/1254] root://eospublic.cern.ch//eos/opendata/cms/Run2016G/SinglePhoton/NANOAOD/UL2016_MiniAODv2_NanoAODv9-v2/2430000/37A146FF-19BC-4C4F-82D1-D0213E2BC798.root
[1192/1254] root://eospublic.cern.ch//eos/opendata/cms/Run2016G/SinglePhoton/NANOAOD/UL2016_MiniAODv2_NanoAODv9-v2/250000/3885F160-C298-E547-9076-33048F116186.root
[1193/1254] root://eospublic.cern.ch//eos/opendata/cms/Run2016G/SinglePhoton/NANOAOD/UL2016_MiniAODv2_NanoAODv9-v2/250000/400AF17C-E677-8D46-B72A-24D2D82013D7.root
[1194/1254] root://eospublic.cern.ch//eos/opendata/cms/Run2016G/SinglePhoton/NANOAOD/UL2016_MiniAODv2_NanoAODv9-v2/250000/431268AF-3539-1640-AE8E-FA8AED0B59B0.root
[1195/1254] root://eospublic.cern.ch//eos/opendata/cms/Run2016G/SinglePhoton/NANOAOD/UL2016_MiniAODv2_NanoAODv9-v2/250000/6AEEBE75-EE5E-FF4C-9CD6-8EDEE334E094.root
[1196/1254] root://eospublic.cern.ch//eos/opendata/cms/Run2016G/SinglePhoton/NANOAOD/UL2016_MiniAODv2_NanoAODv9-v2/250000/6C9E4FEC-43E8-994D-BBF5-4BE8A3DDBBA0.root
[1197/1254] root://eospublic.cern.ch//eos/opendata/cms/Run2016G/SinglePhoton/NANOAOD/UL2016_MiniAODv2_NanoAODv9-v2/2430000/6F892456-D392-4F43-8041-66B950DE0907.root
[1198/1254] root://eospublic.cern.ch//eos/opendata/cms/Run2016G/SinglePhoton/NANOAOD/UL2016_MiniAODv2_NanoAODv9-v2/250000/7E7BD5C5-D471-9C46-B161-14A446B94DC5.root
[1199/1254] root://eospublic.cern.ch//eos/opendata/cms/Run2016G/SinglePhoton/NANOAOD/UL2016_MiniAODv2_NanoAODv9-v2/250000/8B8822E4-805D-544A-8542-6A77A7F980D9.root
[1200/1254] root://eospublic.cern.ch//eos/opendata/cms/Run2016G/SinglePhoton/NANOAOD/UL2016_MiniAODv2_NanoAODv9-v2/250000/96A48DCD-6A4B-E24C-B5DB-4D28978A94AA.root
[1201/1254] root://eospublic.cern.ch//eos/opendata/cms/Run2016G/SinglePhoton/NANOAOD/UL2016_MiniAODv2_NanoAODv9-v2/250000/9E9B1E44-DA0F-1F46-AE05-8130970C981F.root
[1202/1254] root://eospublic.cern.ch//eos/opendata/cms/Run2016G/SinglePhoton/NANOAOD/UL2016_MiniAODv2_NanoAODv9-v2/2430000/A962C9F2-A7C6-FB4B-9921-9E445A949F17.root
[1203/1254] root://eospublic.cern.ch//eos/opendata/cms/Run2016G/SinglePhoton/NANOAOD/UL2016_MiniAODv2_NanoAODv9-v2/250000/B3EE2FA4-3140-CA41-B5BC-5ED2AAA3419D.root
[1204/1254] root://eospublic.cern.ch//eos/opendata/cms/Run2016G/SinglePhoton/NANOAOD/UL2016_MiniAODv2_NanoAODv9-v2/2430000/C50357CE-A9F6-EF4A-BFEB-2B6675B53C70.root
[1205/1254] root://eospublic.cern.ch//eos/opendata/cms/Run2016G/SinglePhoton/NANOAOD/UL2016_MiniAODv2_NanoAODv9-v2/250000/C76DBACA-4283-B146-AA36-DEE2D64A9058.root
[1206/1254] root://eospublic.cern.ch//eos/opendata/cms/Run2016G/SinglePhoton/NANOAOD/UL2016_MiniAODv2_NanoAODv9-v2/250000/CA3C5591-D2F4-AC4A-844D-B5C38EBC360E.root
[1207/1254] root://eospublic.cern.ch//eos/opendata/cms/Run2016G/SinglePhoton/NANOAOD/UL2016_MiniAODv2_NanoAODv9-v2/250000/CDBBADBC-2B6A-144D-8728-0CE00B6FA85A.root
[1208/1254] root://eospublic.cern.ch//eos/opendata/cms/Run2016G/SinglePhoton/NANOAOD/UL2016_MiniAODv2_NanoAODv9-v2/250000/CF2CCDD0-21DB-E046-84E4-B8E1693CE98C.root
[1209/1254] root://eospublic.cern.ch//eos/opendata/cms/Run2016G/SinglePhoton/NANOAOD/UL2016_MiniAODv2_NanoAODv9-v2/250000/D330739F-A110-6C47-8B3B-E4F3F98CD117.root
[1210/1254] root://eospublic.cern.ch//eos/opendata/cms/Run2016G/Tau/NANOAOD/UL2016_MiniAODv2_NanoAODv9-v1/270000/06D59B66-2858-3E42-B867-8FDE59F4D206.root
[1211/1254] root://eospublic.cern.ch//eos/opendata/cms/Run2016G/Tau/NANOAOD/UL2016_MiniAODv2_NanoAODv9-v1/270000/07142757-9ADF-3843-AEAF-06F7DAEB68CF.root
[1212/1254] root://eospublic.cern.ch//eos/opendata/cms/Run2016G/Tau/NANOAOD/UL2016_MiniAODv2_NanoAODv9-v1/270000/07646F55-1DE8-F240-9EDA-90C418E0C742.root
[1213/1254] root://eospublic.cern.ch//eos/opendata/cms/Run2016G/Tau/NANOAOD/UL2016_MiniAODv2_NanoAODv9-v1/280000/0C9176B2-21C2-C744-83CD-DEE4412011DF.root
[1214/1254] root://eospublic.cern.ch//eos/opendata/cms/Run2016G/Tau/NANOAOD/UL2016_MiniAODv2_NanoAODv9-v1/280000/1008D640-C4E9-864A-8F10-396FDE1DEF1D.root
[1215/1254] root://eospublic.cern.ch//eos/opendata/cms/Run2016G/Tau/NANOAOD/UL2016_MiniAODv2_NanoAODv9-v1/280000/164FB902-F799-C14D-929B-3D89C81EE95A.root
[1216/1254] root://eospublic.cern.ch//eos/opendata/cms/Run2016G/Tau/NANOAOD/UL2016_MiniAODv2_NanoAODv9-v1/280000/1F767498-91B2-0D47-83F8-E28A805901E5.root
[1217/1254] root://eospublic.cern.ch//eos/opendata/cms/Run2016G/Tau/NANOAOD/UL2016_MiniAODv2_NanoAODv9-v1/270000/29CF3211-0C9D-5140-AE0A-62525F1BFCE2.root
[1218/1254] root://eospublic.cern.ch//eos/opendata/cms/Run2016G/Tau/NANOAOD/UL2016_MiniAODv2_NanoAODv9-v1/280000/2AC4730F-A4D6-464C-9CAD-697EA0048FCC.root
[1219/1254] root://eospublic.cern.ch//eos/opendata/cms/Run2016G/Tau/NANOAOD/UL2016_MiniAODv2_NanoAODv9-v1/270000/2BB99FC1-22F5-F047-AFCC-3FBCB2A7AEC7.root
[1220/1254] root://eospublic.cern.ch//eos/opendata/cms/Run2016G/Tau/NANOAOD/UL2016_MiniAODv2_NanoAODv9-v1/270000/2E930FA7-39A2-DD4D-85CD-25BC291CF0D1.root
[1221/1254] root://eospublic.cern.ch//eos/opendata/cms/Run2016G/Tau/NANOAOD/UL2016_MiniAODv2_NanoAODv9-v1/280000/312FDB3D-484E-984D-B300-07C142FA9732.root
[1222/1254] root://eospublic.cern.ch//eos/opendata/cms/Run2016G/Tau/NANOAOD/UL2016_MiniAODv2_NanoAODv9-v1/270000/32D117E2-9790-7348-9F07-2D9119599734.root
[1223/1254] root://eospublic.cern.ch//eos/opendata/cms/Run2016G/Tau/NANOAOD/UL2016_MiniAODv2_NanoAODv9-v1/270000/3D1F35A0-56F6-AA48-96A4-5D618E34DE1D.root
[1224/1254] root://eospublic.cern.ch//eos/opendata/cms/Run2016G/Tau/NANOAOD/UL2016_MiniAODv2_NanoAODv9-v1/270000/3EE961A4-3AB4-F84F-BD87-FC2E136007E9.root
[1225/1254] root://eospublic.cern.ch//eos/opendata/cms/Run2016G/Tau/NANOAOD/UL2016_MiniAODv2_NanoAODv9-v1/280000/40EAB3F3-A4E7-0A44-A880-2C47358DD5D0.root
[1226/1254] root://eospublic.cern.ch//eos/opendata/cms/Run2016G/Tau/NANOAOD/UL2016_MiniAODv2_NanoAODv9-v1/270000/43211E32-B752-2647-9BE4-D36B9A588A2E.root
[1227/1254] root://eospublic.cern.ch//eos/opendata/cms/Run2016G/Tau/NANOAOD/UL2016_MiniAODv2_NanoAODv9-v1/270000/4937E9D9-640E-2C41-B940-980EBCFF834D.root
[1228/1254] root://eospublic.cern.ch//eos/opendata/cms/Run2016G/Tau/NANOAOD/UL2016_MiniAODv2_NanoAODv9-v1/270000/67F9DA24-9C8C-6944-9C12-550EE148FB6A.root
[1229/1254] root://eospublic.cern.ch//eos/opendata/cms/Run2016G/Tau/NANOAOD/UL2016_MiniAODv2_NanoAODv9-v1/270000/725AAE78-7CB3-9644-98BA-BB8F0AAF5520.root
[1230/1254] root://eospublic.cern.ch//eos/opendata/cms/Run2016G/Tau/NANOAOD/UL2016_MiniAODv2_NanoAODv9-v1/270000/73F53116-9B7B-894C-888A-DFA1CAD56734.root
[1231/1254] root://eospublic.cern.ch//eos/opendata/cms/Run2016G/Tau/NANOAOD/UL2016_MiniAODv2_NanoAODv9-v1/280000/7498A2E0-D2EA-204C-ADB0-E1993C28FB66.root
[1232/1254] root://eospublic.cern.ch//eos/opendata/cms/Run2016G/Tau/NANOAOD/UL2016_MiniAODv2_NanoAODv9-v1/270000/74CFE686-2160-2C47-8838-1C4947D8C6DE.root
[1233/1254] root://eospublic.cern.ch//eos/opendata/cms/Run2016G/Tau/NANOAOD/UL2016_MiniAODv2_NanoAODv9-v1/280000/77B99925-3F23-664D-8C96-7193196066A2.root
[1234/1254] root://eospublic.cern.ch//eos/opendata/cms/Run2016G/Tau/NANOAOD/UL2016_MiniAODv2_NanoAODv9-v1/280000/84DCE440-AFBB-2647-9CB5-6BEED433DD65.root
[1235/1254] root://eospublic.cern.ch//eos/opendata/cms/Run2016G/Tau/NANOAOD/UL2016_MiniAODv2_NanoAODv9-v1/270000/957DE988-2B8C-CA49-BE43-7D82966248AA.root
[1236/1254] root://eospublic.cern.ch//eos/opendata/cms/Run2016G/Tau/NANOAOD/UL2016_MiniAODv2_NanoAODv9-v1/280000/9C5F1F6F-5896-3A44-B52B-A31C4198A5FC.root
[1237/1254] root://eospublic.cern.ch//eos/opendata/cms/Run2016G/Tau/NANOAOD/UL2016_MiniAODv2_NanoAODv9-v1/270000/9E2294DE-1378-E647-9E66-84FEA4AB7018.root
[1238/1254] root://eospublic.cern.ch//eos/opendata/cms/Run2016G/Tau/NANOAOD/UL2016_MiniAODv2_NanoAODv9-v1/270000/9E58E7DB-1D14-FA40-A931-366745DEF550.root
[1239/1254] root://eospublic.cern.ch//eos/opendata/cms/Run2016G/Tau/NANOAOD/UL2016_MiniAODv2_NanoAODv9-v1/270000/B4697B36-3011-3042-8F9A-13709BE01B02.root
[1240/1254] root://eospublic.cern.ch//eos/opendata/cms/Run2016G/Tau/NANOAOD/UL2016_MiniAODv2_NanoAODv9-v1/280000/B5825DF2-0AD4-D746-B317-EC44A3038E22.root
[1241/1254] root://eospublic.cern.ch//eos/opendata/cms/Run2016G/Tau/NANOAOD/UL2016_MiniAODv2_NanoAODv9-v1/270000/B5DC7BAF-E211-3B4F-BC77-C0BEA1894F38.root
[1242/1254] root://eospublic.cern.ch//eos/opendata/cms/Run2016G/Tau/NANOAOD/UL2016_MiniAODv2_NanoAODv9-v1/270000/B9CC037A-CFC9-CF4A-AE2E-07F047A8F92B.root
[1243/1254] root://eospublic.cern.ch//eos/opendata/cms/Run2016G/Tau/NANOAOD/UL2016_MiniAODv2_NanoAODv9-v1/280000/C3DB84AF-01E9-6B44-96D1-9D4E0E2AEBCE.root
[1244/1254] root://eospublic.cern.ch//eos/opendata/cms/Run2016G/Tau/NANOAOD/UL2016_MiniAODv2_NanoAODv9-v1/270000/C64FBBF6-1976-C746-A081-E2A4D0BB73CF.root
[1245/1254] root://eospublic.cern.ch//eos/opendata/cms/Run2016G/Tau/NANOAOD/UL2016_MiniAODv2_NanoAODv9-v1/270000/D382DE98-1AF7-7D44-BCFC-94264AAD13A7.root
[1246/1254] root://eospublic.cern.ch//eos/opendata/cms/Run2016G/Tau/NANOAOD/UL2016_MiniAODv2_NanoAODv9-v1/270000/D4506FB8-1188-3446-9BC1-4CCEFD747A6C.root
[1247/1254] root://eospublic.cern.ch//eos/opendata/cms/Run2016G/Tau/NANOAOD/UL2016_MiniAODv2_NanoAODv9-v1/280000/D4EEC655-D51B-3746-8907-311B3428F150.root
[1248/1254] root://eospublic.cern.ch//eos/opendata/cms/Run2016G/Tau/NANOAOD/UL2016_MiniAODv2_NanoAODv9-v1/270000/D9A1EBED-AD21-4A48-BD46-32438A8E2061.root
[1249/1254] root://eospublic.cern.ch//eos/opendata/cms/Run2016G/Tau/NANOAOD/UL2016_MiniAODv2_NanoAODv9-v1/270000/DAC01A07-45AA-D64E-BE71-9E32BCAF7A92.root
[1250/1254] root://eospublic.cern.ch//eos/opendata/cms/Run2016G/Tau/NANOAOD/UL2016_MiniAODv2_NanoAODv9-v1/270000/E0E2A8C3-B73B-5D4A-B4FE-C820A3C0A5E1.root
[1251/1254] root://eospublic.cern.ch//eos/opendata/cms/Run2016G/Tau/NANOAOD/UL2016_MiniAODv2_NanoAODv9-v1/280000/F4DA9E8E-3803-1342-8644-3FD6FF93D353.root
[1252/1254] root://eospublic.cern.ch//eos/opendata/cms/Run2016G/Tau/NANOAOD/UL2016_MiniAODv2_NanoAODv9-v1/270000/F6EF9B6A-AC7D-C744-B8AD-0C515D553F78.root
[1253/1254] root://eospublic.cern.ch//eos/opendata/cms/Run2016G/Tau/NANOAOD/UL2016_MiniAODv2_NanoAODv9-v1/270000/FC8DC21C-5BF5-F54C-8E85-72454936F1E0.root
[1254/1254] root://eospublic.cern.ch//eos/opendata/cms/Run2016G/Tau/NANOAOD/UL2016_MiniAODv2_NanoAODv9-v1/280000/FFF6E5B3-80B3-6440-9997-E2BA33418FFE.root
Warning in <TClass::Init>: no dictionary for class edm::Hash<1> is available
Warning in <TClass::Init>: no dictionary for class edm::Hash<1> is available
Warning in <TClass::Init>: no dictionary for class edm::Hash<1> is available
Warning in <TClass::Init>: no dictionary for class edm::ParameterSetBlob is available
Warning in <TClass::Init>: no dictionary for class edm::ParameterSetBlob is available
Warning in <TClass::Init>: no dictionary for class edm::ParameterSetBlob is available
Warning in <TClass::Init>: no dictionary for class edm::ProcessHistory is available
Warning in <TClass::Init>: no dictionary for class edm::ProcessHistory is available
Warning in <TClass::Init>: no dictionary for class edm::ProcessHistory is available
Warning in <TClass::Init>: no dictionary for class edm::ProcessConfiguration is available
Warning in <TClass::Init>: no dictionary for class edm::ProcessConfiguration is available
Warning in <TClass::Init>: no dictionary for class edm::ProcessConfiguration is available
Warning in <TClass::Init>: no dictionary for class edm::Hash<1> is available
Warning in <TClass::Init>: no dictionary for class edm::Hash<1> is available
Warning in <TClass::Init>: no dictionary for class edm::Hash<1> is available
Warning in <TClass::Init>: no dictionary for class edm::ParameterSetBlob is available
Warning in <TClass::Init>: no dictionary for class edm::ParameterSetBlob is available
Warning in <TClass::Init>: no dictionary for class edm::ParameterSetBlob is available
Warning in <TClass::Init>: no dictionary for class edm::ProcessHistory is available
Warning in <TClass::Init>: no dictionary for class edm::ProcessHistory is available
Warning in <TClass::Init>: no dictionary for class edm::ProcessHistory is available
Warning in <TClass::Init>: no dictionary for class edm::ProcessConfiguration is available
Warning in <TClass::Init>: no dictionary for class edm::ProcessConfiguration is available
Warning in <TClass::Init>: no dictionary for class edm::ProcessConfiguration is available
Warning in <TClass::Init>: no dictionary for class edm::Hash<1> is available
Warning in <TClass::Init>: no dictionary for class edm::Hash<1> is available
Warning in <TClass::Init>: no dictionary for class edm::ParameterSetBlob is available
Warning in <TClass::Init>: no dictionary for class edm::ParameterSetBlob is available
Warning in <TClass::Init>: no dictionary for class edm::ProcessHistory is available
Warning in <TClass::Init>: no dictionary for class edm::ProcessHistory is available
Warning in <TClass::Init>: no dictionary for class edm::ProcessConfiguration is available
Warning in <TClass::Init>: no dictionary for class edm::Hash<1> is available
Warning in <TClass::Init>: no dictionary for class edm::Hash<1> is available
Warning in <TClass::Init>: no dictionary for class edm::ProcessConfiguration is available
Warning in <TClass::Init>: no dictionary for class edm::ParameterSetBlob is available
Warning in <TClass::Init>: no dictionary for class edm::ParameterSetBlob is available
Warning in <TClass::Init>: no dictionary for class edm::ProcessHistory is available
Warning in <TClass::Init>: no dictionary for class edm::ProcessHistory is available
Warning in <TClass::Init>: no dictionary for class edm::ProcessConfiguration is available
Warning in <TClass::Init>: no dictionary for class edm::ProcessConfiguration is available
Warning in <TClass::Init>: no dictionary for class edm::Hash<1> is available
Warning in <TClass::Init>: no dictionary for class edm::ParameterSetBlob is available
Warning in <TClass::Init>: no dictionary for class edm::Hash<1> is available
Warning in <TClass::Init>: no dictionary for class edm::ProcessHistory is available
Warning in <TClass::Init>: no dictionary for class edm::Hash<1> is available
Warning in <TClass::Init>: no dictionary for class edm::ParameterSetBlob is available
Warning in <TClass::Init>: no dictionary for class edm::ProcessConfiguration is available
Warning in <TClass::Init>: no dictionary for class edm::ProcessHistory is available
Warning in <TClass::Init>: no dictionary for class edm::ParameterSetBlob is available
Warning in <TClass::Init>: no dictionary for class edm::Hash<1> is available
Warning in <TClass::Init>: no dictionary for class edm::ProcessConfiguration is available
Warning in <TClass::Init>: no dictionary for class edm::ProcessHistory is available
Warning in <TClass::Init>: no dictionary for class edm::ParameterSetBlob is available
Warning in <TClass::Init>: no dictionary for class edm::ProcessConfiguration is available
Warning in <TClass::Init>: no dictionary for class edm::ProcessHistory is available
Warning in <TClass::Init>: no dictionary for class edm::ProcessConfiguration is available
Warning in <TClass::Init>: no dictionary for class edm::Hash<1> is available
Warning in <TClass::Init>: no dictionary for class edm::ParameterSetBlob is available
Warning in <TClass::Init>: no dictionary for class edm::ProcessHistory is available
Warning in <TClass::Init>: no dictionary for class edm::ProcessConfiguration is available
Warning in <TClass::Init>: no dictionary for class edm::Hash<1> is available
Warning in <TClass::Init>: no dictionary for class edm::ParameterSetBlob is available
Warning in <TClass::Init>: no dictionary for class edm::ProcessHistory is available
Warning in <TClass::Init>: no dictionary for class edm::ProcessConfiguration is available
Warning in <TClass::Init>: no dictionary for class pair<edm::Hash<1>,edm::ParameterSetBlob> is available
Warning in <TClass::Init>: no dictionary for class pair<edm::Hash<1>,edm::ParameterSetBlob> is available
Warning in <TClass::Init>: no dictionary for class pair<edm::Hash<1>,edm::ParameterSetBlob> is available
Warning in <TClass::Init>: no dictionary for class pair<edm::Hash<1>,edm::ParameterSetBlob> is available
Warning in <TClass::Init>: no dictionary for class pair<edm::Hash<1>,edm::ParameterSetBlob> is available
Warning in <TClass::Init>: no dictionary for class pair<edm::Hash<1>,edm::ParameterSetBlob> is available
Warning in <TClass::Init>: no dictionary for class pair<edm::Hash<1>,edm::ParameterSetBlob> is available
Warning in <TClass::Init>: no dictionary for class pair<edm::Hash<1>,edm::ParameterSetBlob> is available
Warning in <TClass::Init>: no dictionary for class pair<edm::Hash<1>,edm::ParameterSetBlob> is available
Warning in <TClass::Init>: no dictionary for class pair<edm::Hash<1>,edm::ParameterSetBlob> is available
Warning in <TClass::Init>: no dictionary for class pair<edm::Hash<1>,edm::ParameterSetBlob> is available
Warning in <TClass::Init>: no dictionary for class pair<edm::Hash<1>,edm::ParameterSetBlob> is available
Warning in <TClass::Init>: no dictionary for class pair<edm::Hash<1>,edm::ParameterSetBlob> is available
Warning in <TClass::Init>: no dictionary for class pair<edm::Hash<1>,edm::ParameterSetBlob> is available
Warning in <TClass::Init>: no dictionary for class pair<edm::Hash<1>,edm::ParameterSetBlob> is available
Warning in <TClass::Init>: no dictionary for class pair<edm::Hash<1>,edm::ParameterSetBlob> is available
[1/653] /net/scratch/hscra/plgrid/plgakrzemin/bench/data2/Run2016H/BTagCSV/0169B058-4690-FA49-9D48-D2DFEDE5CA71.root
[2/653] /net/scratch/hscra/plgrid/plgakrzemin/bench/data2/Run2016H/BTagCSV/08DF3842-1701-0B46-AD1D-8FCFA8B48EB4.root
[3/653] /net/scratch/hscra/plgrid/plgakrzemin/bench/data2/Run2016H/BTagCSV/16C17CDF-D9B3-234D-ACF6-F59FB1FD6BBC.root
[4/653] /net/scratch/hscra/plgrid/plgakrzemin/bench/data2/Run2016H/BTagCSV/1A581448-2E02-014E-AD96-796EEAFA6EDE.root
[5/653] /net/scratch/hscra/plgrid/plgakrzemin/bench/data2/Run2016H/BTagCSV/1EFE0EF7-50A5-A949-BAD6-91DFE9F03682.root
[6/653] /net/scratch/hscra/plgrid/plgakrzemin/bench/data2/Run2016H/BTagCSV/22C65FAF-D23C-1C4D-BBEB-A6405361C3D2.root
[7/653] /net/scratch/hscra/plgrid/plgakrzemin/bench/data2/Run2016H/BTagCSV/27E5E950-9C7C-F24E-8B40-B524BD1C87F7.root
[8/653] /net/scratch/hscra/plgrid/plgakrzemin/bench/data2/Run2016H/BTagCSV/286F4DB6-70B4-B646-A51D-75E70EA443A5.root
[9/653] /net/scratch/hscra/plgrid/plgakrzemin/bench/data2/Run2016H/BTagCSV/297B521B-EBCF-4646-BCF0-5099C48E1B88.root
[10/653] /net/scratch/hscra/plgrid/plgakrzemin/bench/data2/Run2016H/BTagCSV/2EB0ADF0-CCD4-214E-8FF4-E091CE2E7BC2.root
[11/653] /net/scratch/hscra/plgrid/plgakrzemin/bench/data2/Run2016H/BTagCSV/2F385400-3EED-8E4E-86AB-3BD3089E3C90.root
[12/653] /net/scratch/hscra/plgrid/plgakrzemin/bench/data2/Run2016H/BTagCSV/2F3A95E0-9655-AF44-81B7-692968F38A78.root
[13/653] /net/scratch/hscra/plgrid/plgakrzemin/bench/data2/Run2016H/BTagCSV/34F42348-4E18-834E-A7E5-2D610F51499C.root
[14/653] /net/scratch/hscra/plgrid/plgakrzemin/bench/data2/Run2016H/BTagCSV/402904F7-1A02-774F-A59C-4C11937F6F1A.root
[15/653] /net/scratch/hscra/plgrid/plgakrzemin/bench/data2/Run2016H/BTagCSV/44E91520-62A3-704F-A218-B457B579A16B.root
[16/653] /net/scratch/hscra/plgrid/plgakrzemin/bench/data2/Run2016H/BTagCSV/48C3740A-5436-0847-8C9A-B2A874682810.root
[17/653] /net/scratch/hscra/plgrid/plgakrzemin/bench/data2/Run2016H/BTagCSV/51C6C66A-BD03-5542-AB83-0064E186934E.root
[18/653] /net/scratch/hscra/plgrid/plgakrzemin/bench/data2/Run2016H/BTagCSV/5436879F-A179-974C-812F-B33E999DB18A.root
[19/653] /net/scratch/hscra/plgrid/plgakrzemin/bench/data2/Run2016H/BTagCSV/5E00D8A4-3C17-B945-BB74-57FC0C656672.root
[20/653] /net/scratch/hscra/plgrid/plgakrzemin/bench/data2/Run2016H/BTagCSV/6B130C11-84F0-624C-86AA-85873E08A295.root
[21/653] /net/scratch/hscra/plgrid/plgakrzemin/bench/data2/Run2016H/BTagCSV/715A31D5-BF4C-D54A-938E-27D1FF650D83.root
[22/653] /net/scratch/hscra/plgrid/plgakrzemin/bench/data2/Run2016H/BTagCSV/7326DB98-6192-F843-8682-739751DE9E70.root
[23/653] /net/scratch/hscra/plgrid/plgakrzemin/bench/data2/Run2016H/BTagCSV/79B0AD9F-8215-624F-99E0-2325ED396863.root
[24/653] /net/scratch/hscra/plgrid/plgakrzemin/bench/data2/Run2016H/BTagCSV/7D0DFAED-E1BD-EE4F-9583-EE38C90AC21D.root
[25/653] /net/scratch/hscra/plgrid/plgakrzemin/bench/data2/Run2016H/BTagCSV/87CEDAFC-1DE4-DD4D-BD3F-09417D3B0B25.root
[26/653] /net/scratch/hscra/plgrid/plgakrzemin/bench/data2/Run2016H/BTagCSV/9349BBE1-3F49-CD49-BAD0-1D095892CD30.root
[27/653] /net/scratch/hscra/plgrid/plgakrzemin/bench/data2/Run2016H/BTagCSV/97806115-446B-3740-ABA3-06BC2BEE91A4.root
[28/653] /net/scratch/hscra/plgrid/plgakrzemin/bench/data2/Run2016H/BTagCSV/9858C6C0-7FC7-9D47-9377-376A1D140C9B.root
[29/653] /net/scratch/hscra/plgrid/plgakrzemin/bench/data2/Run2016H/BTagCSV/98B0DF83-43F8-8F4B-9B8C-AAC6C745F395.root
[30/653] /net/scratch/hscra/plgrid/plgakrzemin/bench/data2/Run2016H/BTagCSV/9C0FDC47-A842-0B45-B056-A5BB8F4C222E.root
[31/653] /net/scratch/hscra/plgrid/plgakrzemin/bench/data2/Run2016H/BTagCSV/A07A48E1-A7CC-584F-821C-88C0C4E37F28.root
[32/653] /net/scratch/hscra/plgrid/plgakrzemin/bench/data2/Run2016H/BTagCSV/A2B3DA83-6E8F-B449-9423-B9B489E3CB96.root
[33/653] /net/scratch/hscra/plgrid/plgakrzemin/bench/data2/Run2016H/BTagCSV/A5F0C64C-9863-BC49-809E-7C10726850A8.root
[34/653] /net/scratch/hscra/plgrid/plgakrzemin/bench/data2/Run2016H/BTagCSV/AB18130D-E06A-894B-A290-157160E96518.root
[35/653] /net/scratch/hscra/plgrid/plgakrzemin/bench/data2/Run2016H/BTagCSV/AC533038-D844-2C47-89A7-AD6AD2214573.root
[36/653] /net/scratch/hscra/plgrid/plgakrzemin/bench/data2/Run2016H/BTagCSV/AEC74BB0-4AFE-7243-B0AF-CA8569DB6831.root
[37/653] /net/scratch/hscra/plgrid/plgakrzemin/bench/data2/Run2016H/BTagCSV/B52C28BE-59A6-654F-84DE-5A282D8B6008.root
[38/653] /net/scratch/hscra/plgrid/plgakrzemin/bench/data2/Run2016H/BTagCSV/B5B0A5CA-FE98-DE4B-89EE-300595F416F8.root
[39/653] /net/scratch/hscra/plgrid/plgakrzemin/bench/data2/Run2016H/BTagCSV/BBB2B28B-10E1-754E-AE9F-FBE630AD1093.root
[40/653] /net/scratch/hscra/plgrid/plgakrzemin/bench/data2/Run2016H/BTagCSV/C62E227E-8FBE-3545-BFBD-23E7724ED8A6.root
[41/653] /net/scratch/hscra/plgrid/plgakrzemin/bench/data2/Run2016H/BTagCSV/C9FB9C4F-D21F-364C-B6B4-4B7F32796942.root
[42/653] /net/scratch/hscra/plgrid/plgakrzemin/bench/data2/Run2016H/BTagCSV/CA629D99-F557-294C-B36A-D983FF467129.root
[43/653] /net/scratch/hscra/plgrid/plgakrzemin/bench/data2/Run2016H/BTagCSV/D2BFD39E-6E93-8747-BDB0-E463F1E07517.root
[44/653] /net/scratch/hscra/plgrid/plgakrzemin/bench/data2/Run2016H/BTagCSV/D8EC9394-9422-954C-880E-A8746703A298.root
[45/653] /net/scratch/hscra/plgrid/plgakrzemin/bench/data2/Run2016H/BTagCSV/D984A441-6742-EE49-8097-9193746FECCB.root
[46/653] /net/scratch/hscra/plgrid/plgakrzemin/bench/data2/Run2016H/BTagCSV/E0C46BAD-C249-ED43-BEAC-9FB5D25DA780.root
[47/653] /net/scratch/hscra/plgrid/plgakrzemin/bench/data2/Run2016H/BTagCSV/E4A32215-170E-1740-9B30-B0E8E689ECCF.root
[48/653] /net/scratch/hscra/plgrid/plgakrzemin/bench/data2/Run2016H/BTagCSV/EA22A0D6-BAC9-DC4D-9992-20E9643CD3B6.root
[49/653] /net/scratch/hscra/plgrid/plgakrzemin/bench/data2/Run2016H/BTagCSV/EB367510-C2A2-6045-90AF-5BF6F1C03145.root
[50/653] /net/scratch/hscra/plgrid/plgakrzemin/bench/data2/Run2016H/BTagCSV/ECE2E8CF-FBA3-4047-B29C-ADAC988FB7A6.root
[51/653] /net/scratch/hscra/plgrid/plgakrzemin/bench/data2/Run2016H/BTagCSV/F1101C1F-7AAE-EC4C-A1C1-7CFC1673A588.root
[52/653] /net/scratch/hscra/plgrid/plgakrzemin/bench/data2/Run2016H/BTagCSV/FFBBB831-EAA0-8541-9A74-C584FDF2281F.root
[53/653] /net/scratch/hscra/plgrid/plgakrzemin/bench/data2/Run2016H/BTagMu/185EDC51-E8ED-B84C-99A3-3C196B926007.root
[54/653] /net/scratch/hscra/plgrid/plgakrzemin/bench/data2/Run2016H/BTagMu/1FD9EC58-1482-864F-8F15-F71E6B93DF55.root
[55/653] /net/scratch/hscra/plgrid/plgakrzemin/bench/data2/Run2016H/BTagMu/2B19BB56-3B58-5C45-AD44-E140B792899E.root
[56/653] /net/scratch/hscra/plgrid/plgakrzemin/bench/data2/Run2016H/BTagMu/35819ECF-AE4C-F64C-AEBA-4569178BFADA.root
[57/653] /net/scratch/hscra/plgrid/plgakrzemin/bench/data2/Run2016H/BTagMu/54BE7F43-96F5-C146-BFDC-2D35C07C6585.root
[58/653] /net/scratch/hscra/plgrid/plgakrzemin/bench/data2/Run2016H/BTagMu/55A7B188-94E9-1F41-BF45-E1BC52FCF6B4.root
[59/653] /net/scratch/hscra/plgrid/plgakrzemin/bench/data2/Run2016H/BTagMu/56A41178-C892-6349-9E81-472226FB8959.root
[60/653] /net/scratch/hscra/plgrid/plgakrzemin/bench/data2/Run2016H/BTagMu/604528D4-EB12-D648-9517-2F3607B3D771.root
[61/653] /net/scratch/hscra/plgrid/plgakrzemin/bench/data2/Run2016H/BTagMu/67499292-A810-404E-8AC3-95341AF26253.root
[62/653] /net/scratch/hscra/plgrid/plgakrzemin/bench/data2/Run2016H/BTagMu/8214B385-C817-314D-967C-0AB0C71053B6.root
[63/653] /net/scratch/hscra/plgrid/plgakrzemin/bench/data2/Run2016H/BTagMu/87537CF0-8DA3-714E-ACB7-99D9011DC686.root
[64/653] /net/scratch/hscra/plgrid/plgakrzemin/bench/data2/Run2016H/BTagMu/95C19E35-5B36-3443-87A2-764DA109E780.root
[65/653] /net/scratch/hscra/plgrid/plgakrzemin/bench/data2/Run2016H/BTagMu/9A63A181-5F21-B840-A58A-31818172D704.root
[66/653] /net/scratch/hscra/plgrid/plgakrzemin/bench/data2/Run2016H/BTagMu/A1ABDA1A-DEF7-C94D-B880-A6FA2707EA71.root
[67/653] /net/scratch/hscra/plgrid/plgakrzemin/bench/data2/Run2016H/BTagMu/B44D4952-4039-B840-9C72-FC7C5EFA40BB.root
[68/653] /net/scratch/hscra/plgrid/plgakrzemin/bench/data2/Run2016H/BTagMu/CABBD699-971F-2644-AAC3-EDA751195275.root
[69/653] /net/scratch/hscra/plgrid/plgakrzemin/bench/data2/Run2016H/Charmonium/08568327-609E-8849-A030-E9AF131236D7.root
[70/653] /net/scratch/hscra/plgrid/plgakrzemin/bench/data2/Run2016H/Charmonium/1A78CFCD-A218-0347-BC2D-731107F82743.root
[71/653] /net/scratch/hscra/plgrid/plgakrzemin/bench/data2/Run2016H/Charmonium/26C6B2F5-E820-6146-A13A-910295B12866.root
[72/653] /net/scratch/hscra/plgrid/plgakrzemin/bench/data2/Run2016H/Charmonium/2D2FC16E-3CAC-BF47-8B7F-B56CEC648132.root
[73/653] /net/scratch/hscra/plgrid/plgakrzemin/bench/data2/Run2016H/Charmonium/2F9F9957-06CB-C04F-9E73-55AC822E1455.root
[74/653] /net/scratch/hscra/plgrid/plgakrzemin/bench/data2/Run2016H/Charmonium/340C0ED9-37F0-D248-9C87-6FF78338DE52.root
[75/653] /net/scratch/hscra/plgrid/plgakrzemin/bench/data2/Run2016H/Charmonium/369544AF-768A-FB40-8F02-3358DFB4E979.root
[76/653] /net/scratch/hscra/plgrid/plgakrzemin/bench/data2/Run2016H/Charmonium/3924DB34-40D8-6445-B37F-25CF9295D12E.root
[77/653] /net/scratch/hscra/plgrid/plgakrzemin/bench/data2/Run2016H/Charmonium/552A6EC6-C7B3-E34D-8278-9E1E8379EBB5.root
[78/653] /net/scratch/hscra/plgrid/plgakrzemin/bench/data2/Run2016H/Charmonium/5BBBE83E-DEA6-934C-9BB4-A88DC319F3A1.root
[79/653] /net/scratch/hscra/plgrid/plgakrzemin/bench/data2/Run2016H/Charmonium/7381A12F-FA0E-7249-94DD-1116CA47ED3A.root
[80/653] /net/scratch/hscra/plgrid/plgakrzemin/bench/data2/Run2016H/Charmonium/761983B2-296A-F840-B0BB-8DD7E978BFF2.root
[81/653] /net/scratch/hscra/plgrid/plgakrzemin/bench/data2/Run2016H/Charmonium/7AE74CD5-5C2D-EF44-86E5-16A78760C979.root
[82/653] /net/scratch/hscra/plgrid/plgakrzemin/bench/data2/Run2016H/Charmonium/84FF2BFC-8DBA-4E42-81A1-9F047363DE2C.root
[83/653] /net/scratch/hscra/plgrid/plgakrzemin/bench/data2/Run2016H/Charmonium/87511DBC-0373-AA48-87E1-DBF91FB2B784.root
[84/653] /net/scratch/hscra/plgrid/plgakrzemin/bench/data2/Run2016H/Charmonium/94E5490F-87DC-5346-820C-3945F337DDD6.root
[85/653] /net/scratch/hscra/plgrid/plgakrzemin/bench/data2/Run2016H/Charmonium/95D575FF-B85B-0646-8D08-76FD24C9E806.root
[86/653] /net/scratch/hscra/plgrid/plgakrzemin/bench/data2/Run2016H/Charmonium/9B224036-1644-9F47-B7FF-23791E82C27E.root
[87/653] /net/scratch/hscra/plgrid/plgakrzemin/bench/data2/Run2016H/Charmonium/9CE50EB5-ABBD-3442-B099-25F432F6F679.root
[88/653] /net/scratch/hscra/plgrid/plgakrzemin/bench/data2/Run2016H/Charmonium/A238D5DC-00BF-F843-A380-209E4E4CC307.root
[89/653] /net/scratch/hscra/plgrid/plgakrzemin/bench/data2/Run2016H/Charmonium/B38E7D36-ABFF-DB48-8F50-0C9D22C605E0.root
[90/653] /net/scratch/hscra/plgrid/plgakrzemin/bench/data2/Run2016H/Charmonium/B881F867-186F-DF4F-92A0-81BD9F2B8275.root
[91/653] /net/scratch/hscra/plgrid/plgakrzemin/bench/data2/Run2016H/Charmonium/BAD59FEE-1461-034B-8F72-7154ABF075D3.root
[92/653] /net/scratch/hscra/plgrid/plgakrzemin/bench/data2/Run2016H/Charmonium/C1EA312D-BEF6-FB41-B88B-AEE2D60ED67C.root
[93/653] /net/scratch/hscra/plgrid/plgakrzemin/bench/data2/Run2016H/Charmonium/CA332DA2-3979-A34D-AC7B-039FAA389BCA.root
[94/653] /net/scratch/hscra/plgrid/plgakrzemin/bench/data2/Run2016H/Charmonium/CCA318B7-2ECC-D64C-A756-2F004D914051.root
[95/653] /net/scratch/hscra/plgrid/plgakrzemin/bench/data2/Run2016H/Charmonium/D4BA69EF-8F3E-BA46-A888-54DC0F0AEBC7.root
[96/653] /net/scratch/hscra/plgrid/plgakrzemin/bench/data2/Run2016H/Charmonium/D669D4CC-E077-5F44-8062-D6E9D2FA29B3.root
[97/653] /net/scratch/hscra/plgrid/plgakrzemin/bench/data2/Run2016H/Charmonium/D8A71AFB-1B58-1B4E-A32C-E56A31A182CC.root
[98/653] /net/scratch/hscra/plgrid/plgakrzemin/bench/data2/Run2016H/Charmonium/D92361E7-FC5F-3C4C-98C2-FD31546171A7.root
[99/653] /net/scratch/hscra/plgrid/plgakrzemin/bench/data2/Run2016H/Charmonium/DA207202-DB16-1244-8A7E-577F327BEE00.root
[100/653] /net/scratch/hscra/plgrid/plgakrzemin/bench/data2/Run2016H/Charmonium/E3FE442E-58A3-B14C-BB91-60C179C0CE24.root
[101/653] /net/scratch/hscra/plgrid/plgakrzemin/bench/data2/Run2016H/Charmonium/EFDD0DF2-60E4-3543-84DB-FFDA4D405EAC.root
[102/653] /net/scratch/hscra/plgrid/plgakrzemin/bench/data2/Run2016H/Charmonium/F2D0C741-6780-1942-AB0D-8D4EB0D9B769.root
[103/653] /net/scratch/hscra/plgrid/plgakrzemin/bench/data2/Run2016H/Charmonium/FC86FE10-E054-D845-B260-A47733E3510E.root
[104/653] /net/scratch/hscra/plgrid/plgakrzemin/bench/data2/Run2016H/Charmonium/FCED3A36-995A-854D-8478-B5CA69BAEECF.root
[105/653] /net/scratch/hscra/plgrid/plgakrzemin/bench/data2/Run2016H/DisplacedJet/08A2A8A8-75B5-4248-A6EF-29D7568A7859.root
[106/653] /net/scratch/hscra/plgrid/plgakrzemin/bench/data2/Run2016H/DisplacedJet/1E824FBC-F777-4E4C-9E50-F098AA1539ED.root
[107/653] /net/scratch/hscra/plgrid/plgakrzemin/bench/data2/Run2016H/DisplacedJet/1FD1D838-E53F-3340-A739-523441AB3D14.root
[108/653] /net/scratch/hscra/plgrid/plgakrzemin/bench/data2/Run2016H/DisplacedJet/243AEDA3-D389-1C4B-A3A7-38C964ED961B.root
[109/653] /net/scratch/hscra/plgrid/plgakrzemin/bench/data2/Run2016H/DisplacedJet/26B07C63-223D-4243-8C48-0B471F42292E.root
[110/653] /net/scratch/hscra/plgrid/plgakrzemin/bench/data2/Run2016H/DisplacedJet/2F14D207-0BE5-424B-8B4F-4055EBAD71C2.root
[111/653] /net/scratch/hscra/plgrid/plgakrzemin/bench/data2/Run2016H/DisplacedJet/39BD88F7-E1BA-B947-80A2-3B0463B5E79B.root
[112/653] /net/scratch/hscra/plgrid/plgakrzemin/bench/data2/Run2016H/DisplacedJet/3C50E79A-AC87-B94A-990D-65590F8D994E.root
[113/653] /net/scratch/hscra/plgrid/plgakrzemin/bench/data2/Run2016H/DisplacedJet/43FCB75A-DE0B-3A41-84F7-35143E26546B.root
[114/653] /net/scratch/hscra/plgrid/plgakrzemin/bench/data2/Run2016H/DisplacedJet/948E3490-FE83-F446-B541-35B4C98D9CA7.root
[115/653] /net/scratch/hscra/plgrid/plgakrzemin/bench/data2/Run2016H/DisplacedJet/95D49031-D2E3-9D42-83BC-FB411B177AB0.root
[116/653] /net/scratch/hscra/plgrid/plgakrzemin/bench/data2/Run2016H/DisplacedJet/A466E19E-3DCD-2B4E-AA44-66142A105D08.root
[117/653] /net/scratch/hscra/plgrid/plgakrzemin/bench/data2/Run2016H/DisplacedJet/A8F20362-2645-664E-8717-9303B637CF13.root
[118/653] /net/scratch/hscra/plgrid/plgakrzemin/bench/data2/Run2016H/DisplacedJet/A93D5D31-59B9-D64E-8714-7A71614811A8.root
[119/653] /net/scratch/hscra/plgrid/plgakrzemin/bench/data2/Run2016H/DisplacedJet/AE3B6446-9FA9-484E-8342-9CB0FCF35183.root
[120/653] /net/scratch/hscra/plgrid/plgakrzemin/bench/data2/Run2016H/DisplacedJet/B1CD4FD3-36FA-9743-8EEA-8422D50FFD60.root
[121/653] /net/scratch/hscra/plgrid/plgakrzemin/bench/data2/Run2016H/DisplacedJet/CC4642CF-467D-3A4B-9239-C3109BCE756E.root
[122/653] /net/scratch/hscra/plgrid/plgakrzemin/bench/data2/Run2016H/DisplacedJet/D7874087-DF28-CC4A-B430-D21FA80B53AA.root
[123/653] /net/scratch/hscra/plgrid/plgakrzemin/bench/data2/Run2016H/DisplacedJet/E061677D-70D2-E54F-BBCF-E97474BFFC96.root
[124/653] /net/scratch/hscra/plgrid/plgakrzemin/bench/data2/Run2016H/DisplacedJet/FFB40855-F32C-5446-8C7D-3163354D8FEE.root
[125/653] /net/scratch/hscra/plgrid/plgakrzemin/bench/data2/Run2016H/DoubleEG/2AD46B56-E1CA-CD44-B30D-C57FE1C35D15.root
[126/653] /net/scratch/hscra/plgrid/plgakrzemin/bench/data2/Run2016H/DoubleEG/61906161-574B-F749-859E-EF41556352AF.root
[127/653] /net/scratch/hscra/plgrid/plgakrzemin/bench/data2/Run2016H/DoubleEG/B7CFAE74-1E82-C943-AF64-1C905145E477.root
[128/653] /net/scratch/hscra/plgrid/plgakrzemin/bench/data2/Run2016H/DoubleEG/BA5BE5BB-A290-9749-9702-89E4A4A21F8F.root
[129/653] /net/scratch/hscra/plgrid/plgakrzemin/bench/data2/Run2016H/DoubleEG/E0464771-1987-AF4F-9B88-A80064D90B18.root
[130/653] /net/scratch/hscra/plgrid/plgakrzemin/bench/data2/Run2016H/DoubleEG/FB3ADF2F-FE4D-0944-A100-FA1D03041D4F.root
[131/653] /net/scratch/hscra/plgrid/plgakrzemin/bench/data2/Run2016H/DoubleEG/03134293-A338-1B48-B693-08C3F6B6CEE8.root
[132/653] /net/scratch/hscra/plgrid/plgakrzemin/bench/data2/Run2016H/DoubleEG/091425B5-2AE7-9D43-8907-58EC395CF26E.root
[133/653] /net/scratch/hscra/plgrid/plgakrzemin/bench/data2/Run2016H/DoubleEG/0BA9ABF2-82B3-0747-8894-27BB26C52398.root
[134/653] /net/scratch/hscra/plgrid/plgakrzemin/bench/data2/Run2016H/DoubleEG/1207F9D9-B3D3-E84F-9106-AC37F6BF6136.root
[135/653] /net/scratch/hscra/plgrid/plgakrzemin/bench/data2/Run2016H/DoubleEG/1253AC11-244C-AC4B-870A-3D54638F3A24.root
[136/653] /net/scratch/hscra/plgrid/plgakrzemin/bench/data2/Run2016H/DoubleEG/197483E5-4BDC-6546-AD0D-209C10A4A425.root
[137/653] /net/scratch/hscra/plgrid/plgakrzemin/bench/data2/Run2016H/DoubleEG/1B16C3FD-2AE0-1540-BEBF-5D610C482274.root
[138/653] /net/scratch/hscra/plgrid/plgakrzemin/bench/data2/Run2016H/DoubleEG/1CA16DEC-7DD8-0A45-A814-DE3116EC004E.root
[139/653] /net/scratch/hscra/plgrid/plgakrzemin/bench/data2/Run2016H/DoubleEG/20CB5877-71E3-F24C-A53F-AF712B756738.root
[140/653] /net/scratch/hscra/plgrid/plgakrzemin/bench/data2/Run2016H/DoubleEG/274C8ACF-9CCB-B345-A005-4ECA019C5C37.root
[141/653] /net/scratch/hscra/plgrid/plgakrzemin/bench/data2/Run2016H/DoubleEG/2A8A8DFD-EB54-6645-AA37-DB6D0D58B9CE.root
[142/653] /net/scratch/hscra/plgrid/plgakrzemin/bench/data2/Run2016H/DoubleEG/2AC65A06-8B93-644C-9EA7-A8A33CA0BBD7.root
[143/653] /net/scratch/hscra/plgrid/plgakrzemin/bench/data2/Run2016H/DoubleEG/2BA31D30-041A-4B48-BA82-3491D9D19412.root
[144/653] /net/scratch/hscra/plgrid/plgakrzemin/bench/data2/Run2016H/DoubleEG/2E42C859-5584-1C44-B2A8-6ABD1613BCD3.root
[145/653] /net/scratch/hscra/plgrid/plgakrzemin/bench/data2/Run2016H/DoubleEG/34C65FBE-1620-3D4D-A5CD-32D8AA561CC6.root
[146/653] /net/scratch/hscra/plgrid/plgakrzemin/bench/data2/Run2016H/DoubleEG/3CA5D3AB-CE88-3D43-BA47-947F852FF759.root
[147/653] /net/scratch/hscra/plgrid/plgakrzemin/bench/data2/Run2016H/DoubleEG/3F4052DF-90F4-8D41-9104-01C91A380DDB.root
[148/653] /net/scratch/hscra/plgrid/plgakrzemin/bench/data2/Run2016H/DoubleEG/464377C5-C578-AB45-BD22-08DADED57D65.root
[149/653] /net/scratch/hscra/plgrid/plgakrzemin/bench/data2/Run2016H/DoubleEG/4AEA76E0-B550-AB4C-A3D7-E419FDEC3713.root
[150/653] /net/scratch/hscra/plgrid/plgakrzemin/bench/data2/Run2016H/DoubleEG/4FC6ADAD-3B25-E94F-92EB-466019F88C5C.root
[151/653] /net/scratch/hscra/plgrid/plgakrzemin/bench/data2/Run2016H/DoubleEG/524CE9AC-AA8F-6E4F-BC68-EBD64BDC213D.root
[152/653] /net/scratch/hscra/plgrid/plgakrzemin/bench/data2/Run2016H/DoubleEG/532C728D-2F25-1049-9B42-049FA2D78B85.root
[153/653] /net/scratch/hscra/plgrid/plgakrzemin/bench/data2/Run2016H/DoubleEG/5392AB43-8FA8-EF4D-B509-EA2402D55598.root
[154/653] /net/scratch/hscra/plgrid/plgakrzemin/bench/data2/Run2016H/DoubleEG/539EB6DF-A954-D44B-9F33-1A74AAA9ED11.root
[155/653] /net/scratch/hscra/plgrid/plgakrzemin/bench/data2/Run2016H/DoubleEG/556A7416-0814-964D-B29B-92F3CDA8EFBD.root
[156/653] /net/scratch/hscra/plgrid/plgakrzemin/bench/data2/Run2016H/DoubleEG/5EF232DF-7390-4B4B-A417-4F2DE5EFCB33.root
[157/653] /net/scratch/hscra/plgrid/plgakrzemin/bench/data2/Run2016H/DoubleEG/60EB4CE5-4BA9-8246-B211-54EFE4521BFA.root
[158/653] /net/scratch/hscra/plgrid/plgakrzemin/bench/data2/Run2016H/DoubleEG/69896AA3-7B9E-E246-AB20-228F36E2028C.root
[159/653] /net/scratch/hscra/plgrid/plgakrzemin/bench/data2/Run2016H/DoubleEG/6AE039C7-1BB2-024F-8B57-DEA918959576.root
[160/653] /net/scratch/hscra/plgrid/plgakrzemin/bench/data2/Run2016H/DoubleEG/6E5D09F0-2406-9144-8BAD-A6B047A5FD55.root
[161/653] /net/scratch/hscra/plgrid/plgakrzemin/bench/data2/Run2016H/DoubleEG/715655C7-F48B-E841-8424-A6F123DADF99.root
[162/653] /net/scratch/hscra/plgrid/plgakrzemin/bench/data2/Run2016H/DoubleEG/74756D89-62C1-8F4E-AD73-5BCA471F6B01.root
[163/653] /net/scratch/hscra/plgrid/plgakrzemin/bench/data2/Run2016H/DoubleEG/7565F4F2-1113-5E4C-832F-6951A974D01D.root
[164/653] /net/scratch/hscra/plgrid/plgakrzemin/bench/data2/Run2016H/DoubleEG/7B0EB031-59EA-6041-9549-24860B8E70BA.root
[165/653] /net/scratch/hscra/plgrid/plgakrzemin/bench/data2/Run2016H/DoubleEG/81CA9C9F-4404-9B41-A86B-642B51E132D8.root
[166/653] /net/scratch/hscra/plgrid/plgakrzemin/bench/data2/Run2016H/DoubleEG/825CA3B0-5F61-514C-A5CE-5F6097441178.root
[167/653] /net/scratch/hscra/plgrid/plgakrzemin/bench/data2/Run2016H/DoubleEG/861921D8-5DE9-1249-9264-3E265EBFE8E5.root
[168/653] /net/scratch/hscra/plgrid/plgakrzemin/bench/data2/Run2016H/DoubleEG/8847DDCB-0990-F544-930A-A9874B948FD7.root
[169/653] /net/scratch/hscra/plgrid/plgakrzemin/bench/data2/Run2016H/DoubleEG/8BB07849-1DFA-D546-B636-326BED34F37B.root
[170/653] /net/scratch/hscra/plgrid/plgakrzemin/bench/data2/Run2016H/DoubleEG/8CC76A5B-F0DE-C14A-8166-E1E29F9262D4.root
[171/653] /net/scratch/hscra/plgrid/plgakrzemin/bench/data2/Run2016H/DoubleEG/8EF19DBD-C5C9-CD42-90CE-1BDE377C4331.root
[172/653] /net/scratch/hscra/plgrid/plgakrzemin/bench/data2/Run2016H/DoubleEG/94F6C50F-6CE1-EA44-91AA-DF899FA310FE.root
[173/653] /net/scratch/hscra/plgrid/plgakrzemin/bench/data2/Run2016H/DoubleEG/96510D8E-B569-F948-8DF3-2E91E7B460AF.root
[174/653] /net/scratch/hscra/plgrid/plgakrzemin/bench/data2/Run2016H/DoubleEG/9EC67AA0-1117-8B44-824C-94A9908D27FA.root
[175/653] /net/scratch/hscra/plgrid/plgakrzemin/bench/data2/Run2016H/DoubleEG/A4C83FB5-2B17-5E42-99E3-A175B72A1845.root
[176/653] /net/scratch/hscra/plgrid/plgakrzemin/bench/data2/Run2016H/DoubleEG/ACC98C3C-DCA8-3A4A-8184-6B9330E62DF5.root
[177/653] /net/scratch/hscra/plgrid/plgakrzemin/bench/data2/Run2016H/DoubleEG/B0648DBF-FD35-DE46-A578-905B19D6D4F3.root
[178/653] /net/scratch/hscra/plgrid/plgakrzemin/bench/data2/Run2016H/DoubleEG/B072C293-D9B7-CD4C-BE6C-7180DB4D9DE8.root
[179/653] /net/scratch/hscra/plgrid/plgakrzemin/bench/data2/Run2016H/DoubleEG/B2A32F98-440F-124B-B879-621109750134.root
[180/653] /net/scratch/hscra/plgrid/plgakrzemin/bench/data2/Run2016H/DoubleEG/B52317A6-8B3C-A04A-AAB4-15A3B2508F33.root
[181/653] /net/scratch/hscra/plgrid/plgakrzemin/bench/data2/Run2016H/DoubleEG/B79E99BF-8A86-1C4B-B5B7-9AB650EC48CF.root
[182/653] /net/scratch/hscra/plgrid/plgakrzemin/bench/data2/Run2016H/DoubleEG/BAE97A8C-5393-5A48-812D-52B6EEE8F874.root
[183/653] /net/scratch/hscra/plgrid/plgakrzemin/bench/data2/Run2016H/DoubleEG/BE577677-C67A-B14E-AE3D-41EB1836759B.root
[184/653] /net/scratch/hscra/plgrid/plgakrzemin/bench/data2/Run2016H/DoubleEG/BEA85521-63EC-8A4D-B477-0E5971972B56.root
[185/653] /net/scratch/hscra/plgrid/plgakrzemin/bench/data2/Run2016H/DoubleEG/BF26F9D1-3851-F34D-8E41-C96B5262544D.root
[186/653] /net/scratch/hscra/plgrid/plgakrzemin/bench/data2/Run2016H/DoubleEG/C68DE75F-C740-DE42-A360-69FA58BA4E78.root
[187/653] /net/scratch/hscra/plgrid/plgakrzemin/bench/data2/Run2016H/DoubleEG/C90A133D-32C8-F54D-821E-5E765071FCD3.root
[188/653] /net/scratch/hscra/plgrid/plgakrzemin/bench/data2/Run2016H/DoubleEG/CDCAEE18-B7C2-8A46-8E0F-389F95E37136.root
[189/653] /net/scratch/hscra/plgrid/plgakrzemin/bench/data2/Run2016H/DoubleEG/D3C50125-6D18-904F-A42B-634DBB5451DC.root
[190/653] /net/scratch/hscra/plgrid/plgakrzemin/bench/data2/Run2016H/DoubleEG/D5CA8B47-FB14-8E41-A2B2-8070A798BED5.root
[191/653] /net/scratch/hscra/plgrid/plgakrzemin/bench/data2/Run2016H/DoubleEG/D6747948-E431-EB4D-BF33-B12A19AE97A5.root
[192/653] /net/scratch/hscra/plgrid/plgakrzemin/bench/data2/Run2016H/DoubleEG/DC85FE2E-6A09-6441-BA92-2AB2F3DB0F27.root
[193/653] /net/scratch/hscra/plgrid/plgakrzemin/bench/data2/Run2016H/DoubleEG/DFFBA709-ADB3-704A-B86A-49A45B9D4456.root
[194/653] /net/scratch/hscra/plgrid/plgakrzemin/bench/data2/Run2016H/DoubleEG/E37C54EB-E6EC-5F4F-8793-7DC8CC38DF1D.root
[195/653] /net/scratch/hscra/plgrid/plgakrzemin/bench/data2/Run2016H/DoubleEG/E9EA8DF4-AEB2-6B4A-A51C-FBA39D3D26E0.root
[196/653] /net/scratch/hscra/plgrid/plgakrzemin/bench/data2/Run2016H/DoubleEG/EBC144E3-CF70-D741-9277-2E17CC627B2B.root
[197/653] /net/scratch/hscra/plgrid/plgakrzemin/bench/data2/Run2016H/DoubleEG/EC2419A5-E1CA-2742-855E-7B96BB439B84.root
[198/653] /net/scratch/hscra/plgrid/plgakrzemin/bench/data2/Run2016H/DoubleEG/EFEB5061-0A14-3C44-AD87-06650911AC61.root
[199/653] /net/scratch/hscra/plgrid/plgakrzemin/bench/data2/Run2016H/DoubleEG/F2698981-F4DD-0E41-AD47-972C0F572994.root
[200/653] /net/scratch/hscra/plgrid/plgakrzemin/bench/data2/Run2016H/DoubleEG/F2CFB1BB-7485-D245-8F55-1DEB102734FD.root
[201/653] /net/scratch/hscra/plgrid/plgakrzemin/bench/data2/Run2016H/DoubleEG/F2D58D98-B87F-9F4D-AB81-B33356606487.root
[202/653] /net/scratch/hscra/plgrid/plgakrzemin/bench/data2/Run2016H/DoubleEG/F55DF94A-6134-6245-A9C4-89056D871E61.root
[203/653] /net/scratch/hscra/plgrid/plgakrzemin/bench/data2/Run2016H/DoubleEG/F6B9F374-69AB-EE4F-8C61-D4E474F511A8.root
[204/653] /net/scratch/hscra/plgrid/plgakrzemin/bench/data2/Run2016H/DoubleEG/FC154FFB-F26D-5F4A-AAF5-045CF105D974.root
[205/653] /net/scratch/hscra/plgrid/plgakrzemin/bench/data2/Run2016H/DoubleEG/FC1ECF3C-83C1-394B-A69B-9BFB47A1BA61.root
[206/653] /net/scratch/hscra/plgrid/plgakrzemin/bench/data2/Run2016H/DoubleMuon/127C2975-1B1C-A046-AABF-62B77E757A86.root
[207/653] /net/scratch/hscra/plgrid/plgakrzemin/bench/data2/Run2016H/DoubleMuon/183BFB78-7B5E-734F-BBF5-174A73020F89.root
[208/653] /net/scratch/hscra/plgrid/plgakrzemin/bench/data2/Run2016H/DoubleMuon/1BE226A3-7A8D-1B43-AADC-201B563F3319.root
[209/653] /net/scratch/hscra/plgrid/plgakrzemin/bench/data2/Run2016H/DoubleMuon/1DE780E2-BCC2-DC48-815D-9A97B2A4A2CD.root
[210/653] /net/scratch/hscra/plgrid/plgakrzemin/bench/data2/Run2016H/DoubleMuon/21DA4CE5-4E50-024F-9CE1-50C77254DD4E.root
[211/653] /net/scratch/hscra/plgrid/plgakrzemin/bench/data2/Run2016H/DoubleMuon/2C6A0345-8E2E-9B41-BB51-DB56DFDFB89A.root
[212/653] /net/scratch/hscra/plgrid/plgakrzemin/bench/data2/Run2016H/DoubleMuon/3676E287-A650-8F44-BBCB-3B8556966406.root
[213/653] /net/scratch/hscra/plgrid/plgakrzemin/bench/data2/Run2016H/DoubleMuon/411A019C-7058-FD42-AD50-DE74433E6859.root
[214/653] /net/scratch/hscra/plgrid/plgakrzemin/bench/data2/Run2016H/DoubleMuon/46A8960A-E58F-4648-9C12-2708FE7C12FB.root
[215/653] /net/scratch/hscra/plgrid/plgakrzemin/bench/data2/Run2016H/DoubleMuon/4F0B53A7-6440-924B-AF48-B5B61D3CE23F.root
[216/653] /net/scratch/hscra/plgrid/plgakrzemin/bench/data2/Run2016H/DoubleMuon/790F8A75-8256-3B46-8209-850DE0BE3C77.root
[217/653] /net/scratch/hscra/plgrid/plgakrzemin/bench/data2/Run2016H/DoubleMuon/7F53D1DE-439E-AD48-871E-D3458DABA798.root
[218/653] /net/scratch/hscra/plgrid/plgakrzemin/bench/data2/Run2016H/DoubleMuon/8A696857-C147-B04A-905A-F85FB76EDA23.root
[219/653] /net/scratch/hscra/plgrid/plgakrzemin/bench/data2/Run2016H/DoubleMuon/8B253755-51F2-CB49-A4B6-C79637CAE23F.root
[220/653] /net/scratch/hscra/plgrid/plgakrzemin/bench/data2/Run2016H/DoubleMuon/9528EA75-1C0B-9047-A9A3-6A47564F7A98.root
[221/653] /net/scratch/hscra/plgrid/plgakrzemin/bench/data2/Run2016H/DoubleMuon/A6605227-0B58-864E-8422-B8990D18F622.root
[222/653] /net/scratch/hscra/plgrid/plgakrzemin/bench/data2/Run2016H/DoubleMuon/B2DC29E0-8679-1D4F-A5AE-E7D0284A20D4.root
[223/653] /net/scratch/hscra/plgrid/plgakrzemin/bench/data2/Run2016H/DoubleMuon/B450B2B3-BEF8-8C43-82BF-7AD0EF2EA7EA.root
[224/653] /net/scratch/hscra/plgrid/plgakrzemin/bench/data2/Run2016H/DoubleMuon/B7AA7F04-5D5F-514A-83A6-9A275198852C.root
[225/653] /net/scratch/hscra/plgrid/plgakrzemin/bench/data2/Run2016H/DoubleMuon/B93B57BF-4239-A049-9531-4C542C370185.root
[226/653] /net/scratch/hscra/plgrid/plgakrzemin/bench/data2/Run2016H/DoubleMuon/C4558F81-9F2C-1349-B528-6B9DD6838D6D.root
[227/653] /net/scratch/hscra/plgrid/plgakrzemin/bench/data2/Run2016H/DoubleMuon/C8CFC890-D4B8-8A4F-8699-C6ACCDF1620A.root
[228/653] /net/scratch/hscra/plgrid/plgakrzemin/bench/data2/Run2016H/DoubleMuon/CAA285FF-7A12-F945-9183-DC7042178535.root
[229/653] /net/scratch/hscra/plgrid/plgakrzemin/bench/data2/Run2016H/DoubleMuon/CD267D88-E57D-3B44-AC45-0712E2E12B87.root
[230/653] /net/scratch/hscra/plgrid/plgakrzemin/bench/data2/Run2016H/DoubleMuon/E7C51551-7A75-5C41-B468-46FB922F36A9.root
[231/653] /net/scratch/hscra/plgrid/plgakrzemin/bench/data2/Run2016H/DoubleMuon/EBC200F4-C06F-CE45-BAAA-7CAECDD3076F.root
[232/653] /net/scratch/hscra/plgrid/plgakrzemin/bench/data2/Run2016H/DoubleMuon/F5E234F9-1E9C-0042-B395-AB6407E4A336.root
[233/653] /net/scratch/hscra/plgrid/plgakrzemin/bench/data2/Run2016H/DoubleMuonLowMass/099CA462-4872-6C47-BB35-49CC7B88CBCD.root
[234/653] /net/scratch/hscra/plgrid/plgakrzemin/bench/data2/Run2016H/DoubleMuonLowMass/0AC106AD-C244-AC42-81F5-A2CB38F35FA4.root
[235/653] /net/scratch/hscra/plgrid/plgakrzemin/bench/data2/Run2016H/DoubleMuonLowMass/1F94F28D-6F11-1049-8A36-A8B4A5CF753C.root
[236/653] /net/scratch/hscra/plgrid/plgakrzemin/bench/data2/Run2016H/DoubleMuonLowMass/3148230F-FC33-5240-8EFC-89FF45563A47.root
[237/653] /net/scratch/hscra/plgrid/plgakrzemin/bench/data2/Run2016H/DoubleMuonLowMass/382E837D-A553-2240-896A-BC1AF3A6CE32.root
[238/653] /net/scratch/hscra/plgrid/plgakrzemin/bench/data2/Run2016H/DoubleMuonLowMass/40CA8783-0362-9842-8EE0-4C9B6FFEBBFF.root
[239/653] /net/scratch/hscra/plgrid/plgakrzemin/bench/data2/Run2016H/DoubleMuonLowMass/42C4C0D6-810E-2844-82EE-3B7184B5C9AA.root
[240/653] /net/scratch/hscra/plgrid/plgakrzemin/bench/data2/Run2016H/DoubleMuonLowMass/6405B4EA-8AA4-3844-8BFB-307839D34393.root
[241/653] /net/scratch/hscra/plgrid/plgakrzemin/bench/data2/Run2016H/DoubleMuonLowMass/67CEAECA-C806-6041-BC3F-A26ED57EDC81.root
[242/653] /net/scratch/hscra/plgrid/plgakrzemin/bench/data2/Run2016H/DoubleMuonLowMass/833CCD40-6167-2448-9878-744D9C420320.root
[243/653] /net/scratch/hscra/plgrid/plgakrzemin/bench/data2/Run2016H/DoubleMuonLowMass/BEC43C81-3648-0840-801E-6E25943CDC48.root
[244/653] /net/scratch/hscra/plgrid/plgakrzemin/bench/data2/Run2016H/DoubleMuonLowMass/BF76139D-64A2-8C4A-9F3A-8F52BD8220F6.root
[245/653] /net/scratch/hscra/plgrid/plgakrzemin/bench/data2/Run2016H/DoubleMuonLowMass/C218094A-6A36-AA48-BE68-E3752B6AB518.root
[246/653] /net/scratch/hscra/plgrid/plgakrzemin/bench/data2/Run2016H/DoubleMuonLowMass/C4E1587C-FDFC-0545-850C-23C69925EA92.root
[247/653] /net/scratch/hscra/plgrid/plgakrzemin/bench/data2/Run2016H/DoubleMuonLowMass/C55203A9-B51B-1845-9718-B6FF4446C704.root
[248/653] /net/scratch/hscra/plgrid/plgakrzemin/bench/data2/Run2016H/DoubleMuonLowMass/D69AA568-AAD7-A345-AE08-7E0EA21B7A55.root
[249/653] /net/scratch/hscra/plgrid/plgakrzemin/bench/data2/Run2016H/DoubleMuonLowMass/D82CEC15-707F-404D-A9F0-C3716BD3FB8C.root
[250/653] /net/scratch/hscra/plgrid/plgakrzemin/bench/data2/Run2016H/DoubleMuonLowMass/EB3431D0-7DD5-3440-BE06-C9E835AEF969.root
[251/653] /net/scratch/hscra/plgrid/plgakrzemin/bench/data2/Run2016H/DoubleMuonLowMass/EDD09C3E-9844-6043-A733-EF930A91039A.root
[252/653] /net/scratch/hscra/plgrid/plgakrzemin/bench/data2/Run2016H/DoubleMuonLowMass/F60078E2-8642-FC4F-845E-732077671619.root
[253/653] /net/scratch/hscra/plgrid/plgakrzemin/bench/data2/Run2016H/DoubleMuonLowMass/F861BB52-E0CB-AC48-A2A8-C47C9A04D1C8.root
[254/653] /net/scratch/hscra/plgrid/plgakrzemin/bench/data2/Run2016H/DoubleMuonLowMass/FAB89A45-6166-8840-98DD-E6E740E35D28.root
[255/653] /net/scratch/hscra/plgrid/plgakrzemin/bench/data2/Run2016H/HTMHT/1CE8009B-34E4-C64B-91F5-DB6A107CCE17.root
[256/653] /net/scratch/hscra/plgrid/plgakrzemin/bench/data2/Run2016H/HTMHT/26A8D152-9CA1-EF4D-BA5A-129539504F07.root
[257/653] /net/scratch/hscra/plgrid/plgakrzemin/bench/data2/Run2016H/HTMHT/26E544CA-3A74-2246-841E-5176173715FC.root
[258/653] /net/scratch/hscra/plgrid/plgakrzemin/bench/data2/Run2016H/HTMHT/43BFE69A-6E5B-6D47-A1DB-410832EE4491.root
[259/653] /net/scratch/hscra/plgrid/plgakrzemin/bench/data2/Run2016H/HTMHT/4614A7D5-4FD7-C94E-93EF-B715892D8C8A.root
[260/653] /net/scratch/hscra/plgrid/plgakrzemin/bench/data2/Run2016H/HTMHT/475A29B3-FC16-B649-AFDD-CF889337954A.root
[261/653] /net/scratch/hscra/plgrid/plgakrzemin/bench/data2/Run2016H/HTMHT/5BDF3E9F-DBB6-E042-BE42-64F33CFF66E3.root
[262/653] /net/scratch/hscra/plgrid/plgakrzemin/bench/data2/Run2016H/HTMHT/8E0BAAFC-D279-CB45-8942-B19281589C1D.root
[263/653] /net/scratch/hscra/plgrid/plgakrzemin/bench/data2/Run2016H/HTMHT/A9AAFC04-D6B2-284A-90D7-02499149FB77.root
[264/653] /net/scratch/hscra/plgrid/plgakrzemin/bench/data2/Run2016H/HTMHT/B1EFD193-A76E-5046-899E-2863EA05B3C9.root
[265/653] /net/scratch/hscra/plgrid/plgakrzemin/bench/data2/Run2016H/HTMHT/B8A08191-A3CE-004A-9193-FE0407437A7D.root
[266/653] /net/scratch/hscra/plgrid/plgakrzemin/bench/data2/Run2016H/HTMHT/BAC4D4A0-DA37-BF41-8256-171A49A21679.root
[267/653] /net/scratch/hscra/plgrid/plgakrzemin/bench/data2/Run2016H/HTMHT/C1D25093-DEE6-7640-B19B-23448C69FA46.root
[268/653] /net/scratch/hscra/plgrid/plgakrzemin/bench/data2/Run2016H/HTMHT/CD04BA40-1288-514B-A3C2-BBFCA3E70776.root
[269/653] /net/scratch/hscra/plgrid/plgakrzemin/bench/data2/Run2016H/HTMHT/D0320D08-0DBB-2443-A2DD-151FCD783B6D.root
[270/653] /net/scratch/hscra/plgrid/plgakrzemin/bench/data2/Run2016H/HTMHT/D88D0785-674C-2D41-9D49-EFD2DDA435EF.root
[271/653] /net/scratch/hscra/plgrid/plgakrzemin/bench/data2/Run2016H/HTMHT/E3C51F8C-2E8F-E043-A43D-2070B41EF21E.root
[272/653] /net/scratch/hscra/plgrid/plgakrzemin/bench/data2/Run2016H/HTMHT/E5E9AFFC-3EC1-764A-A5AA-17136D16B9B1.root
[273/653] /net/scratch/hscra/plgrid/plgakrzemin/bench/data2/Run2016H/HTMHT/FD6EBC44-C7F0-D247-8440-7081027AE78C.root
[274/653] /net/scratch/hscra/plgrid/plgakrzemin/bench/data2/Run2016H/JetHT/0290F73B-A51C-A441-AEC1-8429F9CC8AA8.root
[275/653] /net/scratch/hscra/plgrid/plgakrzemin/bench/data2/Run2016H/JetHT/06A09125-0C33-E443-999A-B7F34EE9F3EA.root
[276/653] /net/scratch/hscra/plgrid/plgakrzemin/bench/data2/Run2016H/JetHT/06E32D6A-F2FF-3E4A-A835-A09519142697.root
[277/653] /net/scratch/hscra/plgrid/plgakrzemin/bench/data2/Run2016H/JetHT/0DF8EC02-D1DD-3046-9E84-D12D40E8525A.root
[278/653] /net/scratch/hscra/plgrid/plgakrzemin/bench/data2/Run2016H/JetHT/1854E8D3-B29F-064D-BEF5-F69E755E17CE.root
[279/653] /net/scratch/hscra/plgrid/plgakrzemin/bench/data2/Run2016H/JetHT/1C9E31AA-BECF-DE4C-915B-E298D0DBC425.root
[280/653] /net/scratch/hscra/plgrid/plgakrzemin/bench/data2/Run2016H/JetHT/29BA5326-3C7D-F543-AB1C-C1D200696ACF.root
[281/653] /net/scratch/hscra/plgrid/plgakrzemin/bench/data2/Run2016H/JetHT/2CC82454-01CF-494B-825E-C0C5D5E452CD.root
[282/653] /net/scratch/hscra/plgrid/plgakrzemin/bench/data2/Run2016H/JetHT/30396847-AEAC-8148-A761-79BC0AD2F1F8.root
[283/653] /net/scratch/hscra/plgrid/plgakrzemin/bench/data2/Run2016H/JetHT/309C3921-6FC0-514D-A107-C068D2AA05B0.root
[284/653] /net/scratch/hscra/plgrid/plgakrzemin/bench/data2/Run2016H/JetHT/35725A1A-1FB0-0D40-AF8F-0D35A465962B.root
[285/653] /net/scratch/hscra/plgrid/plgakrzemin/bench/data2/Run2016H/JetHT/3ED6921A-6AAE-AB48-B979-D3B12FBE032A.root
[286/653] /net/scratch/hscra/plgrid/plgakrzemin/bench/data2/Run2016H/JetHT/42FD9F80-A8FC-9340-A37B-2625360B08DD.root
[287/653] /net/scratch/hscra/plgrid/plgakrzemin/bench/data2/Run2016H/JetHT/450865C3-AB91-5844-8B0C-F21699C3B27B.root
[288/653] /net/scratch/hscra/plgrid/plgakrzemin/bench/data2/Run2016H/JetHT/4570040E-9903-D44C-820D-B49A02D8303C.root
[289/653] /net/scratch/hscra/plgrid/plgakrzemin/bench/data2/Run2016H/JetHT/4B42C893-C9F8-CC4A-8185-683163215D2E.root
[290/653] /net/scratch/hscra/plgrid/plgakrzemin/bench/data2/Run2016H/JetHT/4DD82504-699B-AC4D-8D6B-CD59DA61EE02.root
[291/653] /net/scratch/hscra/plgrid/plgakrzemin/bench/data2/Run2016H/JetHT/5515EE7C-9438-6647-BEA6-90ACC7BEF59D.root
[292/653] /net/scratch/hscra/plgrid/plgakrzemin/bench/data2/Run2016H/JetHT/591CA3D1-02A6-9143-BC1C-A90E9DC57E7A.root
[293/653] /net/scratch/hscra/plgrid/plgakrzemin/bench/data2/Run2016H/JetHT/61D13DC9-20AB-7B4E-9517-AADF66C61900.root
[294/653] /net/scratch/hscra/plgrid/plgakrzemin/bench/data2/Run2016H/JetHT/62BC24B2-D530-E245-AE20-3F33495CF6DB.root
[295/653] /net/scratch/hscra/plgrid/plgakrzemin/bench/data2/Run2016H/JetHT/63C8BEB2-29AE-B64D-82DC-553A4E444547.root
[296/653] /net/scratch/hscra/plgrid/plgakrzemin/bench/data2/Run2016H/JetHT/72A17A39-18AC-5645-B715-DE98C0AA3D69.root
[297/653] /net/scratch/hscra/plgrid/plgakrzemin/bench/data2/Run2016H/JetHT/7949D755-61F6-BC4B-92DA-BA0BAE362E42.root
[298/653] /net/scratch/hscra/plgrid/plgakrzemin/bench/data2/Run2016H/JetHT/824566DD-78AB-244D-82E4-E2942B439D77.root
[299/653] /net/scratch/hscra/plgrid/plgakrzemin/bench/data2/Run2016H/JetHT/877B9D74-92FD-4E46-8024-F315CF37C8E2.root
[300/653] /net/scratch/hscra/plgrid/plgakrzemin/bench/data2/Run2016H/JetHT/9159ED4D-36A3-1844-80E6-BCBF93B0EB76.root
[301/653] /net/scratch/hscra/plgrid/plgakrzemin/bench/data2/Run2016H/JetHT/933DD99E-EE39-974E-89B7-C4549F23FB8B.root
[302/653] /net/scratch/hscra/plgrid/plgakrzemin/bench/data2/Run2016H/JetHT/A20065E0-1184-8A4A-BC82-573B42BD67CA.root
[303/653] /net/scratch/hscra/plgrid/plgakrzemin/bench/data2/Run2016H/JetHT/A4996F82-171D-2B4F-8301-2AA6B2140234.root
[304/653] /net/scratch/hscra/plgrid/plgakrzemin/bench/data2/Run2016H/JetHT/ACAA748A-B023-D941-BBA4-4F3A1F01B27A.root
[305/653] /net/scratch/hscra/plgrid/plgakrzemin/bench/data2/Run2016H/JetHT/AF3B0AEF-0898-3A45-A64D-B8F83323BDD8.root
[306/653] /net/scratch/hscra/plgrid/plgakrzemin/bench/data2/Run2016H/JetHT/B4DDBA3F-9D98-494D-87D9-0FCCA43801CD.root
[307/653] /net/scratch/hscra/plgrid/plgakrzemin/bench/data2/Run2016H/JetHT/B59FE5FA-AC78-4F4F-8BC9-78DC627EC9F8.root
[308/653] /net/scratch/hscra/plgrid/plgakrzemin/bench/data2/Run2016H/JetHT/B667E7A7-3411-A944-BD4E-DAE6D0A2ECEF.root
[309/653] /net/scratch/hscra/plgrid/plgakrzemin/bench/data2/Run2016H/JetHT/B83AD743-BE8F-5C47-8428-F9DD1754696C.root
[310/653] /net/scratch/hscra/plgrid/plgakrzemin/bench/data2/Run2016H/JetHT/B88AC6C4-2AC4-2442-8A0A-D0E986D00C55.root
[311/653] /net/scratch/hscra/plgrid/plgakrzemin/bench/data2/Run2016H/JetHT/C33BC7EA-249C-8A4B-8E0A-C0727113AAC0.root
[312/653] /net/scratch/hscra/plgrid/plgakrzemin/bench/data2/Run2016H/JetHT/C3C35D40-5D97-4E45-B9A1-4D77F0F0C367.root
[313/653] /net/scratch/hscra/plgrid/plgakrzemin/bench/data2/Run2016H/JetHT/C83D9857-9399-3648-B26A-B79CEC10B1BC.root
[314/653] /net/scratch/hscra/plgrid/plgakrzemin/bench/data2/Run2016H/JetHT/D3D1FCF1-1983-FA46-9A1B-53AED2B8B8DD.root
[315/653] /net/scratch/hscra/plgrid/plgakrzemin/bench/data2/Run2016H/JetHT/D8DB7DF1-EF40-BA40-AF21-1E01A783B4AA.root
[316/653] /net/scratch/hscra/plgrid/plgakrzemin/bench/data2/Run2016H/JetHT/E3AF9790-AC13-3643-8CFC-0ECCF73F3905.root
[317/653] /net/scratch/hscra/plgrid/plgakrzemin/bench/data2/Run2016H/JetHT/E51E59C7-1C12-7144-8B0C-0CB499E2C7B9.root
[318/653] /net/scratch/hscra/plgrid/plgakrzemin/bench/data2/Run2016H/JetHT/E66CBBD0-7DD3-A143-9D45-DFB2445FAD42.root
[319/653] /net/scratch/hscra/plgrid/plgakrzemin/bench/data2/Run2016H/JetHT/EF6B1D8A-697C-094A-8F67-3F87FAA01237.root
[320/653] /net/scratch/hscra/plgrid/plgakrzemin/bench/data2/Run2016H/JetHT/F8B39E45-4223-0E43-97AD-2A17B747049D.root
[321/653] /net/scratch/hscra/plgrid/plgakrzemin/bench/data2/Run2016H/JetHT/FA85F214-979F-ED44-A8F8-B363C31E63A9.root
[322/653] /net/scratch/hscra/plgrid/plgakrzemin/bench/data2/Run2016H/JetHT/FC0D8E5B-8D34-5E46-96A9-A468133A1C1E.root
[323/653] /net/scratch/hscra/plgrid/plgakrzemin/bench/data2/Run2016H/JetHT/04C42801-398B-2746-8D3E-2EDCEE1DB523.root
[324/653] /net/scratch/hscra/plgrid/plgakrzemin/bench/data2/Run2016H/JetHT/1CD54B78-99CC-7C4F-A89C-7A9103D28135.root
[325/653] /net/scratch/hscra/plgrid/plgakrzemin/bench/data2/Run2016H/JetHT/20E71A33-C846-AA47-B5C2-7AAC5574AD7E.root
[326/653] /net/scratch/hscra/plgrid/plgakrzemin/bench/data2/Run2016H/JetHT/2D96AD66-F631-BE45-9791-BBABF8A640B7.root
[327/653] /net/scratch/hscra/plgrid/plgakrzemin/bench/data2/Run2016H/JetHT/38261343-42EC-9048-BCBE-CCB2F3495432.root
[328/653] /net/scratch/hscra/plgrid/plgakrzemin/bench/data2/Run2016H/JetHT/3A5C6033-D330-1A47-9A40-103C6BD2A0DA.root
[329/653] /net/scratch/hscra/plgrid/plgakrzemin/bench/data2/Run2016H/JetHT/3FB02BB9-DE74-AC48-B90A-44F69624BBD1.root
[330/653] /net/scratch/hscra/plgrid/plgakrzemin/bench/data2/Run2016H/JetHT/565DA615-3534-EA4C-90CD-D5162BE94D82.root
[331/653] /net/scratch/hscra/plgrid/plgakrzemin/bench/data2/Run2016H/JetHT/750A62EC-5B17-CE41-8E62-AE16744AF92F.root
[332/653] /net/scratch/hscra/plgrid/plgakrzemin/bench/data2/Run2016H/JetHT/7B8F1E06-17C4-714F-BDF1-0C1E6ED14B9D.root
[333/653] /net/scratch/hscra/plgrid/plgakrzemin/bench/data2/Run2016H/JetHT/8F8B8BE3-373A-FC4C-AB8F-3B30A3648FE1.root
[334/653] /net/scratch/hscra/plgrid/plgakrzemin/bench/data2/Run2016H/JetHT/ACB64189-FF5A-2842-BC31-AA2EAF9E83D7.root
[335/653] /net/scratch/hscra/plgrid/plgakrzemin/bench/data2/Run2016H/JetHT/C05051D5-9CEC-544E-B851-058CB40F5392.root
[336/653] /net/scratch/hscra/plgrid/plgakrzemin/bench/data2/Run2016H/JetHT/D0729E7E-015F-3F43-AF6B-88952ADCE58A.root
[337/653] /net/scratch/hscra/plgrid/plgakrzemin/bench/data2/Run2016H/JetHT/D5A8A2E5-27F3-5A49-9BEF-8F032DD8A5EE.root
[338/653] /net/scratch/hscra/plgrid/plgakrzemin/bench/data2/Run2016H/JetHT/E545F167-3D22-7B4D-ABE5-01F5AA64854F.root
[339/653] /net/scratch/hscra/plgrid/plgakrzemin/bench/data2/Run2016H/JetHT/E653A3D9-5C7B-F840-9C3F-EB4BF449CE17.root
[340/653] /net/scratch/hscra/plgrid/plgakrzemin/bench/data2/Run2016H/JetHT/ED6CE877-3464-5D4E-8FBB-897789FF6600.root
[341/653] /net/scratch/hscra/plgrid/plgakrzemin/bench/data2/Run2016H/JetHT/EFD7B1BD-64D0-EB43-BCBA-5415DE0FB5CB.root
[342/653] /net/scratch/hscra/plgrid/plgakrzemin/bench/data2/Run2016H/MET/16D21B45-0388-FF40-8872-B398D762F652.root
[343/653] /net/scratch/hscra/plgrid/plgakrzemin/bench/data2/Run2016H/MET/2F8F8158-EA07-8941-A37E-667E096ADD52.root
[344/653] /net/scratch/hscra/plgrid/plgakrzemin/bench/data2/Run2016H/MET/50BD6B95-B1F7-2B47-832F-4DE7F49D0D5C.root
[345/653] /net/scratch/hscra/plgrid/plgakrzemin/bench/data2/Run2016H/MET/5F1C5DD5-A4DD-4D46-A97D-6A5B987FA8A9.root
[346/653] /net/scratch/hscra/plgrid/plgakrzemin/bench/data2/Run2016H/MET/D30D02C2-C90F-2C4F-9541-D07EC52F79C9.root
[347/653] /net/scratch/hscra/plgrid/plgakrzemin/bench/data2/Run2016H/MET/DFE14C99-E541-7845-8492-714D4F657B15.root
[348/653] /net/scratch/hscra/plgrid/plgakrzemin/bench/data2/Run2016H/MET/E9959B82-5EBA-9E40-87F1-59632DBDF570.root
[349/653] /net/scratch/hscra/plgrid/plgakrzemin/bench/data2/Run2016H/MET/1C037D8D-2092-2448-81A4-BE32B05BFB45.root
[350/653] /net/scratch/hscra/plgrid/plgakrzemin/bench/data2/Run2016H/MET/3CAC8B62-13F2-184C-B88E-01BD3BBE812C.root
[351/653] /net/scratch/hscra/plgrid/plgakrzemin/bench/data2/Run2016H/MET/C6108E30-026E-EB4D-8326-88A49C5E277B.root
[352/653] /net/scratch/hscra/plgrid/plgakrzemin/bench/data2/Run2016H/MET/DEFF16E2-EA65-674C-AD6D-146DCD2FE776.root
[353/653] /net/scratch/hscra/plgrid/plgakrzemin/bench/data2/Run2016H/MET/067468CF-34A9-074B-9DFD-FC2169DCD92D.root
[354/653] /net/scratch/hscra/plgrid/plgakrzemin/bench/data2/Run2016H/MET/0FA6923F-953C-994F-A582-3E802C8E8684.root
[355/653] /net/scratch/hscra/plgrid/plgakrzemin/bench/data2/Run2016H/MET/12EDD013-E22A-F94B-B133-5102325114B5.root
[356/653] /net/scratch/hscra/plgrid/plgakrzemin/bench/data2/Run2016H/MET/1A4206E9-6196-7D4A-AE73-259F1A2626F2.root
[357/653] /net/scratch/hscra/plgrid/plgakrzemin/bench/data2/Run2016H/MET/2C234794-1878-C346-816F-4784E317F724.root
[358/653] /net/scratch/hscra/plgrid/plgakrzemin/bench/data2/Run2016H/MET/31CDC5DA-7D54-9E47-A9DF-BFCC9E234DE6.root
[359/653] /net/scratch/hscra/plgrid/plgakrzemin/bench/data2/Run2016H/MET/38CF021F-30E8-944C-83E8-340150ABED49.root
[360/653] /net/scratch/hscra/plgrid/plgakrzemin/bench/data2/Run2016H/MET/3F5352D0-5ADC-874E-B374-35F8511A6EC0.root
[361/653] /net/scratch/hscra/plgrid/plgakrzemin/bench/data2/Run2016H/MET/4E629771-D94F-5A4C-B823-638CE23ECE2B.root
[362/653] /net/scratch/hscra/plgrid/plgakrzemin/bench/data2/Run2016H/MET/52F8A7F3-6F0A-6C40-AAAB-399D4220213F.root
[363/653] /net/scratch/hscra/plgrid/plgakrzemin/bench/data2/Run2016H/MET/7A2376C1-845E-8244-89F1-87879BCE9E8F.root
[364/653] /net/scratch/hscra/plgrid/plgakrzemin/bench/data2/Run2016H/MET/7AF17841-CB77-6E4D-A6E7-42529320DFFF.root
[365/653] /net/scratch/hscra/plgrid/plgakrzemin/bench/data2/Run2016H/MET/933D24FE-4BCD-3045-AD15-1977310BC953.root
[366/653] /net/scratch/hscra/plgrid/plgakrzemin/bench/data2/Run2016H/MET/9E17CDB0-59D0-CD48-8D05-81CD9F59F457.root
[367/653] /net/scratch/hscra/plgrid/plgakrzemin/bench/data2/Run2016H/MET/A313CD9B-864E-334C-B6DE-192DBE6F889C.root
[368/653] /net/scratch/hscra/plgrid/plgakrzemin/bench/data2/Run2016H/MET/C236EE57-C505-4749-A781-996F90FB4C98.root
[369/653] /net/scratch/hscra/plgrid/plgakrzemin/bench/data2/Run2016H/MET/C42412D7-7FA8-FA44-B636-9DDB703D1559.root
[370/653] /net/scratch/hscra/plgrid/plgakrzemin/bench/data2/Run2016H/MET/D00D290E-BAF2-F540-8891-6C1E35AFE6ED.root
[371/653] /net/scratch/hscra/plgrid/plgakrzemin/bench/data2/Run2016H/MET/D53F3A82-32F2-2C46-B4C3-FD95042ED7DB.root
[372/653] /net/scratch/hscra/plgrid/plgakrzemin/bench/data2/Run2016H/MET/DDC71FF5-7777-6848-B8BB-AFFA9E049F26.root
[373/653] /net/scratch/hscra/plgrid/plgakrzemin/bench/data2/Run2016H/MET/EEFFDC8A-F1A3-3A4D-BF9B-43406F3C81ED.root
[374/653] /net/scratch/hscra/plgrid/plgakrzemin/bench/data2/Run2016H/MuOnia/0AB09F5D-121F-9443-87C8-3B69FAF1D99E.root
[375/653] /net/scratch/hscra/plgrid/plgakrzemin/bench/data2/Run2016H/MuOnia/0B1BDDF5-0534-C246-939A-4280339E94AE.root
[376/653] /net/scratch/hscra/plgrid/plgakrzemin/bench/data2/Run2016H/MuOnia/0F91B276-2A16-6046-9726-672E14D0B5C4.root
[377/653] /net/scratch/hscra/plgrid/plgakrzemin/bench/data2/Run2016H/MuOnia/122E8C64-F8B9-7043-B260-1F3EF8988F9D.root
[378/653] /net/scratch/hscra/plgrid/plgakrzemin/bench/data2/Run2016H/MuOnia/18530C3E-A0A2-6641-B816-434F02E2D628.root
[379/653] /net/scratch/hscra/plgrid/plgakrzemin/bench/data2/Run2016H/MuOnia/2B5569CA-A5AB-2A45-AB12-454977459D5A.root
[380/653] /net/scratch/hscra/plgrid/plgakrzemin/bench/data2/Run2016H/MuOnia/3109DC18-F114-AF4D-93D2-40638EC21D03.root
[381/653] /net/scratch/hscra/plgrid/plgakrzemin/bench/data2/Run2016H/MuOnia/36B7E36E-0A69-3849-B993-4EA89F356AD8.root
[382/653] /net/scratch/hscra/plgrid/plgakrzemin/bench/data2/Run2016H/MuOnia/590AA1C0-D11F-E54E-8751-9D18F5FA1D13.root
[383/653] /net/scratch/hscra/plgrid/plgakrzemin/bench/data2/Run2016H/MuOnia/6C0FB6F9-5A58-9246-A1B3-96B31D2BD855.root
[384/653] /net/scratch/hscra/plgrid/plgakrzemin/bench/data2/Run2016H/MuOnia/6F3D6DBE-E88D-6741-B829-F6270C79707F.root
[385/653] /net/scratch/hscra/plgrid/plgakrzemin/bench/data2/Run2016H/MuOnia/8950C9EC-6DB4-D444-91CC-3FB924C87D21.root
[386/653] /net/scratch/hscra/plgrid/plgakrzemin/bench/data2/Run2016H/MuOnia/97C8B9CE-6266-D549-889F-17DD158B5089.root
[387/653] /net/scratch/hscra/plgrid/plgakrzemin/bench/data2/Run2016H/MuOnia/A65D7B11-0F1B-3041-947C-E65758D302B4.root
[388/653] /net/scratch/hscra/plgrid/plgakrzemin/bench/data2/Run2016H/MuOnia/A7A0208B-C192-9748-AB21-66ED7782A460.root
[389/653] /net/scratch/hscra/plgrid/plgakrzemin/bench/data2/Run2016H/MuOnia/C1B3822C-67D1-4340-B245-C043159403AF.root
[390/653] /net/scratch/hscra/plgrid/plgakrzemin/bench/data2/Run2016H/MuOnia/C7B108F9-F3DE-3C41-A838-3978BD375BC7.root
[391/653] /net/scratch/hscra/plgrid/plgakrzemin/bench/data2/Run2016H/MuOnia/D4A9AE3E-8543-B747-905F-88F502E06B2F.root
[392/653] /net/scratch/hscra/plgrid/plgakrzemin/bench/data2/Run2016H/MuOnia/D4F1C68E-8DEB-414A-B3D0-B35E59C2CB4F.root
[393/653] /net/scratch/hscra/plgrid/plgakrzemin/bench/data2/Run2016H/MuOnia/ECAAE97D-FED4-E54D-9F4E-C6514968D634.root
[394/653] /net/scratch/hscra/plgrid/plgakrzemin/bench/data2/Run2016H/MuOnia/F12CDEB1-541A-494C-9A6A-4CFFC05EE879.root
[395/653] /net/scratch/hscra/plgrid/plgakrzemin/bench/data2/Run2016H/MuOnia/FB9CFD5C-DF60-964F-9E65-3D2987DF0F2A.root
[396/653] /net/scratch/hscra/plgrid/plgakrzemin/bench/data2/Run2016H/MuonEG/0E3D51CB-3B75-974F-B868-0E2ABA272073.root
[397/653] /net/scratch/hscra/plgrid/plgakrzemin/bench/data2/Run2016H/MuonEG/376E1443-7057-8343-8D26-19B7A4738DBF.root
[398/653] /net/scratch/hscra/plgrid/plgakrzemin/bench/data2/Run2016H/MuonEG/44ACDBDB-29A1-994F-B821-D6693C71ABB2.root
[399/653] /net/scratch/hscra/plgrid/plgakrzemin/bench/data2/Run2016H/MuonEG/68511BF8-FFFC-514B-99C5-1CB3412BD2A0.root
[400/653] /net/scratch/hscra/plgrid/plgakrzemin/bench/data2/Run2016H/MuonEG/EA4D33D5-30F3-FE4F-A440-23B1710D0F8C.root
[401/653] /net/scratch/hscra/plgrid/plgakrzemin/bench/data2/Run2016H/MuonEG/36BC5C7A-B9C9-B046-8FDD-4F07105079B9.root
[402/653] /net/scratch/hscra/plgrid/plgakrzemin/bench/data2/Run2016H/MuonEG/7C3917D1-D86C-B147-9252-46DA98701BDA.root
[403/653] /net/scratch/hscra/plgrid/plgakrzemin/bench/data2/Run2016H/MuonEG/7D136565-EF3A-9D4E-BCCC-FE7CFCCE160E.root
[404/653] /net/scratch/hscra/plgrid/plgakrzemin/bench/data2/Run2016H/MuonEG/7E26100C-3905-DD40-9416-E072BC4435C9.root
[405/653] /net/scratch/hscra/plgrid/plgakrzemin/bench/data2/Run2016H/MuonEG/8B72832E-0FB0-8F46-8E07-443C38940D06.root
[406/653] /net/scratch/hscra/plgrid/plgakrzemin/bench/data2/Run2016H/MuonEG/8F1BEBF6-5D51-2747-8F0B-743295AC123E.root
[407/653] /net/scratch/hscra/plgrid/plgakrzemin/bench/data2/Run2016H/MuonEG/A822CD17-993E-F644-9A6D-69E68C0C2B83.root
[408/653] /net/scratch/hscra/plgrid/plgakrzemin/bench/data2/Run2016H/MuonEG/AB048B10-E5F3-424C-BE17-88833817500B.root
[409/653] /net/scratch/hscra/plgrid/plgakrzemin/bench/data2/Run2016H/MuonEG/BBFAFA29-5B00-6448-9DB8-B3103E0777D5.root
[410/653] /net/scratch/hscra/plgrid/plgakrzemin/bench/data2/Run2016H/MuonEG/E7541429-CA5F-8843-B1D4-3831F0D04520.root
[411/653] /net/scratch/hscra/plgrid/plgakrzemin/bench/data2/Run2016H/MuonEG/31C7E1B3-462B-7C41-8B5C-C22A3770E57C.root
[412/653] /net/scratch/hscra/plgrid/plgakrzemin/bench/data2/Run2016H/MuonEG/39C715C2-9762-F241-B92B-EEBB144215ED.root
[413/653] /net/scratch/hscra/plgrid/plgakrzemin/bench/data2/Run2016H/MuonEG/934610B3-12B4-3D43-8646-A32259D32633.root
[414/653] /net/scratch/hscra/plgrid/plgakrzemin/bench/data2/Run2016H/MuonEG/F9C9DE55-BF82-C146-A686-212C1731C11C.root
[415/653] /net/scratch/hscra/plgrid/plgakrzemin/bench/data2/Run2016H/SingleElectron/02A9B576-790A-9141-9762-AA2831FABF58.root
[416/653] /net/scratch/hscra/plgrid/plgakrzemin/bench/data2/Run2016H/SingleElectron/1B1FC377-5B36-ED46-B468-88AF8A8AF30E.root
[417/653] /net/scratch/hscra/plgrid/plgakrzemin/bench/data2/Run2016H/SingleElectron/592F9AD5-7F3F-A64C-A2DD-DA5D4C69CA92.root
[418/653] /net/scratch/hscra/plgrid/plgakrzemin/bench/data2/Run2016H/SingleElectron/74E71684-C239-D64C-ACC5-DED88659AC42.root
[419/653] /net/scratch/hscra/plgrid/plgakrzemin/bench/data2/Run2016H/SingleElectron/887B7CC3-DB70-B64D-A43E-5434D6A5BB35.root
[420/653] /net/scratch/hscra/plgrid/plgakrzemin/bench/data2/Run2016H/SingleElectron/9D36BBC1-48C6-9E4C-92BE-899F87090BBE.root
[421/653] /net/scratch/hscra/plgrid/plgakrzemin/bench/data2/Run2016H/SingleElectron/0D3360E0-CCE2-3543-A953-620C362B10C2.root
[422/653] /net/scratch/hscra/plgrid/plgakrzemin/bench/data2/Run2016H/SingleElectron/14CCEB5D-D3A7-8F4E-87B2-C05703CAD405.root
[423/653] /net/scratch/hscra/plgrid/plgakrzemin/bench/data2/Run2016H/SingleElectron/19096B97-3AD2-FE45-B316-1991C4634BF7.root
[424/653] /net/scratch/hscra/plgrid/plgakrzemin/bench/data2/Run2016H/SingleElectron/3668E5C5-1E9A-6849-BA2C-07717C0A2ABA.root
[425/653] /net/scratch/hscra/plgrid/plgakrzemin/bench/data2/Run2016H/SingleElectron/374C9420-29A1-744C-93D9-9FDC59A6CDC8.root
[426/653] /net/scratch/hscra/plgrid/plgakrzemin/bench/data2/Run2016H/SingleElectron/3F6A495C-AC15-8148-8876-FEB0A1A71665.root
[427/653] /net/scratch/hscra/plgrid/plgakrzemin/bench/data2/Run2016H/SingleElectron/426D6D9F-F08F-5749-AA5D-7B31EEEC67C9.root
[428/653] /net/scratch/hscra/plgrid/plgakrzemin/bench/data2/Run2016H/SingleElectron/4299B418-248E-E648-A1C9-EC5309A43205.root
[429/653] /net/scratch/hscra/plgrid/plgakrzemin/bench/data2/Run2016H/SingleElectron/4800493A-3630-054A-A470-6FFE9C7B7EF9.root
[430/653] /net/scratch/hscra/plgrid/plgakrzemin/bench/data2/Run2016H/SingleElectron/4F1BF128-FAF9-DD4D-922D-75780BD4D321.root
[431/653] /net/scratch/hscra/plgrid/plgakrzemin/bench/data2/Run2016H/SingleElectron/5CF86C8F-A4D3-AF4E-BB14-F98978D0E0C2.root
[432/653] /net/scratch/hscra/plgrid/plgakrzemin/bench/data2/Run2016H/SingleElectron/636D149E-9B84-8040-A662-62D7323AF84C.root
[433/653] /net/scratch/hscra/plgrid/plgakrzemin/bench/data2/Run2016H/SingleElectron/6F79B8D8-AB14-9C4F-A3F8-8C3420592E52.root
[434/653] /net/scratch/hscra/plgrid/plgakrzemin/bench/data2/Run2016H/SingleElectron/8211630D-1E4D-3540-B931-9858AC128E1F.root
[435/653] /net/scratch/hscra/plgrid/plgakrzemin/bench/data2/Run2016H/SingleElectron/834A7A94-CF92-2B45-AF3C-E748FF887AF3.root
[436/653] /net/scratch/hscra/plgrid/plgakrzemin/bench/data2/Run2016H/SingleElectron/A0179389-0560-C147-986F-2A0AFBF85175.root
[437/653] /net/scratch/hscra/plgrid/plgakrzemin/bench/data2/Run2016H/SingleElectron/C15AF7C7-B1E8-874A-B47E-D6C8691CCB07.root
[438/653] /net/scratch/hscra/plgrid/plgakrzemin/bench/data2/Run2016H/SingleElectron/CCC4D6FC-1C8D-EC47-B5B4-28423B1803DF.root
[439/653] /net/scratch/hscra/plgrid/plgakrzemin/bench/data2/Run2016H/SingleElectron/E4F15409-AA04-7744-A7E2-DAFB531CE641.root
[440/653] /net/scratch/hscra/plgrid/plgakrzemin/bench/data2/Run2016H/SingleElectron/F59C65FC-FABA-5E4E-ABB3-C6AED5045CFE.root
[441/653] /net/scratch/hscra/plgrid/plgakrzemin/bench/data2/Run2016H/SingleElectron/16A9A2A2-DFBF-2E44-8D6C-D69F3FF9CCFD.root
[442/653] /net/scratch/hscra/plgrid/plgakrzemin/bench/data2/Run2016H/SingleElectron/1F403F75-76E0-3C48-BB90-189FF77A17E5.root
[443/653] /net/scratch/hscra/plgrid/plgakrzemin/bench/data2/Run2016H/SingleElectron/2AB2E3B2-47F0-6142-8F93-6AFDE18B18EA.root
[444/653] /net/scratch/hscra/plgrid/plgakrzemin/bench/data2/Run2016H/SingleElectron/3998437C-F335-9D49-A58A-D77FAAA88A41.root
[445/653] /net/scratch/hscra/plgrid/plgakrzemin/bench/data2/Run2016H/SingleElectron/493981A8-92AF-7A41-8BF3-5107039184D1.root
[446/653] /net/scratch/hscra/plgrid/plgakrzemin/bench/data2/Run2016H/SingleElectron/5416D54B-F2A9-7042-8107-2FFE8609DC36.root
[447/653] /net/scratch/hscra/plgrid/plgakrzemin/bench/data2/Run2016H/SingleElectron/6577E09B-FFE6-B44A-B89C-8ABE6DC5245E.root
[448/653] /net/scratch/hscra/plgrid/plgakrzemin/bench/data2/Run2016H/SingleElectron/832A95C1-777A-C94F-88ED-8DA9DE901754.root
[449/653] /net/scratch/hscra/plgrid/plgakrzemin/bench/data2/Run2016H/SingleElectron/BA260F73-22EC-6042-BE70-20D6AA3C716F.root
[450/653] /net/scratch/hscra/plgrid/plgakrzemin/bench/data2/Run2016H/SingleElectron/CB7BF1F8-DBBD-874D-BC11-D0F7871CAF66.root
[451/653] /net/scratch/hscra/plgrid/plgakrzemin/bench/data2/Run2016H/SingleElectron/08695D89-1DCA-9146-B360-E8A9D3E2ED91.root
[452/653] /net/scratch/hscra/plgrid/plgakrzemin/bench/data2/Run2016H/SingleElectron/1498486F-78DC-EB47-88C6-CB9731F2386D.root
[453/653] /net/scratch/hscra/plgrid/plgakrzemin/bench/data2/Run2016H/SingleElectron/18541411-4F4B-334B-89B2-FD6E60C5E5B9.root
[454/653] /net/scratch/hscra/plgrid/plgakrzemin/bench/data2/Run2016H/SingleElectron/289B7B64-29E7-9C4D-9E2F-9322EDB66A7D.root
[455/653] /net/scratch/hscra/plgrid/plgakrzemin/bench/data2/Run2016H/SingleElectron/38EF97ED-4BD2-9244-B2DF-D5F67A1A1DC6.root
[456/653] /net/scratch/hscra/plgrid/plgakrzemin/bench/data2/Run2016H/SingleElectron/468D599C-03EB-A64B-BC67-89B3B552A31D.root
[457/653] /net/scratch/hscra/plgrid/plgakrzemin/bench/data2/Run2016H/SingleElectron/471C9C80-BD3B-CF45-BA88-8599C822A8B5.root
[458/653] /net/scratch/hscra/plgrid/plgakrzemin/bench/data2/Run2016H/SingleElectron/4AE1DA71-05D5-E044-ACEF-5CAEDF8F0C0B.root
[459/653] /net/scratch/hscra/plgrid/plgakrzemin/bench/data2/Run2016H/SingleElectron/51B1401A-433A-5C4D-AB45-75DB4F5A4843.root
[460/653] /net/scratch/hscra/plgrid/plgakrzemin/bench/data2/Run2016H/SingleElectron/565B1708-EE04-D849-A300-1A6EC9FFB9DC.root
[461/653] /net/scratch/hscra/plgrid/plgakrzemin/bench/data2/Run2016H/SingleElectron/5CC83044-4544-B244-8F48-34900C6B05B8.root
[462/653] /net/scratch/hscra/plgrid/plgakrzemin/bench/data2/Run2016H/SingleElectron/5E8D1B09-FE30-214A-85FB-DC380DFD8A0E.root
[463/653] /net/scratch/hscra/plgrid/plgakrzemin/bench/data2/Run2016H/SingleElectron/5FF5DFDF-3A06-9449-AC7B-40D1A65ACF6C.root
[464/653] /net/scratch/hscra/plgrid/plgakrzemin/bench/data2/Run2016H/SingleElectron/6FC85334-058B-FD44-A465-61D337F0F63D.root
[465/653] /net/scratch/hscra/plgrid/plgakrzemin/bench/data2/Run2016H/SingleElectron/882BE27B-4C53-D64C-A663-1A0A5390D879.root
[466/653] /net/scratch/hscra/plgrid/plgakrzemin/bench/data2/Run2016H/SingleElectron/8B085BFD-9F70-B244-8E24-0CAA6BF4AECF.root
[467/653] /net/scratch/hscra/plgrid/plgakrzemin/bench/data2/Run2016H/SingleElectron/8D1C2BAD-670F-914E-985D-4CE2D69DFB08.root
[468/653] /net/scratch/hscra/plgrid/plgakrzemin/bench/data2/Run2016H/SingleElectron/91A8661B-37AC-4840-98D6-216F50D70387.root
[469/653] /net/scratch/hscra/plgrid/plgakrzemin/bench/data2/Run2016H/SingleElectron/9B589371-E753-1241-91B9-E0F856AD2CE9.root
[470/653] /net/scratch/hscra/plgrid/plgakrzemin/bench/data2/Run2016H/SingleElectron/9D743DE7-24B3-2B48-8E82-232958A62E8C.root
[471/653] /net/scratch/hscra/plgrid/plgakrzemin/bench/data2/Run2016H/SingleElectron/A63D4B67-4DCB-604E-B209-EED86D2CE696.root
[472/653] /net/scratch/hscra/plgrid/plgakrzemin/bench/data2/Run2016H/SingleElectron/A6C78DE2-B20E-164D-B872-8AD76E834DE0.root
[473/653] /net/scratch/hscra/plgrid/plgakrzemin/bench/data2/Run2016H/SingleElectron/A7DA6992-50AB-8645-85C4-24976D4ACAFF.root
[474/653] /net/scratch/hscra/plgrid/plgakrzemin/bench/data2/Run2016H/SingleElectron/B3E8DB25-D5B4-514C-8301-C35CF69E61B0.root
[475/653] /net/scratch/hscra/plgrid/plgakrzemin/bench/data2/Run2016H/SingleElectron/BA6CC564-204D-F646-A098-48582B490B6A.root
[476/653] /net/scratch/hscra/plgrid/plgakrzemin/bench/data2/Run2016H/SingleElectron/BF866CC1-98D5-C74D-A209-D509D7CA309D.root
[477/653] /net/scratch/hscra/plgrid/plgakrzemin/bench/data2/Run2016H/SingleElectron/D1AC23F3-50D1-544B-A953-582474C1C129.root
[478/653] /net/scratch/hscra/plgrid/plgakrzemin/bench/data2/Run2016H/SingleElectron/DB1C9C47-C0C3-5A4A-A1A1-E0212A6DAAA0.root
[479/653] /net/scratch/hscra/plgrid/plgakrzemin/bench/data2/Run2016H/SingleElectron/DFBC9D7A-6E2A-6647-9853-AE3E560E3E53.root
[480/653] /net/scratch/hscra/plgrid/plgakrzemin/bench/data2/Run2016H/SingleElectron/DFF3409E-2275-704F-A18A-5E9E41FD4776.root
[481/653] /net/scratch/hscra/plgrid/plgakrzemin/bench/data2/Run2016H/SingleElectron/E486DBDE-35B3-C242-B7C2-897A6ED8572C.root
[482/653] /net/scratch/hscra/plgrid/plgakrzemin/bench/data2/Run2016H/SingleElectron/E61922D6-9ADF-A24F-B5C4-A2DC99610E7B.root
[483/653] /net/scratch/hscra/plgrid/plgakrzemin/bench/data2/Run2016H/SingleElectron/EAC30FBC-777A-724C-A1BD-907BD842DC1A.root
[484/653] /net/scratch/hscra/plgrid/plgakrzemin/bench/data2/Run2016H/SingleElectron/EEDA2F2C-185F-9048-AC62-5F69DF139770.root
[485/653] /net/scratch/hscra/plgrid/plgakrzemin/bench/data2/Run2016H/SingleElectron/F012F7AD-FFA2-4342-B811-2FBB538D4E6A.root
[486/653] /net/scratch/hscra/plgrid/plgakrzemin/bench/data2/Run2016H/SingleElectron/F1685621-2D00-5949-84C5-673476883AA8.root
[487/653] /net/scratch/hscra/plgrid/plgakrzemin/bench/data2/Run2016H/SingleElectron/F41A5313-B380-2D41-89CD-489CD8375B1B.root
[488/653] /net/scratch/hscra/plgrid/plgakrzemin/bench/data2/Run2016H/SingleElectron/F50B322A-29F0-C84E-82D2-AABDFAAA9496.root
[489/653] /net/scratch/hscra/plgrid/plgakrzemin/bench/data2/Run2016H/SingleElectron/F5F8AADD-09B7-A04C-874A-F20805252EAF.root
[490/653] /net/scratch/hscra/plgrid/plgakrzemin/bench/data2/Run2016H/SingleElectron/F8CCE6A9-219D-D74E-B04E-A8A0BE6C683D.root
[491/653] /net/scratch/hscra/plgrid/plgakrzemin/bench/data2/Run2016H/SingleElectron/FA1A4E59-4350-5040-8AB7-7EF830AFA78A.root
[492/653] /net/scratch/hscra/plgrid/plgakrzemin/bench/data2/Run2016H/SingleElectron/FB585F64-DF88-6247-A3F6-D5CF704FA023.root
[493/653] /net/scratch/hscra/plgrid/plgakrzemin/bench/data2/Run2016H/SingleMuon/61FC1E38-F75C-6B44-AD19-A9894155874E.root
[494/653] /net/scratch/hscra/plgrid/plgakrzemin/bench/data2/Run2016H/SingleMuon/576759DA-4A35-534B-B926-2A9E4A5A7268.root
[495/653] /net/scratch/hscra/plgrid/plgakrzemin/bench/data2/Run2016H/SingleMuon/0107961B-4308-F845-8F96-E14622BBA484.root
[496/653] /net/scratch/hscra/plgrid/plgakrzemin/bench/data2/Run2016H/SingleMuon/0F03FF10-7F20-8A4E-A19A-418C090A3F97.root
[497/653] /net/scratch/hscra/plgrid/plgakrzemin/bench/data2/Run2016H/SingleMuon/0F6506E1-94CC-E14B-AE40-F72BD37BF8D4.root
[498/653] /net/scratch/hscra/plgrid/plgakrzemin/bench/data2/Run2016H/SingleMuon/120B99EA-7A22-094A-889D-E9049DB1A21C.root
[499/653] /net/scratch/hscra/plgrid/plgakrzemin/bench/data2/Run2016H/SingleMuon/136621ED-C32B-B347-9FC1-1BE4AF4F8EF3.root
[500/653] /net/scratch/hscra/plgrid/plgakrzemin/bench/data2/Run2016H/SingleMuon/13EF306B-E9EA-B24F-8094-DAC8A7BC4AE0.root
[501/653] /net/scratch/hscra/plgrid/plgakrzemin/bench/data2/Run2016H/SingleMuon/148777C2-F638-714C-AF76-00A32CD6F32A.root
[502/653] /net/scratch/hscra/plgrid/plgakrzemin/bench/data2/Run2016H/SingleMuon/14EA6AFB-593D-074F-AF31-BF588987BE99.root
[503/653] /net/scratch/hscra/plgrid/plgakrzemin/bench/data2/Run2016H/SingleMuon/1C08614E-0C0E-6044-966A-CAF630CAEF8F.root
[504/653] /net/scratch/hscra/plgrid/plgakrzemin/bench/data2/Run2016H/SingleMuon/1D87B4FB-E31C-9F43-AC21-C32469DE9FC6.root
[505/653] /net/scratch/hscra/plgrid/plgakrzemin/bench/data2/Run2016H/SingleMuon/1EB443F2-1230-8042-B8AE-FD50329CA59B.root
[506/653] /net/scratch/hscra/plgrid/plgakrzemin/bench/data2/Run2016H/SingleMuon/2045F967-9F0A-7C46-9946-787B27D56E88.root
[507/653] /net/scratch/hscra/plgrid/plgakrzemin/bench/data2/Run2016H/SingleMuon/236A04EE-C105-D947-8A2E-F8CC6731644F.root
[508/653] /net/scratch/hscra/plgrid/plgakrzemin/bench/data2/Run2016H/SingleMuon/370BE877-DA24-DB41-A875-07A86EAB6852.root
[509/653] /net/scratch/hscra/plgrid/plgakrzemin/bench/data2/Run2016H/SingleMuon/39B0B7DF-2C71-9E4E-952F-833475062880.root
[510/653] /net/scratch/hscra/plgrid/plgakrzemin/bench/data2/Run2016H/SingleMuon/3A8A8FD7-1FB0-FC49-93FD-20378419A49A.root
[511/653] /net/scratch/hscra/plgrid/plgakrzemin/bench/data2/Run2016H/SingleMuon/4C688018-90E1-5847-AEA3-D5F5DEB330EA.root
[512/653] /net/scratch/hscra/plgrid/plgakrzemin/bench/data2/Run2016H/SingleMuon/50ADF677-F507-D044-BCF2-40392F4A89DB.root
[513/653] /net/scratch/hscra/plgrid/plgakrzemin/bench/data2/Run2016H/SingleMuon/5CA4CE73-629C-2F48-939C-4274B369F112.root
[514/653] /net/scratch/hscra/plgrid/plgakrzemin/bench/data2/Run2016H/SingleMuon/60E957CB-2729-5D4C-B261-43406A639E8F.root
[515/653] /net/scratch/hscra/plgrid/plgakrzemin/bench/data2/Run2016H/SingleMuon/6CBB587F-1366-6F40-973C-7F98EA9C8335.root
[516/653] /net/scratch/hscra/plgrid/plgakrzemin/bench/data2/Run2016H/SingleMuon/788CA5CB-13E0-544A-8427-33E4591CF20B.root
[517/653] /net/scratch/hscra/plgrid/plgakrzemin/bench/data2/Run2016H/SingleMuon/791500CE-B4AB-7C46-91D7-4E689B94F55A.root
[518/653] /net/scratch/hscra/plgrid/plgakrzemin/bench/data2/Run2016H/SingleMuon/8F3012A6-72CA-6C4F-81AA-64EEB640EA84.root
[519/653] /net/scratch/hscra/plgrid/plgakrzemin/bench/data2/Run2016H/SingleMuon/8FB46D51-A84B-8043-A86B-25743CE20170.root
[520/653] /net/scratch/hscra/plgrid/plgakrzemin/bench/data2/Run2016H/SingleMuon/BE433087-4E55-6F44-8EBF-EDD13E745BAE.root
[521/653] /net/scratch/hscra/plgrid/plgakrzemin/bench/data2/Run2016H/SingleMuon/CBFBEA23-7C46-624E-98B1-2CAEE35458C8.root
[522/653] /net/scratch/hscra/plgrid/plgakrzemin/bench/data2/Run2016H/SingleMuon/CEB3C22E-30A5-704F-BD07-BD6D0838DAFA.root
[523/653] /net/scratch/hscra/plgrid/plgakrzemin/bench/data2/Run2016H/SingleMuon/CEE8B116-DBE4-E54F-B038-A81090B2A147.root
[524/653] /net/scratch/hscra/plgrid/plgakrzemin/bench/data2/Run2016H/SingleMuon/D2F76766-1F43-264A-A39F-2DE68BF68752.root
[525/653] /net/scratch/hscra/plgrid/plgakrzemin/bench/data2/Run2016H/SingleMuon/DBA71BF9-1B93-EC42-A96C-BD2B35E3538E.root
[526/653] /net/scratch/hscra/plgrid/plgakrzemin/bench/data2/Run2016H/SingleMuon/E6C5C5AA-946B-A34C-ABB5-4B14AA0E9ED7.root
[527/653] /net/scratch/hscra/plgrid/plgakrzemin/bench/data2/Run2016H/SingleMuon/E8E0A6FB-E2D7-BE40-B098-7FEABFB340FF.root
[528/653] /net/scratch/hscra/plgrid/plgakrzemin/bench/data2/Run2016H/SingleMuon/EC4283CE-BB96-B845-8012-6ED0CC0FA7A2.root
[529/653] /net/scratch/hscra/plgrid/plgakrzemin/bench/data2/Run2016H/SingleMuon/F4101B00-7984-C54F-98E9-2EF72AD66F43.root
[530/653] /net/scratch/hscra/plgrid/plgakrzemin/bench/data2/Run2016H/SingleMuon/FE81EE6E-0E21-1847-9105-D700F2E762DB.root
[531/653] /net/scratch/hscra/plgrid/plgakrzemin/bench/data2/Run2016H/SingleMuon/40EA32B0-1284-7246-83A3-A703D908F9FC.root
[532/653] /net/scratch/hscra/plgrid/plgakrzemin/bench/data2/Run2016H/SingleMuon/579013D1-626D-D943-A8B0-A1A558C54F33.root
[533/653] /net/scratch/hscra/plgrid/plgakrzemin/bench/data2/Run2016H/SingleMuon/6351C999-8EF7-6345-822D-E2EF1C203603.root
[534/653] /net/scratch/hscra/plgrid/plgakrzemin/bench/data2/Run2016H/SingleMuon/977A32B2-1672-0646-8029-C12B37014B64.root
[535/653] /net/scratch/hscra/plgrid/plgakrzemin/bench/data2/Run2016H/SingleMuon/C653EBCD-C75E-8441-BB1D-12A90F76D597.root
[536/653] /net/scratch/hscra/plgrid/plgakrzemin/bench/data2/Run2016H/SingleMuon/D548310D-36A5-DE46-97C5-15933EAF7DC9.root
[537/653] /net/scratch/hscra/plgrid/plgakrzemin/bench/data2/Run2016H/SingleMuon/D87A4CC6-6CF7-6943-838E-475A7533EAA9.root
[538/653] /net/scratch/hscra/plgrid/plgakrzemin/bench/data2/Run2016H/SingleMuon/01479010-3B51-B04A-9C5C-7800085D11B8.root
[539/653] /net/scratch/hscra/plgrid/plgakrzemin/bench/data2/Run2016H/SingleMuon/02C01469-552A-7E45-9894-6406F0030DB3.root
[540/653] /net/scratch/hscra/plgrid/plgakrzemin/bench/data2/Run2016H/SingleMuon/23953892-6295-B341-9D0B-6892EBDD67FC.root
[541/653] /net/scratch/hscra/plgrid/plgakrzemin/bench/data2/Run2016H/SingleMuon/28415B3F-DFB1-5542-9217-7D134447AC48.root
[542/653] /net/scratch/hscra/plgrid/plgakrzemin/bench/data2/Run2016H/SingleMuon/2AF26192-4B3A-324D-B14C-CFFFB1F69F4C.root
[543/653] /net/scratch/hscra/plgrid/plgakrzemin/bench/data2/Run2016H/SingleMuon/31BF084F-D414-1542-B61D-0F58520A17E8.root
[544/653] /net/scratch/hscra/plgrid/plgakrzemin/bench/data2/Run2016H/SingleMuon/388AB3E1-8708-7D42-91BA-83E52373E808.root
[545/653] /net/scratch/hscra/plgrid/plgakrzemin/bench/data2/Run2016H/SingleMuon/3BCDC9CF-57F5-104F-8C20-2BA300439111.root
[546/653] /net/scratch/hscra/plgrid/plgakrzemin/bench/data2/Run2016H/SingleMuon/3E76909B-34D1-DE46-8355-51C2ADD587D5.root
[547/653] /net/scratch/hscra/plgrid/plgakrzemin/bench/data2/Run2016H/SingleMuon/4AD09F91-D53E-E345-817A-BBC670875478.root
[548/653] /net/scratch/hscra/plgrid/plgakrzemin/bench/data2/Run2016H/SingleMuon/4B985344-7CD7-6142-BCB6-B95E47279B9A.root
[549/653] /net/scratch/hscra/plgrid/plgakrzemin/bench/data2/Run2016H/SingleMuon/594F3D70-ED17-3D42-A322-269D0A074F9A.root
[550/653] /net/scratch/hscra/plgrid/plgakrzemin/bench/data2/Run2016H/SingleMuon/626C68F8-9DBD-194B-993E-8672B8E73BAE.root
[551/653] /net/scratch/hscra/plgrid/plgakrzemin/bench/data2/Run2016H/SingleMuon/6322429F-B620-854D-B4AC-6892359CAB2C.root
[552/653] /net/scratch/hscra/plgrid/plgakrzemin/bench/data2/Run2016H/SingleMuon/6C8BBA90-79DC-CA45-9E0F-4AB683E91D8F.root
[553/653] /net/scratch/hscra/plgrid/plgakrzemin/bench/data2/Run2016H/SingleMuon/7BA44B30-9EBA-6E4A-8DD6-2A239BDDBA50.root
[554/653] /net/scratch/hscra/plgrid/plgakrzemin/bench/data2/Run2016H/SingleMuon/84E83B69-73A2-BF4C-A59C-C3C10F71C76E.root
[555/653] /net/scratch/hscra/plgrid/plgakrzemin/bench/data2/Run2016H/SingleMuon/874B6634-10CD-4541-97E6-7A97BA44F4C6.root
[556/653] /net/scratch/hscra/plgrid/plgakrzemin/bench/data2/Run2016H/SingleMuon/8E33310F-1983-EE41-A97A-7D6853AF1BAD.root
[557/653] /net/scratch/hscra/plgrid/plgakrzemin/bench/data2/Run2016H/SingleMuon/8F897B77-7EDA-B54B-812C-2185345CE97F.root
[558/653] /net/scratch/hscra/plgrid/plgakrzemin/bench/data2/Run2016H/SingleMuon/9C99B9F7-7F24-FE4A-A28D-E31D70DBDF66.root
[559/653] /net/scratch/hscra/plgrid/plgakrzemin/bench/data2/Run2016H/SingleMuon/A5B416ED-2D1C-4846-92FF-CA7E5C6DBA61.root
[560/653] /net/scratch/hscra/plgrid/plgakrzemin/bench/data2/Run2016H/SingleMuon/B0CFD000-E84C-344D-BED7-8AB35F3DBA36.root
[561/653] /net/scratch/hscra/plgrid/plgakrzemin/bench/data2/Run2016H/SingleMuon/B4E0C1C3-E86E-3F4B-9B1A-D17E3ADB0908.root
[562/653] /net/scratch/hscra/plgrid/plgakrzemin/bench/data2/Run2016H/SingleMuon/C250DA77-36D8-2440-8F71-4A913F18EA6C.root
[563/653] /net/scratch/hscra/plgrid/plgakrzemin/bench/data2/Run2016H/SingleMuon/C2A7D179-B263-704C-A8EB-B75F4D82F7B5.root
[564/653] /net/scratch/hscra/plgrid/plgakrzemin/bench/data2/Run2016H/SingleMuon/C8653579-E6F0-5D44-ACEA-154A482DF4AD.root
[565/653] /net/scratch/hscra/plgrid/plgakrzemin/bench/data2/Run2016H/SingleMuon/CD1172F5-A00E-0041-9A9C-5E1862026357.root
[566/653] /net/scratch/hscra/plgrid/plgakrzemin/bench/data2/Run2016H/SingleMuon/E037AB14-FEA9-4D40-AA30-9ADF56BD6270.root
[567/653] /net/scratch/hscra/plgrid/plgakrzemin/bench/data2/Run2016H/SingleMuon/F250A551-A8DC-BC47-895C-3BE19459F5DC.root
[568/653] /net/scratch/hscra/plgrid/plgakrzemin/bench/data2/Run2016H/SingleMuon/F773638E-CE20-944A-A120-755C3E071B2F.root
[569/653] /net/scratch/hscra/plgrid/plgakrzemin/bench/data2/Run2016H/SingleMuon/FBD685D1-F6C9-8946-BA61-14F8DB0B1B82.root
[570/653] /net/scratch/hscra/plgrid/plgakrzemin/bench/data2/Run2016H/SinglePhoton/278F7771-FAEE-0940-BCA9-32B04AD36773.root
[571/653] /net/scratch/hscra/plgrid/plgakrzemin/bench/data2/Run2016H/SinglePhoton/296116DF-3BFC-744B-95BA-41DB27DE5E62.root
[572/653] /net/scratch/hscra/plgrid/plgakrzemin/bench/data2/Run2016H/SinglePhoton/43F5F1FA-2D25-FD4A-BBB4-B418CF5A790E.root
[573/653] /net/scratch/hscra/plgrid/plgakrzemin/bench/data2/Run2016H/SinglePhoton/454422FD-35C6-6447-A072-4C6200EB2117.root
[574/653] /net/scratch/hscra/plgrid/plgakrzemin/bench/data2/Run2016H/SinglePhoton/63B06448-12EB-604E-8CFA-F27ABB2CAFBF.root
[575/653] /net/scratch/hscra/plgrid/plgakrzemin/bench/data2/Run2016H/SinglePhoton/66FE20DF-0E15-8546-98E7-1B36B3AA3A14.root
[576/653] /net/scratch/hscra/plgrid/plgakrzemin/bench/data2/Run2016H/SinglePhoton/AAE48CAF-1DF4-B84F-817D-6A2197FC63E2.root
[577/653] /net/scratch/hscra/plgrid/plgakrzemin/bench/data2/Run2016H/SinglePhoton/BE72AEFE-EEF2-3344-B97B-C5BB75B0211A.root
[578/653] /net/scratch/hscra/plgrid/plgakrzemin/bench/data2/Run2016H/SinglePhoton/C0F2800C-7C1A-1243-84E3-9F97478B75C8.root
[579/653] /net/scratch/hscra/plgrid/plgakrzemin/bench/data2/Run2016H/SinglePhoton/DAB086A6-E57A-AF42-9666-8A123139C948.root
[580/653] /net/scratch/hscra/plgrid/plgakrzemin/bench/data2/Run2016H/SinglePhoton/E6D884C4-FCA6-FB43-AF51-E8248D9A622E.root
[581/653] /net/scratch/hscra/plgrid/plgakrzemin/bench/data2/Run2016H/SinglePhoton/EA04F506-83F6-DE49-9E9F-281C68C246B6.root
[582/653] /net/scratch/hscra/plgrid/plgakrzemin/bench/data2/Run2016H/SinglePhoton/FBE9F629-7A61-5E47-9B64-8A756CC2F80B.root
[583/653] /net/scratch/hscra/plgrid/plgakrzemin/bench/data2/Run2016H/SinglePhoton/FD429C24-CFD6-994C-A587-97513FAA6FBF.root
[584/653] /net/scratch/hscra/plgrid/plgakrzemin/bench/data2/Run2016H/Tau/03DD0FB3-219B-C54D-A476-EE8937CC214E.root
[585/653] /net/scratch/hscra/plgrid/plgakrzemin/bench/data2/Run2016H/Tau/111B1E19-D2FE-9244-840F-866D71208590.root
[586/653] /net/scratch/hscra/plgrid/plgakrzemin/bench/data2/Run2016H/Tau/12C4DD11-D577-2043-B0B1-3B3265800343.root
[587/653] /net/scratch/hscra/plgrid/plgakrzemin/bench/data2/Run2016H/Tau/13899FDF-0B41-414B-B98B-D5BE9A6097F0.root
[588/653] /net/scratch/hscra/plgrid/plgakrzemin/bench/data2/Run2016H/Tau/1A969E3A-5024-3E45-950F-5694E571F543.root
[589/653] /net/scratch/hscra/plgrid/plgakrzemin/bench/data2/Run2016H/Tau/1BF09077-3B5A-D84A-BE7D-21C96137D7B8.root
[590/653] /net/scratch/hscra/plgrid/plgakrzemin/bench/data2/Run2016H/Tau/1F6DEC6B-F397-4543-BC7E-BADA6D853636.root
[591/653] /net/scratch/hscra/plgrid/plgakrzemin/bench/data2/Run2016H/Tau/1FD6DE24-82FA-FE4C-9D40-335EF69EBC21.root
[592/653] /net/scratch/hscra/plgrid/plgakrzemin/bench/data2/Run2016H/Tau/348884F1-B07E-EA44-9941-584640498E36.root
[593/653] /net/scratch/hscra/plgrid/plgakrzemin/bench/data2/Run2016H/Tau/43BE5E52-43AD-DA45-85CB-61DDC524F8D0.root
[594/653] /net/scratch/hscra/plgrid/plgakrzemin/bench/data2/Run2016H/Tau/49AB3396-9ED1-5E42-959B-43749731FB29.root
[595/653] /net/scratch/hscra/plgrid/plgakrzemin/bench/data2/Run2016H/Tau/4C393AE9-F025-BC4E-986D-BDDD16585FC1.root
[596/653] /net/scratch/hscra/plgrid/plgakrzemin/bench/data2/Run2016H/Tau/50AEA95B-C4E4-9A4E-B65F-E3858C29278E.root
[597/653] /net/scratch/hscra/plgrid/plgakrzemin/bench/data2/Run2016H/Tau/55363574-C4E7-5248-9B49-8916FDE193F6.root
[598/653] /net/scratch/hscra/plgrid/plgakrzemin/bench/data2/Run2016H/Tau/55887AE2-DDBA-EE41-B966-8EE3F1CE0249.root
[599/653] /net/scratch/hscra/plgrid/plgakrzemin/bench/data2/Run2016H/Tau/588BD28C-059F-8C42-9FB8-FD3274B16A4F.root
[600/653] /net/scratch/hscra/plgrid/plgakrzemin/bench/data2/Run2016H/Tau/5A869822-6B0C-B14C-949A-2F295FE26EB2.root
[601/653] /net/scratch/hscra/plgrid/plgakrzemin/bench/data2/Run2016H/Tau/5F435EA9-D666-8948-836D-DDC3809EBF0D.root
[602/653] /net/scratch/hscra/plgrid/plgakrzemin/bench/data2/Run2016H/Tau/60D1E52F-199E-2543-9BD7-B5AEED804D6C.root
[603/653] /net/scratch/hscra/plgrid/plgakrzemin/bench/data2/Run2016H/Tau/62451EFF-8C75-034C-8699-FC798D4CDAB0.root
[604/653] /net/scratch/hscra/plgrid/plgakrzemin/bench/data2/Run2016H/Tau/64C0EEB7-0C1C-BF4A-9C0B-B8A22FB366CF.root
[605/653] /net/scratch/hscra/plgrid/plgakrzemin/bench/data2/Run2016H/Tau/72A0BB70-1339-0245-BE82-EBD96E08AD73.root
[606/653] /net/scratch/hscra/plgrid/plgakrzemin/bench/data2/Run2016H/Tau/7682780E-C0E4-4A42-B1AA-32B58C6898B4.root
[607/653] /net/scratch/hscra/plgrid/plgakrzemin/bench/data2/Run2016H/Tau/84350E17-F040-184E-B128-16D829E53845.root
[608/653] /net/scratch/hscra/plgrid/plgakrzemin/bench/data2/Run2016H/Tau/8EDE4766-7730-5947-B559-32E1FA5082B3.root
[609/653] /net/scratch/hscra/plgrid/plgakrzemin/bench/data2/Run2016H/Tau/954DB8F9-481C-7743-B686-43CED63FFB24.root
[610/653] /net/scratch/hscra/plgrid/plgakrzemin/bench/data2/Run2016H/Tau/976278CA-81CB-6146-BE41-2FDADE86B88F.root
[611/653] /net/scratch/hscra/plgrid/plgakrzemin/bench/data2/Run2016H/Tau/9A0DFD37-AF27-7547-B2BA-D0F3C1F43D7B.root
[612/653] /net/scratch/hscra/plgrid/plgakrzemin/bench/data2/Run2016H/Tau/9D265904-54D7-C24F-85AC-04C72F4D7EC9.root
[613/653] /net/scratch/hscra/plgrid/plgakrzemin/bench/data2/Run2016H/Tau/9F292AC6-4BE1-274D-A75F-40632103C78A.root
[614/653] /net/scratch/hscra/plgrid/plgakrzemin/bench/data2/Run2016H/Tau/9F724B7B-0965-274D-8076-881045C01A52.root
[615/653] /net/scratch/hscra/plgrid/plgakrzemin/bench/data2/Run2016H/Tau/A26B7833-F99A-5640-91BC-02248AF59976.root
[616/653] /net/scratch/hscra/plgrid/plgakrzemin/bench/data2/Run2016H/Tau/A8F55682-E1CF-144F-BFF3-CC98FDA503E1.root
[617/653] /net/scratch/hscra/plgrid/plgakrzemin/bench/data2/Run2016H/Tau/B5D6D0AE-D83C-904F-BAB3-745F5DC3DAC8.root
[618/653] /net/scratch/hscra/plgrid/plgakrzemin/bench/data2/Run2016H/Tau/B8DBB890-540A-AF48-B79B-34284CC2665A.root
[619/653] /net/scratch/hscra/plgrid/plgakrzemin/bench/data2/Run2016H/Tau/C5904BB5-F8AB-C149-9300-3F75E27F0939.root
[620/653] /net/scratch/hscra/plgrid/plgakrzemin/bench/data2/Run2016H/Tau/C5A267B3-EC39-E94A-9DC0-4C801DAF04E6.root
[621/653] /net/scratch/hscra/plgrid/plgakrzemin/bench/data2/Run2016H/Tau/C672C26B-1CD0-BA40-85EA-387782570946.root
[622/653] /net/scratch/hscra/plgrid/plgakrzemin/bench/data2/Run2016H/Tau/C87AE5B4-9F9C-674F-8599-F91D7EA8A5EB.root
[623/653] /net/scratch/hscra/plgrid/plgakrzemin/bench/data2/Run2016H/Tau/C894F318-AB66-B140-8239-4E2E0E210F90.root
[624/653] /net/scratch/hscra/plgrid/plgakrzemin/bench/data2/Run2016H/Tau/CB72D8B6-00EE-1940-898F-A680BBB4E810.root
[625/653] /net/scratch/hscra/plgrid/plgakrzemin/bench/data2/Run2016H/Tau/DA3A29D8-B5FC-6846-A06A-1CEE84506CA1.root
[626/653] /net/scratch/hscra/plgrid/plgakrzemin/bench/data2/Run2016H/Tau/DD9DDF8D-9FBA-F743-970B-AB74280A7E01.root
[627/653] /net/scratch/hscra/plgrid/plgakrzemin/bench/data2/Run2016H/Tau/E60E7175-C8AB-F54B-AC1C-CB84675543D8.root
[628/653] /net/scratch/hscra/plgrid/plgakrzemin/bench/data2/Run2016H/Tau/E8AABB13-E737-784B-8851-A6CA614CDD94.root
[629/653] /net/scratch/hscra/plgrid/plgakrzemin/bench/data2/Run2016H/Tau/F49E7F9B-86F8-214D-AA76-65263946AE5F.root
[630/653] /net/scratch/hscra/plgrid/plgakrzemin/bench/data2/Run2016H/Tau/FB15D9CB-3454-6340-9BA1-CA157D87BCDE.root
[631/653] /net/scratch/hscra/plgrid/plgakrzemin/bench/data2/Run2016H/Tau/FCB957D2-39A5-6E42-BA4C-59F3F4624DCD.root
[632/653] /net/scratch/hscra/plgrid/plgakrzemin/bench/data2/Run2016G/BTagCSV/01472671-4A55-5A4A-B2CE-2C7990D279E3.root
[633/653] /net/scratch/hscra/plgrid/plgakrzemin/bench/data2/Run2016G/BTagCSV/043ED1E5-FA1B-D04C-8B1F-A4010A5737F1.root
[634/653] /net/scratch/hscra/plgrid/plgakrzemin/bench/data2/Run2016G/BTagCSV/094C356D-0C7E-144C-839B-C80C254CF929.root
[635/653] /net/scratch/hscra/plgrid/plgakrzemin/bench/data2/Run2016G/BTagCSV/0BAFA2A0-7170-A346-A301-1F20FF08BC36.root
[636/653] /net/scratch/hscra/plgrid/plgakrzemin/bench/data2/Run2016G/BTagCSV/22C2685D-CB35-1940-B208-BD0E4259EE76.root
[637/653] /net/scratch/hscra/plgrid/plgakrzemin/bench/data2/Run2016G/BTagCSV/23C21FB0-AAB7-1842-A5E6-07481125CE07.root
[638/653] /net/scratch/hscra/plgrid/plgakrzemin/bench/data2/Run2016G/BTagCSV/245F22BB-51E9-5F41-B280-D8814FB50EA8.root
[639/653] /net/scratch/hscra/plgrid/plgakrzemin/bench/data2/Run2016G/BTagCSV/2A2D52E2-CD96-BD4C-8D60-4BC274FA8ED5.root
[640/653] /net/scratch/hscra/plgrid/plgakrzemin/bench/data2/Run2016G/BTagCSV/3695B437-4B36-2D4C-9373-3C4340BF9D82.root
[641/653] /net/scratch/hscra/plgrid/plgakrzemin/bench/data2/Run2016G/BTagCSV/3B5D5F9B-3AE4-A646-A771-131BA99ECC9A.root
[642/653] /net/scratch/hscra/plgrid/plgakrzemin/bench/data2/Run2016G/BTagCSV/42C7EB9B-A219-BE4C-BD7E-3EA2653993FD.root
[643/653] /net/scratch/hscra/plgrid/plgakrzemin/bench/data2/Run2016G/BTagCSV/47207937-C137-4844-977B-8DCC171C8883.root
[644/653] /net/scratch/hscra/plgrid/plgakrzemin/bench/data2/Run2016G/BTagCSV/48379593-C473-5F40-9CB5-7B778AC24335.root
[645/653] /net/scratch/hscra/plgrid/plgakrzemin/bench/data2/Run2016G/BTagCSV/496FF1BD-5220-974B-9E88-66169F08C6A3.root
[646/653] /net/scratch/hscra/plgrid/plgakrzemin/bench/data2/Run2016G/BTagCSV/4ADE7BA1-634C-A04F-B495-68DE5AFC1974.root
[647/653] /net/scratch/hscra/plgrid/plgakrzemin/bench/data2/Run2016G/BTagCSV/4B10E876-3194-1B49-B721-1D82146E0B67.root
[648/653] /net/scratch/hscra/plgrid/plgakrzemin/bench/data2/Run2016G/BTagCSV/4D3438DE-CC0B-0941-B03D-339D3B066F11.root
[649/653] /net/scratch/hscra/plgrid/plgakrzemin/bench/data2/Run2016G/BTagCSV/528D8E78-DCDD-3941-8E82-9E9F30B640F0.root
[650/653] /net/scratch/hscra/plgrid/plgakrzemin/bench/data2/Run2016G/BTagCSV/619F6DE0-AB52-F34B-A329-F8E89E0FB669.root
[651/653] /net/scratch/hscra/plgrid/plgakrzemin/bench/data2/Run2016G/BTagCSV/62DBBA90-C49F-5B42-8632-4A8E207CA63B.root
[652/653] /net/scratch/hscra/plgrid/plgakrzemin/bench/data2/Run2016G/BTagCSV/6ACB9B71-A34C-9F45-871C-A5C1697FE8BB.root
[653/653] /net/scratch/hscra/plgrid/plgakrzemin/bench/data2/Run2016G/BTagCSV/79E63C1F-6647-9847-9D9F-3D9E9E76F4E6.root
