t_s,rss_kb,phase
0.001,350220,start
0.052,350224,start
0.102,352860,start
0.153,357564,start
0.203,361092,start
0.254,371612,warmup
0.304,366192,warmup
0.354,370448,warmup
0.405,372692,warmup
0.455,374908,warmup
0.505,378692,warmup
0.556,380880,warmup
0.606,383936,warmup
0.656,387100,warmup
0.706,390592,warmup
0.757,393484,warmup
0.807,398808,warmup
0.857,401388,warmup
0.907,404000,warmup
0.958,408224,warmup
1.008,413532,warmup
1.058,416036,warmup
1.108,417084,warmup
1.159,419652,warmup
1.209,420936,warmup
1.259,422264,warmup
1.310,423736,warmup
1.360,425660,warmup
1.410,427784,warmup
1.460,431708,warmup
1.511,436132,warmup
1.561,436488,warmup
1.611,436512,warmup
1.662,437392,warmup
1.712,437852,warmup
1.762,442512,warmup
1.813,444200,warmup
1.863,446720,warmup
1.913,449320,warmup
1.963,452908,warmup
2.014,455348,warmup
2.064,458136,warmup
2.114,460400,warmup
2.164,462204,warmup
2.215,465336,warmup
2.265,472016,warmup
2.315,477896,warmup
2.366,479200,warmup
2.416,483260,warmup
2.466,483936,warmup
2.517,484008,warmup
2.567,484016,warmup
2.618,484032,warmup
2.668,484032,warmup
2.718,484588,warmup
2.769,484828,warmup
2.819,485612,warmup
2.869,487040,warmup
2.920,489440,warmup
2.970,492568,warmup
3.020,495172,warmup
3.071,498472,warmup
3.121,500200,warmup
3.171,504128,warmup
3.222,504140,warmup
3.272,504172,warmup
3.323,504172,warmup
3.373,504172,warmup
3.423,504172,warmup
3.474,504172,warmup
3.524,505392,warmup
3.574,505648,warmup
3.625,506304,warmup
3.675,507364,setup
3.726,508148,setup
3.776,508368,loop
3.827,508368,loop
3.878,555704,loop
3.928,610756,loop
3.978,669928,loop
4.029,664316,loop
4.079,699912,loop
4.130,717664,loop
4.180,718752,loop
4.230,718756,loop
4.281,718932,loop
4.331,731144,loop
4.382,741852,loop
4.432,741852,loop
4.482,744520,loop
4.533,744520,loop
4.584,744524,loop
4.634,744524,loop
4.684,744528,loop
4.735,744532,loop
4.785,744532,loop
4.836,744912,loop
4.886,745052,loop
4.937,748828,loop
4.987,755912,loop
5.038,755972,loop
5.088,755972,loop
5.139,755972,loop
5.189,763676,loop
5.240,791712,loop
5.290,791712,loop
5.341,792576,loop
5.391,801880,loop
5.441,806396,loop
5.492,817504,loop
5.542,819936,loop
5.593,819936,loop
5.643,819936,loop
5.694,819936,loop
5.744,819940,loop
5.795,829132,loop
5.845,831744,loop
5.896,844780,loop
5.946,853056,loop
5.997,854112,loop
6.047,854116,loop
6.098,857436,loop
6.148,864828,loop
6.199,866072,loop
6.249,866072,loop
6.299,866072,loop
6.350,866072,loop
6.400,866072,loop
6.451,866072,loop
6.501,866072,loop
6.552,866072,loop
6.602,866072,loop
6.653,866072,loop
6.703,866072,loop
6.754,866072,loop
6.804,866072,loop
6.855,866072,loop
6.905,866072,loop
6.956,866076,loop
7.006,866080,loop
7.057,866080,loop
7.107,866080,loop
7.158,866080,loop
7.208,866080,loop
7.259,866080,loop
7.309,866080,loop
7.360,866080,loop
7.410,866080,loop
7.460,866080,loop
7.511,866084,loop
7.561,866084,loop
7.612,866084,loop
7.662,866088,loop
7.713,866088,loop
7.763,866088,loop
7.814,866088,loop
7.864,866164,loop
7.915,873848,loop
7.965,877824,loop
8.016,877824,loop
8.066,877824,loop
8.117,877936,loop
8.167,877936,loop
8.217,877984,loop
8.268,877988,loop
8.318,887364,loop
8.369,898512,loop
8.419,908600,loop
8.470,913596,loop
8.520,913596,loop
8.571,913600,loop
8.621,917740,loop
8.672,923884,loop
8.722,928836,loop
8.773,933704,loop
8.823,952152,loop
8.874,957040,loop
8.924,964580,loop
8.975,972672,loop
9.025,972672,loop
9.076,972676,loop
9.126,972676,loop
9.176,972716,loop
9.227,972716,loop
9.277,972720,loop
9.328,987012,loop
9.378,991880,loop
9.429,991884,loop
9.479,995612,loop
9.530,995784,loop
9.580,995784,loop
9.631,995784,loop
9.681,995784,loop
9.732,995784,loop
9.782,995784,loop
9.833,995784,loop
9.883,995784,loop
9.934,995784,loop
9.984,995784,loop
10.035,995792,loop
10.085,995792,loop
10.136,995792,loop
10.186,995792,loop
10.237,995792,loop
10.287,995792,loop
10.337,995792,loop
10.388,995792,loop
10.438,995796,loop
10.489,995796,loop
10.539,995796,loop
10.590,995796,loop
10.640,995796,loop
10.691,995796,loop
10.741,995796,loop
10.792,995800,loop
10.842,995800,loop
10.893,995800,loop
10.943,995800,loop
10.994,995800,loop
11.044,995800,loop
11.095,995800,loop
11.145,995800,loop
11.196,997852,loop
11.246,1006044,loop
11.297,995800,loop
11.347,1003996,loop
11.398,1016968,loop
11.448,1001760,loop
11.499,1001760,loop
11.549,1001760,loop
11.600,1001764,loop
11.650,1001764,loop
11.700,1001764,loop
11.751,1001764,loop
11.801,1001764,loop
11.852,1001764,loop
11.902,1001764,loop
11.953,1001764,loop
12.003,1001764,loop
12.054,1001764,loop
12.104,1001764,loop
12.155,1001764,loop
12.205,1001764,loop
12.256,1001764,loop
12.306,1001764,loop
12.357,1001764,loop
12.407,1001764,loop
12.458,1001764,loop
12.508,1001764,loop
12.559,1001764,loop
12.609,1001764,loop
12.660,1001764,loop
12.710,1001764,loop
12.761,1001764,loop
12.811,1001768,loop
12.861,1011556,loop
12.912,1012872,loop
12.962,1012872,loop
13.013,1012876,loop
13.063,1012876,loop
13.114,1012876,loop
13.164,1012876,loop
13.215,1012876,loop
13.265,1012876,loop
13.316,1012876,loop
13.366,1012876,loop
13.417,1012876,loop
13.467,1012876,loop
13.518,1012876,loop
13.568,1012876,loop
13.619,1012876,loop
13.669,1012876,loop
13.720,1012876,loop
13.770,1012876,loop
13.821,1012876,loop
13.871,1012876,loop
13.922,1012876,loop
13.972,1012880,loop
14.022,1012880,loop
14.073,1012884,loop
14.123,1012884,loop
14.174,1012884,loop
14.224,1014932,loop
14.275,1016980,loop
14.325,1016984,loop
14.376,1016984,loop
14.426,1016984,loop
14.477,1016984,loop
14.527,1016984,loop
14.578,1016984,loop
14.628,1016984,loop
14.679,1016984,loop
14.729,1016984,loop
14.780,1016984,loop
14.830,1016984,loop
14.881,1016984,loop
14.931,1016984,loop
14.981,1016984,loop
15.032,1016984,loop
15.082,1016984,loop
15.133,1016984,loop
15.183,1016984,loop
15.234,1016984,loop
15.284,1016984,loop
15.335,1016984,loop
15.385,1016984,loop
15.436,1016984,loop
15.486,1016984,loop
15.537,1016984,loop
15.587,1016988,loop
15.638,1016988,loop
15.688,1016988,loop
15.739,1016988,loop
15.789,1016988,loop
15.840,1016992,loop
15.890,1019520,loop
15.941,1019520,loop
15.991,1019520,loop
16.041,1023620,loop
16.092,1030892,loop
16.142,1031080,loop
16.193,1033128,loop
16.243,1033128,loop
16.294,1033128,loop
16.344,1033128,loop
16.395,1033128,loop
16.445,1033128,loop
16.496,1033128,loop
16.546,1033128,loop
16.597,1035176,loop
16.647,1035180,loop
16.698,1035180,loop
16.748,1035180,loop
16.799,1035180,loop
16.849,1035180,loop
16.900,1035180,loop
16.950,1035180,loop
17.001,1035180,loop
17.051,1035180,loop
17.102,1035180,loop
17.152,1035184,loop
17.202,1035184,loop
17.253,1035184,loop
17.303,1035184,loop
17.354,1035184,loop
17.404,1023624,loop
17.455,1023624,loop
17.505,1023624,loop
17.556,1023624,loop
17.606,1023624,loop
17.657,1023624,loop
17.707,1023624,loop
17.758,1023624,loop
17.808,1023624,loop
17.859,1023624,loop
17.909,1023624,loop
17.960,1023624,loop
18.010,1023628,loop
18.061,1023628,loop
18.111,1023628,loop
18.161,1023628,loop
18.212,1023632,loop
18.262,1023632,loop
18.313,1023632,loop
18.363,1023632,loop
18.414,1023632,loop
18.464,1023632,loop
18.515,1023632,loop
18.565,1023632,loop
18.616,1023632,loop
18.666,1023632,loop
18.717,1023632,loop
18.767,1023632,loop
18.818,1023632,loop
18.868,1023632,loop
18.919,1023632,loop
18.969,1023632,loop
19.019,1023632,loop
19.070,1023632,loop
19.120,1023632,loop
19.171,1023632,loop
19.221,1023632,loop
19.272,1023632,loop
19.322,1023632,loop
19.373,1023632,loop
19.423,1023632,loop
19.474,1023632,loop
19.524,1023632,loop
19.575,1023632,loop
19.625,1023632,loop
19.676,1023632,loop
19.726,1023672,loop
19.777,1023672,loop
19.827,1023672,loop
19.877,1023672,loop
19.928,1023676,loop
19.978,1023676,loop
20.029,1023676,loop
20.079,1023676,loop
20.130,1023676,loop
20.180,1023676,loop
20.231,1023676,loop
20.281,1023676,loop
20.332,1023676,loop
20.382,1023676,loop
20.433,1023680,loop
20.483,1023680,loop
20.534,1029056,loop
20.584,1029056,loop
20.635,1029056,loop
20.685,1029056,loop
20.735,1029056,loop
20.786,1029056,loop
20.836,1029056,loop
20.887,1029056,loop
20.937,1029056,loop
20.988,1029056,loop
21.038,1029060,loop
21.089,1029060,loop
21.139,1029060,loop
21.190,1029060,loop
21.240,1029060,loop
21.291,1034156,loop
21.341,1045824,loop
21.392,994096,loop
21.442,1008140,loop
21.493,1012368,loop
21.543,1012372,loop
21.594,1012664,loop
21.644,1012664,loop
21.695,1012664,loop
21.745,1012664,loop
21.796,1012664,loop
21.846,1012664,loop
21.897,1012664,loop
21.947,1012664,loop
21.998,1012664,loop
22.048,1014712,loop
22.098,1014712,loop
22.149,1014712,loop
22.199,1014712,loop
22.250,1014712,loop
22.300,1014712,loop
22.351,1014712,loop
22.401,1014712,loop
22.452,1014712,loop
22.502,1014712,loop
22.553,1014712,loop
22.603,1014712,loop
22.654,1014712,loop
22.704,1014712,loop
22.755,1014712,loop
22.805,1014712,loop
22.856,1014712,loop
22.906,1014712,loop
22.957,1014712,loop
23.007,1014712,loop
23.058,1014712,loop
23.108,1016760,loop
23.159,1017068,loop
23.209,1017068,loop
23.259,1017068,loop
23.310,1017068,loop
23.360,1017068,loop
23.411,1017068,loop
23.461,1017072,loop
23.512,1017072,loop
23.562,1017072,loop
23.613,1017072,loop
23.663,1017072,loop
23.714,1017072,loop
23.764,1017076,loop
23.815,1017076,loop
23.865,1017076,loop
23.916,1017076,loop
23.966,1017076,loop
24.016,1017076,loop
24.067,1017076,loop
24.117,1017076,loop
24.168,1017076,loop
24.218,1017076,loop
24.269,1017076,loop
24.319,1017076,loop
24.370,1017076,loop
24.420,1017076,loop
24.471,1017076,loop
24.521,1017080,loop
24.572,1026844,loop
24.622,1034268,loop
24.673,1034272,loop
24.723,1038368,loop
24.773,1040956,loop
24.824,1040956,loop
24.874,1040956,loop
24.925,1040956,loop
24.975,1040956,loop
25.026,1040956,loop
25.076,1040956,loop
25.127,1040956,loop
25.177,1040956,loop
25.228,1040956,loop
25.278,1040956,loop
25.329,1040956,loop
25.379,1040960,loop
25.430,1040960,loop
25.480,1040960,loop
25.531,1040960,loop
25.581,1040960,loop
25.631,1040960,loop
25.682,1040960,loop
25.732,1040960,loop
25.783,1040960,loop
25.833,1040964,loop
25.884,1040964,loop
25.934,1041216,loop
25.985,1041216,loop
26.035,1041216,loop
26.086,1041216,loop
26.136,1041220,loop
26.187,1041220,loop
26.237,1041220,loop
26.288,1041220,loop
26.338,1041220,loop
26.389,1041224,loop
26.439,1041224,loop
26.490,1041224,loop
26.540,1041224,loop
26.591,1041224,loop
26.641,1041224,loop
26.692,1041224,loop
26.742,1041224,loop
26.793,1041224,loop
26.843,1041224,loop
26.893,1041224,loop
26.944,1041224,loop
26.994,1041224,loop
27.045,1041224,loop
27.095,1041224,loop
27.146,1041224,loop
27.196,1041224,loop
27.247,1041224,loop
27.297,1041224,loop
27.348,1041224,loop
27.398,1041228,loop
27.449,1041228,loop
27.499,1041228,loop
27.550,1041228,loop
27.600,1041228,loop
27.651,1041228,loop
27.701,1041228,loop
27.752,1041228,loop
27.802,1041228,loop
27.853,1041228,loop
27.903,1041232,loop
27.954,1041232,loop
28.004,1041232,loop
28.055,1041232,loop
28.105,1041232,loop
28.155,1041232,loop
28.206,1041232,loop
28.256,1041232,loop
28.307,1041232,loop
28.357,1041232,loop
28.408,1041232,loop
28.458,1041232,loop
28.509,1041236,loop
28.559,1041236,loop
28.610,1041236,loop
28.660,1041764,loop
28.711,1041764,loop
28.761,1041764,loop
28.812,1041768,loop
28.862,1042508,loop
28.913,1042508,loop
28.963,1042508,loop
29.014,1042508,loop
29.064,1042508,loop
29.115,1042508,loop
29.165,1042508,loop
29.216,1042508,loop
29.266,1042508,loop
29.317,1042508,loop
29.367,1042508,loop
29.417,1042508,loop
29.468,1042508,loop
29.518,1042508,loop
29.569,1042508,loop
29.619,1042508,loop
29.670,1042508,loop
29.720,1042508,loop
29.771,1042508,loop
29.821,1042508,loop
29.872,1042508,loop
29.922,1042508,loop
29.973,1042508,loop
30.023,1042508,loop
30.074,1042508,loop
30.124,1042508,loop
30.175,1042508,loop
30.225,1042508,loop
30.276,1042508,loop
30.326,1042508,loop
30.377,1042508,loop
30.427,1042508,loop
30.478,1042508,loop
30.528,1042508,loop
30.579,1042508,loop
30.629,1042508,loop
30.680,1044556,loop
30.730,1047848,loop
30.781,1053992,loop
30.831,1056048,loop
30.882,1062192,loop
30.932,1064240,loop
30.982,1064240,loop
31.033,1064240,loop
31.083,1064240,loop
31.134,1064240,loop
31.184,1064240,loop
31.235,1064240,loop
31.285,1064240,loop
31.336,1064240,loop
31.386,1064240,loop
31.437,1064240,loop
31.487,1064240,loop
31.538,1064240,loop
31.588,1064240,loop
31.639,1064240,loop
31.689,1064240,loop
31.740,1064240,loop
31.790,1064240,loop
31.841,1064240,loop
31.891,1064240,loop
31.941,1064240,loop
31.992,1064240,loop
32.042,1064240,loop
32.093,1064240,loop
32.143,1064240,loop
32.194,1064240,loop
32.244,1069364,loop
32.295,1081652,loop
32.345,1064240,loop
32.396,1064240,loop
32.446,1064240,loop
32.497,1064240,loop
32.547,1064240,loop
32.598,1064240,loop
32.648,1064240,loop
32.699,1064240,loop
32.749,1064240,loop
32.800,1064240,loop
32.850,1064244,loop
32.901,1064244,loop
32.951,1064244,loop
33.001,1064244,loop
33.052,1064244,loop
33.102,1064244,loop
33.153,1064244,loop
33.203,1064244,loop
33.254,1064244,loop
33.304,1064244,loop
33.355,1064244,loop
33.405,1064244,loop
33.456,1064244,loop
33.506,1064244,loop
33.557,1064244,loop
33.607,1064244,loop
33.658,1064244,loop
33.708,1064244,loop
33.759,1064244,loop
33.809,1064244,loop
33.859,1064244,loop
33.910,1064244,loop
33.960,1064244,loop
34.011,1064244,loop
34.061,1064244,loop
34.112,1064244,loop
34.162,1064244,loop
34.213,1064244,loop
34.263,1064244,loop
34.314,1064244,loop
34.364,1064244,loop
34.415,1064244,loop
34.465,1064244,loop
34.516,1064244,loop
34.566,1064244,loop
34.617,1064244,loop
34.667,1064244,loop
34.718,1064244,loop
34.768,1064244,loop
34.818,1064244,loop
34.869,1064244,loop
34.919,1064244,loop
34.970,1064244,loop
35.020,1064244,loop
35.071,1064244,loop
35.121,1064248,loop
35.172,1064248,loop
35.222,1064248,loop
35.273,1064248,loop
35.323,1070216,loop
35.374,1070216,loop
35.424,1070220,loop
35.475,1070220,loop
35.525,1070220,loop
35.575,1070220,loop
35.626,1070224,loop
35.676,1070224,loop
35.727,1070376,loop
35.777,1070376,loop
35.828,1070376,loop
35.878,1070376,loop
35.929,1064408,loop
35.979,1064408,loop
36.029,1064408,loop
36.080,1064408,loop
36.130,1064408,loop
36.181,1064408,loop
36.231,1064408,loop
36.282,1064408,loop
36.332,1064408,loop
36.383,1064408,loop
36.433,1064412,loop
36.484,1064412,loop
36.534,1064412,loop
36.584,1064412,loop
36.635,1065624,loop
36.685,1065624,loop
36.736,1065624,loop
36.786,1065624,loop
36.837,1065624,loop
36.887,1065624,loop
36.938,1065624,loop
36.988,1065624,loop
37.038,1065624,loop
37.089,1065624,loop
37.139,1065624,loop
37.190,1065624,loop
37.240,1065628,loop
37.291,1065628,loop
37.341,1065628,loop
37.392,1065628,loop
37.442,1065628,loop
37.493,1065628,loop
37.543,1065628,loop
37.594,1065628,loop
37.644,1065628,loop
37.694,1065628,loop
37.745,1065628,loop
37.795,1065628,loop
37.846,1065628,loop
37.896,1065628,loop
37.947,1065628,loop
37.997,1067676,loop
38.048,1067676,loop
38.098,1067676,loop
38.149,1067676,loop
38.199,1067676,loop
38.250,1067676,loop
38.300,1067676,loop
38.351,1067676,loop
38.401,1067676,loop
38.451,1067676,loop
38.502,1067676,loop
38.552,1067676,loop
38.603,1067676,loop
38.653,1067676,loop
38.704,1067676,loop
38.754,1067676,loop
38.805,1067676,loop
38.855,1067676,loop
38.906,1067676,loop
38.956,1067676,loop
39.007,1067676,loop
39.057,1067676,loop
39.107,1067676,loop
39.158,1067676,loop
39.208,1067676,loop
39.259,1067676,loop
39.309,1067676,loop
39.360,1067676,loop
39.410,1067676,loop
39.461,1067676,loop
39.511,1067676,loop
39.561,1067676,loop
39.612,1067676,loop
39.662,1067676,loop
39.713,1067676,loop
39.763,1067676,loop
39.814,1067676,loop
39.864,1067676,loop
39.915,1067676,loop
39.965,1067676,loop
40.016,1067676,loop
40.066,1067676,loop
40.117,1067676,loop
40.167,1067676,loop
40.217,1067676,loop
40.268,1067676,loop
40.318,1067676,loop
40.369,1067676,loop
40.419,1067676,loop
40.470,1067676,loop
40.520,1067676,loop
40.571,1067676,loop
40.621,1067676,loop
40.671,1067676,loop
40.722,1067676,loop
40.772,1067676,loop
40.823,1067676,loop
40.873,1067676,loop
40.924,1067676,loop
40.974,1067676,loop
41.025,1067676,loop
41.075,1067676,loop
41.126,1067676,loop
41.176,1067676,loop
41.227,1067676,loop
41.277,1067676,loop
41.328,1067676,loop
41.378,1067676,loop
41.428,1067676,loop
41.479,1067676,loop
41.529,1067676,loop
41.580,1067676,loop
41.630,1067676,loop
41.681,1067676,loop
41.731,1067680,loop
41.782,1067680,loop
41.832,1067740,loop
41.883,1067740,loop
41.933,1067740,loop
41.983,1067740,loop
42.034,1067740,loop
42.084,1067740,loop
42.135,1067740,loop
42.185,1067740,loop
42.236,1067740,loop
42.286,1067740,loop
42.337,1067740,loop
42.387,1067740,loop
42.437,1067740,loop
42.488,1067740,loop
42.538,1067740,loop
42.589,1067740,loop
42.639,1067740,loop
42.690,1067740,loop
42.740,1067740,loop
42.791,1067740,loop
42.841,1067740,loop
42.892,1067740,loop
42.942,1067740,loop
42.993,1067740,loop
43.043,1067740,loop
43.094,1067740,loop
43.144,1067740,loop
43.195,1067740,loop
43.245,1067740,loop
43.295,1067740,loop
43.346,1067740,loop
43.396,1067740,loop
43.447,1067740,loop
43.497,1067740,loop
43.548,1067740,loop
43.598,1067740,loop
43.649,1067740,loop
43.699,1067740,loop
43.750,1067740,loop
43.800,1067740,loop
43.851,1067740,loop
43.901,1068196,loop
43.952,1068196,loop
44.002,1068196,loop
44.053,1068196,loop
44.103,1068196,loop
44.154,1068196,loop
44.204,1068196,loop
44.255,1068196,loop
44.305,1068196,loop
44.355,1068196,loop
44.406,1068196,loop
44.457,1068196,loop
44.507,1068196,loop
44.557,1068196,loop
44.608,1068196,loop
44.658,1068196,loop
44.709,1068196,loop
44.759,1068200,loop
44.810,1068200,loop
44.860,1068200,loop
44.911,1068204,loop
44.961,1068204,loop
45.012,1068204,loop
45.062,1068204,loop
45.113,1068204,loop
45.163,1068204,loop
45.214,1068204,loop
45.264,1068204,loop
45.315,1068204,loop
45.365,1068204,loop
45.415,1068204,loop
45.466,1068204,loop
45.516,1068208,loop
45.567,1068208,loop
45.617,1068208,loop
45.668,1068392,loop
45.718,1068392,loop
45.769,1068392,loop
45.819,1068392,loop
45.870,1068392,loop
45.920,1068392,loop
45.971,1068392,loop
46.021,1068392,loop
46.072,1068392,loop
46.122,1068392,loop
46.172,1068392,loop
46.223,1068392,loop
46.273,1068392,loop
46.324,1068392,loop
46.374,1068392,loop
46.425,1068392,loop
46.475,1068392,loop
46.526,1068392,loop
46.576,1068392,loop
46.627,1068392,loop
46.677,1068392,loop
46.728,1068392,loop
46.778,1068396,loop
46.828,1068396,loop
46.879,1069048,loop
46.929,1069048,loop
46.980,1069048,loop
47.030,1069048,loop
47.081,1069048,loop
47.131,1069048,loop
47.182,1069048,loop
47.232,1069048,loop
47.283,1069048,loop
47.333,1069048,loop
47.384,1069048,loop
47.434,1069048,loop
47.485,1069048,loop
47.535,1069048,loop
47.586,1069048,loop
47.636,1069048,loop
47.687,1069048,loop
47.737,1069048,loop
47.788,1069048,loop
47.838,1069048,loop
47.889,1069048,loop
47.939,1069052,loop
47.989,1069052,loop
48.040,1069052,loop
48.090,1069052,loop
48.141,1069052,loop
48.191,1069052,loop
48.242,1069052,loop
48.292,1069052,loop
48.343,1069052,loop
48.393,1069052,loop
48.444,1069052,loop
48.494,1069052,loop
48.545,1069052,loop
48.595,1069052,loop
48.646,1069052,loop
48.696,1069052,loop
48.747,1069052,loop
48.797,1069052,loop
48.848,1069052,loop
48.898,1069052,loop
48.948,1069052,loop
48.999,1069052,loop
49.049,1069052,loop
49.100,1069052,loop
49.150,1069052,loop
49.201,1069052,loop
49.251,1069052,loop
49.302,1069052,loop
49.352,1069052,loop
49.402,1069052,loop
49.453,1069052,loop
49.503,1069052,loop
49.554,1069052,loop
49.604,1069052,loop
49.655,1069052,loop
49.705,1069052,loop
49.756,1069056,loop
49.806,1069056,loop
49.856,1069056,loop
49.907,1069056,loop
49.957,1069056,loop
50.008,1069056,loop
50.058,1069056,loop
50.109,1069056,loop
50.159,1069056,loop
50.210,1069056,loop
50.260,1069056,loop
50.311,1069056,loop
50.361,1069056,loop
50.412,1069056,loop
50.462,1069056,loop
50.513,1069056,loop
50.563,1069056,loop
50.613,1069056,loop
50.664,1069056,loop
50.714,1069056,loop
50.765,1069056,loop
50.815,1069056,loop
50.866,1069056,loop
50.916,1069056,loop
50.967,1069056,loop
51.017,1069056,loop
51.068,1069056,loop
51.118,1069056,loop
51.169,1069056,loop
51.219,1069056,loop
51.270,1069056,loop
51.320,1069056,loop
51.371,1069056,loop
51.421,1069056,loop
51.472,1069056,loop
51.522,1069056,loop
51.573,1069056,loop
51.623,1069056,loop
51.673,1069056,loop
51.724,1069060,loop
51.774,1069060,loop
51.825,1069060,loop
51.875,1069060,loop
51.926,1069060,loop
51.976,1069060,loop
52.027,1069060,loop
52.077,1069060,loop
52.128,1069060,loop
52.178,1069060,loop
52.229,1069060,loop
52.279,1069060,loop
52.329,1069060,loop
52.380,1069060,loop
52.430,1069060,loop
52.481,1069060,loop
52.531,1069060,loop
52.582,1069060,loop
52.632,1069060,loop
52.683,1069060,loop
52.733,1069060,loop
52.784,1069060,loop
52.834,1069060,loop
52.885,1069060,loop
52.935,1069060,loop
52.986,1069060,loop
53.036,1069060,loop
53.087,1069060,loop
53.137,1069060,loop
53.188,1069060,loop
53.238,1069060,loop
53.289,1069060,loop
53.339,1069060,loop
53.390,1069060,loop
53.440,1069060,loop
53.491,1069060,loop
53.541,1069060,loop
53.591,1069060,loop
53.642,1069060,loop
53.692,1069060,loop
53.743,1069060,loop
53.793,1069060,loop
53.844,1069060,loop
53.894,1069060,loop
53.945,1069060,loop
53.995,1069060,loop
54.046,1069060,loop
54.096,1069060,loop
54.147,1069060,loop
54.197,1069060,loop
54.247,1069060,loop
54.298,1069060,loop
54.348,1069060,loop
54.399,1069060,loop
54.449,1069060,loop
54.500,1069060,loop
54.550,1069064,loop
54.601,1069064,loop
54.651,1069064,loop
54.702,1069064,loop
54.752,1069064,loop
54.803,1069064,loop
54.853,1069064,loop
54.904,1069064,loop
54.954,1072624,loop
55.005,1072624,loop
55.055,1072624,loop
55.105,1072624,loop
55.156,1072624,loop
55.206,1072624,loop
55.257,1072624,loop
55.307,1072624,loop
55.358,1072624,loop
55.408,1072628,loop
55.459,1072628,loop
55.509,1072628,loop
55.560,1072628,loop
55.610,1072628,loop
55.661,1072628,loop
55.711,1072628,loop
55.762,1072628,loop
55.812,1072628,loop
55.862,1072628,loop
55.913,1072628,loop
55.963,1072628,loop
56.014,1072628,loop
56.064,1072628,loop
56.115,1072628,loop
56.165,1072628,loop
56.216,1072628,loop
56.266,1072628,loop
56.316,1072628,loop
56.367,1072628,loop
56.417,1072628,loop
56.468,1072628,loop
56.518,1072628,loop
56.569,1072628,loop
56.619,1072628,loop
56.670,1072628,loop
56.720,1072628,loop
56.771,1072628,loop
56.821,1072628,loop
56.871,1072628,loop
56.922,1072628,loop
56.972,1072628,loop
57.023,1072628,loop
57.073,1072628,loop
57.124,1072628,loop
57.174,1072628,loop
57.225,1072628,loop
57.275,1072628,loop
57.326,1072628,loop
57.376,1072628,loop
57.427,1072628,loop
57.477,1072628,loop
57.527,1072628,loop
57.578,1072628,loop
57.628,1072628,loop
57.679,1072628,loop
57.729,1072628,loop
57.780,1072628,loop
57.830,1072628,loop
57.881,1072628,loop
57.931,1072628,loop
57.982,1072628,loop
58.032,1072628,loop
58.082,1072628,loop
58.133,1072628,loop
58.183,1072628,loop
58.234,1072628,loop
58.284,1072628,loop
58.335,1072628,loop
58.385,1072628,loop
58.436,1072628,loop
58.486,1072628,loop
58.537,1072628,loop
58.587,1072628,loop
58.637,1072628,loop
58.688,1072628,loop
58.738,1072628,loop
58.789,1072628,loop
58.839,1072628,loop
58.890,1072628,loop
58.940,1072628,loop
58.991,1072628,loop
59.041,1072628,loop
59.092,1072628,loop
59.142,1072628,loop
59.193,1072628,loop
59.243,1072628,loop
59.293,1072628,loop
59.344,1072628,loop
59.394,1072628,loop
59.445,1072628,loop
59.495,1072628,loop
59.546,1072628,loop
59.596,1072628,loop
59.647,1072628,loop
59.697,1072628,loop
59.748,1072628,loop
59.798,1072628,loop
59.849,1072628,loop
59.899,1072628,loop
59.950,1072628,loop
60.000,1072628,loop
60.051,1072628,loop
60.101,1072628,loop
60.152,1072628,loop
60.202,1072628,loop
60.253,1072628,loop
60.303,1072628,loop
60.354,1072628,loop
60.404,1072628,loop
60.455,1072628,loop
60.505,1074676,loop
60.556,1074676,loop
60.606,1074676,loop
60.656,1074676,loop
60.707,1074676,loop
60.757,1074676,loop
60.808,1074676,loop
60.858,1074676,loop
60.909,1074676,loop
60.959,1074676,loop
61.010,1074676,loop
61.060,1074676,loop
61.111,1074676,loop
61.161,1074676,loop
61.212,1074676,loop
61.262,1074676,loop
61.313,1074676,loop
61.363,1074676,loop
61.414,1074676,loop
61.464,1074676,loop
61.515,1074676,loop
61.565,1074676,loop
61.616,1074676,loop
61.666,1074676,loop
61.717,1074676,loop
61.767,1074676,loop
61.817,1074676,loop
61.868,1074676,loop
61.918,1074676,loop
61.969,1074676,loop
62.019,1074676,loop
62.070,1074676,loop
62.120,1074676,loop
62.171,1074676,loop
62.221,1074676,loop
62.272,1074676,loop
62.322,1074676,loop
62.373,1074676,loop
62.423,1074676,loop
62.474,1074676,loop
62.524,1074676,loop
62.575,1074676,loop
62.625,1074676,loop
62.676,1074676,loop
62.726,1074676,loop
62.777,1074676,loop
62.827,1074676,loop
62.878,1074676,loop
62.928,1074676,loop
62.979,1074676,loop
63.029,1074676,loop
63.080,1074676,loop
63.130,1074676,loop
63.180,1074676,loop
63.231,1074676,loop
63.281,1074676,loop
63.332,1074676,loop
63.382,1074676,loop
63.433,1074676,loop
63.483,1074676,loop
63.534,1074676,loop
63.584,1074676,loop
63.635,1074676,loop
63.685,1074676,loop
63.736,1074676,loop
63.786,1074676,loop
63.837,1074676,loop
63.887,1074676,loop
63.938,1074676,loop
63.988,1074676,loop
64.039,1074676,loop
64.089,1074676,loop
64.140,1074676,loop
64.190,1074676,loop
64.241,1074676,loop
64.291,1074676,loop
64.342,1074676,loop
64.392,1074676,loop
64.442,1074676,loop
64.493,1074676,loop
64.543,1074676,loop
64.594,1074676,loop
64.644,1074676,loop
64.695,1074676,loop
64.745,1074676,loop
64.796,1074676,loop
64.846,1074676,loop
64.897,1074676,loop
64.947,1074676,loop
64.998,1074676,loop
65.048,1074676,loop
65.099,1074676,loop
65.149,1074676,loop
65.200,1074676,loop
65.250,1074676,loop
65.301,1074676,loop
65.351,1074676,loop
65.401,1074676,loop
65.452,1074676,loop
65.502,1074676,loop
65.553,1074676,loop
65.603,1074676,loop
65.654,1074676,loop
65.704,1074676,loop
65.755,1074676,loop
65.805,1074676,loop
65.856,1074676,loop
65.906,1074680,loop
65.957,1074680,loop
66.007,1074680,loop
66.058,1074680,loop
66.108,1074680,loop
66.159,1074680,loop
66.209,1074680,loop
66.260,1074680,loop
66.310,1074680,loop
66.361,1074680,loop
66.411,1074680,loop
66.462,1074680,loop
66.512,1074680,loop
66.562,1074680,loop
66.613,1074680,loop
66.663,1074680,loop
66.714,1074680,loop
66.764,1074680,loop
66.815,1074680,loop
66.865,1074680,loop
66.916,1074680,loop
66.966,1074680,loop
67.017,1074680,loop
67.067,1074680,loop
67.118,1074680,loop
67.168,1074680,loop
67.219,1074680,loop
67.269,1074680,loop
67.320,1074680,loop
67.370,1074680,loop
67.421,1074680,loop
67.471,1074680,loop
67.522,1074680,loop
67.572,1074680,loop
67.622,1074680,loop
67.673,1074680,loop
67.723,1074680,loop
67.774,1074680,loop
67.824,1074680,loop
67.875,1074680,loop
67.925,1074680,loop
67.976,1074680,loop
68.026,1074680,loop
68.077,1074680,loop
68.127,1074680,loop
68.178,1074680,loop
68.228,1074680,loop
68.279,1074680,loop
68.329,1074680,loop
68.380,1074680,loop
68.430,1074680,loop
68.480,1074680,loop
68.531,1074680,loop
68.581,1074680,loop
68.632,1074680,loop
68.682,1074680,loop
68.733,1074680,loop
68.783,1074680,loop
68.834,1074680,loop
68.884,1074680,loop
68.935,1074680,loop
68.985,1074680,loop
69.036,1074680,loop
69.086,1074680,loop
69.137,1074680,loop
69.187,1074680,loop
69.237,1074680,loop
69.288,1074680,loop
69.338,1074680,loop
69.389,1074680,loop
69.439,1074680,loop
69.490,1074680,loop
69.540,1074680,loop
69.591,1074680,loop
69.641,1074680,loop
69.692,1074680,loop
69.742,1074680,loop
69.793,1074680,loop
69.843,1074680,loop
69.894,1074680,loop
69.944,1074680,loop
69.995,1074680,loop
70.045,1074680,loop
70.095,1074680,loop
70.146,1074680,loop
70.197,1074680,loop
70.247,1074680,loop
70.297,1074680,loop
70.348,1074680,loop
70.398,1074680,loop
70.449,1074680,loop
70.499,1074680,loop
70.550,1074680,loop
70.600,1074680,loop
70.651,1074680,loop
70.701,1074680,loop
70.752,1074680,loop
70.802,1074680,loop
70.853,1074680,loop
70.903,1074680,loop
70.954,1074680,loop
71.004,1074680,loop
71.055,1074680,loop
71.105,1074680,loop
71.155,1074680,loop
71.206,1074680,loop
71.256,1074680,loop
71.307,1074680,loop
71.357,1074680,loop
71.408,1074680,loop
71.458,1074680,loop
71.509,1074680,loop
71.559,1074680,loop
71.610,1074680,loop
71.660,1074680,loop
71.711,1074680,loop
71.761,1074680,loop
71.812,1074680,loop
71.862,1074680,loop
71.913,1074680,loop
71.963,1074680,loop
72.014,1074680,loop
72.064,1074680,loop
72.115,1074680,loop
72.165,1074680,loop
72.216,1074680,loop
72.266,1074680,loop
72.316,1074680,loop
72.367,1074680,loop
72.417,1074680,loop
72.468,1074680,loop
72.518,1074680,loop
72.569,1074680,loop
72.619,1074680,loop
72.670,1074680,loop
72.720,1074680,loop
72.771,1074680,loop
72.821,1074680,loop
72.872,1074680,loop
72.922,1074680,loop
72.973,1074680,loop
73.023,1074680,loop
73.074,1074680,loop
73.124,1074680,loop
73.175,1074680,loop
73.225,1074680,loop
73.276,1074680,loop
73.326,1074680,loop
73.376,1074680,loop
73.427,1074680,loop
73.477,1074680,loop
73.528,1074680,loop
73.578,1074680,loop
73.629,1074680,loop
73.679,1074680,loop
73.730,1074680,loop
73.780,1074680,loop
73.831,1074680,loop
73.881,1074680,loop
73.932,1074680,loop
73.982,1074680,loop
74.033,1074680,loop
74.083,1074680,loop
74.134,1074680,loop
74.184,1074680,loop
74.234,1074680,loop
74.285,1074680,loop
74.335,1074680,loop
74.386,1074680,loop
74.436,1074680,loop
74.487,1074680,loop
74.537,1074680,loop
74.588,1074680,loop
74.638,1074680,loop
74.689,1074680,loop
74.739,1074680,loop
74.790,1074680,loop
74.840,1074680,loop
74.891,1074680,loop
74.941,1074684,loop
74.992,1074684,loop
75.042,1074684,loop
75.093,1074684,loop
75.143,1074684,loop
75.194,1074684,loop
75.244,1074684,loop
75.295,1074684,loop
75.345,1074684,loop
75.396,1074684,loop
75.446,1074684,loop
75.497,1074684,loop
75.547,1074684,loop
75.598,1074684,loop
75.648,1074684,loop
75.698,1074684,loop
75.749,1074684,loop
75.799,1074684,loop
75.850,1074684,loop
75.900,1074684,loop
75.951,1074684,loop
76.001,1074684,loop
76.052,1035868,loop
76.102,1035868,loop
76.153,1035868,loop
76.203,1035868,loop
76.254,1035868,loop
76.304,1035868,loop
76.355,1035868,loop
76.405,1035868,loop
76.455,1035868,loop
76.506,1035868,loop
76.556,1035868,loop
76.607,1035868,loop
76.657,1035868,loop
76.708,1035868,loop
76.758,1035868,loop
76.809,1035868,loop
76.859,1035868,loop
76.909,1035868,loop
76.960,1035868,loop
77.010,1035868,loop
77.061,1035868,loop
77.111,1035868,loop
77.162,1033548,loop
77.212,1033548,loop
77.262,1033640,loop
77.313,1033640,loop
77.363,1033640,loop
77.414,1033640,loop
77.464,1033640,loop
77.515,1033640,loop
77.565,1033640,loop
77.616,1033640,loop
77.666,1033640,loop
77.717,1033640,loop
77.767,1033640,loop
77.818,1033640,loop
77.868,1033640,loop
77.918,1033640,loop
77.969,1033640,loop
78.019,1033640,loop
78.070,1033640,loop
78.120,1033640,loop
78.171,1033640,loop
78.221,1033640,loop
78.272,1033640,loop
78.322,1033640,loop
78.373,1033640,loop
78.423,1033640,loop
78.474,1033640,loop
78.524,1030760,loop
78.575,1024856,loop
78.625,1022680,loop
78.676,999808,loop
78.726,974060,loop
78.777,967876,loop
78.827,968084,loop
78.878,973868,loop
78.928,981504,loop
78.979,981560,loop
79.029,981560,loop
79.079,981572,loop
79.130,981572,loop
79.180,981572,loop
79.231,981572,loop
79.281,981572,loop
79.332,981572,loop
79.382,982048,loop
79.433,982560,loop
79.483,982560,loop
79.534,982560,loop
79.584,982560,loop
79.635,982560,loop
79.685,982560,loop
79.736,982560,loop
79.786,982560,loop
79.837,982560,loop
79.887,982560,loop
79.937,982560,loop
79.988,982560,loop
80.038,982560,loop
80.089,982560,loop
80.139,982560,loop
80.190,982560,loop
80.240,982560,loop
80.291,982560,loop
80.341,982560,loop
80.392,982560,loop
80.442,982560,loop
80.493,982560,loop
80.543,982560,loop
80.594,982560,loop
80.644,982560,loop
80.695,982560,loop
80.745,982560,loop
80.796,982560,loop
80.846,982560,loop
80.896,982560,loop
80.947,982560,loop
80.997,982560,loop
81.048,982560,loop
81.098,982564,loop
81.149,982564,loop
81.199,982800,loop
81.250,982800,loop
81.300,982800,loop
81.351,982800,loop
81.401,982800,loop
81.452,982800,loop
81.502,982800,loop
81.553,982800,loop
81.603,982800,loop
81.654,982800,loop
81.704,982800,loop
81.755,982800,loop
81.805,982800,loop
81.856,982800,loop
81.906,982804,loop
81.957,982944,loop
82.007,982944,loop
82.058,982944,loop
82.108,982944,loop
82.158,982944,loop
82.209,982944,loop
82.259,982944,loop
82.310,982944,loop
82.360,982944,loop
82.411,982948,loop
82.461,984652,loop
82.512,984652,loop
82.562,984652,loop
82.613,984652,loop
82.663,984652,loop
82.714,984652,loop
82.764,984652,loop
82.814,984652,loop
82.865,984652,loop
82.915,984652,loop
82.966,984652,loop
83.016,984652,loop
83.067,984652,loop
83.117,984652,loop
83.168,984652,loop
83.218,984652,loop
83.269,984652,loop
83.319,984652,loop
83.370,984652,loop
83.420,984652,loop
83.470,984652,loop
83.521,984652,loop
83.571,984652,loop
83.622,984652,loop
83.672,984652,loop
83.723,984652,loop
83.773,984652,loop
83.824,984652,loop
83.874,984652,loop
83.925,984652,loop
83.975,984652,loop
84.026,984652,loop
84.076,984652,loop
84.127,984652,loop
84.177,984652,loop
84.228,984652,loop
84.278,984652,loop
84.329,984652,loop
84.379,984652,loop
84.429,984652,loop
84.480,984652,loop
84.530,984652,loop
84.581,984652,loop
84.631,984652,loop
84.682,984652,loop
84.732,984652,loop
84.783,984652,loop
84.833,984652,loop
84.884,984652,loop
84.934,984652,loop
84.985,984652,loop
85.035,984652,loop
85.086,984652,loop
85.136,984652,loop
85.186,984652,loop
85.237,984652,loop
85.287,984652,loop
85.338,984652,loop
85.388,984652,loop
85.439,984652,loop
85.489,984652,loop
85.540,984652,loop
85.590,984652,loop
85.640,984652,loop
85.691,984652,loop
85.741,984652,loop
85.792,984652,loop
85.842,984652,loop
85.893,984652,loop
85.943,984652,loop
85.994,984652,loop
86.044,984652,loop
86.095,984652,loop
86.145,984652,loop
86.196,984652,loop
86.246,984652,loop
86.297,984652,loop
86.347,984652,loop
86.397,984652,loop
86.448,984652,loop
86.499,984652,loop
86.549,984652,loop
86.599,984652,loop
86.650,984652,loop
86.700,984652,loop
86.751,984652,loop
86.801,984652,loop
86.852,984652,loop
86.902,984652,loop
86.953,984652,loop
87.003,984652,loop
87.054,984652,loop
87.104,984652,loop
87.155,984652,loop
87.205,984652,loop
87.255,976016,loop
87.306,975160,loop
87.356,975160,loop
87.407,975160,loop
87.457,975160,loop
87.508,975160,loop
87.558,975160,loop
87.609,975160,loop
87.659,975160,loop
87.710,975160,loop
87.760,975160,loop
87.811,975160,loop
87.861,975160,loop
87.912,975160,loop
87.962,975160,loop
88.013,975160,loop
88.063,975160,loop
88.114,975160,loop
88.164,975160,loop
88.214,975160,loop
88.265,975160,loop
88.315,975160,loop
88.366,975160,loop
88.416,975160,loop
88.467,975160,loop
88.517,977908,loop
88.568,977908,loop
88.618,977908,loop
88.669,977908,loop
88.719,977908,loop
88.770,977908,loop
88.820,977908,loop
88.871,977908,loop
88.921,977908,loop
88.972,977908,loop
89.022,977908,loop
89.073,977908,loop
89.123,977908,loop
89.174,977908,loop
89.224,977908,loop
89.275,977908,loop
89.325,977908,loop
89.376,977912,loop
89.426,977912,loop
89.476,977912,loop
89.527,977912,loop
89.577,977912,loop
89.628,977912,loop
89.678,977912,loop
89.729,977912,loop
89.779,977912,loop
89.830,977912,loop
89.880,977912,loop
89.931,977912,loop
89.981,977912,loop
90.032,977912,loop
90.082,977912,loop
90.133,977912,loop
90.183,977912,loop
90.234,977912,loop
90.284,974512,loop
90.335,959256,loop
90.385,959268,loop
90.435,959268,loop
90.486,959268,loop
90.536,959268,loop
90.587,959268,loop
90.637,959268,loop
90.688,959268,loop
90.738,959268,loop
90.789,959268,loop
90.839,959268,loop
90.890,959268,loop
90.940,959268,loop
90.991,959268,loop
91.041,959268,loop
91.092,959268,loop
91.142,959268,loop
91.193,959268,loop
91.243,959268,loop
91.294,959268,loop
91.344,959268,loop
91.394,959268,loop
91.445,959268,loop
91.495,959268,loop
91.546,959268,loop
91.596,959268,loop
91.647,959268,loop
91.697,959268,loop
91.748,959268,loop
91.798,959268,loop
91.849,959268,loop
91.899,959268,loop
91.950,959268,loop
92.000,959268,loop
92.051,959268,loop
92.101,959268,loop
92.152,959268,loop
92.202,959268,loop
92.253,959268,loop
92.303,959268,loop
92.354,959268,loop
92.404,959268,loop
92.455,959268,loop
92.505,959268,loop
92.556,959268,loop
92.606,959268,loop
92.657,959268,loop
92.707,959268,loop
92.758,959268,loop
92.808,959268,loop
92.859,959268,loop
92.909,959268,loop
92.960,959268,loop
93.010,959268,loop
93.061,959268,loop
93.111,959268,loop
93.161,959268,loop
93.212,959272,loop
93.262,970984,loop
93.313,956644,loop
93.363,956644,loop
93.414,956644,loop
93.464,956644,loop
93.515,956644,loop
93.565,956644,loop
93.616,956644,loop
93.666,956644,loop
93.717,956644,loop
93.767,956644,loop
93.818,956644,loop
93.868,956644,loop
93.919,956644,loop
93.969,956644,loop
94.020,956644,loop
94.070,956644,loop
94.121,956644,loop
94.171,956644,loop
94.222,956644,loop
94.272,956644,loop
94.323,956644,loop
94.373,956644,loop
94.423,956644,loop
94.474,956644,loop
94.525,956644,loop
94.575,956644,loop
94.626,956644,loop
94.676,956644,loop
94.727,956644,loop
94.777,956644,loop
94.828,956644,loop
94.878,956644,loop
94.929,956644,loop
94.979,956644,loop
95.030,956644,loop
95.080,956644,loop
95.130,956644,loop
95.181,956644,loop
95.231,956644,loop
95.282,956644,loop
95.332,956644,loop
95.383,956644,loop
95.433,956644,loop
95.484,956644,loop
95.534,956644,loop
95.585,956644,loop
95.635,956644,loop
95.686,956644,loop
95.736,956644,loop
95.787,956644,loop
95.837,956644,loop
95.888,956644,loop
95.938,956644,loop
95.989,956644,loop
96.039,956644,loop
96.090,956644,loop
96.140,956644,loop
96.190,956644,loop
96.241,956644,loop
96.291,956644,loop
96.342,956644,loop
96.392,956648,loop
96.443,956648,loop
96.493,956648,loop
96.544,956648,loop
96.594,956648,loop
96.645,956648,loop
96.695,956648,loop
96.746,956648,loop
96.796,956648,loop
96.847,956648,loop
96.897,945364,loop
96.948,945364,loop
96.998,945364,loop
97.049,945364,loop
97.099,945364,loop
97.149,945364,loop
97.200,945364,loop
97.250,945364,loop
97.301,945364,loop
97.351,945364,loop
97.402,945364,loop
97.452,945364,loop
97.503,945364,loop
97.553,945364,loop
97.604,945364,loop
97.654,945364,loop
97.705,945364,loop
97.755,945364,loop
97.806,945364,loop
97.856,945364,loop
97.907,945364,loop
97.957,945364,loop
98.008,945364,loop
98.058,945364,loop
98.108,945364,loop
98.159,945364,loop
98.209,945364,loop
98.260,945364,loop
98.310,945364,loop
98.361,945364,loop
98.411,945364,loop
98.462,945364,loop
98.512,945364,loop
98.563,945364,loop
98.613,945364,loop
98.664,945364,loop
98.714,945364,loop
98.765,945364,loop
98.815,945364,loop
98.866,945364,loop
98.916,945364,loop
98.967,945364,loop
99.017,945364,loop
99.068,945364,loop
99.118,945364,loop
99.169,945364,loop
99.219,945364,loop
99.270,945364,loop
99.320,945364,loop
99.371,945364,loop
99.421,945364,loop
99.472,945364,loop
99.522,945364,loop
99.573,945364,loop
99.623,945364,loop
99.674,945364,loop
99.724,945364,loop
99.775,945364,loop
99.825,945364,loop
99.876,945364,loop
99.926,945364,loop
99.977,945364,loop
100.027,945364,loop
100.078,945364,loop
100.128,945364,loop
100.179,945364,loop
100.229,945364,loop
100.279,945364,loop
100.330,945364,loop
100.380,945364,loop
100.431,945364,loop
100.481,945364,loop
100.532,945364,loop
100.582,945364,loop
100.633,945364,loop
100.683,945364,loop
100.734,945364,loop
100.784,945364,loop
100.835,945364,loop
100.885,945364,loop
100.936,945364,loop
100.986,945364,loop
101.037,945368,loop
101.087,949028,loop
101.138,949028,loop
101.188,949028,loop
101.239,949028,loop
101.289,949028,loop
101.340,949028,loop
101.390,949028,loop
101.441,949028,loop
101.491,949028,loop
101.542,949028,loop
101.592,949028,loop
101.643,949028,loop
101.693,949028,loop
101.744,949028,loop
101.794,949028,loop
101.844,949028,loop
101.895,949028,loop
101.945,949028,loop
101.996,949028,loop
102.046,949028,loop
102.097,949028,loop
102.147,949028,loop
102.198,949028,loop
102.248,949028,loop
102.299,949028,loop
102.349,949028,loop
102.400,949028,loop
102.450,949028,loop
102.501,949028,loop
102.551,949028,loop
102.602,949028,loop
102.652,949028,loop
102.703,949028,loop
102.753,949028,loop
102.804,949028,loop
102.854,949028,loop
102.905,949028,loop
102.955,949028,loop
103.006,949028,loop
103.056,949028,loop
103.107,949028,loop
103.157,949028,loop
103.208,949028,loop
103.258,949028,loop
103.309,949028,loop
103.359,949028,loop
103.409,949028,loop
103.460,949028,loop
103.510,949028,loop
103.561,949028,loop
103.611,949028,loop
103.662,949028,loop
103.712,949028,loop
103.763,949028,loop
103.813,949028,loop
103.864,949028,loop
103.914,949028,loop
103.965,949028,loop
104.015,949028,loop
104.065,949028,loop
104.116,949028,loop
104.166,949028,loop
104.217,949028,loop
104.267,949028,loop
104.318,949028,loop
104.368,949028,loop
104.419,949028,loop
104.469,949028,loop
104.520,949028,loop
104.570,949028,loop
104.621,949028,loop
104.671,949028,loop
104.721,949028,loop
104.772,949028,loop
104.822,949028,loop
104.873,949028,loop
104.923,949028,loop
104.974,949028,loop
105.024,949028,loop
105.075,949028,loop
105.126,941288,loop
105.176,939944,loop
105.227,940092,loop
105.277,940092,loop
105.327,940092,loop
105.378,940092,loop
105.428,940092,loop
105.479,940092,loop
105.529,940092,loop
105.580,940092,loop
105.630,940092,loop
105.681,940092,loop
105.731,940092,loop
105.782,940092,loop
105.832,940092,loop
105.883,940092,loop
105.933,940092,loop
105.984,940092,loop
106.034,940092,loop
106.085,940092,loop
106.135,940092,loop
106.186,940092,loop
106.236,940092,loop
106.287,940092,loop
106.337,940092,loop
106.388,940092,loop
106.438,940092,loop
106.489,940092,loop
106.539,940092,loop
106.590,940092,loop
106.640,940092,loop
106.690,940092,loop
106.741,940092,loop
106.791,940092,loop
106.842,940092,loop
106.892,940092,loop
106.943,940092,loop
106.993,940100,loop
107.044,940100,loop
107.094,940100,loop
107.145,940100,loop
107.195,940100,loop
107.246,940100,loop
107.296,940100,loop
107.347,940100,loop
107.397,940100,loop
107.448,940100,loop
107.498,940100,loop
107.549,940100,loop
107.599,940100,loop
107.650,940100,loop
107.700,940100,loop
107.751,940100,loop
107.801,940100,loop
107.852,940100,loop
107.902,940100,loop
107.953,940100,loop
108.003,940100,loop
108.054,940100,loop
108.104,940100,loop
108.155,940100,loop
108.205,940100,loop
108.256,940100,loop
108.306,940100,loop
108.356,940100,loop
108.407,940100,loop
108.457,940100,loop
108.508,940100,loop
108.558,940100,loop
108.609,940100,loop
108.659,940100,loop
108.710,940100,loop
108.760,940100,loop
108.811,940100,loop
108.861,940100,loop
108.912,940100,loop
108.962,940100,loop
109.013,940100,loop
109.063,940100,loop
109.114,940100,loop
109.164,940100,loop
109.215,940100,loop
109.265,940100,loop
109.315,940100,loop
109.366,940100,loop
109.416,940100,loop
109.467,940100,loop
109.517,940100,loop
109.568,940100,loop
109.618,940100,loop
109.669,940100,loop
109.719,940100,loop
109.770,940100,loop
109.820,940100,loop
109.871,940100,loop
109.921,940100,loop
109.972,936696,loop
110.022,931740,loop
110.073,931824,loop
110.123,931824,loop
110.174,931824,loop
110.224,931824,loop
110.274,931824,loop
110.325,931824,loop
110.375,931824,loop
110.426,931824,loop
110.476,931824,loop
110.527,931824,loop
110.577,931824,loop
110.628,931824,loop
110.678,931824,loop
110.729,931824,loop
110.779,931824,loop
110.830,931824,loop
110.880,931824,loop
110.931,931824,loop
110.981,931824,loop
111.032,931824,loop
111.082,931824,loop
111.132,931824,loop
111.183,931824,loop
111.233,931824,loop
111.284,931824,loop
111.334,931824,loop
111.385,931824,loop
111.435,931824,loop
111.486,931828,loop
111.536,931828,loop
111.587,932356,loop
111.637,932356,loop
111.688,932356,loop
111.738,932356,loop
111.789,932356,loop
111.839,932356,loop
111.890,932356,loop
111.940,932356,loop
111.991,932356,loop
112.041,932356,loop
112.092,932356,loop
112.142,932356,loop
112.193,932356,loop
112.243,932356,loop
112.294,932356,loop
112.344,932356,loop
112.395,932356,loop
112.445,932356,loop
112.496,932356,loop
112.546,932356,loop
112.597,932356,loop
112.647,932356,loop
112.698,932356,loop
112.748,932356,loop
112.799,932356,loop
112.849,932356,loop
112.900,932356,loop
112.950,932356,loop
113.000,932356,loop
113.051,932356,loop
113.101,932356,loop
113.152,932356,loop
113.202,932356,loop
113.253,932356,loop
113.303,932356,loop
113.354,932356,loop
113.404,932356,loop
113.455,932356,loop
113.505,932356,loop
113.556,932356,loop
113.606,932356,loop
113.657,932356,loop
113.707,932356,loop
113.758,932356,loop
113.808,932356,loop
113.859,932356,loop
113.909,932356,loop
113.960,932356,loop
114.010,932356,loop
114.061,932356,loop
114.111,932356,loop
114.162,932356,loop
114.212,932356,loop
114.263,932356,loop
114.313,932356,loop
114.364,932356,loop
114.414,932356,loop
114.464,932356,loop
114.515,932356,loop
114.565,932356,loop
114.616,932356,loop
114.666,932356,loop
114.717,932356,loop
114.767,932356,loop
114.818,932356,loop
114.868,932356,loop
114.919,932356,loop
114.969,932356,loop
115.020,932356,loop
115.070,932356,loop
115.121,932356,loop
115.171,932356,loop
115.222,932356,loop
115.272,932356,loop
115.323,932356,loop
115.373,932356,loop
115.424,932356,loop
115.474,932356,loop
115.525,932356,loop
115.575,932356,loop
115.625,932356,loop
115.676,932356,loop
115.726,932356,loop
115.777,932356,loop
115.827,932356,loop
115.878,932356,loop
115.928,932356,loop
115.979,932356,loop
116.029,932356,loop
116.080,932356,loop
116.130,932356,loop
116.181,932356,loop
116.231,932356,loop
116.282,932356,loop
116.332,932356,loop
116.383,932364,loop
116.433,932364,loop
116.484,932364,loop
116.534,932364,loop
116.585,932364,loop
116.635,932364,loop
116.685,932364,loop
116.736,932364,loop
116.786,932364,loop
116.837,932364,loop
116.887,932364,loop
116.938,932364,loop
116.988,932364,loop
117.039,932364,loop
117.089,932364,loop
117.140,932364,loop
117.190,932364,loop
117.241,932364,loop
117.291,932364,loop
117.342,932364,loop
117.392,932364,loop
117.443,932364,loop
117.493,932364,loop
117.544,932364,loop
117.594,932364,loop
117.645,932364,loop
117.695,932364,loop
117.746,932364,loop
117.796,932364,loop
117.847,932364,loop
117.897,932364,loop
117.948,932364,loop
117.998,932364,loop
118.048,932364,loop
118.099,932364,loop
118.149,932364,loop
118.200,932364,loop
118.250,932364,loop
118.301,932364,loop
118.351,932364,loop
118.402,932364,loop
118.452,932364,loop
118.503,932364,loop
118.553,932364,loop
118.604,932364,loop
118.654,915116,loop
118.705,915152,loop
118.755,915152,loop
118.806,915152,loop
118.856,915152,loop
118.907,915152,loop
118.957,915152,loop
119.008,915192,loop
119.058,915248,loop
119.109,915328,loop
119.159,915352,loop
119.209,915352,loop
119.260,915352,loop
119.310,915352,loop
119.361,915352,loop
119.411,915352,loop
119.462,915352,loop
119.512,915352,loop
119.563,915352,loop
119.613,915352,loop
119.664,915352,loop
119.714,915352,loop
119.765,915352,loop
119.815,915352,loop
119.866,915352,loop
119.916,915352,loop
119.967,915352,loop
120.017,915352,loop
120.068,915352,loop
120.118,915352,loop
120.169,915352,loop
120.219,915352,loop
120.270,915352,loop
120.320,915352,loop
120.371,915352,loop
120.421,915352,loop
120.472,915352,loop
120.522,915352,loop
120.573,915352,loop
120.623,915352,loop
120.673,915352,loop
120.724,915352,loop
120.774,915352,loop
120.825,915352,loop
120.875,915352,loop
120.926,915352,loop
120.976,915352,loop
121.027,915352,loop
121.077,915352,loop
121.128,915352,loop
121.178,915352,loop
121.229,915352,loop
121.279,915352,loop
121.329,915352,loop
121.380,915352,loop
121.430,915352,loop
121.481,915352,loop
121.531,915352,loop
121.582,915352,loop
121.632,915352,loop
121.683,915352,loop
121.733,915352,loop
121.784,915352,loop
121.834,915352,loop
121.885,915352,loop
121.935,915352,loop
121.986,915352,loop
122.036,915352,loop
122.087,915352,loop
122.137,915352,loop
122.188,915352,loop
122.238,915352,loop
122.289,915352,loop
122.339,915352,loop
122.390,915352,loop
122.440,915352,loop
122.490,915352,loop
122.541,915352,loop
122.591,915352,loop
122.642,915352,loop
122.692,915352,loop
122.743,915352,loop
122.793,915352,loop
122.844,915352,loop
122.894,915352,loop
122.945,915352,loop
122.995,915352,loop
123.046,915352,loop
123.096,915352,loop
123.147,915352,loop
123.197,915352,loop
123.248,915352,loop
123.298,915352,loop
123.349,915352,loop
123.399,915352,loop
123.449,915356,loop
123.500,915356,loop
123.550,915356,loop
123.601,915356,loop
123.651,915356,loop
123.702,915356,loop
123.752,915356,loop
123.803,915356,loop
123.853,915356,loop
123.904,915356,loop
123.954,915356,loop
124.005,915356,loop
124.055,915360,loop
124.106,915360,loop
124.156,916328,loop
124.207,916328,loop
124.257,916328,loop
124.307,916328,loop
124.358,916328,loop
124.408,916328,loop
124.459,916328,loop
124.509,916328,loop
124.560,916328,loop
124.610,916328,loop
124.661,916328,loop
124.711,916328,loop
124.762,916328,loop
124.812,916328,loop
124.863,916328,loop
124.913,916328,loop
124.964,916328,loop
125.014,916328,loop
125.065,916328,loop
125.115,916328,loop
125.165,901940,loop
125.216,901940,loop
125.266,901940,loop
125.317,901940,loop
125.367,901940,loop
125.418,901940,loop
125.468,901940,loop
125.519,901940,loop
125.569,901940,loop
125.620,901940,loop
125.670,901940,loop
125.721,901940,loop
125.771,901940,loop
125.822,901940,loop
125.872,901940,loop
125.923,901940,loop
125.973,901940,loop
126.023,901940,loop
126.074,901940,loop
126.124,901940,loop
126.175,901940,loop
126.225,901940,loop
126.276,901940,loop
126.326,901940,loop
126.377,901940,loop
126.427,901940,loop
126.478,901940,loop
126.528,901940,loop
126.579,901940,loop
126.629,901940,loop
126.680,901940,loop
126.730,901940,loop
126.781,901940,loop
126.831,901940,loop
126.882,906040,loop
126.932,901940,loop
126.983,901940,loop
127.033,901940,loop
127.083,901940,loop
127.134,901940,loop
127.184,901940,loop
127.235,901940,loop
127.285,901940,loop
127.336,901940,loop
127.386,901940,loop
127.437,901940,loop
127.487,901940,loop
127.538,901940,loop
127.588,901940,loop
127.639,901940,loop
127.689,901940,loop
127.739,901940,loop
127.790,901940,loop
127.840,901940,loop
127.891,901940,loop
127.941,901940,loop
127.992,901940,loop
128.042,901940,loop
128.093,901940,loop
128.143,901940,loop
128.194,901940,loop
128.244,901940,loop
128.295,901940,loop
128.345,901940,loop
128.396,901940,loop
128.446,901940,loop
128.497,901940,loop
128.547,901940,loop
128.597,901940,loop
128.648,901940,loop
128.698,901940,loop
128.749,901940,loop
128.799,901940,loop
128.850,901940,loop
128.900,901940,loop
128.951,901940,loop
129.001,901940,loop
129.052,901940,loop
129.102,901940,loop
129.153,901940,loop
129.203,901940,loop
129.254,901940,loop
129.304,901940,loop
129.355,901940,loop
129.405,901940,loop
129.455,901940,loop
129.506,901940,loop
129.556,901940,loop
129.607,901940,loop
129.657,901940,loop
129.708,901940,loop
129.758,901940,loop
129.809,901940,loop
129.859,901940,loop
129.910,901940,loop
129.960,901940,loop
130.011,901940,loop
130.061,901940,loop
130.112,901940,loop
130.162,901940,loop
130.213,901940,loop
130.263,901940,loop
130.314,901940,loop
130.364,901940,loop
130.414,901940,loop
130.465,901940,loop
130.515,901940,loop
130.566,901940,loop
130.616,901940,loop
130.667,901940,loop
130.717,901940,loop
130.768,901940,loop
130.818,901940,loop
130.869,901940,loop
130.919,901940,loop
130.970,901940,loop
131.020,901940,loop
131.071,901940,loop
131.121,901940,loop
131.172,901940,loop
131.222,901940,loop
131.272,901940,loop
131.323,901940,loop
131.373,901940,loop
131.424,901940,loop
131.474,901940,loop
131.525,901940,loop
131.575,901940,loop
131.626,901940,loop
131.676,901940,loop
131.727,901940,loop
131.777,901940,loop
131.828,901940,loop
131.878,901940,loop
131.929,901940,loop
131.979,901940,loop
132.030,901940,loop
132.080,901940,loop
132.130,901940,loop
132.181,901940,loop
132.231,901940,loop
132.282,901940,loop
132.332,901940,loop
132.383,901940,loop
132.433,901940,loop
132.484,901940,loop
132.534,901940,loop
132.585,901940,loop
132.635,901940,loop
132.686,901940,loop
132.736,901940,loop
132.787,901940,loop
132.837,898924,loop
132.888,871772,loop
132.938,871732,loop
132.989,871772,loop
133.039,871772,loop
133.090,871772,loop
133.140,871772,loop
133.191,871772,loop
133.241,871772,loop
133.292,871772,loop
133.342,871772,loop
133.393,871772,loop
133.443,871772,loop
133.494,871772,loop
133.544,871772,loop
133.594,871772,loop
133.645,871772,loop
133.695,871772,loop
133.746,871772,loop
133.796,871772,loop
133.847,871772,loop
133.897,871772,loop
133.948,871772,loop
133.998,871772,loop
134.048,871772,loop
134.099,871772,loop
134.149,871772,loop
134.200,871772,loop
134.250,871772,loop
134.301,871772,loop
134.351,871772,loop
134.402,871772,loop
134.452,871772,loop
134.503,871772,loop
134.553,871772,loop
134.604,871772,loop
134.654,871772,loop
134.705,871772,loop
134.755,871772,loop
134.806,871772,loop
134.856,871772,loop
134.906,871772,loop
134.957,871772,loop
135.007,871772,loop
135.058,871772,loop
135.108,871772,loop
135.159,871772,loop
135.209,871772,loop
135.260,871772,loop
135.310,871772,loop
135.361,871772,loop
135.411,871772,loop
135.462,871772,loop
135.512,871772,loop
135.563,871772,loop
135.613,871772,loop
135.664,871772,loop
135.714,871772,loop
135.765,871772,loop
135.815,871772,loop
135.865,871772,loop
135.916,871772,loop
135.966,871772,loop
136.017,871772,loop
136.067,871772,loop
136.118,871772,loop
136.168,871772,loop
136.219,871772,loop
136.269,871772,loop
136.320,871772,loop
136.370,871772,loop
136.421,871772,loop
136.471,871772,loop
136.522,871772,loop
136.572,871772,loop
136.623,871772,loop
136.673,871772,loop
136.723,871772,loop
136.774,871772,loop
136.824,871772,loop
136.875,871772,loop
136.925,871772,loop
136.976,871772,loop
137.026,871772,loop
137.077,871772,loop
137.127,871772,loop
137.178,871772,loop
137.228,871772,loop
137.279,871772,loop
137.329,871772,loop
137.380,871772,loop
137.430,871772,loop
137.481,871772,loop
137.531,871772,loop
137.582,871772,loop
137.632,871772,loop
137.682,871772,loop
137.733,871772,loop
137.783,871772,loop
137.834,871772,loop
137.884,871772,loop
137.935,871772,loop
137.985,871772,loop
138.036,871772,loop
138.086,871772,loop
138.137,871772,loop
138.187,871772,loop
138.238,871772,loop
138.288,871772,loop
138.339,871772,loop
138.389,871772,loop
138.440,871772,loop
138.490,871772,loop
138.541,871772,loop
138.591,871772,loop
138.642,871772,loop
138.692,871772,loop
138.742,871772,loop
138.793,871772,loop
138.843,871772,loop
138.894,871772,loop
138.944,871772,loop
138.995,871772,loop
139.045,871772,loop
139.096,871772,loop
139.146,871772,loop
139.197,871772,loop
139.247,871772,loop
139.298,871772,loop
139.348,871772,loop
139.399,871772,loop
139.449,871772,loop
139.500,871772,loop
139.550,871772,loop
139.601,871772,loop
139.651,871772,loop
139.701,871772,loop
139.752,871772,loop
139.802,871772,loop
139.853,871772,loop
139.903,871772,loop
139.954,871772,loop
140.004,871772,loop
140.055,871772,loop
140.105,871772,loop
140.156,871772,loop
140.206,871772,loop
140.257,871772,loop
140.307,871772,loop
140.358,871772,loop
140.408,871772,loop
140.459,871772,loop
140.509,871772,loop
140.560,871772,loop
140.610,871772,loop
140.660,871772,loop
140.711,871772,loop
140.761,871772,loop
140.812,871772,loop
140.862,871772,loop
140.913,871772,loop
140.963,871772,loop
141.014,871772,loop
141.064,871772,loop
141.115,871772,loop
141.165,871772,loop
141.216,871772,loop
141.266,871772,loop
141.317,871772,loop
141.367,871772,loop
141.418,871772,loop
141.468,871772,loop
141.519,871772,loop
141.569,871772,loop
141.619,871772,loop
141.670,871772,loop
141.720,871772,loop
141.771,871772,loop
141.821,871772,loop
141.872,871772,loop
141.922,871772,loop
141.973,871772,loop
142.023,871772,loop
142.074,871772,loop
142.124,871772,loop
142.175,871772,loop
142.225,871772,loop
142.276,871772,loop
142.326,871772,loop
142.377,871772,loop
142.427,871772,loop
142.478,871772,loop
142.528,871772,loop
142.579,871772,loop
142.629,871772,loop
142.680,871772,loop
142.730,871772,loop
142.781,871772,loop
142.831,871772,loop
142.881,871772,loop
142.932,871772,loop
142.982,871772,loop
143.033,871772,loop
143.083,871772,loop
143.134,871772,loop
143.184,871772,loop
143.235,871772,loop
143.285,871772,loop
143.336,871772,loop
143.386,871772,loop
143.437,871772,loop
143.487,871772,loop
143.538,871772,loop
143.588,871772,loop
143.639,871772,loop
143.689,871772,loop
143.740,871772,loop
143.790,871772,loop
143.841,871772,loop
143.891,871772,loop
143.942,871772,loop
143.992,871772,loop
144.043,871772,loop
144.093,871772,loop
144.144,871772,loop
144.194,871772,loop
144.244,871772,loop
144.295,871772,loop
144.345,871772,loop
144.396,871772,loop
144.446,871772,loop
144.497,871772,loop
144.547,871772,loop
144.598,871772,loop
144.648,871772,loop
144.699,871772,loop
144.749,871772,loop
144.800,871772,loop
144.850,871772,loop
144.901,871772,loop
144.951,871772,loop
145.002,871772,loop
145.052,871772,loop
145.103,871772,loop
145.153,871772,loop
145.203,871772,loop
145.254,871772,loop
145.304,871772,loop
145.355,871772,loop
145.405,871772,loop
145.456,871772,loop
145.506,871772,loop
145.557,871772,loop
145.607,871772,loop
145.658,871772,loop
145.708,871772,loop
145.759,871772,loop
145.809,871772,loop
145.860,871772,loop
145.910,871772,loop
145.960,871772,loop
146.011,871772,loop
146.061,871772,loop
146.112,871772,loop
146.162,871772,loop
146.213,871772,loop
146.263,871772,loop
146.314,871772,loop
146.364,871772,loop
146.415,871772,loop
146.465,871772,loop
146.516,871772,loop
146.566,871772,loop
146.617,871772,loop
146.667,871772,loop
146.717,871772,loop
146.768,871772,loop
146.818,871772,loop
146.869,871772,loop
146.919,871772,loop
146.970,871772,loop
147.020,871772,loop
147.071,871772,loop
147.121,871772,loop
147.172,871772,loop
147.222,871772,loop
147.273,871772,loop
147.323,871772,loop
147.374,871772,loop
147.424,871772,loop
147.475,871772,loop
147.525,871772,loop
147.576,870640,loop
147.626,870644,loop
147.677,870488,loop
147.727,870488,loop
147.777,870328,loop
147.828,870328,loop
147.878,870328,loop
147.929,870328,loop
147.979,870328,loop
148.030,870328,loop
148.080,870328,loop
148.131,870328,loop
148.181,870656,loop
148.232,870744,loop
148.282,870788,loop
148.333,870788,loop
148.383,870788,loop
148.434,870788,loop
148.484,870788,loop
148.534,870788,loop
148.585,870788,loop
148.635,870788,loop
148.686,870788,loop
148.736,870788,loop
148.787,870788,loop
148.837,870788,loop
148.888,870788,loop
148.938,870788,loop
148.989,870788,loop
149.039,870788,loop
149.090,870788,loop
149.140,870788,loop
149.191,870788,loop
149.241,870788,loop
149.291,870788,loop
149.342,870788,loop
149.392,870788,loop
149.443,870788,loop
149.493,870788,loop
149.544,870788,loop
149.594,870788,loop
149.645,870788,loop
149.695,870788,loop
149.746,870788,loop
149.796,870788,loop
149.847,870788,loop
149.897,870788,loop
149.948,870788,loop
149.998,870788,loop
150.049,870788,loop
150.099,870788,loop
150.149,870788,loop
150.200,870788,loop
150.250,870788,loop
150.301,870788,loop
150.351,870788,loop
150.402,870788,loop
150.452,870788,loop
150.503,870788,loop
150.553,870788,loop
150.604,870788,loop
150.654,870788,loop
150.705,870788,loop
150.755,870788,loop
150.806,870788,loop
150.856,870788,loop
150.907,870788,loop
150.957,870788,loop
151.008,870788,loop
151.058,870788,loop
151.109,870788,loop
151.159,870788,loop
151.210,870788,loop
151.260,870788,loop
151.311,870788,loop
151.361,870788,loop
151.411,870788,loop
151.462,870788,loop
151.512,870788,loop
151.563,870788,loop
151.613,870788,loop
151.664,870788,loop
151.714,870788,loop
151.765,870788,loop
151.815,870788,loop
151.866,870788,loop
151.916,883092,loop
151.967,883092,loop
152.017,883092,loop
152.068,883092,loop
152.118,883092,loop
152.169,883092,loop
152.219,883092,loop
152.270,883092,loop
152.320,883092,loop
152.371,883092,loop
152.421,883092,loop
152.472,883092,loop
152.522,883092,loop
152.573,883092,loop
152.623,883092,loop
152.674,883092,loop
152.724,883092,loop
152.775,883092,loop
152.825,883092,loop
152.875,883092,loop
152.926,883092,loop
152.976,883092,loop
153.027,883092,loop
153.077,883092,loop
153.128,883092,loop
153.178,883092,loop
153.229,883092,loop
153.279,883092,loop
153.330,883092,loop
153.380,883092,loop
153.431,883092,loop
153.481,883092,loop
153.532,883092,loop
153.582,883092,loop
153.633,883092,loop
153.683,883092,loop
153.734,883092,loop
153.784,883092,loop
153.835,883092,loop
153.885,883092,loop
153.936,883092,loop
153.986,883092,loop
154.037,883092,loop
154.087,883092,loop
154.137,883092,loop
154.188,883092,loop
154.238,883092,loop
154.289,883092,loop
154.339,883092,loop
154.390,883092,loop
154.440,883092,loop
154.491,883092,loop
154.541,883092,loop
154.592,883092,loop
154.642,883092,loop
154.693,883092,loop
154.743,883092,loop
154.794,883092,loop
154.844,883092,loop
154.895,883092,loop
154.945,883092,loop
154.996,883092,loop
155.046,883092,loop
155.097,883092,loop
155.147,883092,loop
155.198,883092,loop
155.248,883092,loop
155.299,883092,loop
155.349,883092,loop
155.400,883092,loop
155.450,883092,loop
155.501,883092,loop
155.551,883092,loop
155.602,883092,loop
155.652,883092,loop
155.703,883092,loop
155.753,883092,loop
155.804,883092,loop
155.854,883092,loop
155.905,883092,loop
155.955,883092,loop
156.006,883092,loop
156.056,883092,loop
156.107,883092,loop
156.157,883092,loop
156.208,883092,loop
156.258,883092,loop
156.309,883092,loop
156.359,883092,loop
156.409,883092,loop
156.460,883092,loop
156.510,883092,loop
156.561,883092,loop
156.611,883092,loop
156.662,883092,loop
156.712,883092,loop
156.763,883092,loop
156.813,883092,loop
156.864,883092,loop
156.914,883092,loop
156.965,883092,loop
157.015,883092,loop
157.066,883092,loop
157.116,883092,loop
157.167,883092,loop
157.217,883092,loop
157.268,883092,loop
157.318,883092,loop
157.369,883092,loop
157.419,883092,loop
157.470,883092,loop
157.520,883092,loop
157.571,883092,loop
157.621,883092,loop
157.672,883092,loop
157.722,883092,loop
157.772,883092,loop
157.823,883092,loop
157.873,883092,loop
157.924,883092,loop
157.974,883092,loop
158.025,883092,loop
158.075,883092,loop
158.126,883092,loop
158.176,883092,loop
158.227,883092,loop
158.277,883092,loop
158.328,883092,loop
158.378,883092,loop
158.429,883092,loop
158.479,883092,loop
158.530,883092,loop
158.580,883092,loop
158.630,883092,loop
158.681,883092,loop
158.731,883092,loop
158.782,883092,loop
158.832,883092,loop
158.883,883092,loop
158.933,883092,loop
158.984,883092,loop
159.034,883092,loop
159.085,883092,loop
159.135,883092,loop
159.185,883092,loop
159.236,883092,loop
159.286,883092,loop
159.337,883092,loop
159.387,883092,loop
159.438,883092,loop
159.488,883092,loop
159.539,883092,loop
159.589,883092,loop
159.640,883092,loop
159.690,883092,loop
159.741,883092,loop
159.791,883092,loop
159.842,883092,loop
159.892,883092,loop
159.943,883092,loop
159.993,883092,loop
160.044,883092,loop
160.094,883092,loop
160.145,883092,loop
160.195,883092,loop
160.246,883092,loop
160.296,883092,loop
160.347,883092,loop
160.397,883092,loop
160.447,883092,loop
160.498,883092,loop
160.548,883092,loop
160.599,883092,loop
160.649,883092,loop
160.700,883092,loop
160.750,883092,loop
160.801,883092,loop
160.851,883092,loop
160.902,883092,loop
160.952,883092,loop
161.003,883092,loop
161.053,883092,loop
161.104,883092,loop
161.154,883092,loop
161.205,883092,loop
161.255,883092,loop
161.306,883092,loop
161.356,883092,loop
161.407,883092,loop
161.457,883092,loop
161.508,883092,loop
161.558,883092,loop
161.609,883092,loop
161.659,883092,loop
161.709,883092,loop
161.760,883092,loop
161.810,883092,loop
161.861,883092,loop
161.911,883092,loop
161.962,883092,loop
162.012,883092,loop
162.063,883092,loop
162.113,883092,loop
162.164,883092,loop
162.214,883092,loop
162.265,883092,loop
162.315,883092,loop
162.366,883092,loop
162.416,883092,loop
162.467,883092,loop
162.517,883092,loop
162.568,883092,loop
162.618,883092,loop
162.669,883092,loop
162.719,883092,loop
162.769,883092,loop
162.820,883092,loop
162.870,883092,loop
162.921,883092,loop
162.971,883092,loop
163.022,883092,loop
163.072,883092,loop
163.123,883092,loop
163.173,883092,loop
163.224,870980,loop
163.274,870980,loop
163.325,870980,loop
163.375,870980,loop
163.426,870980,loop
163.476,870980,loop
163.527,870980,loop
163.577,870980,loop
163.628,870980,loop
163.678,870980,loop
163.728,870980,loop
163.779,870980,loop
163.829,870980,loop
163.880,870980,loop
163.930,870980,loop
163.981,870980,loop
164.031,870980,loop
164.082,870980,loop
164.132,870980,loop
164.183,870980,loop
164.233,870980,loop
164.284,870980,loop
164.334,870980,loop
164.385,870980,loop
164.435,870980,loop
164.486,870980,loop
164.536,870980,loop
164.587,870980,loop
164.637,870980,loop
164.687,870980,loop
164.738,870980,loop
164.788,870980,loop
164.839,870980,loop
164.889,870980,loop
164.940,870980,loop
164.990,870980,loop
165.041,870980,loop
165.091,870980,loop
165.142,870980,loop
165.192,870980,loop
165.243,870980,loop
165.293,870980,loop
165.344,870980,loop
165.394,870980,loop
165.445,870980,loop
165.495,870980,loop
165.545,870980,loop
165.596,870980,loop
165.646,870980,loop
165.697,870980,loop
165.747,870980,loop
165.798,870980,loop
165.848,870980,loop
165.899,870980,loop
165.949,870980,loop
166.000,870980,loop
166.050,870980,loop
166.101,870980,loop
166.151,870980,loop
166.202,870980,loop
166.252,870980,loop
166.303,870980,loop
166.353,870980,loop
166.404,870980,loop
166.454,870980,loop
166.505,870980,loop
166.555,870980,loop
166.605,870980,loop
166.656,870980,loop
166.706,870980,loop
166.757,870980,loop
166.807,870980,loop
166.858,870980,loop
166.908,870980,loop
166.959,870980,loop
167.009,870980,loop
167.060,870980,loop
167.110,870980,loop
167.161,870980,loop
167.211,870980,loop
167.262,870980,loop
167.312,870980,loop
167.363,870980,loop
167.413,870980,loop
167.464,870980,loop
167.514,870980,loop
167.565,870980,loop
167.615,870980,loop
167.666,870980,loop
167.716,870980,loop
167.767,870980,loop
167.817,870980,loop
167.868,870980,loop
167.918,870980,loop
167.969,870980,loop
168.019,870980,loop
168.070,870980,loop
168.120,870980,loop
168.171,870980,loop
168.221,870980,loop
168.272,870980,loop
168.322,870980,loop
168.373,870980,loop
168.423,870980,loop
168.474,870980,loop
168.524,870980,loop
168.575,870980,loop
168.625,870980,loop
168.675,870980,loop
168.726,870980,loop
168.776,870980,loop
168.827,870980,loop
168.877,870980,loop
168.928,873596,loop
168.978,879740,loop
169.029,879740,loop
169.079,879740,loop
169.130,879740,loop
169.180,879740,loop
169.231,879740,loop
169.281,879740,loop
169.332,879740,loop
169.382,879740,loop
169.433,879740,loop
169.483,879740,loop
169.534,879740,loop
169.584,879740,loop
169.634,870980,loop
169.685,870980,loop
169.735,870980,loop
169.786,870980,loop
169.836,870980,loop
169.887,870980,loop
169.937,870980,loop
169.988,870980,loop
170.038,870980,loop
170.089,870980,loop
170.139,870980,loop
170.190,870980,loop
170.240,870980,loop
170.290,870980,loop
170.341,870980,loop
170.391,870980,loop
170.442,870980,loop
170.492,870980,loop
170.543,870980,loop
170.593,870980,loop
170.644,870980,loop
170.694,870980,loop
170.745,870980,loop
170.795,870980,loop
170.846,870980,loop
170.896,870980,loop
170.947,870980,loop
170.997,870980,loop
171.048,870980,loop
171.098,870980,loop
171.149,870980,loop
171.199,870980,loop
171.250,870980,loop
171.300,870980,loop
171.350,870980,loop
171.401,870980,loop
171.451,870980,loop
171.502,870980,loop
171.552,870980,loop
171.603,870980,loop
171.653,870980,loop
171.704,870980,loop
171.754,870972,loop
171.805,870972,loop
171.855,870972,loop
171.906,870972,loop
171.956,870972,loop
172.007,870972,loop
172.057,870972,loop
172.108,870972,loop
172.158,870972,loop
172.209,870972,loop
172.259,870972,loop
172.309,870972,loop
172.360,870972,loop
172.410,870972,loop
172.461,870972,loop
172.511,870972,loop
172.562,870972,loop
172.612,870972,loop
172.663,870972,loop
172.713,870972,loop
172.764,870972,loop
172.814,870972,loop
172.865,870972,loop
172.915,870972,loop
172.966,870972,loop
173.016,870972,loop
173.067,870972,loop
173.117,870972,loop
173.168,870972,loop
173.218,870972,loop
173.269,870972,loop
173.319,870972,loop
173.370,870972,loop
173.420,870972,loop
173.471,870972,loop
173.521,870972,loop
173.571,870972,loop
173.622,870972,loop
173.672,870972,loop
173.723,870972,loop
173.773,870972,loop
173.824,870972,loop
173.874,870972,loop
173.925,870972,loop
173.975,870972,loop
174.026,870972,loop
174.076,870972,loop
174.127,870972,loop
174.177,870972,loop
174.228,870972,loop
174.278,870972,loop
174.329,870972,loop
174.379,870972,loop
174.430,870972,loop
174.480,870972,loop
174.531,870972,loop
174.581,870972,loop
174.632,870972,loop
174.682,870972,loop
174.732,870972,loop
174.783,870972,loop
174.833,870972,loop
174.884,870972,loop
174.934,870972,loop
174.985,870972,loop
175.035,870972,loop
175.086,870972,loop
175.136,870972,loop
175.187,870972,loop
175.237,870972,loop
175.288,870972,loop
175.338,870972,loop
175.389,870972,loop
175.439,870972,loop
175.490,870972,loop
175.540,870972,loop
175.591,870972,loop
175.641,870972,loop
175.692,870972,loop
175.742,870972,loop
175.793,870972,loop
175.843,870972,loop
175.894,870972,loop
175.944,870972,loop
175.995,870972,loop
176.045,870972,loop
176.095,870972,loop
176.146,870972,loop
176.196,870972,loop
176.247,870972,loop
176.297,870972,loop
176.348,870972,loop
176.398,870972,loop
176.449,870972,loop
176.499,870972,loop
176.550,870972,loop
176.600,870972,loop
176.651,870972,loop
176.701,870972,loop
176.752,870972,loop
176.802,870972,loop
176.853,870972,loop
176.903,870972,loop
176.953,870972,loop
177.004,870972,loop
177.054,870972,loop
177.105,870972,loop
177.155,870972,loop
177.206,870972,loop
177.256,870972,loop
177.307,870972,loop
177.357,870972,loop
177.408,870972,loop
177.458,870972,loop
177.509,870972,loop
177.559,870972,loop
177.610,870972,loop
177.660,870972,loop
177.711,870972,loop
177.761,870972,loop
177.812,870972,loop
177.862,870972,loop
177.913,870972,loop
177.963,870972,loop
178.014,870972,loop
178.064,870972,loop
178.114,870972,loop
178.165,870972,loop
178.215,870972,loop
178.266,870972,loop
178.316,870972,loop
178.367,870972,loop
178.417,870972,loop
178.468,870972,loop
178.518,870972,loop
178.569,870972,loop
178.619,870972,loop
178.670,870972,loop
178.720,870972,loop
178.771,870972,loop
178.821,870972,loop
178.872,870972,loop
178.922,870972,loop
178.973,870972,loop
179.023,870972,loop
179.073,870972,loop
179.142,861516,loop
179.193,861492,loop
179.243,861492,loop
179.294,861512,loop
179.344,861516,loop
179.395,861516,loop
179.445,861516,loop
179.496,861516,loop
179.546,861516,loop
179.597,861516,loop
179.647,861516,loop
179.698,861516,loop
179.748,861516,loop
179.799,861516,loop
179.849,861516,loop
179.900,861516,loop
179.950,861516,loop
180.000,861516,loop
180.051,861516,loop
180.101,861516,loop
180.152,861516,loop
180.202,861516,loop
180.253,861516,loop
180.303,861516,loop
180.354,861516,loop
180.404,861516,loop
180.455,861516,loop
180.505,861516,loop
180.556,861516,loop
180.606,861516,loop
180.657,861516,loop
180.707,861516,loop
180.758,861516,loop
180.808,861516,loop
180.859,861516,loop
180.909,861516,loop
180.960,861516,loop
181.010,861516,loop
181.061,861516,loop
181.111,861516,loop
181.162,861516,loop
181.212,861516,loop
181.263,861516,loop
181.313,861516,loop
181.364,861516,loop
181.414,861516,loop
181.465,861516,loop
181.515,861516,loop
181.566,861516,loop
181.616,861516,loop
181.666,861516,loop
181.717,861516,loop
181.767,861520,loop
181.818,861680,loop
181.868,861680,loop
181.919,861680,loop
181.969,861680,loop
182.020,861680,loop
182.070,861680,loop
182.121,861680,loop
182.171,861680,loop
182.222,861680,loop
182.272,861680,loop
182.323,861680,loop
182.373,861680,loop
182.424,861680,loop
182.474,861680,loop
182.525,861680,loop
182.575,861680,loop
182.626,861680,loop
182.676,861680,loop
182.727,861680,loop
182.777,861680,loop
182.828,861680,loop
182.878,861680,loop
182.929,861680,loop
182.979,861680,loop
183.030,861680,loop
183.080,861680,loop
183.131,861680,loop
183.181,861680,loop
183.231,861680,loop
183.282,861680,loop
183.332,861680,loop
183.383,861680,loop
183.433,861680,loop
183.484,861680,loop
183.535,861680,loop
183.585,861680,loop
183.635,861680,loop
183.686,861680,loop
183.736,861680,loop
183.787,861680,loop
183.837,861680,loop
183.888,861680,loop
183.938,861680,loop
183.989,861680,loop
184.039,861680,loop
184.090,861680,loop
184.140,861680,loop
184.191,861680,loop
184.241,861680,loop
184.292,861680,loop
184.342,861680,loop
184.393,861680,loop
184.443,861680,loop
184.494,861680,loop
184.544,861680,loop
184.595,861680,loop
184.645,861680,loop
184.696,861680,loop
184.746,861680,loop
184.797,861680,loop
184.847,861680,loop
184.898,861680,loop
184.948,861684,loop
184.999,861684,loop
185.049,861684,loop
185.099,861684,loop
185.150,861684,loop
185.200,861684,loop
185.251,861684,loop
185.301,861684,loop
185.352,861684,loop
185.402,861684,loop
185.453,861684,loop
185.503,861684,loop
185.554,861684,loop
185.604,861684,loop
185.655,861684,loop
185.705,861684,loop
185.756,861684,loop
185.806,861684,loop
185.856,861684,loop
185.907,861684,loop
185.957,861684,loop
186.008,861684,loop
186.058,861684,loop
186.109,861684,loop
186.159,861684,loop
186.210,861684,loop
186.260,861684,loop
186.311,861684,loop
186.361,861684,loop
186.412,861684,loop
186.462,861684,loop
186.513,861684,loop
186.563,861684,loop
186.614,861684,loop
186.664,861684,loop
186.715,861684,loop
186.765,861684,loop
186.816,861684,loop
186.866,861684,loop
186.917,861684,loop
186.967,861684,loop
187.018,861684,loop
187.068,861688,loop
187.119,861688,loop
187.169,861688,loop
187.220,861688,loop
187.270,861688,loop
187.321,861688,loop
187.371,861688,loop
187.422,861688,loop
187.472,863736,loop
187.523,863736,loop
187.573,863736,loop
187.624,863736,loop
187.674,863736,loop
187.725,863736,loop
187.775,863736,loop
187.826,863736,loop
187.876,863736,loop
187.927,863736,loop
187.977,863736,loop
188.028,863736,loop
188.078,863736,loop
188.129,863736,loop
188.179,863736,loop
188.230,863736,loop
188.280,863736,loop
188.331,863736,loop
188.381,863736,loop
188.432,863736,loop
188.482,863736,loop
188.533,863736,loop
188.583,863736,loop
188.634,863736,loop
188.684,863736,loop
188.734,863736,loop
188.785,863736,loop
188.835,863736,loop
188.886,863736,loop
188.936,863736,loop
188.987,863736,loop
189.037,863736,loop
189.088,863736,loop
189.138,863736,loop
189.189,863736,loop
189.239,864608,loop
189.290,864608,loop
189.340,864608,loop
189.391,864608,loop
189.441,864608,loop
189.492,864608,loop
189.542,864608,loop
189.593,864608,loop
189.643,864608,loop
189.694,864608,loop
189.744,864608,loop
189.795,864608,loop
189.845,864608,loop
189.896,864608,loop
189.946,864616,loop
189.996,864616,loop
190.047,864616,loop
190.097,864616,loop
190.148,864616,loop
190.198,864616,loop
190.249,844428,loop
190.299,844460,loop
190.350,844460,loop
190.400,844476,loop
190.451,844476,loop
190.501,844476,loop
190.552,844476,loop
190.602,844476,loop
190.653,844476,loop
190.703,844476,loop
190.754,844476,loop
190.804,844476,loop
190.854,844476,loop
190.905,844476,loop
190.955,844476,loop
191.006,844476,loop
191.056,844476,loop
191.107,844476,loop
191.157,844476,loop
191.208,844476,loop
191.258,844476,loop
191.309,844476,loop
191.359,844476,loop
191.410,844476,loop
191.460,844476,loop
191.511,844476,loop
191.561,844476,loop
191.612,844476,loop
191.662,844476,loop
191.713,844476,loop
191.763,844476,loop
191.814,844476,loop
191.864,844476,loop
191.915,844476,loop
191.965,844476,loop
192.016,844476,loop
192.066,844476,loop
192.117,844476,loop
192.167,844476,loop
192.217,844476,loop
192.268,844476,loop
192.318,844476,loop
192.369,844476,loop
192.419,844476,loop
192.470,844476,loop
192.520,844476,loop
192.571,844476,loop
192.621,844476,loop
192.672,844476,loop
192.722,844476,loop
192.773,844476,loop
192.823,844476,loop
192.874,844476,loop
192.924,844476,loop
192.975,844476,loop
193.025,844476,loop
193.076,844476,loop
193.126,844476,loop
193.177,844476,loop
193.227,844476,loop
193.278,844476,loop
193.328,844476,loop
193.379,844476,loop
193.429,844476,loop
193.479,843604,loop
193.530,843604,loop
193.580,843604,loop
193.631,843604,loop
193.681,843604,loop
193.732,843604,loop
193.782,843604,loop
193.833,843608,loop
193.883,844204,loop
193.934,844204,loop
193.984,844204,loop
194.035,844204,loop
194.085,844204,loop
194.136,844204,loop
194.186,844204,loop
194.237,844204,loop
194.287,846252,loop
194.338,846252,loop
194.388,846252,loop
194.439,846252,loop
194.489,846252,loop
194.540,846252,loop
194.590,846252,loop
194.641,846256,loop
194.691,856424,loop
194.741,861060,loop
194.792,861060,loop
194.842,861060,loop
194.893,861060,loop
194.943,861060,loop
194.994,861060,loop
195.044,861060,loop
195.095,861060,loop
195.145,861060,loop
195.196,861060,loop
195.246,861060,loop
195.297,861060,loop
195.347,861060,loop
195.397,861060,loop
195.448,861060,loop
195.498,861060,loop
195.549,861060,loop
195.599,861060,loop
195.650,861060,loop
195.700,861060,loop
195.751,861060,loop
195.801,861060,loop
195.852,861060,loop
195.902,861060,loop
195.953,861060,loop
196.003,861060,loop
196.054,861060,loop
196.104,861060,loop
196.155,861060,loop
196.205,861060,loop
196.256,861060,loop
196.306,861060,loop
196.357,861060,loop
196.407,861060,loop
196.458,861060,loop
196.508,861060,loop
196.559,861060,loop
196.609,861060,loop
196.660,861060,loop
196.710,861060,loop
196.761,861060,loop
196.811,861060,loop
196.862,861060,loop
196.912,861060,loop
196.963,861060,loop
197.013,861060,loop
197.064,861060,loop
197.114,861060,loop
197.164,861060,loop
197.215,861068,loop
197.265,861068,loop
197.316,861068,loop
197.366,861068,loop
197.417,861072,loop
197.467,861840,loop
197.518,866108,loop
197.568,866108,loop
197.619,866108,loop
197.669,866108,loop
197.720,866108,loop
197.770,866108,loop
197.821,866108,loop
197.871,866108,loop
197.922,866108,loop
197.972,866108,loop
198.023,866108,loop
198.073,866108,loop
198.124,866108,loop
198.174,866108,loop
198.225,866108,loop
198.275,866108,loop
198.326,866108,loop
198.376,866108,loop
198.427,866108,loop
198.477,866108,loop
198.528,866108,loop
198.578,866108,loop
198.629,866108,loop
198.679,866108,loop
198.730,866108,loop
198.780,866108,loop
198.831,866108,loop
198.881,866108,loop
198.932,866108,loop
198.982,866108,loop
199.033,866108,loop
199.083,866108,loop
199.134,866108,loop
199.184,866108,loop
199.235,866108,loop
199.285,866108,loop
199.335,866108,loop
199.386,866108,loop
199.436,866108,loop
199.487,866108,loop
199.537,866108,loop
199.588,866108,loop
199.638,866108,loop
199.689,866108,loop
199.739,866108,loop
199.790,866108,loop
199.840,866108,loop
199.891,866108,loop
199.941,866108,loop
199.992,866108,loop
200.042,866108,loop
200.093,866108,loop
200.143,866108,loop
200.194,866108,loop
200.244,866108,loop
200.295,866108,loop
200.345,866108,loop
200.396,866108,loop
200.446,866108,loop
200.496,866108,loop
200.547,866108,loop
200.597,866108,loop
200.648,866108,loop
200.698,866108,loop
200.749,866108,loop
200.799,866108,loop
200.850,866108,loop
200.900,866108,loop
200.951,866108,loop
201.001,866108,loop
201.052,866108,loop
201.102,866108,loop
201.153,866108,loop
201.203,866108,loop
201.254,866108,loop
201.304,866108,loop
201.355,866108,loop
201.405,866108,loop
201.456,866108,loop
201.506,866108,loop
201.557,866108,loop
201.607,866108,loop
201.657,866108,loop
201.708,866108,loop
201.758,866108,loop
201.809,866108,loop
201.859,866108,loop
201.910,866108,loop
201.960,866108,loop
202.011,866108,loop
202.061,866108,loop
202.112,866108,loop
202.162,866108,loop
202.213,866108,loop
202.263,866108,loop
202.314,866108,loop
202.364,866108,loop
202.415,866108,loop
202.465,866108,loop
202.516,866108,loop
202.566,866108,loop
202.617,866108,loop
202.667,866108,loop
202.718,866108,loop
202.768,866108,loop
202.818,866108,loop
202.869,866108,loop
202.919,866108,loop
202.970,866108,loop
203.020,866108,loop
203.071,866108,loop
203.121,866108,loop
203.172,866108,loop
203.222,866108,loop
203.273,866108,loop
203.323,866108,loop
203.374,866108,loop
203.424,866108,loop
203.475,866108,loop
203.525,866108,loop
203.576,866108,loop
203.626,866108,loop
203.677,866108,loop
203.727,866108,loop
203.778,866108,loop
203.828,866108,loop
203.879,866108,loop
203.929,866108,loop
203.980,866108,loop
204.030,866108,loop
204.081,866108,loop
204.131,866108,loop
204.182,866108,loop
204.232,866108,loop
204.283,866108,loop
204.333,866108,loop
204.383,866108,loop
204.434,866108,loop
204.484,867968,loop
204.535,867968,loop
204.585,867968,loop
204.636,867968,loop
204.686,867968,loop
204.737,867968,loop
204.787,867968,loop
204.838,867968,loop
204.888,867968,loop
204.939,867968,loop
204.989,867968,loop
205.039,867968,loop
205.090,867968,loop
205.140,867968,loop
205.191,867968,loop
205.241,867968,loop
205.292,867968,loop
205.342,867968,loop
205.393,867968,loop
205.443,867968,loop
205.494,867968,loop
205.544,867968,loop
205.595,867968,loop
205.645,867968,loop
205.696,867968,loop
205.746,867968,loop
205.797,867968,loop
205.847,867968,loop
205.898,867968,loop
205.948,867968,loop
205.999,867968,loop
206.049,867968,loop
206.100,867968,loop
206.150,867968,loop
206.201,867968,loop
206.251,867968,loop
206.302,867968,loop
206.352,867968,loop
206.403,867968,loop
206.453,867968,loop
206.503,867968,loop
206.554,867968,loop
206.604,867968,loop
206.655,867968,loop
206.705,867968,loop
206.756,867968,loop
206.806,867968,loop
206.857,867968,loop
206.907,867968,loop
206.958,867968,loop
207.008,867968,loop
207.059,867968,loop
207.109,867968,loop
207.159,867968,loop
207.210,867968,loop
207.260,867968,loop
207.311,867968,loop
207.361,867968,loop
207.412,867968,loop
207.462,867968,loop
207.513,867968,loop
207.563,867968,loop
207.614,867968,loop
207.664,867968,loop
207.715,867968,loop
207.765,867968,loop
207.816,867968,loop
207.866,867968,loop
207.916,867968,loop
207.967,867968,loop
208.017,867968,loop
208.068,867968,loop
208.118,867968,loop
208.169,867968,loop
208.219,867968,loop
208.270,867968,loop
208.320,868112,loop
208.371,875920,loop
208.421,875920,loop
208.472,875920,loop
208.522,875920,loop
208.573,875920,loop
208.623,875920,loop
208.674,875920,loop
208.724,875920,loop
208.774,875920,loop
208.825,875920,loop
208.875,875920,loop
208.926,875920,loop
208.976,867968,loop
209.027,867968,loop
209.077,867968,loop
209.128,867968,loop
209.178,867968,loop
209.229,867968,loop
209.279,867968,loop
209.330,867968,loop
209.380,867968,loop
209.431,867968,loop
209.481,867968,loop
209.532,867968,loop
209.582,867800,loop
209.633,867800,loop
209.683,867856,loop
209.734,867856,loop
209.784,867916,loop
209.835,867916,loop
209.885,867968,loop
209.936,867968,loop
209.986,867968,loop
210.037,867968,loop
210.087,867968,loop
210.137,867968,loop
210.188,867968,loop
210.238,867968,loop
210.289,867968,loop
210.339,867968,loop
210.390,867968,loop
210.440,867968,loop
210.491,867968,loop
210.541,867968,loop
210.592,867968,loop
210.642,867968,loop
210.693,867968,loop
210.743,867968,loop
210.794,867968,loop
210.844,867968,loop
210.895,870020,loop
210.945,872068,loop
210.996,872068,loop
211.046,867968,loop
211.097,867968,loop
211.147,867968,loop
211.198,867968,loop
211.248,867968,loop
211.298,867968,loop
211.349,867968,loop
211.399,867968,loop
211.450,867968,loop
211.500,867968,loop
211.551,867968,loop
211.601,867968,loop
211.652,867968,loop
211.702,867968,loop
211.753,867968,loop
211.803,867968,loop
211.854,867968,loop
211.904,867968,loop
211.955,867968,loop
212.005,867968,loop
212.056,867968,loop
212.106,867968,loop
212.157,867968,loop
212.207,867968,loop
212.258,867968,loop
212.308,867968,loop
212.359,867968,loop
212.409,867968,loop
212.460,867968,loop
212.510,867968,loop
212.560,867968,loop
212.611,867968,loop
212.661,867968,loop
212.712,867968,loop
212.762,867968,loop
212.813,867968,loop
212.863,867968,loop
212.914,867968,loop
212.964,867968,loop
213.015,867968,loop
213.065,867968,loop
213.116,867968,loop
213.166,867968,loop
213.217,867968,loop
213.267,867968,loop
213.318,867968,loop
213.368,867968,loop
213.419,867968,loop
213.469,867968,loop
213.520,867968,loop
213.570,867968,loop
213.620,867968,loop
213.671,867968,loop
213.721,867968,loop
213.772,867968,loop
213.822,867968,loop
213.873,867968,loop
213.923,867968,loop
213.974,867968,loop
214.024,867968,loop
214.075,867968,loop
214.125,867968,loop
214.176,867968,loop
214.226,867968,loop
214.277,867968,loop
214.327,867968,loop
214.378,867968,loop
214.428,867680,loop
214.478,867732,loop
214.529,867768,loop
214.579,867768,loop
214.630,867768,loop
214.680,867768,loop
214.731,867928,loop
214.781,867968,loop
214.832,867968,loop
214.882,867968,loop
214.933,867968,loop
214.983,867968,loop
215.034,867968,loop
215.084,867968,loop
215.135,867968,loop
215.185,867968,loop
215.236,867968,loop
215.286,867968,loop
215.337,867968,loop
215.387,867968,loop
215.437,867968,loop
215.488,867968,loop
215.538,867968,loop
215.589,867968,loop
215.639,867968,loop
215.690,867968,loop
215.740,867968,loop
215.791,867968,loop
215.841,867968,loop
215.892,867968,loop
215.942,867968,loop
215.993,867968,loop
216.043,867968,loop
216.094,867968,loop
216.144,867968,loop
216.195,867968,loop
216.245,867968,loop
216.296,867572,loop
216.346,867848,loop
216.397,867892,loop
216.447,867956,loop
216.498,867956,loop
216.548,867968,loop
216.598,867968,loop
216.649,867968,loop
216.699,867968,loop
216.750,867968,loop
216.800,867968,loop
216.851,867968,loop
216.901,867968,loop
216.952,867968,loop
217.002,867968,loop
217.053,867968,loop
217.103,867968,loop
217.154,867968,loop
217.204,867968,loop
217.255,867968,loop
217.305,867968,loop
217.356,867968,loop
217.406,867968,loop
217.457,867948,loop
217.507,867968,loop
217.558,867968,loop
217.608,867968,loop
217.659,867968,loop
217.709,867968,loop
217.759,867968,loop
217.810,867968,loop
217.860,867968,loop
217.911,867968,loop
217.961,867968,loop
218.012,867968,loop
218.062,867968,loop
218.113,867968,loop
218.163,867968,loop
218.214,867968,loop
218.264,867968,loop
218.315,867968,loop
218.365,867968,loop
218.416,867968,loop
218.466,867968,loop
218.517,867968,loop
218.567,867968,loop
218.617,867968,loop
218.668,867968,loop
218.718,867968,loop
218.769,867968,loop
218.819,867968,loop
218.870,867968,loop
218.920,867968,loop
218.971,867968,loop
219.021,867968,loop
219.072,867968,loop
219.122,867968,loop
219.173,867968,loop
219.223,867968,loop
219.274,867968,loop
219.324,867968,loop
219.375,867968,loop
219.425,867968,loop
219.476,867968,loop
219.526,867968,loop
219.577,867968,loop
219.627,867968,loop
219.678,867968,loop
219.728,867968,loop
219.779,867968,loop
219.829,867968,loop
219.879,867968,loop
219.930,867968,loop
219.980,867968,loop
220.031,867968,loop
220.081,867968,loop
220.132,867968,loop
220.182,867968,loop
220.233,867968,loop
220.283,867968,loop
220.334,867968,loop
220.384,867968,loop
220.435,867968,loop
220.485,867968,loop
220.536,867968,loop
220.586,867968,loop
220.637,867968,loop
220.687,867968,loop
220.738,867968,loop
220.788,867968,loop
220.838,867968,loop
220.889,867968,loop
220.939,867968,loop
220.990,867968,loop
221.040,867968,loop
221.091,867968,loop
221.141,867968,loop
221.192,867968,loop
221.242,867968,loop
221.293,867968,loop
221.343,867968,loop
221.394,867968,loop
221.444,867968,loop
221.495,867968,loop
221.545,867968,loop
221.596,867968,loop
221.646,868288,loop
221.697,868288,loop
221.747,868288,loop
221.798,868288,loop
221.848,868288,loop
221.899,868288,loop
221.949,868288,loop
222.000,868288,loop
222.050,868288,loop
222.101,868288,loop
222.151,868288,loop
222.202,868288,loop
222.252,868288,loop
222.302,868288,loop
222.353,868288,loop
222.403,868288,loop
222.454,868288,loop
222.504,868288,loop
222.555,868288,loop
222.605,868288,loop
222.656,868288,loop
222.706,868288,loop
222.757,868288,loop
222.807,868288,loop
222.858,868288,loop
222.908,868288,loop
222.959,868288,loop
223.009,868288,loop
223.060,868288,loop
223.110,868288,loop
223.161,868288,loop
223.211,868288,loop
223.262,868288,loop
223.312,868288,loop
223.363,868288,loop
223.413,868288,loop
223.463,868288,loop
223.514,868288,loop
223.564,868288,loop
223.615,868288,loop
223.665,868288,loop
223.716,868288,loop
223.766,868288,loop
223.817,868288,loop
223.867,868288,loop
223.918,868288,loop
223.968,868288,loop
224.019,868292,loop
224.069,868512,loop
224.120,868512,loop
224.170,868512,loop
224.221,868512,loop
224.271,868512,loop
224.322,868512,loop
224.372,868512,loop
224.423,868512,loop
224.473,868512,loop
224.524,868512,loop
224.574,868512,loop
224.625,868512,loop
224.675,868512,loop
224.725,868512,loop
224.776,868512,loop
224.826,868512,loop
224.877,868512,loop
224.927,868512,loop
224.978,868512,loop
225.028,868512,loop
225.079,868512,loop
225.129,868512,loop
225.180,868512,loop
225.230,868512,loop
225.281,868512,loop
225.331,868512,loop
225.382,868512,loop
225.432,868512,loop
225.483,868512,loop
225.533,868512,loop
225.584,868512,loop
225.634,868512,loop
225.684,868512,loop
225.735,868512,loop
225.785,868512,loop
225.836,868512,loop
225.886,868512,loop
225.937,868512,loop
225.987,868512,loop
226.038,868512,loop
226.088,868512,loop
226.139,868512,loop
226.189,868512,loop
226.240,868512,loop
226.290,868512,loop
226.341,868512,loop
226.391,868512,loop
226.442,868512,loop
226.492,868512,loop
226.542,868512,loop
226.593,868512,loop
226.643,868512,loop
226.694,868512,loop
226.744,868512,loop
226.795,868512,loop
226.845,868512,loop
226.896,868512,loop
226.946,868512,loop
226.997,868512,loop
227.047,868512,loop
227.098,868512,loop
227.148,868512,loop
227.198,868512,loop
227.249,868512,loop
227.299,868512,loop
227.350,868512,loop
227.400,868512,loop
227.451,868512,loop
227.501,868512,loop
227.552,868512,loop
227.602,868512,loop
227.653,868512,loop
227.703,868512,loop
227.754,868512,loop
227.804,868512,loop
227.855,868512,loop
227.905,868512,loop
227.956,868512,loop
228.006,868512,loop
228.057,868512,loop
228.107,868512,loop
228.158,868512,loop
228.208,868512,loop
228.259,868512,loop
228.309,868512,loop
228.360,868512,loop
228.410,868512,loop
228.461,868512,loop
228.511,868512,loop
228.562,868512,loop
228.612,868512,loop
228.662,868512,loop
228.713,868512,loop
228.763,868512,loop
228.814,868512,loop
228.864,868512,loop
228.915,868512,loop
228.965,868512,loop
229.016,868512,loop
229.066,868512,loop
229.117,868512,loop
229.167,868512,loop
229.218,868512,loop
229.268,868512,loop
229.319,868512,loop
229.369,868512,loop
229.420,868512,loop
229.470,868512,loop
229.521,868512,loop
229.571,868512,loop
229.622,868512,loop
229.672,868512,loop
229.723,868512,loop
229.773,868512,loop
229.824,868512,loop
229.874,868512,loop
229.925,868512,loop
229.975,868512,loop
230.025,868512,loop
230.076,868512,loop
230.126,868512,loop
230.177,868512,loop
230.227,868512,loop
230.278,868512,loop
230.328,868512,loop
230.379,868512,loop
230.429,868512,loop
230.480,868512,loop
230.530,868512,loop
230.581,868512,loop
230.631,868512,loop
230.681,868512,loop
230.732,868512,loop
230.782,868512,loop
230.833,868512,loop
230.883,868512,loop
230.934,868512,loop
230.984,868512,loop
231.035,868512,loop
231.085,868512,loop
231.136,868512,loop
231.186,868512,loop
231.237,868512,loop
231.287,868512,loop
231.338,868512,loop
231.388,868512,loop
231.438,868512,loop
231.489,868512,loop
231.539,868512,loop
231.590,868512,loop
231.640,868512,loop
231.691,868512,loop
231.741,868512,loop
231.792,868512,loop
231.842,868512,loop
231.893,868512,loop
231.943,868512,loop
231.994,868512,loop
232.044,868512,loop
232.095,868512,loop
232.145,868512,loop
232.195,868512,loop
232.246,868512,loop
232.296,868512,loop
232.347,868512,loop
232.397,868512,loop
232.448,872612,loop
232.498,872612,loop
232.549,868512,loop
232.599,868512,loop
232.650,868512,loop
232.700,868512,loop
232.751,868512,loop
232.801,868512,loop
232.852,868512,loop
232.902,868512,loop
232.953,868512,loop
233.003,868512,loop
233.054,868512,loop
233.104,868512,loop
233.155,868512,loop
233.205,868512,loop
233.256,868512,loop
233.306,868512,loop
233.357,868512,loop
233.407,868512,loop
233.457,868512,loop
233.508,868512,loop
233.558,868512,loop
233.609,868512,loop
233.659,868512,loop
233.710,868512,loop
233.760,868512,loop
233.811,868512,loop
233.861,868512,loop
233.912,868512,loop
233.962,868512,loop
234.013,868512,loop
234.063,868512,loop
234.114,868512,loop
234.164,868512,loop
234.215,868512,loop
234.265,868512,loop
234.315,868512,loop
234.366,868512,loop
234.416,868512,loop
234.467,868512,loop
234.517,868512,loop
234.568,868512,loop
234.619,868512,loop
234.669,868512,loop
234.719,868512,loop
234.770,868512,loop
234.820,868512,loop
234.871,868512,loop
234.921,868512,loop
234.972,868512,loop
235.022,868512,loop
235.073,868512,loop
235.123,868512,loop
235.174,868512,loop
235.224,868512,loop
235.275,868512,loop
235.325,868512,loop
235.376,868512,loop
235.426,868512,loop
235.477,868512,loop
235.527,868512,loop
235.578,868512,loop
235.628,868512,loop
235.678,868512,loop
235.729,868512,loop
235.779,868512,loop
235.830,868512,loop
235.881,868512,loop
235.931,868512,loop
235.981,868512,loop
236.032,868512,loop
236.082,868512,loop
236.133,868512,loop
236.183,868512,loop
236.234,868512,loop
236.284,868512,loop
236.335,868512,loop
236.385,868512,loop
236.436,868512,loop
236.486,868512,loop
236.537,868512,loop
236.587,868512,loop
236.638,868512,loop
236.688,868512,loop
236.739,868512,loop
236.789,868512,loop
236.840,868512,loop
236.890,868512,loop
236.940,868512,loop
236.991,868512,loop
237.041,868512,loop
237.092,868512,loop
237.142,868512,loop
237.193,868512,loop
237.243,868512,loop
237.294,868512,loop
237.344,868512,loop
237.395,868512,loop
237.445,868512,loop
237.496,868512,loop
237.546,868512,loop
237.597,868512,loop
237.647,868512,loop
237.698,868512,loop
237.748,868512,loop
237.799,868504,loop
237.849,868504,loop
237.900,868504,loop
237.950,868504,loop
238.001,868504,loop
238.051,868504,loop
238.102,868504,loop
238.152,868504,loop
238.203,868504,loop
238.253,868504,loop
238.304,868504,loop
238.354,868504,loop
238.404,868504,loop
238.455,868504,loop
238.505,868504,loop
238.556,868504,loop
238.606,868504,loop
238.657,868504,loop
238.707,868504,loop
238.758,868504,loop
238.808,868504,loop
238.859,868504,loop
238.909,868504,loop
238.960,868504,loop
239.010,868504,loop
239.061,868504,loop
239.111,868504,loop
239.161,868504,loop
239.212,868504,loop
239.262,868504,loop
239.313,868504,loop
239.363,868504,loop
239.414,868504,loop
239.464,868504,loop
239.515,868504,loop
239.565,868504,loop
239.616,868504,loop
239.666,868504,loop
239.717,868504,loop
239.767,868504,loop
239.818,868504,loop
239.868,868504,loop
239.919,868504,loop
239.969,868504,loop
240.020,868504,loop
240.070,868504,loop
240.121,868504,loop
240.171,868504,loop
240.221,868504,loop
240.272,868504,loop
240.322,868504,loop
240.373,868504,loop
240.423,868504,loop
240.474,868504,loop
240.524,868504,loop
240.574,868504,loop
240.625,868504,loop
240.675,868504,loop
240.726,868504,loop
240.776,868504,loop
240.827,868504,loop
240.877,868504,loop
240.928,868504,loop
240.978,868504,loop
241.029,868504,loop
241.079,868504,loop
241.130,868504,loop
241.180,868504,loop
241.231,868504,loop
241.281,868504,loop
241.331,868504,loop
241.382,868504,loop
241.432,868504,loop
241.483,868504,loop
241.533,868504,loop
241.584,868504,loop
241.634,868504,loop
241.685,868504,loop
241.735,868512,loop
241.786,868512,loop
241.836,868512,loop
241.887,868512,loop
241.937,868512,loop
241.988,868512,loop
242.038,868512,loop
242.089,868512,loop
242.139,868512,loop
242.190,868512,loop
242.240,868512,loop
242.290,868512,loop
242.341,868512,loop
242.391,868512,loop
242.442,868512,loop
242.492,868512,loop
242.543,868512,loop
242.593,868512,loop
242.644,868512,loop
242.694,868512,loop
242.745,868512,loop
242.795,868512,loop
242.846,868512,loop
242.896,868512,loop
242.947,868512,loop
242.997,868512,loop
243.048,868512,loop
243.098,868512,loop
243.148,868516,loop
243.199,868516,loop
243.250,868516,loop
243.300,868516,loop
243.351,868516,loop
243.401,868516,loop
243.452,868516,loop
243.502,868516,loop
243.553,868516,loop
243.603,868516,loop
243.654,868516,loop
243.704,868516,loop
243.755,868516,loop
243.805,868516,loop
243.855,868516,loop
243.906,868516,loop
243.956,868516,loop
244.007,868516,loop
244.057,868516,loop
244.108,868516,loop
244.158,868516,loop
244.209,868516,loop
244.259,868516,loop
244.310,868516,loop
244.360,868516,loop
244.411,868516,loop
244.461,868516,loop
244.512,868516,loop
244.562,868516,loop
244.613,868516,loop
244.663,868516,loop
244.714,868516,loop
244.764,868516,loop
244.815,868516,loop
244.865,868516,loop
244.916,868516,loop
244.966,868516,loop
245.017,868516,loop
245.067,868516,loop
245.118,868516,loop
245.168,868516,loop
245.219,868516,loop
245.269,868516,loop
245.319,868516,loop
245.370,868516,loop
245.420,868516,loop
245.471,868516,loop
245.521,868516,loop
245.572,868516,loop
245.622,868516,loop
245.673,868516,loop
245.723,868516,loop
245.774,868516,loop
245.824,868516,loop
245.875,868516,loop
245.925,868516,loop
245.976,868516,loop
246.026,868516,loop
246.077,868516,loop
246.127,868516,loop
246.178,868516,loop
246.228,868516,loop
246.279,868516,loop
246.329,868516,loop
246.380,868516,loop
246.430,868516,loop
246.480,868516,loop
246.531,868516,loop
246.581,868516,loop
246.632,868516,loop
246.682,868516,loop
246.733,868516,loop
246.783,868516,loop
246.834,868516,loop
246.884,868516,loop
246.935,868516,loop
246.985,868516,loop
247.036,868516,loop
247.086,868516,loop
247.137,868516,loop
247.187,868516,loop
247.238,868516,loop
247.288,868516,loop
247.338,868516,loop
247.389,868516,loop
247.439,868516,loop
247.490,868516,loop
247.540,868516,loop
247.591,868516,loop
247.641,868516,loop
247.692,868516,loop
247.742,868516,loop
247.793,868516,loop
247.843,868516,loop
247.894,868516,loop
247.944,868516,loop
247.995,868516,loop
248.045,868516,loop
248.096,868516,loop
248.146,868516,loop
248.197,868516,loop
248.247,868516,loop
248.298,868516,loop
248.348,868516,loop
248.399,868516,loop
248.449,868516,loop
248.500,868516,loop
248.550,868516,loop
248.601,868516,loop
248.651,868516,loop
248.701,868516,loop
248.752,868516,loop
248.802,868516,loop
248.853,868516,loop
248.903,868516,loop
248.954,868516,loop
249.004,868516,loop
249.055,868516,loop
249.105,868516,loop
249.156,868516,loop
249.206,868516,loop
249.257,868516,loop
249.307,870564,loop
249.358,870564,loop
249.408,870564,loop
249.458,870564,loop
249.509,870564,loop
249.559,870564,loop
249.610,870564,loop
249.660,870564,loop
249.711,870564,loop
249.761,870564,loop
249.812,870564,loop
249.862,870564,loop
249.913,870564,loop
249.963,870564,loop
250.014,870564,loop
250.064,870564,loop
250.115,870564,loop
250.165,870564,loop
250.216,870564,loop
250.266,870564,loop
250.317,870564,loop
250.367,870564,loop
250.418,870564,loop
250.468,870564,loop
250.518,870564,loop
250.569,870564,loop
250.619,870564,loop
250.670,870564,loop
250.720,870564,loop
250.771,870564,loop
250.821,870564,loop
250.872,870564,loop
250.922,870564,loop
250.973,870564,loop
251.023,870564,loop
251.074,870564,loop
251.124,870564,loop
251.175,870564,loop
251.225,870564,loop
251.276,870564,loop
251.326,870564,loop
251.377,870564,loop
251.427,870564,loop
251.478,870564,loop
251.528,870564,loop
251.578,870564,loop
251.629,870564,loop
251.679,870564,loop
251.730,870564,loop
251.780,870564,loop
251.831,870564,loop
251.881,870564,loop
251.932,870564,loop
251.982,870564,loop
252.033,870564,loop
252.084,870408,loop
252.134,870408,loop
252.185,870408,loop
252.235,870408,loop
252.286,870408,loop
252.336,870556,loop
252.387,870556,loop
252.437,870556,loop
252.488,870556,loop
252.538,870556,loop
252.589,870364,loop
252.639,870488,loop
252.689,870564,loop
252.740,870564,loop
252.827,870548,loop
252.883,870556,loop
252.933,870556,loop
252.984,870556,loop
253.034,870556,loop
253.085,870556,loop
253.135,870556,loop
253.186,870556,loop
253.236,870556,loop
253.287,870556,loop
253.337,870556,loop
253.388,870564,loop
253.438,870564,loop
253.489,870564,loop
253.539,870564,loop
253.589,870564,loop
253.640,870564,loop
253.690,870564,loop
253.741,870572,loop
253.791,870572,loop
253.842,870572,loop
253.892,870572,loop
253.943,870572,loop
253.993,870572,loop
254.044,870572,loop
254.094,870572,loop
254.145,870572,loop
254.195,870572,loop
254.246,870572,loop
254.296,870572,loop
254.347,870572,loop
254.397,870572,loop
254.448,870572,loop
254.498,870572,loop
254.549,870572,loop
254.599,870572,loop
254.650,870572,loop
254.700,870572,loop
254.750,870572,loop
254.801,870572,loop
254.851,870572,loop
254.902,870572,loop
254.953,870572,loop
255.003,870572,loop
255.053,870572,loop
255.104,870572,loop
255.154,870572,loop
255.205,870572,loop
255.255,870572,loop
255.306,870572,loop
255.356,870572,loop
255.407,870572,loop
255.457,870572,loop
255.508,870572,loop
255.558,870572,loop
255.609,870572,loop
255.659,870572,loop
255.710,870572,loop
255.760,870572,loop
255.811,870572,loop
255.861,870572,loop
255.912,870572,loop
255.962,870572,loop
256.013,870572,loop
256.063,870572,loop
256.114,870572,loop
256.164,870572,loop
256.215,870572,loop
256.265,870572,loop
256.315,870572,loop
256.366,870572,loop
256.416,870572,loop
256.467,870572,loop
256.517,870572,loop
256.568,870572,loop
256.618,870572,loop
256.669,870572,loop
256.719,870572,loop
256.770,870572,loop
256.820,870572,loop
256.871,870572,loop
256.921,870572,loop
256.972,870572,loop
257.022,870572,loop
257.073,870572,loop
257.123,870572,loop
257.173,870572,loop
257.224,870572,loop
257.274,870572,loop
257.325,870572,loop
257.375,870572,loop
257.426,870572,loop
257.476,870572,loop
257.527,870572,loop
257.577,870572,loop
257.628,870572,loop
257.678,870572,loop
257.729,870572,loop
257.779,870572,loop
257.830,870572,loop
257.880,870572,loop
257.930,870572,loop
257.981,870572,loop
258.031,870572,loop
258.082,870572,loop
258.132,870572,loop
258.183,870572,loop
258.233,870572,loop
258.284,870572,loop
258.334,870572,loop
258.385,870572,loop
258.435,870572,loop
258.486,870572,loop
258.536,870572,loop
258.587,870572,loop
258.637,870572,loop
258.688,870572,loop
258.738,870572,loop
258.789,870572,loop
258.839,870572,loop
258.890,870572,loop
258.940,870572,loop
258.990,870572,loop
259.041,870572,loop
259.091,870572,loop
259.142,870572,loop
259.192,870572,loop
259.243,870572,loop
259.293,870572,loop
259.344,870572,loop
259.394,870572,loop
259.445,870572,loop
259.495,870572,loop
259.546,870572,loop
259.596,870572,loop
259.647,870572,loop
259.697,870572,loop
259.748,870572,loop
259.798,870572,loop
259.849,870572,loop
259.899,870572,loop
259.950,870572,loop
260.000,870572,loop
260.051,870572,loop
260.101,870572,loop
260.152,870572,loop
260.202,870572,loop
260.253,870572,loop
260.303,870572,loop
260.353,870572,loop
260.404,870572,loop
260.454,870572,loop
260.505,870572,loop
260.555,870572,loop
260.606,870572,loop
260.656,870572,loop
260.707,870572,loop
260.757,870572,loop
260.808,870572,loop
260.858,870572,loop
260.909,870572,loop
260.959,870572,loop
261.010,870572,loop
261.060,870572,loop
261.111,870572,loop
261.161,870572,loop
261.212,870572,loop
261.262,870572,loop
261.313,870572,loop
261.363,870572,loop
261.414,870572,loop
261.464,870572,loop
261.515,870572,loop
261.565,870572,loop
261.615,870572,loop
261.666,870572,loop
261.716,870572,loop
261.767,870572,loop
261.817,870572,loop
261.868,870572,loop
261.918,870572,loop
261.969,870572,loop
262.019,870572,loop
262.070,870572,loop
262.120,870572,loop
262.171,870572,loop
262.221,870572,loop
262.272,870572,loop
262.322,870572,loop
262.373,870572,loop
262.423,870572,loop
262.473,870572,loop
262.524,870572,loop
262.574,870572,loop
262.625,870572,loop
262.675,870572,loop
262.726,870572,loop
262.776,870572,loop
262.827,870572,loop
262.877,870572,loop
262.928,870572,loop
262.978,870572,loop
263.029,870572,loop
263.079,870572,loop
263.130,870572,loop
263.180,870572,loop
263.231,870572,loop
263.281,870572,loop
263.332,870572,loop
263.382,870572,loop
263.433,870572,loop
263.483,870572,loop
263.534,870572,loop
263.584,870572,loop
263.634,870572,loop
263.685,870572,loop
263.735,870572,loop
263.786,870572,loop
263.836,870572,loop
263.887,870572,loop
263.937,870572,loop
263.988,870572,loop
264.038,870572,loop
264.089,870572,loop
264.139,870572,loop
264.190,870572,loop
264.240,870572,loop
264.291,870572,loop
264.341,870572,loop
264.392,870572,loop
264.442,870572,loop
264.493,870572,loop
264.543,870572,loop
264.594,870572,loop
264.644,870572,loop
264.695,870572,loop
264.745,870572,loop
264.795,870572,loop
264.846,870572,loop
264.896,870572,loop
264.947,870572,loop
264.997,870572,loop
265.048,870572,loop
265.098,870572,loop
265.149,870572,loop
265.199,870572,loop
265.250,870572,loop
265.300,870572,loop
265.351,870572,loop
265.401,870572,loop
265.452,870572,loop
265.502,870572,loop
265.553,870572,loop
265.603,870572,loop
265.653,870572,loop
265.704,870572,loop
265.754,870572,loop
265.805,870572,loop
265.855,870572,loop
265.906,870572,loop
265.956,870572,loop
266.007,870572,loop
266.057,870572,loop
266.108,870572,loop
266.158,870572,loop
266.209,870572,loop
266.259,870572,loop
266.310,870572,loop
266.360,870572,loop
266.411,870572,loop
266.461,870572,loop
266.512,870572,loop
266.562,870572,loop
266.613,870572,loop
266.663,870572,loop
266.714,870572,loop
266.764,870572,loop
266.815,870572,loop
266.865,870572,loop
266.915,870572,loop
266.966,870572,loop
267.016,870572,loop
267.067,870572,loop
267.117,870572,loop
267.168,870572,loop
267.218,870572,loop
267.269,870572,loop
267.319,870572,loop
267.370,870572,loop
267.420,870572,loop
267.471,870572,loop
267.521,870572,loop
267.572,870572,loop
267.622,870572,loop
267.673,870572,loop
267.723,870572,loop
267.774,870572,loop
267.824,870572,loop
267.875,870572,loop
267.925,870572,loop
267.975,870572,loop
268.026,870572,loop
268.076,870572,loop
268.127,870572,loop
268.177,870572,loop
268.228,870572,loop
268.278,870572,loop
268.329,870572,loop
268.379,870572,loop
268.429,870572,loop
268.480,870572,loop
268.530,870572,loop
268.581,870572,loop
268.631,870572,loop
268.682,870572,loop
268.732,870572,loop
268.783,870572,loop
268.833,870572,loop
268.884,870572,loop
268.934,870572,loop
268.985,870572,loop
269.035,870572,loop
269.085,870572,loop
269.136,870572,loop
269.186,870572,loop
269.237,870572,loop
269.287,870572,loop
269.338,870572,loop
269.388,870572,loop
269.439,870572,loop
269.489,870572,loop
269.540,870572,loop
269.590,870572,loop
269.641,870572,loop
269.691,870572,loop
269.742,870572,loop
269.792,870572,loop
269.843,870572,loop
269.893,870572,loop
269.943,870572,loop
269.994,870572,loop
270.044,870572,loop
270.095,870572,loop
270.145,870572,loop
270.196,870572,loop
270.246,870572,loop
270.297,870572,loop
270.347,870572,loop
270.398,870572,loop
270.448,870572,loop
270.499,870572,loop
270.549,870572,loop
270.600,870572,loop
270.650,870572,loop
270.701,870572,loop
270.751,870572,loop
270.802,870572,loop
270.852,870572,loop
270.903,870572,loop
270.953,870572,loop
271.004,870572,loop
271.054,870572,loop
271.105,870572,loop
271.155,870572,loop
271.206,870572,loop
271.256,870572,loop
271.306,870572,loop
271.357,870572,loop
271.407,870572,loop
271.458,870572,loop
271.508,870572,loop
271.559,870572,loop
271.609,870572,loop
271.660,870572,loop
271.710,870572,loop
271.761,870572,loop
271.811,870572,loop
271.862,870572,loop
271.912,870572,loop
271.963,870572,loop
272.013,870572,loop
272.064,870572,loop
272.114,870572,loop
272.165,870572,loop
272.215,870572,loop
272.266,870572,loop
272.316,870572,loop
272.367,870572,loop
272.417,870572,loop
272.468,870572,loop
272.518,870572,loop
272.568,870572,loop
272.619,870572,loop
272.669,870572,loop
272.720,870572,loop
272.770,870572,loop
272.821,870572,loop
272.871,870572,loop
272.922,870572,loop
272.972,870572,loop
273.023,870572,loop
273.073,870572,loop
273.124,870572,loop
273.174,870572,loop
273.225,870572,loop
273.275,870572,loop
273.326,870572,loop
273.376,870572,loop
273.427,870572,loop
273.477,870572,loop
273.528,870572,loop
273.578,870572,loop
273.629,870572,loop
273.679,870572,loop
273.729,870572,loop
273.780,870572,loop
273.830,870572,loop
273.881,870572,loop
273.931,870572,loop
273.982,870572,loop
274.032,870572,loop
274.083,870572,loop
274.133,870572,loop
274.184,870572,loop
274.234,870572,loop
274.285,870572,loop
274.335,870572,loop
274.386,870572,loop
274.436,870572,loop
274.487,870572,loop
274.537,870572,loop
274.588,870572,loop
274.638,870572,loop
274.689,870572,loop
274.739,870572,loop
274.790,870572,loop
274.840,870572,loop
274.891,870572,loop
274.941,870572,loop
274.992,870572,loop
275.042,870572,loop
275.093,870572,loop
275.143,870572,loop
275.194,870572,loop
275.244,870572,loop
275.295,870572,loop
275.345,870572,loop
275.396,870572,loop
275.446,870572,loop
275.496,870572,loop
275.547,870572,loop
275.597,870572,loop
275.648,870572,loop
275.698,870572,loop
275.749,870572,loop
275.799,870572,loop
275.850,870572,loop
275.900,870572,loop
275.951,870572,loop
276.001,870572,loop
276.052,870572,loop
276.102,870572,loop
276.153,870572,loop
276.203,870572,loop
276.254,870572,loop
276.304,870572,loop
276.355,870572,loop
276.405,870572,loop
276.455,870572,loop
276.506,870572,loop
276.556,870572,loop
276.607,870572,loop
276.657,870572,loop
276.708,870572,loop
276.758,870572,loop
276.809,870572,loop
276.859,870572,loop
276.910,870572,loop
276.960,870572,loop
277.011,870572,loop
277.061,870572,loop
277.112,870572,loop
277.162,870572,loop
277.212,870572,loop
277.263,870572,loop
277.313,870572,loop
277.364,870572,loop
277.414,870572,loop
277.465,870572,loop
277.515,870572,loop
277.566,870572,loop
277.616,870572,loop
277.667,870572,loop
277.717,870572,loop
277.768,870572,loop
277.818,870572,loop
277.869,870572,loop
277.919,870572,loop
277.970,870572,loop
278.020,870572,loop
278.070,870572,loop
278.121,870572,loop
278.171,870572,loop
278.222,870572,loop
278.272,870572,loop
278.323,870572,loop
278.373,875244,loop
278.424,881388,loop
278.474,881388,loop
278.525,881388,loop
278.602,881388,loop
278.658,881388,loop
278.708,881388,loop
278.758,881388,loop
278.809,881388,loop
278.859,881388,loop
278.910,881388,loop
278.960,881388,loop
279.011,881388,loop
279.061,881388,loop
279.112,881388,loop
279.162,881388,loop
279.213,870572,loop
279.263,870572,loop
279.314,870572,loop
279.364,870572,loop
279.415,870572,loop
279.465,870572,loop
279.516,870572,loop
279.566,870572,loop
279.616,870572,loop
279.667,870572,loop
279.717,870572,loop
279.768,870572,loop
279.818,870572,loop
279.869,870572,loop
279.919,870572,loop
279.970,870572,loop
280.020,870572,loop
280.071,870572,loop
280.121,870572,loop
280.172,870572,loop
280.222,870572,loop
280.273,870572,loop
280.323,870572,loop
280.374,870572,loop
280.424,870572,loop
280.475,870572,loop
280.525,870572,loop
280.576,870572,loop
280.626,870572,loop
280.677,870572,loop
280.727,870572,loop
280.778,870572,loop
280.828,870572,loop
280.879,870572,loop
280.929,870572,loop
280.979,870572,loop
281.030,870572,loop
281.080,870572,loop
281.131,870572,loop
281.181,870572,loop
281.232,870572,loop
281.282,870572,loop
281.333,870572,loop
281.383,870572,loop
281.434,870572,loop
281.484,870572,loop
281.535,870572,loop
281.585,870572,loop
281.636,870572,loop
281.686,870572,loop
281.737,870572,loop
281.787,870572,loop
281.838,870572,loop
281.888,870572,loop
281.939,870572,loop
281.989,870572,loop
282.040,870572,loop
282.090,870572,loop
282.141,870572,loop
282.191,870572,loop
282.242,870572,loop
282.292,870572,loop
282.343,870572,loop
282.393,870572,loop
282.443,870572,loop
282.494,870572,loop
282.544,870572,loop
282.595,870572,loop
282.645,870572,loop
282.696,870572,loop
282.746,870572,loop
282.797,870572,loop
282.847,870572,loop
282.898,870572,loop
282.948,870572,loop
282.999,870572,loop
283.049,870572,loop
283.100,870572,loop
283.150,870572,loop
283.201,870572,loop
283.251,870572,loop
283.302,870572,loop
283.352,870572,loop
283.403,870572,loop
283.453,870572,loop
283.504,870572,loop
283.554,870572,loop
283.605,874060,loop
283.655,874060,loop
283.706,874060,loop
283.756,874060,loop
283.806,874060,loop
283.857,874060,loop
283.907,874060,loop
283.958,874060,loop
284.008,874060,loop
284.059,874060,loop
284.109,874060,loop
284.160,874060,loop
284.210,874060,loop
284.261,874060,loop
284.311,874060,loop
284.362,874060,loop
284.412,874060,loop
284.463,874060,loop
284.513,874060,loop
284.564,874060,loop
284.614,874060,loop
284.665,874060,loop
284.715,874060,loop
284.765,874060,loop
284.816,874060,loop
284.866,874060,loop
284.917,874060,loop
284.967,874060,loop
285.018,874060,loop
285.068,874060,loop
285.119,874060,loop
285.169,874060,loop
285.220,874060,loop
285.270,874060,loop
285.321,874060,loop
285.371,874060,loop
285.422,874060,loop
285.472,874060,loop
285.523,874060,loop
285.573,874060,loop
285.624,874060,loop
285.674,874060,loop
285.725,874060,loop
285.775,874060,loop
285.826,874060,loop
285.876,874060,loop
285.927,874060,loop
285.977,874060,loop
286.027,874060,loop
286.078,874060,loop
286.128,874060,loop
286.179,874060,loop
286.229,874060,loop
286.280,874060,loop
286.330,874060,loop
286.381,874060,loop
286.431,874060,loop
286.482,874060,loop
286.532,874060,loop
286.583,874060,loop
286.633,874060,loop
286.684,874060,loop
286.734,874060,loop
286.785,874060,loop
286.835,874060,loop
286.886,874060,loop
286.936,874060,loop
286.986,874060,loop
287.037,874060,loop
287.087,874060,loop
287.138,874060,loop
287.188,874060,loop
287.239,874060,loop
287.289,874060,loop
287.340,874060,loop
287.390,874060,loop
287.441,874060,loop
287.491,874060,loop
287.542,874060,loop
287.592,874060,loop
287.643,874060,loop
287.693,874060,loop
287.744,874060,loop
287.794,874060,loop
287.845,874060,loop
287.895,874060,loop
287.946,874060,loop
287.996,874060,loop
288.046,874064,loop
288.097,874064,loop
288.147,874064,loop
288.198,874064,loop
288.248,874064,loop
288.299,874064,loop
288.349,874064,loop
288.400,874064,loop
288.450,874064,loop
288.501,874064,loop
288.551,874064,loop
288.602,874064,loop
288.652,874064,loop
288.703,874064,loop
288.753,874064,loop
288.804,874064,loop
288.854,874064,loop
288.905,874064,loop
288.955,874064,loop
289.005,874064,loop
289.056,874064,loop
289.106,874064,loop
289.157,874064,loop
289.207,874064,loop
289.258,874064,loop
289.308,874064,loop
289.359,874064,loop
289.409,874064,loop
289.460,874064,loop
289.510,874064,loop
289.561,874064,loop
289.611,874064,loop
289.662,874064,loop
289.712,874064,loop
289.763,874064,loop
289.813,874064,loop
289.864,874064,loop
289.914,874064,loop
289.964,874064,loop
290.015,874064,loop
290.065,874064,loop
290.116,874064,loop
290.166,874064,loop
290.217,874064,loop
290.267,874064,loop
290.318,874064,loop
290.368,874064,loop
290.419,874064,loop
290.469,874064,loop
290.520,870596,loop
290.570,870596,loop
290.621,870596,loop
290.671,870596,loop
290.722,870596,loop
290.772,870596,loop
290.823,870596,loop
290.873,872728,loop
290.924,872728,loop
290.974,872728,loop
291.025,872728,loop
291.075,872728,loop
291.126,872728,loop
291.176,872728,loop
291.226,872728,loop
291.277,872728,loop
291.327,872728,loop
291.378,872728,loop
291.428,872728,loop
291.479,872728,loop
291.529,872728,loop
291.580,872728,loop
291.630,872728,loop
291.681,872728,loop
291.731,872728,loop
291.782,872728,loop
291.832,872728,loop
291.883,872664,loop
291.933,872664,loop
291.984,872664,loop
292.034,872712,loop
292.084,872716,loop
292.135,872716,loop
292.185,872716,loop
292.236,872716,loop
292.286,872716,loop
292.337,872716,loop
292.387,872716,loop
292.438,872716,loop
292.488,872716,loop
292.539,872716,loop
292.589,872716,loop
292.640,872716,loop
292.690,872716,loop
292.741,872716,loop
292.791,872716,loop
292.842,872716,loop
292.892,872716,loop
292.943,872716,loop
292.993,872716,loop
293.044,872716,loop
293.094,872716,loop
293.144,872716,loop
293.195,872716,loop
293.245,872716,loop
293.296,872716,loop
293.346,872716,loop
293.397,872716,loop
293.447,872716,loop
293.498,872716,loop
293.548,872716,loop
293.599,872716,loop
293.649,872716,loop
293.700,872716,loop
293.750,872716,loop
293.801,872716,loop
293.851,872716,loop
293.902,872716,loop
293.952,872716,loop
294.002,872716,loop
294.053,872716,loop
294.103,872716,loop
294.154,872716,loop
294.204,872716,loop
294.255,872716,loop
294.305,872716,loop
294.356,872716,loop
294.406,872716,loop
294.457,872716,loop
294.507,872716,loop
294.558,872716,loop
294.608,872720,loop
294.659,872720,loop
294.709,872720,loop
294.760,872720,loop
294.810,872720,loop
294.861,872720,loop
294.911,872720,loop
294.962,872720,loop
295.012,872720,loop
295.062,872720,loop
295.113,872720,loop
295.163,872720,loop
295.214,872720,loop
295.264,872720,loop
295.315,872720,loop
295.365,872720,loop
295.416,872720,loop
295.466,872720,loop
295.517,872720,loop
295.567,872720,loop
295.618,872720,loop
295.668,872720,loop
295.719,872720,loop
295.769,872720,loop
295.820,872720,loop
295.870,872720,loop
295.921,872720,loop
295.971,872720,loop
296.022,872720,loop
296.072,872720,loop
296.123,872720,loop
296.173,872720,loop
296.224,872720,loop
296.274,872720,loop
296.325,872720,loop
296.375,872720,loop
296.426,872720,loop
296.476,872720,loop
296.527,872720,loop
296.577,872720,loop
296.628,872720,loop
296.678,872720,loop
296.728,872720,loop
296.779,872720,loop
296.829,872720,loop
296.880,872720,loop
296.930,872720,loop
296.981,872720,loop
297.031,872720,loop
297.082,872720,loop
297.132,872720,loop
297.183,872720,loop
297.233,872720,loop
297.284,872720,loop
297.334,872720,loop
297.385,872720,loop
297.435,872720,loop
297.486,872720,loop
297.536,872720,loop
297.587,872720,loop
297.637,872720,loop
297.688,872720,loop
297.738,872720,loop
297.789,872720,loop
297.839,872720,loop
297.890,872720,loop
297.940,872564,loop
297.991,872712,loop
298.041,872712,loop
298.092,872712,loop
298.142,872712,loop
298.193,872720,loop
298.243,872720,loop
298.294,872720,loop
298.344,872720,loop
298.395,875028,loop
298.445,883220,loop
298.496,883220,loop
298.546,883220,loop
298.597,883220,loop
298.647,883220,loop
298.698,883220,loop
298.748,883220,loop
298.799,883220,loop
298.849,883220,loop
298.900,883220,loop
298.950,883220,loop
299.001,883220,loop
299.051,883220,loop
299.101,883220,loop
299.152,883220,loop
299.202,872720,loop
299.253,872720,loop
299.303,872720,loop
299.354,872720,loop
299.404,872720,loop
299.455,872720,loop
299.505,872720,loop
299.556,872720,loop
299.606,872720,loop
299.657,872720,loop
299.707,872720,loop
299.758,872720,loop
299.808,872720,loop
299.859,872720,loop
299.909,872720,loop
299.959,872720,loop
300.010,872720,loop
300.060,872720,loop
300.111,872720,loop
300.161,872720,loop
300.212,872720,loop
300.262,872720,loop
300.313,872720,loop
300.363,872720,loop
300.414,872720,loop
300.464,872720,loop
300.515,872720,loop
300.565,872720,loop
300.616,872720,loop
300.666,872720,loop
300.717,872720,loop
300.767,872720,loop
300.817,872720,loop
300.868,872720,loop
300.919,872720,loop
300.969,872720,loop
301.019,872720,loop
301.070,873412,loop
301.120,873412,loop
301.171,873412,loop
301.221,873412,loop
301.272,873412,loop
301.322,873412,loop
301.373,873412,loop
301.423,873412,loop
301.474,873412,loop
301.524,873412,loop
301.575,873412,loop
301.625,873412,loop
301.676,873412,loop
301.726,873412,loop
301.777,873412,loop
301.827,873412,loop
301.877,873412,loop
301.928,873412,loop
301.978,873412,loop
302.029,873412,loop
302.079,873412,loop
302.130,873412,loop
302.180,873412,loop
302.231,873412,loop
302.281,873412,loop
302.332,873412,loop
302.382,873412,loop
302.433,873412,loop
302.483,873412,loop
302.534,873412,loop
302.584,873412,loop
302.635,873412,loop
302.685,873412,loop
302.736,873412,loop
302.786,873412,loop
302.837,873412,loop
302.887,873412,loop
302.938,873412,loop
302.988,873412,loop
303.038,873412,loop
303.089,873412,loop
303.139,873412,loop
303.190,873412,loop
303.240,873412,loop
303.291,873412,loop
303.341,873412,loop
303.392,873412,loop
303.442,873412,loop
303.493,873412,loop
303.543,873412,loop
303.594,873412,loop
303.644,873412,loop
303.695,873412,loop
303.745,873412,loop
303.796,873412,loop
303.846,873412,loop
303.896,873412,loop
303.947,873412,loop
303.997,873412,loop
304.048,873412,loop
304.098,873412,loop
304.149,873412,loop
304.199,873412,loop
304.250,879856,loop
304.300,881904,loop
304.351,881904,loop
304.401,881904,loop
304.452,881904,loop
304.502,881904,loop
304.553,881904,loop
304.603,881904,loop
304.653,881904,loop
304.704,881904,loop
304.754,881904,loop
304.805,881904,loop
304.855,881904,loop
304.906,873412,loop
304.956,873412,loop
305.007,873404,loop
305.057,873404,loop
305.107,873404,loop
305.158,873404,loop
305.208,873404,loop
305.259,873404,loop
305.309,873404,loop
305.360,873404,loop
305.410,873404,loop
305.461,873404,loop
305.511,873404,loop
305.562,873404,loop
305.612,873404,loop
305.663,873404,loop
305.713,873404,loop
305.764,873404,loop
305.814,873404,loop
305.865,873404,loop
305.915,873404,loop
305.965,873404,loop
306.016,873404,loop
306.066,873404,loop
306.117,873404,loop
306.167,873404,loop
306.218,873404,loop
306.268,873404,loop
306.319,873404,loop
306.369,873404,loop
306.420,873404,loop
306.470,873404,loop
306.521,873404,loop
306.571,873404,loop
306.622,873404,loop
306.672,873404,loop
306.722,873404,loop
306.773,873404,loop
306.823,873404,loop
306.874,873404,loop
306.924,873404,loop
306.975,873404,loop
307.025,873404,loop
307.076,873404,loop
307.126,873404,loop
307.176,873404,loop
307.227,873404,loop
307.277,873404,loop
307.328,873404,loop
307.378,873404,loop
307.429,873404,loop
307.479,873404,loop
307.530,873404,loop
307.580,873404,loop
307.631,873404,loop
307.681,873404,loop
307.732,873404,loop
307.782,873404,loop
307.833,873404,loop
307.883,873404,loop
307.933,873404,loop
307.984,873404,loop
308.034,873404,loop
308.085,873404,loop
308.135,873404,loop
308.186,873404,loop
308.236,873404,loop
308.287,873404,loop
308.337,873404,loop
308.388,873404,loop
308.438,873404,loop
308.489,873404,loop
308.539,873404,loop
308.590,873404,loop
308.640,873404,loop
308.691,873404,loop
308.741,873404,loop
308.792,873404,loop
308.842,873404,loop
308.892,873404,loop
308.943,873404,loop
308.993,873404,loop
309.044,873404,loop
309.094,873404,loop
309.145,873404,loop
309.195,873404,loop
309.246,873404,loop
309.296,873404,loop
309.347,873404,loop
309.397,873404,loop
309.448,873404,loop
309.498,873404,loop
309.549,873404,loop
309.599,873404,loop
309.650,873404,loop
309.700,873404,loop
309.751,873404,loop
309.801,873404,loop
309.852,873404,loop
309.902,873404,loop
309.953,873404,loop
310.003,873404,loop
310.053,873404,loop
310.104,873404,loop
310.154,873404,loop
310.205,873404,loop
310.255,873404,loop
310.306,873404,loop
310.356,873404,loop
310.407,873404,loop
310.457,873404,loop
310.508,873404,loop
310.558,873404,loop
310.609,873404,loop
310.659,873404,loop
310.709,873404,loop
310.760,873404,loop
310.810,873404,loop
310.861,873404,loop
310.911,873404,loop
310.962,873404,loop
311.012,873404,loop
311.063,873404,loop
311.113,873404,loop
311.164,873404,loop
311.214,873404,loop
311.265,873404,loop
311.315,873636,loop
311.366,873636,loop
311.416,873636,loop
311.467,873636,loop
311.517,873636,loop
311.567,873636,loop
311.618,873636,loop
311.668,873636,loop
311.719,873636,loop
311.769,873636,loop
311.820,873636,loop
311.870,873636,loop
311.921,873636,loop
311.971,873636,loop
312.022,873636,loop
312.072,873636,loop
312.123,873644,loop
312.173,873644,loop
312.224,873644,loop
312.274,873644,loop
312.325,873644,loop
312.375,873644,loop
312.425,873644,loop
312.476,873644,loop
312.526,873644,loop
312.577,873644,loop
312.627,877024,loop
312.678,877024,loop
312.728,877024,loop
312.779,877024,loop
312.829,877024,loop
312.880,877024,loop
312.930,877024,loop
312.981,877024,loop
313.031,877024,loop
313.082,877024,loop
313.132,877024,loop
313.183,877024,loop
313.233,877024,loop
313.283,877024,loop
313.334,877024,loop
313.384,877024,loop
313.435,877024,loop
313.485,877024,loop
313.536,877024,loop
313.586,877024,loop
313.637,877024,loop
313.687,877024,loop
313.738,877024,loop
313.788,877024,loop
313.839,877024,loop
313.889,877024,loop
313.940,877024,loop
313.990,877024,loop
314.041,877024,loop
314.091,877024,loop
314.141,877024,loop
314.192,877024,loop
314.242,877024,loop
314.293,877024,loop
314.343,877024,loop
314.394,877024,loop
314.444,877024,loop
314.495,877024,loop
314.545,877024,loop
314.596,877024,loop
314.646,877024,loop
314.697,877024,loop
314.747,877024,loop
314.798,877024,loop
314.848,877024,loop
314.899,877024,loop
314.949,877024,loop
315.000,877024,loop
315.050,877024,loop
315.101,877024,loop
315.151,877024,loop
315.201,877024,loop
315.252,877024,loop
315.302,877024,loop
315.353,877024,loop
315.403,877024,loop
315.454,877024,loop
315.504,877024,loop
315.555,877024,loop
315.605,877024,loop
315.656,877024,loop
315.706,877024,loop
315.757,877024,loop
315.807,877024,loop
315.858,877024,loop
315.908,877024,loop
315.959,877024,loop
316.009,877024,loop
316.060,877024,loop
316.110,877024,loop
316.160,877024,loop
316.211,877024,loop
316.261,877024,loop
316.312,877024,loop
316.362,877024,loop
316.413,877024,loop
316.463,877024,loop
316.514,877024,loop
316.564,877024,loop
316.615,877024,loop
316.665,877024,loop
316.716,877024,loop
316.766,877024,loop
316.817,877024,loop
316.867,877024,loop
316.917,877024,loop
316.968,877024,loop
317.018,877024,loop
317.069,877024,loop
317.119,877024,loop
317.170,877024,loop
317.220,877028,loop
317.271,877028,loop
317.321,877028,loop
317.372,877028,loop
317.422,877028,loop
317.473,877028,loop
317.523,877028,loop
317.574,877028,loop
317.624,877028,loop
317.674,877028,loop
317.725,877028,loop
317.775,877028,loop
317.826,877028,loop
317.876,877028,loop
317.927,877028,loop
317.977,877028,loop
318.028,877028,loop
318.078,877028,loop
318.129,877028,loop
318.179,877028,loop
318.230,877028,loop
318.280,877028,loop
318.331,877028,loop
318.381,877028,loop
318.432,877028,loop
318.482,877028,loop
318.533,877028,loop
318.583,877028,loop
318.634,877028,loop
318.684,877028,loop
318.734,877028,loop
318.785,877028,loop
318.835,877028,loop
318.886,877028,loop
318.936,877028,loop
318.987,877028,loop
319.037,877028,loop
319.088,877028,loop
319.138,877028,loop
319.189,877028,loop
319.239,877028,loop
319.290,877028,loop
319.340,877028,loop
319.391,877028,loop
319.441,877028,loop
319.492,877032,loop
319.542,877032,loop
319.592,877032,loop
319.643,877032,loop
319.693,877032,loop
319.744,877032,loop
319.794,877032,loop
319.845,877032,loop
319.895,877032,loop
319.946,877032,loop
319.996,873644,loop
320.047,873644,loop
320.097,873644,loop
320.148,873644,loop
320.198,873644,loop
320.249,873488,loop
320.299,873276,loop
320.350,873276,loop
320.400,873296,loop
320.451,873544,loop
320.501,873612,loop
320.552,873632,loop
320.602,873640,loop
320.653,873644,loop
320.703,873644,loop
320.754,873644,loop
320.804,873644,loop
320.855,873644,loop
320.905,873644,loop
320.956,873644,loop
321.006,873644,loop
321.057,873644,loop
321.107,873644,loop
321.158,873644,loop
321.208,873644,loop
321.258,873644,loop
321.309,873644,loop
321.359,873644,loop
321.410,873644,loop
321.460,873644,loop
321.511,873644,loop
321.561,874528,loop
321.612,874528,loop
321.662,874528,loop
321.713,874528,loop
321.763,874528,loop
321.814,874528,loop
321.864,874528,loop
321.915,874528,loop
321.965,874528,loop
322.016,874528,loop
322.066,874528,loop
322.117,874528,loop
322.167,874528,loop
322.218,874528,loop
322.268,874528,loop
322.319,874528,loop
322.369,874528,loop
322.420,874528,loop
322.470,874528,loop
322.520,874528,loop
322.571,874528,loop
322.621,874528,loop
322.672,874528,loop
322.722,874528,loop
322.773,874528,loop
322.823,874528,loop
322.874,874528,loop
322.924,874528,loop
322.975,874528,loop
323.025,874528,loop
323.076,874528,loop
323.126,874528,loop
323.177,874528,loop
323.227,874528,loop
323.278,874528,loop
323.328,874528,loop
323.379,874528,loop
323.429,874528,loop
323.480,874528,loop
323.530,874528,loop
323.581,874528,loop
323.631,874528,loop
323.681,874528,loop
323.732,874528,loop
323.782,874528,loop
323.833,874528,loop
323.883,874528,loop
323.934,874528,loop
323.984,874528,loop
324.035,874528,loop
324.085,874528,loop
324.135,874528,loop
324.186,874528,loop
324.236,874528,loop
324.287,874528,loop
324.337,874528,loop
324.388,874528,loop
324.438,874528,loop
324.489,874528,loop
324.539,874528,loop
324.590,874528,loop
324.640,874528,loop
324.691,874528,loop
324.741,874528,loop
324.792,874528,loop
324.842,874528,loop
324.893,874528,loop
324.943,874528,loop
324.994,874528,loop
325.044,874528,loop
325.095,874528,loop
325.145,874528,loop
325.196,874528,loop
325.246,874528,loop
325.297,874528,loop
325.347,874528,loop
325.398,874528,loop
325.448,874528,loop
325.499,874528,loop
325.549,874528,loop
325.600,874528,loop
325.650,874528,loop
325.701,874528,loop
325.751,874528,loop
325.801,874528,loop
325.852,874528,loop
325.902,874528,loop
325.953,874528,loop
326.003,874528,loop
326.054,874528,loop
326.104,874528,loop
326.155,874528,loop
326.205,874528,loop
326.256,874528,loop
326.306,874528,loop
326.357,874528,loop
326.407,874528,loop
326.458,874528,loop
326.508,874528,loop
326.559,874528,loop
326.609,874528,loop
326.659,874528,loop
326.710,874528,loop
326.761,874528,loop
326.811,874528,loop
326.862,874528,loop
326.912,874528,loop
326.963,874528,loop
327.013,874528,loop
327.063,874528,loop
327.114,874528,loop
327.164,874528,loop
327.215,874528,loop
327.265,874528,loop
327.316,874528,loop
327.366,874528,loop
327.417,874528,loop
327.467,874528,loop
327.518,874528,loop
327.568,874528,loop
327.619,874528,loop
327.669,874528,loop
327.719,874528,loop
327.770,874528,loop
327.820,874528,loop
327.871,874528,loop
327.921,874528,loop
327.972,874528,loop
328.022,874528,loop
328.073,874528,loop
328.123,874528,loop
328.174,874528,loop
328.224,874528,loop
328.275,874528,loop
328.325,874528,loop
328.376,874528,loop
328.426,874528,loop
328.477,874528,loop
328.527,874528,loop
328.578,874528,loop
328.628,874528,loop
328.678,874528,loop
328.729,874528,loop
328.779,874528,loop
328.830,874528,loop
328.880,874528,loop
328.931,874528,loop
328.981,874528,loop
329.032,874528,loop
329.082,874528,loop
329.133,874528,loop
329.183,874528,loop
329.234,874528,loop
329.284,874528,loop
329.335,874528,loop
329.385,874528,loop
329.436,874528,loop
329.486,874528,loop
329.537,874528,loop
329.587,874528,loop
329.638,874528,loop
329.688,874528,loop
329.739,874528,loop
329.789,874528,loop
329.839,874528,loop
329.890,874528,loop
329.940,874528,loop
329.991,874528,loop
330.041,874528,loop
330.092,874528,loop
330.142,874528,loop
330.193,874528,loop
330.243,874528,loop
330.294,874528,loop
330.344,874528,loop
330.395,874528,loop
330.445,874528,loop
330.496,874528,loop
330.546,874528,loop
330.597,874528,loop
330.647,874528,loop
330.698,874528,loop
330.748,874528,loop
330.799,874528,loop
330.849,874528,loop
330.900,874528,loop
330.950,874528,loop
331.000,874528,loop
331.051,874528,loop
331.101,874528,loop
331.152,874528,loop
331.202,874528,loop
331.253,874528,loop
331.303,874528,loop
331.354,874528,loop
331.404,874528,loop
331.455,874528,loop
331.505,874528,loop
331.556,874528,loop
331.606,874528,loop
331.657,874528,loop
331.707,874528,loop
331.757,874528,loop
331.808,874560,loop
331.858,874560,loop
331.909,874560,loop
331.959,874560,loop
332.010,874560,loop
332.060,874560,loop
332.111,874560,loop
332.161,874560,loop
332.212,874560,loop
332.262,874560,loop
332.313,874560,loop
332.363,874560,loop
332.414,874560,loop
332.464,874560,loop
332.515,874560,loop
332.565,874560,loop
332.616,874560,loop
332.666,874560,loop
332.717,874560,loop
332.767,874560,loop
332.818,874560,loop
332.868,874560,loop
332.919,874560,loop
332.969,874560,loop
333.020,874560,loop
333.070,874560,loop
333.120,874560,loop
333.171,874560,loop
333.221,874560,loop
333.272,874560,loop
333.322,874560,loop
333.373,874560,loop
333.423,874560,loop
333.474,874560,loop
333.524,874560,loop
333.575,874560,loop
333.625,874560,loop
333.676,874560,loop
333.726,874560,loop
333.777,874560,loop
333.827,874560,loop
333.878,874560,loop
333.928,874560,loop
333.979,874560,loop
334.029,874560,loop
334.080,874560,loop
334.130,874560,loop
334.181,874560,loop
334.231,874560,loop
334.281,874560,loop
334.332,874560,loop
334.382,874560,loop
334.433,874560,loop
334.483,874560,loop
334.534,874560,loop
334.584,874560,loop
334.635,874560,loop
334.685,874560,loop
334.736,874560,loop
334.786,874560,loop
334.837,874560,loop
334.887,874560,loop
334.938,874560,loop
334.988,874560,loop
335.039,874560,loop
335.089,874560,loop
335.140,874560,loop
335.190,874560,loop
335.241,874560,loop
335.291,880488,loop
335.342,884584,loop
335.392,884584,loop
335.442,884584,loop
335.493,884584,loop
335.543,884584,loop
335.594,884584,loop
335.644,884584,loop
335.695,884584,loop
335.745,884584,loop
335.796,884584,loop
335.846,884584,loop
335.897,884584,loop
335.947,884584,loop
335.998,884584,loop
336.048,884584,loop
336.099,884584,loop
336.149,884584,loop
336.200,874560,loop
336.250,874560,loop
336.301,874560,loop
336.351,874560,loop
336.402,874560,loop
336.452,874560,loop
336.503,874560,loop
336.553,874560,loop
336.604,874560,loop
336.654,874560,loop
336.704,874560,loop
336.755,874560,loop
336.805,874560,loop
336.856,874560,loop
336.906,874560,loop
336.957,874272,loop
337.007,874272,loop
337.058,874384,loop
337.108,874524,loop
337.159,874560,loop
337.209,874560,loop
337.260,874560,loop
337.310,874560,loop
337.361,874560,loop
337.411,874560,loop
337.462,874560,loop
337.512,874560,loop
337.562,874560,loop
337.613,874560,loop
337.663,874560,loop
337.714,874560,loop
337.764,874560,loop
337.815,874560,loop
337.865,874560,loop
337.916,874560,loop
337.966,874560,loop
338.017,874560,loop
338.067,874560,loop
338.118,874560,loop
338.168,874560,loop
338.219,874560,loop
338.269,874560,loop
338.320,874560,loop
338.370,874560,loop
338.420,874560,loop
338.471,874560,loop
338.522,874560,loop
338.572,874560,loop
338.623,874560,loop
338.673,874560,loop
338.724,874560,loop
338.774,874560,loop
338.825,874560,loop
338.875,874560,loop
338.925,874560,loop
338.976,874560,loop
339.026,874560,loop
339.077,874560,loop
339.127,874560,loop
339.178,874560,loop
339.228,874560,loop
339.279,874560,loop
339.329,874560,loop
339.380,874560,loop
339.430,874560,loop
339.481,874560,loop
339.531,874560,loop
339.582,874560,loop
339.632,874560,loop
339.683,874560,loop
339.733,874560,loop
339.783,874560,loop
339.834,874560,loop
339.884,874560,loop
339.935,874560,loop
339.985,874560,loop
340.036,874560,loop
340.086,874560,loop
340.137,874560,loop
340.187,874560,loop
340.238,874560,loop
340.288,874560,loop
340.339,874560,loop
340.389,874560,loop
340.440,874560,loop
340.490,874560,loop
340.541,874560,loop
340.591,874560,loop
340.642,874560,loop
340.692,874560,loop
340.743,874560,loop
340.793,877104,loop
340.844,877104,loop
340.894,877104,loop
340.944,877104,loop
340.995,877104,loop
341.045,877104,loop
341.096,877104,loop
341.146,877104,loop
341.197,877104,loop
341.247,877104,loop
341.298,877104,loop
341.348,877104,loop
341.399,877104,loop
341.449,877104,loop
341.500,877104,loop
341.550,877104,loop
341.601,877104,loop
341.651,877104,loop
341.702,877104,loop
341.752,877104,loop
341.803,877104,loop
341.853,877104,loop
341.903,877104,loop
341.954,877104,loop
342.005,877104,loop
342.055,877136,loop
342.105,877136,loop
342.156,877136,loop
342.206,877136,loop
342.257,877136,loop
342.307,877136,loop
342.358,877136,loop
342.408,877136,loop
342.459,877136,loop
342.509,877136,loop
342.560,877136,loop
342.610,877136,loop
342.661,877136,loop
342.711,877136,loop
342.762,877136,loop
342.812,877136,loop
342.863,877136,loop
342.913,877136,loop
342.964,877136,loop
343.014,877136,loop
343.065,877136,loop
343.115,877136,loop
343.166,877136,loop
343.216,877136,loop
343.267,877136,loop
343.317,877136,loop
343.368,877136,loop
343.418,877136,loop
343.469,877136,loop
343.519,877136,loop
343.570,877136,loop
343.620,877136,loop
343.670,877136,loop
343.721,877136,loop
343.771,877136,loop
343.822,877136,loop
343.872,877136,loop
343.923,877136,loop
343.973,877136,loop
344.024,877136,loop
344.074,877136,loop
344.125,877136,loop
344.175,877136,loop
344.226,877136,loop
344.276,877136,loop
344.327,877136,loop
344.377,877136,loop
344.428,877136,loop
344.478,877136,loop
344.529,877136,loop
344.579,877136,loop
344.630,877136,loop
344.680,877136,loop
344.731,877136,loop
344.781,877136,loop
344.831,877136,loop
344.882,877136,loop
344.932,877136,loop
344.983,877136,loop
345.033,877136,loop
345.084,877136,loop
345.134,877136,loop
345.185,877136,loop
345.235,877136,loop
345.286,877136,loop
345.336,877136,loop
345.387,877136,loop
345.437,877136,loop
345.488,877136,loop
345.538,877136,loop
345.589,877136,loop
345.639,877136,loop
345.690,877136,loop
345.740,877136,loop
345.791,877136,loop
345.841,877136,loop
345.892,877136,loop
345.942,877136,loop
345.993,877136,loop
346.043,877136,loop
346.094,877136,loop
346.144,877136,loop
346.195,877136,loop
346.245,877136,loop
346.295,877136,loop
346.346,877136,loop
346.396,877136,loop
346.447,877136,loop
346.497,877136,loop
346.548,877136,loop
346.598,877136,loop
346.649,877136,loop
346.699,877136,loop
346.750,877136,loop
346.800,877136,loop
346.851,877136,loop
346.901,877136,loop
346.952,877136,loop
347.002,877136,loop
347.053,874592,loop
347.103,874592,loop
347.153,874592,loop
347.204,874592,loop
347.254,874592,loop
347.305,874592,loop
347.355,874592,loop
347.406,874592,loop
347.456,874592,loop
347.507,874592,loop
347.557,874592,loop
347.608,874592,loop
347.658,874592,loop
347.709,874592,loop
347.759,874592,loop
347.810,874592,loop
347.860,874592,loop
347.911,874592,loop
347.961,874592,loop
348.012,874592,loop
348.062,874592,loop
348.113,874592,loop
348.163,874592,loop
348.214,874592,loop
348.264,874592,loop
348.315,874592,loop
348.365,874592,loop
348.416,874592,loop
348.466,874592,loop
348.517,874592,loop
348.567,874592,loop
348.618,874592,loop
348.668,874592,loop
348.719,874592,loop
348.769,874592,loop
348.819,874592,loop
348.870,874592,loop
348.920,874592,loop
348.971,874592,loop
349.021,874592,loop
349.072,874592,loop
349.122,874592,loop
349.173,874592,loop
349.223,874592,loop
349.274,874592,loop
349.324,874592,loop
349.375,874592,loop
349.425,874592,loop
349.476,874592,loop
349.526,874592,loop
349.577,874592,loop
349.627,874592,loop
349.678,874592,loop
349.728,874592,loop
349.779,874592,loop
349.829,874592,loop
349.880,874592,loop
349.930,874592,loop
349.981,874592,loop
350.031,874592,loop
350.082,874592,loop
350.132,874592,loop
350.182,874592,loop
350.233,874592,loop
350.283,874592,loop
350.334,874592,loop
350.384,874592,loop
350.435,882100,loop
350.485,886196,loop
350.536,886196,loop
350.586,886196,loop
350.637,886196,loop
350.687,886196,loop
350.738,886196,loop
350.788,886196,loop
350.839,886196,loop
350.889,886196,loop
350.939,886196,loop
350.990,886196,loop
351.041,886196,loop
351.091,886196,loop
351.141,886196,loop
351.192,886196,loop
351.242,874592,loop
351.293,874592,loop
351.343,874592,loop
351.394,874592,loop
351.444,874528,loop
351.495,874560,loop
351.545,874576,loop
351.596,874576,loop
351.646,874576,loop
351.697,874576,loop
351.747,874576,loop
351.798,874576,loop
351.848,874576,loop
351.899,874576,loop
351.949,874576,loop
352.000,874576,loop
352.050,874576,loop
352.101,874576,loop
352.151,874576,loop
352.201,874576,loop
352.252,874576,loop
352.302,874576,loop
352.353,874576,loop
352.403,874576,loop
352.454,874576,loop
352.504,874576,loop
352.555,874576,loop
352.605,874576,loop
352.656,874576,loop
352.706,874576,loop
352.757,874576,loop
352.807,874576,loop
352.857,874576,loop
352.908,874576,loop
352.958,874576,loop
353.009,874576,loop
353.059,874576,loop
353.110,874576,loop
353.160,874576,loop
353.211,874576,loop
353.261,874576,loop
353.312,874576,loop
353.362,874576,loop
353.412,874576,loop
353.463,874576,loop
353.513,874576,loop
353.564,874576,loop
353.614,874576,loop
353.665,874576,loop
353.715,874576,loop
353.766,874576,loop
353.816,874576,loop
353.867,874576,loop
353.917,874576,loop
353.968,874576,loop
354.018,874576,loop
354.069,874576,loop
354.119,874576,loop
354.170,874576,loop
354.220,874576,loop
354.271,874576,loop
354.321,874576,loop
354.372,874576,loop
354.422,874576,loop
354.472,874576,loop
354.523,874576,loop
354.573,874576,loop
354.624,874576,loop
354.674,874576,loop
354.725,874576,loop
354.775,874576,loop
354.826,874576,loop
354.876,874576,loop
354.927,874576,loop
354.977,874576,loop
355.028,874576,loop
355.078,874576,loop
355.129,874576,loop
355.179,874576,loop
355.229,874576,loop
355.280,874576,loop
355.330,874576,loop
355.381,874576,loop
355.431,874576,loop
355.482,874576,loop
355.532,874576,loop
355.583,874576,loop
355.633,874576,loop
355.684,874576,loop
355.734,874576,loop
355.785,874576,loop
355.835,874576,loop
355.886,874576,loop
355.936,874576,loop
355.987,874576,loop
356.037,874576,loop
356.087,874576,loop
356.138,874576,loop
356.188,874576,loop
356.239,874576,loop
356.289,874576,loop
356.340,874576,loop
356.390,874576,loop
356.441,874576,loop
356.491,874576,loop
356.542,874576,loop
356.592,874576,loop
356.643,874576,loop
356.693,874576,loop
356.744,874576,loop
356.794,874576,loop
356.845,874576,loop
356.895,874576,loop
356.946,874576,loop
356.996,874576,loop
357.047,874576,loop
357.097,874576,loop
357.147,874576,loop
357.198,874576,loop
357.248,874576,loop
357.299,874576,loop
357.349,874576,loop
357.400,874576,loop
357.450,874576,loop
357.501,874576,loop
357.551,874576,loop
357.602,874576,loop
357.652,874576,loop
357.703,874576,loop
357.753,874576,loop
357.804,874576,loop
357.854,874576,loop
357.904,874576,loop
357.955,874576,loop
358.005,874576,loop
358.056,874576,loop
358.106,874576,loop
358.157,874576,loop
358.207,874576,loop
358.258,874576,loop
358.308,874576,loop
358.359,874576,loop
358.409,874576,loop
358.460,874576,loop
358.510,874576,loop
358.561,874576,loop
358.611,874576,loop
358.662,874576,loop
358.712,874576,loop
358.762,874576,loop
358.813,874576,loop
358.863,874576,loop
358.914,874576,loop
358.964,874576,loop
359.015,874576,loop
359.065,874576,loop
359.116,874576,loop
359.166,874576,loop
359.217,874576,loop
359.267,874576,loop
359.318,874576,loop
359.368,874576,loop
359.418,874576,loop
359.469,874576,loop
359.519,874576,loop
359.570,874576,loop
359.620,874576,loop
359.671,874576,loop
359.721,874576,loop
359.772,874576,loop
359.822,874576,loop
359.873,874576,loop
359.923,874576,loop
359.973,874576,loop
360.024,874576,loop
360.074,874576,loop
360.125,874576,loop
360.175,874576,loop
360.226,874576,loop
360.276,874576,loop
360.327,874576,loop
360.377,874576,loop
360.428,874576,loop
360.478,874576,loop
360.529,875456,loop
360.579,875456,loop
360.629,875456,loop
360.680,875456,loop
360.730,875456,loop
360.781,875456,loop
360.831,875456,loop
360.882,875456,loop
360.932,875464,loop
360.983,875464,loop
361.033,875464,loop
361.084,875464,loop
361.134,875464,loop
361.185,875464,loop
361.235,875464,loop
361.286,875464,loop
361.336,875464,loop
361.387,875464,loop
361.437,875464,loop
361.487,875464,loop
361.538,875464,loop
361.588,875464,loop
361.639,875464,loop
361.689,875464,loop
361.740,875464,loop
361.790,875464,loop
361.841,875464,loop
361.891,875464,loop
361.942,875464,loop
361.992,875464,loop
362.043,875464,loop
362.093,875464,loop
362.143,875464,loop
362.194,875464,loop
362.244,875464,loop
362.295,875464,loop
362.345,875464,loop
362.396,875464,loop
362.446,875464,loop
362.497,875464,loop
362.547,875516,loop
362.597,875516,loop
362.648,875516,loop
362.698,875516,loop
362.749,875516,loop
362.799,875516,loop
362.850,875516,loop
362.900,875516,loop
362.951,875516,loop
363.001,875516,loop
363.052,875516,loop
363.102,875516,loop
363.152,875516,loop
363.203,875516,loop
363.253,875516,loop
363.304,875516,loop
363.354,875516,loop
363.405,875516,loop
363.455,875516,loop
363.506,875516,loop
363.556,875516,loop
363.607,875516,loop
363.657,875516,loop
363.708,875516,loop
363.758,875516,loop
363.809,875516,loop
363.859,875516,loop
363.910,875516,loop
363.960,875516,loop
364.011,875516,loop
364.061,875516,loop
364.112,875516,loop
364.162,875516,loop
364.212,875516,loop
364.263,875516,loop
364.313,875516,loop
364.364,875516,loop
364.414,875516,loop
364.465,875516,loop
364.515,875516,loop
364.566,875516,loop
364.616,875516,loop
364.667,875516,loop
364.717,875516,loop
364.768,875516,loop
364.818,875516,loop
364.869,875516,loop
364.919,875516,loop
364.969,875516,loop
365.020,875516,loop
365.070,875516,loop
365.121,875516,loop
365.171,875516,loop
365.222,875516,loop
365.272,875516,loop
365.323,875516,loop
365.373,875516,loop
365.424,875516,loop
365.474,875516,loop
365.525,875312,loop
365.575,875516,loop
365.625,875516,loop
365.676,875516,loop
365.726,875516,loop
365.777,875516,loop
365.827,875516,loop
365.878,875516,loop
365.928,875516,loop
365.979,875516,loop
366.029,875344,loop
366.080,875344,loop
366.130,875344,loop
366.181,875344,loop
366.231,875344,loop
366.282,875344,loop
366.332,875344,loop
366.382,875344,loop
366.433,875412,loop
366.483,875464,loop
366.534,875516,loop
366.584,875516,loop
366.635,875516,loop
366.685,875516,loop
366.736,875516,loop
366.786,875516,loop
366.837,875516,loop
366.887,875516,loop
366.938,875516,loop
366.988,875516,loop
367.039,875516,loop
367.089,875516,loop
367.139,875516,loop
367.190,875516,loop
367.240,875516,loop
367.291,875516,loop
367.341,874636,loop
367.392,874644,loop
367.442,874644,loop
367.493,874644,loop
367.543,874644,loop
367.594,874644,loop
367.644,874644,loop
367.695,874644,loop
367.745,874644,loop
367.796,874644,loop
367.846,874644,loop
367.897,874644,loop
367.947,874644,loop
367.997,874644,loop
368.048,874644,loop
368.098,874644,loop
368.149,874644,loop
368.199,874644,loop
368.250,874644,loop
368.300,874644,loop
368.351,874644,loop
368.401,874644,loop
368.452,874644,loop
368.502,874644,loop
368.553,874644,loop
368.603,874644,loop
368.654,874644,loop
368.704,874644,loop
368.755,874644,loop
368.805,874644,loop
368.855,874644,loop
368.906,874644,loop
368.956,874644,loop
369.007,874644,loop
369.057,874644,loop
369.108,874644,loop
369.158,874644,loop
369.209,874644,loop
369.259,874644,loop
369.310,874644,loop
369.360,874644,loop
369.411,874644,loop
369.461,874644,loop
369.512,874644,loop
369.562,874644,loop
369.613,874644,loop
369.663,874644,loop
369.714,874644,loop
369.764,874644,loop
369.815,874644,loop
369.865,874644,loop
369.916,874644,loop
369.966,874644,loop
370.017,874644,loop
370.067,874644,loop
370.118,874644,loop
370.168,874644,loop
370.218,874644,loop
370.269,874644,loop
370.319,874644,loop
370.370,874644,loop
370.420,874644,loop
370.471,874644,loop
370.521,874644,loop
370.572,874644,loop
370.622,874644,loop
370.673,874644,loop
370.723,874644,loop
370.774,874644,loop
370.824,874644,loop
370.875,874644,loop
370.925,874644,loop
370.975,874644,loop
371.026,874644,loop
371.076,874644,loop
371.127,874644,loop
371.177,874644,loop
371.228,874644,loop
371.278,874644,loop
371.329,874644,loop
371.379,874644,loop
371.430,874644,loop
371.480,874644,loop
371.531,874644,loop
371.581,874644,loop
371.632,874644,loop
371.682,874644,loop
371.733,874644,loop
371.783,874644,loop
371.834,874644,loop
371.884,874644,loop
371.935,874644,loop
371.985,874644,loop
372.036,874644,loop
372.086,874644,loop
372.136,874644,loop
372.187,874644,loop
372.237,874644,loop
372.288,874644,loop
372.338,874644,loop
372.389,874644,loop
372.439,874644,loop
372.490,874644,loop
372.540,874644,loop
372.591,874644,loop
372.641,874644,loop
372.692,874644,loop
372.742,874644,loop
372.793,874644,loop
372.843,874644,loop
372.894,874644,loop
372.944,874644,loop
372.995,874644,loop
373.045,874644,loop
373.096,874644,loop
373.146,874644,loop
373.197,874644,loop
373.247,874644,loop
373.298,874644,loop
373.348,874644,loop
373.399,874644,loop
373.449,874644,loop
373.500,874644,loop
373.550,874644,loop
373.601,874644,loop
373.651,874644,loop
373.701,874644,loop
373.752,874644,loop
373.802,874644,loop
373.853,874644,loop
373.904,874488,loop
373.954,874488,loop
374.005,874488,loop
374.055,874488,loop
374.106,874636,loop
374.156,874636,loop
374.207,874636,loop
374.257,874636,loop
374.308,874636,loop
374.358,874636,loop
374.409,874636,loop
374.459,874636,loop
374.510,874636,loop
374.560,874636,loop
374.610,874636,loop
374.661,874636,loop
374.711,874636,loop
374.762,874636,loop
374.812,874636,loop
374.863,874636,loop
374.913,874636,loop
374.964,874636,loop
375.014,874636,loop
375.065,874636,loop
375.115,874636,loop
375.166,874636,loop
375.216,874636,loop
375.267,874636,loop
375.317,874636,loop
375.368,874636,loop
375.418,874636,loop
375.468,878256,loop
375.519,884056,loop
375.569,884056,loop
375.620,884056,loop
375.670,884056,loop
375.721,884056,loop
375.771,884056,loop
375.822,884056,loop
375.872,884056,loop
375.923,884056,loop
375.973,884056,loop
376.024,884056,loop
376.074,884056,loop
376.125,884056,loop
376.175,884056,loop
376.226,884056,loop
376.276,884056,loop
376.327,884056,loop
376.377,884056,loop
376.428,884056,loop
376.478,884056,loop
376.529,884056,loop
376.579,884056,loop
376.629,884056,loop
376.680,884056,loop
376.730,884056,loop
376.781,884056,loop
376.831,884056,loop
376.882,884056,loop
376.932,884056,loop
376.983,884056,loop
377.033,884056,loop
377.084,884056,loop
377.134,884056,loop
377.185,884056,loop
377.235,884056,loop
377.286,884056,loop
377.336,884056,loop
377.387,884056,loop
377.437,884064,loop
377.488,884064,loop
377.538,884064,loop
377.589,884064,loop
377.639,884064,loop
377.690,884064,loop
377.740,884064,loop
377.791,884064,loop
377.841,884064,loop
377.892,884064,loop
377.942,884064,loop
377.993,884064,loop
378.043,884064,loop
378.094,884064,loop
378.144,884064,loop
378.195,884064,loop
378.245,884064,loop
378.295,884064,loop
378.346,884064,loop
378.396,884064,loop
378.447,884064,loop
378.497,884064,loop
378.548,884064,loop
378.598,884064,loop
378.649,884064,loop
378.699,884064,loop
378.750,884064,loop
378.800,884064,loop
378.851,884064,loop
378.901,884064,loop
378.952,884064,loop
379.002,884064,loop
379.053,884064,loop
379.103,884064,loop
379.179,884064,loop
379.235,884064,loop
379.286,884064,loop
379.336,884064,loop
379.387,884064,loop
379.438,884064,loop
379.488,884064,loop
379.539,884064,loop
379.589,884064,loop
379.640,884064,loop
379.690,884064,loop
379.741,884064,loop
379.791,884064,loop
379.842,884064,loop
379.892,884064,loop
379.943,884064,loop
379.993,884064,loop
380.044,884064,loop
380.094,884064,loop
380.145,884064,loop
380.195,884064,loop
380.245,884064,loop
380.296,884064,loop
380.346,884064,loop
380.397,884064,loop
380.447,884064,loop
380.498,884064,loop
380.548,884064,loop
380.599,884064,loop
380.649,884064,loop
380.700,884064,loop
380.750,884064,loop
380.801,884064,loop
380.851,884064,loop
380.902,884064,loop
380.952,884064,loop
381.003,884064,loop
381.053,884064,loop
381.104,884064,loop
381.154,884064,loop
381.204,884064,loop
381.255,884064,loop
381.305,884064,loop
381.356,884064,loop
381.406,884064,loop
381.457,884064,loop
381.507,884064,loop
381.558,884064,loop
381.608,884064,loop
381.659,884064,loop
381.709,884064,loop
381.760,884064,loop
381.810,884064,loop
381.861,884064,loop
381.911,884064,loop
381.962,884064,loop
382.012,884064,loop
382.062,884064,loop
382.113,884064,loop
382.163,884064,loop
382.214,884064,loop
382.264,884064,loop
382.315,884064,loop
382.365,884064,loop
382.416,884064,loop
382.466,884064,loop
382.517,884064,loop
382.567,884064,loop
382.617,884064,loop
382.668,884064,loop
382.718,884064,loop
382.769,884064,loop
382.819,884064,loop
382.870,884064,loop
382.920,884064,loop
382.971,884064,loop
383.021,884064,loop
383.072,884064,loop
383.122,884064,loop
383.173,884064,loop
383.223,884064,loop
383.274,884064,loop
383.324,884064,loop
383.375,884064,loop
383.425,884064,loop
383.476,884064,loop
383.526,884064,loop
383.576,884064,loop
383.627,884064,loop
383.677,884064,loop
383.728,884064,loop
383.778,884064,loop
383.829,884064,loop
383.879,884064,loop
383.930,884064,loop
383.980,884064,loop
384.031,884064,loop
384.081,884064,loop
384.132,884064,loop
384.182,884064,loop
384.233,884064,loop
384.283,884064,loop
384.333,884064,loop
384.384,884064,loop
384.434,884064,loop
384.485,884064,loop
384.535,884064,loop
384.586,884064,loop
384.636,884064,loop
384.687,884064,loop
384.737,884064,loop
384.788,884064,loop
384.838,884064,loop
384.889,884064,loop
384.939,884064,loop
384.989,884064,loop
385.040,884064,loop
385.090,884064,loop
385.141,884064,loop
385.191,884064,loop
385.242,884064,loop
385.292,884064,loop
385.343,884064,loop
385.393,884064,loop
385.444,884064,loop
385.494,884064,loop
385.545,884064,loop
385.595,884064,loop
385.646,884064,loop
385.696,884064,loop
385.746,884064,loop
385.797,884064,loop
385.847,884064,loop
385.898,884064,loop
385.948,884064,loop
385.999,884064,loop
386.049,884064,loop
386.100,884064,loop
386.150,884064,loop
386.201,884064,loop
386.251,884064,loop
386.302,884064,loop
386.352,884064,loop
386.403,884064,loop
386.453,884064,loop
386.504,884064,loop
386.554,884064,loop
386.604,884064,loop
386.655,884064,loop
386.705,884064,loop
386.756,884064,loop
386.806,884064,loop
386.857,884064,loop
386.907,884064,loop
386.958,884064,loop
387.008,884064,loop
387.059,884064,loop
387.109,884064,loop
387.159,884064,loop
387.210,884064,loop
387.260,884064,loop
387.311,884064,loop
387.361,884064,loop
387.412,884064,loop
387.462,884064,loop
387.513,884064,loop
387.563,884064,loop
387.614,884064,loop
387.664,884064,loop
387.715,884064,loop
387.765,884064,loop
387.815,884064,loop
387.866,884064,loop
387.916,884064,loop
387.967,884064,loop
388.017,884064,loop
388.068,884064,loop
388.118,884064,loop
388.169,885688,loop
388.219,887528,loop
388.270,887528,loop
388.320,887528,loop
388.371,887528,loop
388.421,887528,loop
388.472,887528,loop
388.522,887528,loop
388.572,887528,loop
388.623,887528,loop
388.673,887528,loop
388.724,887528,loop
388.774,887528,loop
388.825,887528,loop
388.875,887528,loop
388.926,887528,loop
388.976,887528,loop
389.027,887528,loop
389.077,887528,loop
389.128,887528,loop
389.178,887528,loop
389.229,887528,loop
389.279,887528,loop
389.330,887528,loop
389.380,887528,loop
389.431,887528,loop
389.481,887528,loop
389.532,887528,loop
389.582,887528,loop
389.632,887528,loop
389.683,887528,loop
389.733,887528,loop
389.784,887528,loop
389.834,887528,loop
389.885,887528,loop
389.935,887528,loop
389.986,887528,loop
390.036,887528,loop
390.087,887528,loop
390.137,887528,loop
390.188,887528,loop
390.238,887528,loop
390.289,887528,loop
390.339,887528,loop
390.390,887528,loop
390.440,887528,loop
390.490,887528,loop
390.541,887528,loop
390.591,887528,loop
390.642,887528,loop
390.692,887528,loop
390.743,887528,loop
390.793,887528,loop
390.844,887528,loop
390.894,887528,loop
390.945,887528,loop
390.995,887528,loop
391.046,887528,loop
391.096,887528,loop
391.146,887528,loop
391.197,887528,loop
391.247,887528,loop
391.298,887528,loop
391.348,887528,loop
391.399,887528,loop
391.449,887528,loop
391.500,887528,loop
391.550,887528,loop
391.601,887528,loop
391.651,887528,loop
391.702,887528,loop
391.752,887528,loop
391.803,887528,loop
391.853,887528,loop
391.904,887528,loop
391.954,887528,loop
392.004,887528,loop
392.055,887528,loop
392.105,887528,loop
392.156,887528,loop
392.206,887528,loop
392.257,887528,loop
392.307,887528,loop
392.358,887528,loop
392.408,887528,loop
392.459,887528,loop
392.509,887528,loop
392.559,887528,loop
392.610,887528,loop
392.661,887528,loop
392.711,887528,loop
392.761,887528,loop
392.812,887528,loop
392.862,887528,loop
392.913,887528,loop
392.963,887528,loop
393.014,887528,loop
393.064,887528,loop
393.115,887528,loop
393.165,887528,loop
393.215,887528,loop
393.266,887632,loop
393.316,887632,loop
393.367,887632,loop
393.417,887632,loop
393.468,887632,loop
393.518,887632,loop
393.569,887632,loop
393.619,887632,loop
393.670,887632,loop
393.720,887632,loop
393.771,887632,loop
393.821,887632,loop
393.872,887632,loop
393.922,887632,loop
393.973,887632,loop
394.023,887632,loop
394.073,887632,loop
394.124,887632,loop
394.174,887632,loop
394.225,887632,loop
394.275,887632,loop
394.326,887632,loop
394.376,887632,loop
394.427,887632,loop
394.477,887632,loop
394.528,887632,loop
394.578,887632,loop
394.629,887632,loop
394.679,887632,loop
394.730,887632,loop
394.780,887632,loop
394.831,887632,loop
394.881,887632,loop
394.932,887632,loop
394.982,887632,loop
395.033,887632,loop
395.083,887632,loop
395.134,887632,loop
395.184,887632,loop
395.234,887632,loop
395.285,887632,loop
395.335,887632,loop
395.386,887632,loop
395.436,887632,loop
395.487,887632,loop
395.537,887632,loop
395.588,887632,loop
395.638,887632,loop
395.689,887632,loop
395.739,887632,loop
395.789,887632,loop
395.840,887632,loop
395.890,887632,loop
395.941,887632,loop
395.991,887632,loop
396.042,887632,loop
396.092,887632,loop
396.143,887632,loop
396.193,887632,loop
396.244,887632,loop
396.294,887632,loop
396.345,887632,loop
396.395,887632,loop
396.446,887632,loop
396.496,887636,loop
396.547,887636,loop
396.597,887636,loop
396.647,887636,loop
396.698,887640,loop
396.748,887640,loop
396.799,887640,loop
396.849,887640,loop
396.900,887640,loop
396.950,887640,loop
397.001,887640,loop
397.051,887640,loop
397.102,887640,loop
397.152,887640,loop
397.203,887640,loop
397.253,887640,loop
397.303,887640,loop
397.354,887640,loop
397.404,887640,loop
397.455,887640,loop
397.505,887640,loop
397.556,887640,loop
397.606,887640,loop
397.657,887640,loop
397.707,887640,loop
397.758,887640,loop
397.808,887640,loop
397.859,887640,loop
397.909,887640,loop
397.960,887640,loop
398.010,887640,loop
398.060,887640,loop
398.111,887640,loop
398.161,887640,loop
398.212,887640,loop
398.262,887640,loop
398.313,887640,loop
398.363,887640,loop
398.414,887640,loop
398.464,887640,loop
398.515,887640,loop
398.565,887640,loop
398.616,887640,loop
398.666,887640,loop
398.717,887640,loop
398.767,887640,loop
398.817,887640,loop
398.868,887640,loop
398.918,887640,loop
398.969,887640,loop
399.019,887640,loop
399.070,887640,loop
399.120,887640,loop
399.171,887640,loop
399.221,887640,loop
399.272,887640,loop
399.322,887640,loop
399.372,887640,loop
399.423,887640,loop
399.473,887640,loop
399.524,887640,loop
399.574,887640,loop
399.625,887640,loop
399.675,887640,loop
399.726,887640,loop
399.776,887640,loop
399.827,887640,loop
399.877,887640,loop
399.928,887640,loop
399.978,887640,loop
400.029,887640,loop
400.079,887640,loop
400.130,887640,loop
400.180,887640,loop
400.231,887640,loop
400.281,887640,loop
400.331,887640,loop
400.382,887640,loop
400.432,887640,loop
400.483,887640,loop
400.533,887640,loop
400.584,887640,loop
400.634,887640,loop
400.685,887640,loop
400.735,887644,loop
400.786,887644,loop
400.836,887644,loop
400.887,887644,loop
400.937,887644,loop
400.988,887644,loop
401.038,887644,loop
401.089,887644,loop
401.139,887644,loop
401.190,887644,loop
401.240,887644,loop
401.291,887644,loop
401.341,887644,loop
401.391,887644,loop
401.442,887644,loop
401.492,887644,loop
401.543,887644,loop
401.593,887644,loop
401.644,887644,loop
401.694,887644,loop
401.745,887644,loop
401.795,887644,loop
401.846,887644,loop
401.896,887644,loop
401.946,887644,loop
401.997,887644,loop
402.047,887644,loop
402.098,887644,loop
402.148,887644,loop
402.199,887644,loop
402.249,887648,loop
402.300,887648,loop
402.350,887648,loop
402.401,887648,loop
402.451,887648,loop
402.502,887648,loop
402.552,887648,loop
402.603,887648,loop
402.653,887648,loop
402.703,887648,loop
402.754,887648,loop
402.804,887648,loop
402.855,887648,loop
402.905,887648,loop
402.956,887648,loop
403.006,887648,loop
403.057,887648,loop
403.107,887648,loop
403.158,887652,loop
403.208,887652,loop
403.258,887652,loop
403.309,887652,loop
403.359,887652,loop
403.410,887652,loop
403.460,887652,loop
403.511,887652,loop
403.561,887652,loop
403.612,887652,loop
403.662,887652,loop
403.713,887588,loop
403.763,887588,loop
403.813,887588,loop
403.864,887588,loop
403.914,887588,loop
403.965,892436,loop
404.015,892436,loop
404.066,892452,loop
404.116,892452,loop
404.167,892452,loop
404.217,892452,loop
404.268,892452,loop
404.318,892452,loop
404.368,892452,loop
404.419,892452,loop
404.469,892452,loop
404.520,892452,loop
404.570,892452,loop
404.621,892452,loop
404.671,892452,loop
404.722,892452,loop
404.772,892452,loop
404.823,892452,loop
404.873,892452,loop
404.924,892092,loop
404.974,892164,loop
405.024,892164,loop
405.075,892452,loop
405.125,892452,loop
405.176,892452,loop
405.226,892452,loop
405.277,892452,loop
405.327,892452,loop
405.378,892452,loop
405.428,892452,loop
405.479,892452,loop
405.529,892452,loop
405.580,892452,loop
405.630,892452,loop
405.681,892452,loop
405.731,892452,loop
405.782,892452,loop
405.832,892452,loop
405.883,892452,loop
405.933,892452,loop
405.983,892452,loop
406.034,892452,loop
406.084,892452,loop
406.135,892452,loop
406.185,892456,loop
406.236,892456,loop
406.286,892460,loop
406.337,892460,loop
406.387,892460,loop
406.438,892460,loop
406.488,892460,loop
406.539,892460,loop
406.589,892460,loop
406.640,892460,loop
406.690,892460,loop
406.741,892460,loop
406.791,892460,loop
406.842,892460,loop
406.892,892460,loop
406.943,892460,loop
406.993,892460,loop
407.044,892460,loop
407.094,892460,loop
407.144,892460,loop
407.195,892460,loop
407.245,892460,loop
407.296,892460,loop
407.346,892460,loop
407.397,892460,loop
407.447,892460,loop
407.498,892460,loop
407.548,892460,loop
407.599,892460,loop
407.649,892460,loop
407.700,892460,loop
407.750,892460,loop
407.801,892460,loop
407.851,892460,loop
407.902,892460,loop
407.952,892460,loop
408.003,892460,loop
408.053,892460,loop
408.104,892460,loop
408.154,892460,loop
408.204,892460,loop
408.255,892460,loop
408.305,892460,loop
408.356,892460,loop
408.406,892460,loop
408.457,892460,loop
408.507,892460,loop
408.558,892460,loop
408.608,892460,loop
408.659,892460,loop
408.709,892460,loop
408.760,892460,loop
408.810,892460,loop
408.861,892460,loop
408.911,892460,loop
408.962,892460,loop
409.012,892460,loop
409.063,892460,loop
409.113,892460,loop
409.164,892460,loop
409.214,892460,loop
409.264,892460,loop
409.315,892460,loop
409.365,892460,loop
409.416,892460,loop
409.466,892460,loop
409.517,892460,loop
409.567,892460,loop
409.618,892460,loop
409.668,892460,loop
409.719,892460,loop
409.769,892460,loop
409.820,892460,loop
409.870,892460,loop
409.921,892460,loop
409.971,892460,loop
410.022,892460,loop
410.072,892460,loop
410.123,892460,loop
410.173,892460,loop
410.224,892460,loop
410.274,892460,loop
410.324,892460,loop
410.375,892460,loop
410.425,892460,loop
410.476,892460,loop
410.526,892460,loop
410.577,892460,loop
410.627,892460,loop
410.678,892460,loop
410.728,892460,loop
410.779,892460,loop
410.829,892460,loop
410.880,892460,loop
410.930,892460,loop
410.981,892460,loop
411.031,892460,loop
411.082,892460,loop
411.132,892460,loop
411.182,892460,loop
411.233,892460,loop
411.283,892460,loop
411.334,892460,loop
411.384,892460,loop
411.435,892460,loop
411.485,892460,loop
411.536,892460,loop
411.586,892460,loop
411.637,892460,loop
411.687,892460,loop
411.738,892460,loop
411.788,892460,loop
411.839,892460,loop
411.889,892460,loop
411.940,892460,loop
411.990,892460,loop
412.041,892460,loop
412.091,892460,loop
412.142,892460,loop
412.192,892460,loop
412.242,892460,loop
412.293,892460,loop
412.343,892460,loop
412.394,892460,loop
412.444,892460,loop
412.495,892460,loop
412.545,892460,loop
412.596,892460,loop
412.646,892460,loop
412.697,892460,loop
412.747,892460,loop
412.798,892460,loop
412.848,892460,loop
412.899,892460,loop
412.949,892460,loop
413.000,892460,loop
413.050,892460,loop
413.101,892460,loop
413.151,892468,loop
413.202,892468,loop
413.252,892468,loop
413.303,892468,loop
413.353,892468,loop
413.404,892468,loop
413.454,892468,loop
413.504,892468,loop
413.555,892468,loop
413.605,892468,loop
413.656,892468,loop
413.706,892468,loop
413.757,892496,loop
413.807,892496,loop
413.858,892496,loop
413.908,892496,loop
413.959,892496,loop
414.009,892496,loop
414.060,892496,loop
414.110,892496,loop
414.160,892496,loop
414.211,892496,loop
414.261,892496,loop
414.312,892496,loop
414.362,892496,loop
414.413,892496,loop
414.463,892496,loop
414.514,892496,loop
414.564,892496,loop
414.615,892496,loop
414.665,892496,loop
414.716,892496,loop
414.766,892496,loop
414.816,892496,loop
414.867,892496,loop
414.917,892496,loop
414.968,892496,loop
415.018,892496,loop
415.069,892496,loop
415.119,892496,loop
415.170,892496,loop
415.220,892496,loop
415.271,892496,loop
415.321,892496,loop
415.371,892496,loop
415.422,892496,loop
415.472,892496,loop
415.523,892496,loop
415.573,892496,loop
415.624,892496,loop
415.674,892496,loop
415.725,892496,loop
415.775,892496,loop
415.825,892496,loop
415.876,892496,loop
415.926,892496,loop
415.977,892496,loop
416.027,892496,loop
416.078,892496,loop
416.128,892496,loop
416.179,892496,loop
416.229,892496,loop
416.280,892496,loop
416.330,892496,loop
416.380,892496,loop
416.431,892496,loop
416.481,892496,loop
416.532,892496,loop
416.582,892496,loop
416.633,892496,loop
416.683,892496,loop
416.734,892496,loop
416.784,892500,loop
416.835,892504,loop
416.885,892504,loop
416.936,892496,loop
416.986,892496,loop
417.037,892496,loop
417.087,892496,loop
417.137,892496,loop
417.188,892496,loop
417.238,892496,loop
417.289,892496,loop
417.339,892496,loop
417.390,892496,loop
417.440,892496,loop
417.491,892496,loop
417.541,892496,loop
417.592,892496,loop
417.642,892496,loop
417.692,892496,loop
417.743,892496,loop
417.793,892496,loop
417.844,892496,loop
417.894,892496,loop
417.945,892496,loop
417.995,892496,loop
418.046,892496,loop
418.096,892496,loop
418.147,892496,loop
418.197,892496,loop
418.248,892496,loop
418.298,892496,loop
418.391,892356,loop
418.447,892356,loop
418.497,892488,loop
418.548,892488,loop
418.598,892488,loop
418.649,892488,loop
418.700,892488,loop
418.750,892488,loop
418.801,892488,loop
418.851,892488,loop
418.902,892488,loop
418.952,892488,loop
419.003,892488,loop
419.053,892488,loop
419.104,892488,loop
419.154,892488,loop
419.205,892488,loop
419.255,892488,loop
419.306,892488,loop
419.356,892488,loop
419.407,892488,loop
419.457,892496,loop
419.508,892496,loop
419.558,892496,loop
419.608,892496,loop
419.659,892496,loop
419.709,892496,loop
419.760,892496,loop
419.810,892496,loop
419.861,892496,loop
419.911,892496,loop
419.962,892496,loop
420.012,892496,loop
420.063,892496,loop
420.113,892496,loop
420.164,892496,loop
420.214,892496,loop
420.264,892496,loop
420.315,892496,loop
420.365,892496,loop
420.416,892496,loop
420.466,892496,loop
420.517,892496,loop
420.567,892496,loop
420.617,892496,loop
420.668,892496,loop
420.718,892496,loop
420.769,892496,loop
420.819,892496,loop
420.870,892496,loop
420.920,892496,loop
420.971,892496,loop
421.021,892496,loop
421.072,892496,loop
421.122,892496,loop
421.173,892496,loop
421.223,892496,loop
421.274,892496,loop
421.324,892496,loop
421.375,892496,loop
421.425,892496,loop
421.476,892496,loop
421.526,892496,loop
421.576,892496,loop
421.627,892496,loop
421.677,892496,loop
421.728,892496,loop
421.778,892496,loop
421.829,892496,loop
421.879,892496,loop
421.930,892496,loop
421.980,892496,loop
422.031,892496,loop
422.081,892496,loop
422.132,892496,loop
422.182,892496,loop
422.233,892496,loop
422.283,892496,loop
422.333,892496,loop
422.384,892496,loop
422.434,892496,loop
422.485,892496,loop
422.535,892496,loop
422.586,892496,loop
422.636,892496,loop
422.687,892496,loop
422.737,892496,loop
422.788,892496,loop
422.838,892496,loop
422.889,892496,loop
422.939,892496,loop
422.990,892496,loop
423.040,892496,loop
423.091,892496,loop
423.141,892496,loop
423.191,892496,loop
423.242,892496,loop
423.292,892496,loop
423.343,892496,loop
423.393,892496,loop
423.444,892496,loop
423.494,892496,loop
423.545,892496,loop
423.595,892496,loop
423.646,892496,loop
423.696,892496,loop
423.747,892496,loop
423.797,892496,loop
423.847,892496,loop
423.898,892496,loop
423.948,892848,loop
423.999,892848,loop
424.049,892848,loop
424.100,892848,loop
424.150,892848,loop
424.201,892848,loop
424.251,892848,loop
424.302,892848,loop
424.352,892848,loop
424.403,892848,loop
424.453,892848,loop
424.504,892848,loop
424.554,892848,loop
424.604,892848,loop
424.655,892848,loop
424.705,894900,loop
424.756,899812,loop
424.806,899812,loop
424.857,899812,loop
424.907,899812,loop
424.958,899812,loop
425.008,899812,loop
425.059,899812,loop
425.109,899812,loop
425.160,899812,loop
425.210,899812,loop
425.261,899812,loop
425.311,899812,loop
425.361,899812,loop
425.412,899812,loop
425.462,899812,loop
425.513,899812,loop
425.563,899812,loop
425.614,899812,loop
425.664,899812,loop
425.715,899812,loop
425.765,899812,loop
425.816,899812,loop
425.866,899812,loop
425.916,899812,loop
425.967,899812,loop
426.017,899812,loop
426.068,899812,loop
426.118,899812,loop
426.169,899812,loop
426.219,899812,loop
426.270,899812,loop
426.320,899812,loop
426.371,899608,loop
426.421,899608,loop
426.472,899712,loop
426.522,899720,loop
426.573,899788,loop
426.623,899808,loop
426.674,899808,loop
426.724,899812,loop
426.774,899812,loop
426.825,899812,loop
426.875,899860,loop
426.926,907744,loop
426.976,909792,loop
427.026,909792,loop
427.077,909792,loop
427.127,909792,loop
427.178,909792,loop
427.228,909792,loop
427.279,909792,loop
427.329,909792,loop
427.380,909792,loop
427.430,909792,loop
427.481,909792,loop
427.531,909792,loop
427.582,909792,loop
427.632,909792,loop
427.683,899812,loop
427.733,899812,loop
427.784,899812,loop
427.834,899812,loop
427.884,899812,loop
427.935,899812,loop
427.985,899812,loop
428.036,899812,loop
428.086,899812,loop
428.137,899812,loop
428.187,899812,loop
428.238,899812,loop
428.288,899812,loop
428.339,899812,loop
428.389,899812,loop
428.440,899812,loop
428.490,899812,loop
428.540,899812,loop
428.591,899812,loop
428.641,899812,loop
428.692,899812,loop
428.742,899812,loop
428.793,899812,loop
428.843,899812,loop
428.894,899812,loop
428.944,899812,loop
428.995,899812,loop
429.045,899812,loop
429.095,899812,loop
429.146,899812,loop
429.196,899812,loop
429.247,899812,loop
429.297,899812,loop
429.348,899812,loop
429.398,899812,loop
429.449,899812,loop
429.499,899812,loop
429.549,899812,loop
429.600,899812,loop
429.650,899812,loop
429.701,899812,loop
429.751,899812,loop
429.802,899812,loop
429.852,899812,loop
429.903,899812,loop
429.953,899812,loop
430.004,899812,loop
430.054,899812,loop
430.105,899812,loop
430.155,899812,loop
430.205,899812,loop
430.256,899812,loop
430.306,899812,loop
430.357,899812,loop
430.407,899812,loop
430.458,899812,loop
430.508,899812,loop
430.558,899812,loop
430.609,899812,loop
430.659,899812,loop
430.710,899812,loop
430.760,899812,loop
430.811,899812,loop
430.861,899812,loop
430.912,899812,loop
430.962,899812,loop
431.013,899812,loop
431.063,899812,loop
431.114,899812,loop
431.164,899812,loop
431.214,899812,loop
431.265,899812,loop
431.315,899812,loop
431.366,899812,loop
431.416,899812,loop
431.466,899812,loop
431.517,899812,loop
431.567,899812,loop
431.618,899812,loop
431.668,899812,loop
431.719,899812,loop
431.769,899812,loop
431.820,899812,loop
431.870,899812,loop
431.921,899812,loop
431.971,899812,loop
432.022,899812,loop
432.072,899812,loop
432.123,899812,loop
432.173,899812,loop
432.223,899812,loop
432.274,899812,loop
432.324,899812,loop
432.375,899812,loop
432.425,899812,loop
432.476,899812,loop
432.526,899812,loop
432.577,899812,loop
432.627,899812,loop
432.678,899812,loop
432.728,899812,loop
432.779,899812,loop
432.829,899812,loop
432.880,899812,loop
432.930,899812,loop
432.980,899812,loop
433.031,899812,loop
433.081,899812,loop
433.132,899812,loop
433.182,899812,loop
433.233,899812,loop
433.283,899812,loop
433.334,899812,loop
433.384,899812,loop
433.435,899812,loop
433.485,899812,loop
433.536,899812,loop
433.586,899812,loop
433.637,899812,loop
433.687,899812,loop
433.737,899812,loop
433.788,899812,loop
433.838,899812,loop
433.889,899812,loop
433.939,899812,loop
433.990,899812,loop
434.040,899812,loop
434.091,899812,loop
434.141,899812,loop
434.192,900424,loop
434.242,900424,loop
434.292,900424,loop
434.343,900424,loop
434.394,900424,loop
434.444,900424,loop
434.494,900424,loop
434.545,900424,loop
434.595,900424,loop
434.646,900424,loop
434.696,900424,loop
434.747,900424,loop
434.797,900424,loop
434.848,900288,loop
434.898,900288,loop
434.949,900412,loop
434.999,900412,loop
435.049,900412,loop
435.100,900424,loop
435.150,900424,loop
435.201,900424,loop
435.251,900424,loop
435.302,900424,loop
435.352,900424,loop
435.402,900424,loop
435.453,900424,loop
435.503,900424,loop
435.554,900424,loop
435.604,900424,loop
435.655,900424,loop
435.705,900424,loop
435.756,900424,loop
435.806,900424,loop
435.857,900424,loop
435.907,900424,loop
435.958,900424,loop
436.008,900424,loop
436.058,900424,loop
436.109,900424,loop
436.159,900424,loop
436.210,900424,loop
436.260,900424,loop
436.311,900424,loop
436.361,900424,loop
436.412,900424,loop
436.462,900424,loop
436.513,900424,loop
436.563,900424,loop
436.614,900424,loop
436.664,900424,loop
436.715,900424,loop
436.765,900424,loop
436.815,900424,loop
436.866,900424,loop
436.916,900424,loop
436.967,900424,loop
437.017,900424,loop
437.068,900424,loop
437.118,900424,loop
437.168,900424,loop
437.219,900424,loop
437.269,900424,loop
437.320,900424,loop
437.370,900424,loop
437.421,900424,loop
437.471,900424,loop
437.522,900424,loop
437.572,900424,loop
437.623,900424,loop
437.673,900424,loop
437.724,900424,loop
437.774,900424,loop
437.824,900424,loop
437.875,900424,loop
437.925,900424,loop
437.976,900424,loop
438.026,900424,loop
438.077,900424,loop
438.127,900424,loop
438.178,900424,loop
438.228,900424,loop
438.279,900424,loop
438.329,900424,loop
438.380,900424,loop
438.430,900424,loop
438.480,900424,loop
438.531,900424,loop
438.581,900424,loop
438.632,900424,loop
438.682,900424,loop
438.733,900424,loop
438.783,900424,loop
438.834,900424,loop
438.884,900424,loop
438.935,900424,loop
438.985,900424,loop
439.036,900424,loop
439.086,900424,loop
439.137,900424,loop
439.187,900424,loop
439.237,900424,loop
439.288,900424,loop
439.338,900424,loop
439.389,900424,loop
439.439,900424,loop
439.490,900424,loop
439.540,900424,loop
439.591,900424,loop
439.641,900424,loop
439.692,900424,loop
439.742,900424,loop
439.793,900424,loop
439.843,900424,loop
439.893,900424,loop
439.944,900424,loop
439.994,900424,loop
440.045,900424,loop
440.095,900424,loop
440.146,900424,loop
440.196,900424,loop
440.247,900424,loop
440.297,900424,loop
440.348,900424,loop
440.398,900432,loop
440.449,900432,loop
440.499,900432,loop
440.550,900432,loop
440.600,900432,loop
440.650,900432,loop
440.701,900432,loop
440.751,900436,loop
440.802,900912,loop
440.852,906376,loop
440.903,906376,loop
440.953,906376,loop
441.004,906376,loop
441.054,906376,loop
441.105,906376,loop
441.155,906376,loop
441.206,906376,loop
441.256,906376,loop
441.307,906376,loop
441.357,906376,loop
441.408,906376,loop
441.458,906376,loop
441.508,906376,loop
441.559,906376,loop
441.609,906376,loop
441.660,906376,loop
441.710,906376,loop
441.761,906376,loop
441.811,906376,loop
441.862,906376,loop
441.912,906376,loop
441.963,906376,loop
442.013,906376,loop
442.064,906376,loop
442.114,906376,loop
442.165,906376,loop
442.215,906376,loop
442.266,906376,loop
442.316,906376,loop
442.367,906376,loop
442.417,906376,loop
442.468,906376,loop
442.518,906376,loop
442.568,906376,loop
442.619,906376,loop
442.669,906376,loop
442.720,906376,loop
442.770,906376,loop
442.821,906376,loop
442.871,906376,loop
442.922,906376,loop
442.972,906376,loop
443.023,906376,loop
443.073,906376,loop
443.123,906376,loop
443.174,906376,loop
443.224,906376,loop
443.275,906376,loop
443.325,906376,loop
443.376,906376,loop
443.426,906376,loop
443.477,906376,loop
443.527,906376,loop
443.578,906376,loop
443.628,906376,loop
443.679,906376,loop
443.729,906376,loop
443.779,906376,loop
443.830,906376,loop
443.880,906376,loop
443.931,906376,loop
443.981,906376,loop
444.032,906376,loop
444.082,906376,loop
444.133,906376,loop
444.183,906376,loop
444.234,906376,loop
444.284,906376,loop
444.335,906376,loop
444.385,906376,loop
444.436,909380,loop
444.486,909380,loop
444.537,909380,loop
444.587,909380,loop
444.637,909380,loop
444.688,909380,loop
444.738,909380,loop
444.789,909380,loop
444.839,909380,loop
444.890,909380,loop
444.940,909380,loop
444.991,909380,loop
445.041,909380,loop
445.092,909380,loop
445.142,909380,loop
445.193,909380,loop
445.243,909380,loop
445.294,909380,loop
445.344,909380,loop
445.395,909380,loop
445.445,909380,loop
445.495,909380,loop
445.546,909380,loop
445.596,909380,loop
445.647,909380,loop
445.697,909380,loop
445.748,909380,loop
445.798,909380,loop
445.849,909380,loop
445.899,909380,loop
445.950,909380,loop
446.000,909380,loop
446.051,909380,loop
446.101,909380,loop
446.152,909380,loop
446.202,909380,loop
446.253,909380,loop
446.303,909380,loop
446.353,909380,loop
446.404,909380,loop
446.454,909380,loop
446.505,909380,loop
446.555,909380,loop
446.606,909380,loop
446.656,909380,loop
446.707,909380,loop
446.757,909380,loop
446.808,909380,loop
446.858,909380,loop
446.909,909380,loop
446.959,909380,loop
447.010,909380,loop
447.060,909380,loop
447.111,909380,loop
447.161,909380,loop
447.211,909380,loop
447.262,909380,loop
447.312,909380,loop
447.363,909380,loop
447.413,909380,loop
447.464,909380,loop
447.514,909380,loop
447.565,909380,loop
447.615,909380,loop
447.666,909380,loop
447.716,909380,loop
447.767,909380,loop
447.817,909380,loop
447.868,909380,loop
447.918,909380,loop
447.969,909380,loop
448.019,909380,loop
448.069,909380,loop
448.120,909380,loop
448.170,909380,loop
448.221,909380,loop
448.271,909380,loop
448.322,909380,loop
448.372,909380,loop
448.422,909380,loop
448.473,909380,loop
448.523,909380,loop
448.574,909380,loop
448.624,909380,loop
448.675,909380,loop
448.725,909380,loop
448.776,909380,loop
448.826,909380,loop
448.877,909380,loop
448.927,909380,loop
448.978,909380,loop
449.028,909380,loop
449.079,909380,loop
449.129,909380,loop
449.180,909380,loop
449.230,909380,loop
449.280,909380,loop
449.331,909380,loop
449.381,909380,loop
449.432,909380,loop
449.482,909380,loop
449.533,909380,loop
449.583,909380,loop
449.634,909380,loop
449.684,909380,loop
449.735,909380,loop
449.785,909380,loop
449.836,909380,loop
449.886,909380,loop
449.937,909380,loop
449.987,909380,loop
450.038,909380,loop
450.088,909380,loop
450.138,909380,loop
450.189,909380,loop
450.239,909380,loop
450.290,909380,loop
450.340,909380,loop
450.391,909380,loop
450.441,909380,loop
450.492,909380,loop
450.542,909380,loop
450.593,909380,loop
450.643,909380,loop
450.694,909380,loop
450.744,909380,loop
450.795,909380,loop
450.845,909380,loop
450.895,909380,loop
450.946,909380,loop
450.996,909380,loop
451.047,909380,loop
451.097,909380,loop
451.148,909380,loop
451.198,909380,loop
451.249,909380,loop
451.299,909380,loop
451.350,909380,loop
451.400,909380,loop
451.451,909380,loop
451.501,909380,loop
451.552,909380,loop
451.602,909380,loop
451.653,909380,loop
451.703,909380,loop
451.753,909380,loop
451.804,909380,loop
451.854,909380,loop
451.905,909380,loop
451.955,909380,loop
452.006,909380,loop
452.056,915348,loop
452.107,921492,loop
452.157,921492,loop
452.208,921492,loop
452.258,921492,loop
452.308,921492,loop
452.359,921492,loop
452.409,921492,loop
452.460,921492,loop
452.510,921492,loop
452.561,921492,loop
452.611,921492,loop
452.662,921492,loop
452.712,921492,loop
452.763,921492,loop
452.813,921492,loop
452.864,921492,loop
452.914,909380,loop
452.965,909380,loop
453.015,909380,loop
453.065,909380,loop
453.116,909380,loop
453.166,909380,loop
453.217,909380,loop
453.267,909380,loop
453.318,909380,loop
453.368,909380,loop
453.419,909380,loop
453.469,909380,loop
453.520,909380,loop
453.570,909380,loop
453.621,909380,loop
453.671,909380,loop
453.722,909380,loop
453.772,909380,loop
453.822,909380,loop
453.873,909380,loop
453.923,909380,loop
453.974,909380,loop
454.024,909380,loop
454.075,909380,loop
454.125,909380,loop
454.176,909380,loop
454.226,909380,loop
454.277,909380,loop
454.327,909380,loop
454.378,909380,loop
454.428,909380,loop
454.479,909380,loop
454.529,909380,loop
454.580,909380,loop
454.630,909380,loop
454.680,909380,loop
454.731,909380,loop
454.781,909380,loop
454.832,909380,loop
454.882,909372,loop
454.933,909372,loop
454.983,909372,loop
455.034,909372,loop
455.084,909372,loop
455.134,909372,loop
455.185,909372,loop
455.235,909372,loop
455.286,909372,loop
455.336,909372,loop
455.387,909372,loop
455.437,909372,loop
455.488,909372,loop
455.538,909372,loop
455.589,909372,loop
455.639,909372,loop
455.690,909372,loop
455.740,909372,loop
455.790,909372,loop
455.841,909372,loop
455.891,909372,loop
455.942,909372,loop
455.992,909372,loop
456.043,909372,loop
456.093,909372,loop
456.144,909372,loop
456.194,909372,loop
456.245,909372,loop
456.295,909372,loop
456.346,909372,loop
456.396,909372,loop
456.447,909372,loop
456.497,909372,loop
456.547,909372,loop
456.598,909372,loop
456.648,909372,loop
456.699,909372,loop
456.749,909372,loop
456.800,909372,loop
456.850,909372,loop
456.901,909372,loop
456.951,909372,loop
457.002,909372,loop
457.052,909372,loop
457.102,909372,loop
457.153,909372,loop
457.203,909372,loop
457.254,909372,loop
457.304,909372,loop
457.355,909372,loop
457.405,909372,loop
457.456,909372,loop
457.506,909372,loop
457.557,909372,loop
457.607,909372,loop
457.658,909372,loop
457.708,909372,loop
457.759,909372,loop
457.809,909372,loop
457.860,909372,loop
457.910,909372,loop
457.960,909372,loop
458.011,909372,loop
458.061,909372,loop
458.112,909372,loop
458.162,909372,loop
458.213,909372,loop
458.263,909372,loop
458.314,909136,loop
458.364,909176,loop
458.414,909332,loop
458.465,909372,loop
458.515,909372,loop
458.566,909372,loop
458.616,909372,loop
458.667,909372,loop
458.717,909372,loop
458.768,909372,loop
458.818,909372,loop
458.869,909372,loop
458.919,909372,loop
458.970,909372,loop
459.020,909372,loop
459.071,909372,loop
459.121,909372,loop
459.172,909372,loop
459.222,909372,loop
459.273,909372,loop
459.323,909372,loop
459.373,909372,loop
459.424,909372,loop
459.474,909372,loop
459.525,909372,loop
459.575,909372,loop
459.626,909372,loop
459.676,909372,loop
459.727,909372,loop
459.777,909372,loop
459.828,909372,loop
459.878,909372,loop
459.929,909372,loop
459.979,888256,loop
460.030,888256,loop
460.080,888256,loop
460.131,888256,loop
460.181,888256,loop
460.231,888256,loop
460.282,888256,loop
460.332,888256,loop
460.383,888256,loop
460.433,888256,loop
460.484,888256,loop
460.534,888256,loop
460.584,888256,loop
460.635,888256,loop
460.685,888256,loop
460.736,888256,loop
460.786,888256,loop
460.837,888256,loop
460.887,888256,loop
460.938,888256,loop
460.988,888256,loop
461.039,888256,loop
461.089,888256,loop
461.140,888256,loop
461.190,888256,loop
461.241,888256,loop
461.291,888256,loop
461.341,888256,loop
461.392,888256,loop
461.442,888256,loop
461.493,888256,loop
461.543,888256,loop
461.594,888256,loop
461.644,888256,loop
461.695,888256,loop
461.745,888256,loop
461.796,888256,loop
461.846,888256,loop
461.897,888256,loop
461.947,888256,loop
461.998,888256,loop
462.048,888256,loop
462.099,888256,loop
462.149,888256,loop
462.199,888192,loop
462.250,888192,loop
462.300,888224,loop
462.351,888240,loop
462.401,888240,loop
462.452,888248,loop
462.502,888248,loop
462.553,888248,loop
462.603,888248,loop
462.653,888248,loop
462.704,888248,loop
462.754,888248,loop
462.805,888248,loop
462.855,888248,loop
462.906,888248,loop
462.956,888248,loop
463.007,888248,loop
463.057,888248,loop
463.108,888248,loop
463.158,888248,loop
463.209,888248,loop
463.259,888248,loop
463.310,888248,loop
463.360,888248,loop
463.411,888248,loop
463.461,888248,loop
463.511,888248,loop
463.562,888248,loop
463.612,888248,loop
463.663,888248,loop
463.713,888248,loop
463.763,888248,loop
463.814,888248,loop
463.864,888248,loop
463.915,888248,loop
463.965,888248,loop
464.016,888248,loop
464.066,888248,loop
464.117,888248,loop
464.167,888248,loop
464.218,888248,loop
464.268,888248,loop
464.318,888248,loop
464.369,888248,loop
464.419,888248,loop
464.470,888248,loop
464.520,888248,loop
464.571,888248,loop
464.621,888248,loop
464.672,888256,loop
464.722,888256,loop
464.773,888256,loop
464.823,888256,loop
464.874,888256,loop
464.924,888256,loop
464.974,888256,loop
465.025,888256,loop
465.075,888256,loop
465.126,888256,loop
465.176,888256,loop
465.227,888256,loop
465.277,888256,loop
465.328,888256,loop
465.378,888256,loop
465.429,888256,loop
465.479,888256,loop
465.530,888256,loop
465.580,888256,loop
465.631,888256,loop
465.681,888256,loop
465.731,888256,loop
465.782,888256,loop
465.832,888256,loop
465.883,888264,loop
465.933,888264,loop
465.984,888264,loop
466.034,888264,loop
466.085,888264,loop
466.135,888264,loop
466.186,888264,loop
466.236,888264,loop
466.287,888264,loop
466.337,888264,loop
466.388,888264,loop
466.438,888264,loop
466.488,888264,loop
466.539,888264,loop
466.589,888264,loop
466.640,888264,loop
466.690,888264,loop
466.741,888264,loop
466.791,888264,loop
466.842,888264,loop
466.892,888264,loop
466.943,888264,loop
466.993,888264,loop
467.044,888264,loop
467.094,888264,loop
467.145,888264,loop
467.195,888264,loop
467.246,888256,loop
467.296,888256,loop
467.347,888264,loop
467.397,888264,loop
467.448,888264,loop
467.498,888264,loop
467.549,888264,loop
467.599,888264,loop
467.649,888264,loop
467.700,888264,loop
467.750,888264,loop
467.801,888264,loop
467.851,888264,loop
467.902,888264,loop
467.952,888264,loop
468.003,888264,loop
468.053,888264,loop
468.104,888264,loop
468.154,888264,loop
468.205,888264,loop
468.255,888264,loop
468.306,888264,loop
468.356,888264,loop
468.407,888264,loop
468.457,888264,loop
468.507,888264,loop
468.558,888264,loop
468.608,888264,loop
468.659,888264,loop
468.709,888264,loop
468.760,888264,loop
468.810,888264,loop
468.861,888264,loop
468.911,888264,loop
468.962,888264,loop
469.012,888264,loop
469.063,888264,loop
469.113,888264,loop
469.163,888264,loop
469.214,888264,loop
469.264,888264,loop
469.315,888264,loop
469.365,888264,loop
469.416,888264,loop
469.466,888264,loop
469.517,888264,loop
469.567,888264,loop
469.618,888264,loop
469.668,888264,loop
469.719,888264,loop
469.769,888264,loop
469.819,888264,loop
469.870,888264,loop
469.920,888264,loop
469.971,888264,loop
470.021,888264,loop
470.072,888264,loop
470.122,888264,loop
470.173,888264,loop
470.223,888264,loop
470.274,888264,loop
470.324,888264,loop
470.374,888264,loop
470.425,888264,loop
470.475,888264,loop
470.526,888264,loop
470.576,888264,loop
470.627,888264,loop
470.677,888264,loop
470.728,888264,loop
470.778,888264,loop
470.829,888264,loop
470.879,888264,loop
470.930,888264,loop
470.980,888264,loop
471.030,888264,loop
471.081,888264,loop
471.131,888264,loop
471.182,888264,loop
471.232,888264,loop
471.283,888264,loop
471.333,888264,loop
471.384,888264,loop
471.434,888264,loop
471.485,888264,loop
471.535,888264,loop
471.586,888264,loop
471.636,888264,loop
471.686,888264,loop
471.737,888264,loop
471.787,888264,loop
471.838,888264,loop
471.888,888264,loop
471.939,888264,loop
471.989,888264,loop
472.040,888264,loop
472.090,888264,loop
472.141,888264,loop
472.191,888264,loop
472.242,888264,loop
472.292,888264,loop
472.342,888264,loop
472.393,888264,loop
472.443,888264,loop
472.494,888264,loop
472.544,888264,loop
472.595,888264,loop
472.645,888264,loop
472.696,888264,loop
472.746,888264,loop
472.797,888264,loop
472.847,888264,loop
472.898,888264,loop
472.948,888264,loop
472.998,888264,loop
473.049,888264,loop
473.099,888264,loop
473.150,888264,loop
473.200,888264,loop
473.251,888264,loop
473.301,888264,loop
473.352,888264,loop
473.402,888264,loop
473.453,888264,loop
473.503,888264,loop
473.554,895272,loop
473.604,899368,loop
473.655,899368,loop
473.705,899368,loop
473.755,899368,loop
473.806,899368,loop
473.856,899368,loop
473.907,899368,loop
473.957,899368,loop
474.008,899368,loop
474.058,899368,loop
474.109,899368,loop
474.159,899368,loop
474.210,899368,loop
474.260,899368,loop
474.310,888264,loop
474.361,888264,loop
474.411,888264,loop
474.462,888264,loop
474.512,888264,loop
474.563,888264,loop
474.613,888264,loop
474.664,888264,loop
474.714,888264,loop
474.765,888264,loop
474.815,888264,loop
474.866,888264,loop
474.916,888264,loop
474.967,888264,loop
475.017,888264,loop
475.068,888264,loop
475.118,888264,loop
475.169,888264,loop
475.219,888264,loop
475.269,888264,loop
475.320,888264,loop
475.370,888264,loop
475.421,888264,loop
475.471,888264,loop
475.522,888264,loop
475.572,888264,loop
475.623,888264,loop
475.673,888264,loop
475.724,888264,loop
475.774,888264,loop
475.825,888264,loop
475.875,888264,loop
475.926,888264,loop
475.976,888264,loop
476.026,888264,loop
476.077,888264,loop
476.127,888264,loop
476.178,888264,loop
476.228,888264,loop
476.279,888264,loop
476.329,888264,loop
476.380,888264,loop
476.430,888264,loop
476.481,888264,loop
476.531,888264,loop
476.582,888264,loop
476.632,888264,loop
476.682,888264,loop
476.733,888264,loop
476.783,888264,loop
476.834,888264,loop
476.884,888264,loop
476.935,888264,loop
476.985,888264,loop
477.036,888264,loop
477.086,888264,loop
477.136,888264,loop
477.187,888264,loop
477.237,888264,loop
477.288,888264,loop
477.338,888264,loop
477.389,888264,loop
477.440,888264,loop
477.490,888264,loop
477.540,888264,loop
477.591,888264,loop
477.641,888264,loop
477.692,888264,loop
477.742,888264,loop
477.793,888264,loop
477.843,888264,loop
477.894,888264,loop
477.944,888264,loop
477.995,888264,loop
478.045,888264,loop
478.096,888264,loop
478.146,888264,loop
478.197,888264,loop
478.247,888264,loop
478.298,888264,loop
478.348,888264,loop
478.398,888264,loop
478.449,888264,loop
478.499,888264,loop
478.550,888264,loop
478.600,888264,loop
478.651,888264,loop
478.701,888264,loop
478.752,888264,loop
478.802,888264,loop
478.853,888264,loop
478.903,888264,loop
478.954,888264,loop
479.004,888264,loop
479.055,888264,loop
479.105,888264,loop
479.155,888264,loop
479.206,888264,loop
479.256,888264,loop
479.307,888264,loop
479.357,888264,loop
479.408,888264,loop
479.458,888264,loop
479.509,888264,loop
479.559,888264,loop
479.610,888264,loop
479.660,888264,loop
479.711,888264,loop
479.761,888264,loop
479.812,888264,loop
479.862,888264,loop
479.912,888264,loop
479.963,888264,loop
480.013,888264,loop
480.064,888264,loop
480.114,888268,loop
480.165,891136,loop
480.215,898328,loop
480.266,898328,loop
480.316,898328,loop
480.367,898328,loop
480.417,898328,loop
480.468,898328,loop
480.518,898328,loop
480.568,898328,loop
480.619,898328,loop
480.669,898328,loop
480.720,898328,loop
480.770,898328,loop
480.821,898328,loop
480.871,898328,loop
480.922,898328,loop
480.972,898328,loop
481.023,898328,loop
481.073,898328,loop
481.124,898328,loop
481.174,898328,loop
481.225,898328,loop
481.275,898328,loop
481.325,898328,loop
481.376,898328,loop
481.426,898328,loop
481.477,898328,loop
481.527,898328,loop
481.578,898328,loop
481.628,898328,loop
481.679,898328,loop
481.729,898328,loop
481.780,898328,loop
481.830,898328,loop
481.881,898328,loop
481.931,898328,loop
481.982,898328,loop
482.032,898328,loop
482.083,898328,loop
482.133,898328,loop
482.183,898328,loop
482.234,898328,loop
482.284,898328,loop
482.335,898328,loop
482.385,898328,loop
482.436,898328,loop
482.486,898328,loop
482.537,898328,loop
482.587,898328,loop
482.638,898328,loop
482.688,898328,loop
482.739,898328,loop
482.789,898328,loop
482.840,898328,loop
482.890,898328,loop
482.941,898328,loop
482.991,898328,loop
483.042,898328,loop
483.092,898328,loop
483.142,898328,loop
483.193,898328,loop
483.243,898328,loop
483.294,898328,loop
483.344,898328,loop
483.395,898328,loop
483.445,898328,loop
483.496,898328,loop
483.546,898360,loop
483.597,898360,loop
483.647,898360,loop
483.698,898360,loop
483.748,898360,loop
483.799,898360,loop
483.849,898360,loop
483.900,898360,loop
483.950,898360,loop
484.000,898360,loop
484.051,898360,loop
484.101,898360,loop
484.152,898360,loop
484.202,898360,loop
484.253,898360,loop
484.303,898360,loop
484.354,898360,loop
484.404,898360,loop
484.455,898360,loop
484.505,898360,loop
484.556,898360,loop
484.606,898360,loop
484.657,898360,loop
484.707,898360,loop
484.757,898360,loop
484.808,898360,loop
484.858,898360,loop
484.909,898360,loop
484.959,898360,loop
485.010,898360,loop
485.060,898360,loop
485.111,898360,loop
485.161,898360,loop
485.212,898360,loop
485.262,898360,loop
485.313,898360,loop
485.363,898360,loop
485.414,898360,loop
485.464,898360,loop
485.515,898360,loop
485.565,898360,loop
485.615,898360,loop
485.666,898360,loop
485.716,898360,loop
485.767,898360,loop
485.817,898360,loop
485.868,898360,loop
485.918,898360,loop
485.969,898360,loop
486.019,898308,loop
486.070,898308,loop
486.120,898308,loop
486.171,898308,loop
486.221,898308,loop
486.272,898308,loop
486.322,898308,loop
486.373,898308,loop
486.423,898308,loop
486.474,898308,loop
486.524,898308,loop
486.575,898308,loop
486.625,898308,loop
486.676,898312,loop
486.726,898312,loop
486.777,898312,loop
486.827,898312,loop
486.878,898312,loop
486.928,898312,loop
486.979,898312,loop
487.029,898312,loop
487.079,898312,loop
487.130,898312,loop
487.180,898312,loop
487.231,898312,loop
487.281,898320,loop
487.332,898320,loop
487.382,898320,loop
487.433,898320,loop
487.483,898320,loop
487.534,898320,loop
487.584,898320,loop
487.635,898320,loop
487.685,898320,loop
487.736,898320,loop
487.786,898320,loop
487.837,898320,loop
487.887,898320,loop
487.938,898320,loop
487.988,898320,loop
488.039,898320,loop
488.089,898320,loop
488.140,898320,loop
488.190,898320,loop
488.241,898320,loop
488.291,898320,loop
488.342,898320,loop
488.392,898320,loop
488.443,898320,loop
488.493,878872,loop
488.544,880676,after_loop
488.595,882068,after_loop
488.645,882668,after_loop
488.696,883460,after_loop
488.746,885236,after_loop
488.796,886952,after_loop
488.847,888648,after_loop
488.897,889940,after_loop
488.948,891504,after_loop
488.998,893884,after_loop
489.049,895344,after_loop
489.099,455168,after_loop
