t_s,rss_kb,phase
0.001,351436,start
0.052,351436,start
0.102,354080,start
0.153,358764,start
0.203,362008,start
0.254,372872,warmup
0.304,367264,warmup
0.355,371608,warmup
0.405,373992,warmup
0.455,378220,warmup
0.506,380776,warmup
0.556,382100,warmup
0.606,385256,warmup
0.656,388660,warmup
0.707,392056,warmup
0.757,395172,warmup
0.807,399936,warmup
0.858,403224,warmup
0.908,405224,warmup
0.958,409588,warmup
1.008,416452,warmup
1.059,417336,warmup
1.109,418408,warmup
1.159,421096,warmup
1.209,422416,warmup
1.260,423768,warmup
1.310,425292,warmup
1.360,427260,warmup
1.411,429792,warmup
1.461,434504,warmup
1.511,437416,warmup
1.562,437640,warmup
1.612,437656,warmup
1.662,438748,warmup
1.713,441200,warmup
1.763,444204,warmup
1.813,445668,warmup
1.864,448460,warmup
1.914,451916,warmup
1.964,455292,warmup
2.015,457536,warmup
2.065,460552,warmup
2.115,462352,warmup
2.165,464624,warmup
2.216,468388,warmup
2.266,474864,warmup
2.316,479968,warmup
2.367,484312,warmup
2.417,484340,warmup
2.468,485076,warmup
2.518,485076,warmup
2.568,485084,warmup
2.619,485100,warmup
2.669,485656,warmup
2.720,485724,warmup
2.770,486428,warmup
2.820,487036,warmup
2.871,489724,warmup
2.921,492892,warmup
2.971,495708,warmup
3.022,497300,warmup
3.072,501256,warmup
3.123,501272,warmup
3.173,505208,warmup
3.223,505240,warmup
3.274,505240,warmup
3.324,505240,warmup
3.375,505244,warmup
3.425,505244,warmup
3.475,506476,warmup
3.526,506604,warmup
3.576,507124,warmup
3.627,507816,setup
3.677,509188,setup
3.728,509344,jit
3.779,509348,loop
3.830,526260,loop
3.881,672812,loop
3.931,772844,loop
3.982,851656,loop
4.032,847804,loop
4.083,885104,loop
4.133,900452,loop
4.184,915576,loop
4.234,940216,loop
4.285,962204,loop
4.335,1001600,loop
4.386,1005776,loop
4.436,1010936,loop
4.487,1011864,loop
4.538,1013004,loop
4.588,1021404,loop
4.639,1040316,loop
4.690,1056724,loop
4.740,1075292,loop
4.791,1091264,loop
4.841,1096536,loop
4.892,1097776,loop
4.942,1108620,loop
4.993,1108620,loop
5.044,1108676,loop
5.094,1108680,loop
5.145,1116380,loop
5.195,1136552,loop
5.246,1142916,loop
5.296,1143880,loop
5.347,1145412,loop
5.398,1157396,loop
5.448,1162716,loop
5.499,1171764,loop
5.549,1177776,loop
5.600,1188932,loop
5.651,1202480,loop
5.701,1202480,loop
5.752,1205696,loop
5.803,1211732,loop
5.853,1214580,loop
5.904,1228372,loop
5.954,1236028,loop
6.005,1236876,loop
6.055,1240932,loop
6.106,1250272,loop
6.157,1250272,loop
6.207,1250272,loop
6.258,1250272,loop
6.308,1250272,loop
6.359,1250272,loop
6.410,1250272,loop
6.460,1250272,loop
6.511,1250272,loop
6.561,1250272,loop
6.612,1250272,loop
6.663,1250280,loop
6.713,1250680,loop
6.764,1250680,loop
6.814,1250680,loop
6.865,1250680,loop
6.915,1250684,loop
6.966,1250684,loop
7.017,1250688,loop
7.067,1250688,loop
7.118,1250688,loop
7.168,1252548,loop
7.219,1262544,loop
7.270,1274228,loop
7.320,1291612,loop
7.371,1291612,loop
7.421,1291860,loop
7.472,1298980,loop
7.522,1303116,loop
7.573,1303116,loop
7.624,1303116,loop
7.674,1303124,loop
7.725,1303124,loop
7.775,1303124,loop
7.826,1303128,loop
7.876,1304316,loop
7.927,1310812,loop
7.977,1314788,loop
8.028,1314788,loop
8.079,1314788,loop
8.129,1314788,loop
8.180,1314788,loop
8.230,1314792,loop
8.281,1314800,loop
8.332,1321572,loop
8.382,1345104,loop
8.433,1365172,loop
8.483,1383480,loop
8.534,1386604,loop
8.584,1390744,loop
8.635,1396888,loop
8.685,1396888,loop
8.736,1396888,loop
8.787,1396892,loop
8.837,1403128,loop
8.888,1410808,loop
8.938,1430048,loop
8.989,1440912,loop
9.040,1445328,loop
9.090,1450092,loop
9.141,1457616,loop
9.191,1462472,loop
9.242,1462472,loop
9.292,1468440,loop
9.343,1484648,loop
9.394,1491536,loop
9.444,1491956,loop
9.495,1493808,loop
9.545,1493808,loop
9.596,1493808,loop
9.647,1493808,loop
9.697,1493808,loop
9.748,1493808,loop
9.798,1493808,loop
9.849,1493808,loop
9.900,1493808,loop
9.950,1493808,loop
10.001,1496304,loop
10.051,1503476,loop
10.102,1503476,loop
10.153,1503476,loop
10.203,1503476,loop
10.254,1503476,loop
10.304,1503476,loop
10.355,1503480,loop
10.406,1503484,loop
10.456,1508260,loop
10.507,1508260,loop
10.557,1508260,loop
10.608,1508260,loop
10.659,1508260,loop
10.709,1508260,loop
10.760,1508264,loop
10.810,1524812,loop
10.861,1504364,loop
10.912,1510512,loop
10.962,1521284,loop
11.013,1508464,loop
11.063,1514608,loop
11.114,1515456,loop
11.165,1515456,loop
11.215,1515456,loop
11.266,1521604,loop
11.316,1532528,loop
11.367,1523656,loop
11.417,1535756,loop
11.468,1521416,loop
11.519,1521416,loop
11.569,1521416,loop
11.620,1521416,loop
11.671,1521420,loop
11.721,1521420,loop
11.772,1523648,loop
11.822,1523652,loop
11.873,1523652,loop
11.923,1523828,loop
11.974,1523828,loop
12.025,1523828,loop
12.075,1523828,loop
12.126,1523828,loop
12.176,1523828,loop
12.227,1523828,loop
12.277,1523828,loop
12.328,1523828,loop
12.379,1523828,loop
12.429,1523828,loop
12.480,1523828,loop
12.530,1523828,loop
12.581,1523828,loop
12.632,1523832,loop
12.682,1523832,loop
12.733,1524044,loop
12.783,1524044,loop
12.834,1524044,loop
12.884,1524044,loop
12.935,1524044,loop
12.986,1524208,loop
13.036,1524208,loop
13.087,1524208,loop
13.138,1524208,loop
13.188,1524208,loop
13.239,1524212,loop
13.289,1524212,loop
13.340,1524212,loop
13.390,1524216,loop
13.441,1524216,loop
13.492,1524216,loop
13.542,1524216,loop
13.593,1524216,loop
13.643,1524216,loop
13.694,1524216,loop
13.745,1524216,loop
13.795,1524216,loop
13.846,1524220,loop
13.896,1524220,loop
13.947,1524220,loop
13.998,1524224,loop
14.048,1537452,loop
14.099,1543428,loop
14.149,1543428,loop
14.200,1543428,loop
14.250,1543428,loop
14.301,1543428,loop
14.352,1543428,loop
14.402,1547524,loop
14.453,1547524,loop
14.503,1547524,loop
14.554,1547524,loop
14.605,1547524,loop
14.655,1547524,loop
14.706,1547524,loop
14.756,1547524,loop
14.807,1547524,loop
14.858,1547524,loop
14.908,1547524,loop
14.959,1547524,loop
15.009,1547524,loop
15.060,1547524,loop
15.110,1547524,loop
15.161,1547524,loop
15.212,1547524,loop
15.262,1547524,loop
15.313,1547524,loop
15.363,1547528,loop
15.414,1547528,loop
15.465,1536260,loop
15.515,1538312,loop
15.566,1544456,loop
15.616,1551796,loop
15.667,1558616,loop
15.718,1558620,loop
15.768,1558620,loop
15.819,1560244,loop
15.869,1560244,loop
15.920,1560244,loop
15.970,1560244,loop
16.021,1560248,loop
16.072,1560248,loop
16.122,1566396,loop
16.173,1571808,loop
16.223,1571808,loop
16.274,1571808,loop
16.325,1571808,loop
16.375,1571808,loop
16.426,1571808,loop
16.476,1571808,loop
16.527,1571808,loop
16.578,1571808,loop
16.628,1571808,loop
16.679,1571808,loop
16.729,1571808,loop
16.780,1571808,loop
16.830,1571808,loop
16.881,1571808,loop
16.932,1571808,loop
16.982,1571808,loop
17.033,1577960,loop
17.083,1591580,loop
17.134,1588464,loop
17.185,1562968,loop
17.235,1576664,loop
17.286,1568472,loop
17.336,1572568,loop
17.387,1577420,loop
17.437,1577464,loop
17.488,1565904,loop
17.538,1565904,loop
17.589,1565904,loop
17.639,1565904,loop
17.690,1565904,loop
17.741,1565904,loop
17.791,1565904,loop
17.842,1565904,loop
17.892,1565904,loop
17.943,1565904,loop
17.994,1565904,loop
18.044,1570640,loop
18.095,1577456,loop
18.145,1577456,loop
18.196,1577456,loop
18.247,1577456,loop
18.297,1577456,loop
18.348,1577456,loop
18.398,1577456,loop
18.449,1577456,loop
18.499,1577456,loop
18.550,1577456,loop
18.601,1577460,loop
18.651,1587020,loop
18.702,1593184,loop
18.752,1593184,loop
18.803,1593184,loop
18.853,1593184,loop
18.904,1593184,loop
18.955,1593184,loop
19.005,1593184,loop
19.056,1593184,loop
19.106,1593184,loop
19.157,1593184,loop
19.207,1593184,loop
19.258,1593184,loop
19.309,1593184,loop
19.359,1593184,loop
19.410,1593184,loop
19.460,1593184,loop
19.511,1593184,loop
19.561,1593184,loop
19.612,1593184,loop
19.663,1593184,loop
19.713,1593184,loop
19.764,1593184,loop
19.815,1596912,loop
19.865,1602484,loop
19.916,1610676,loop
19.966,1612828,loop
20.017,1618064,loop
20.067,1621216,loop
20.118,1621220,loop
20.169,1623172,loop
20.219,1623432,loop
20.270,1623432,loop
20.320,1623432,loop
20.371,1623432,loop
20.421,1623432,loop
20.472,1623432,loop
20.523,1623432,loop
20.573,1623432,loop
20.624,1623432,loop
20.674,1623432,loop
20.725,1623432,loop
20.775,1623432,loop
20.826,1623432,loop
20.877,1623432,loop
20.927,1623432,loop
20.978,1623432,loop
21.028,1623432,loop
21.079,1623432,loop
21.129,1623432,loop
21.180,1623432,loop
21.231,1623432,loop
21.281,1623440,loop
21.332,1623436,loop
21.383,1623436,loop
21.433,1623436,loop
21.484,1623440,loop
21.534,1623440,loop
21.585,1623440,loop
21.635,1623440,loop
21.686,1623440,loop
21.737,1623440,loop
21.787,1623440,loop
21.838,1614496,loop
21.888,1614496,loop
21.939,1616516,loop
21.989,1618568,loop
22.040,1626760,loop
22.091,1627956,loop
22.141,1627956,loop
22.192,1627956,loop
22.242,1627956,loop
22.293,1627956,loop
22.344,1627956,loop
22.394,1627956,loop
22.445,1627956,loop
22.495,1627956,loop
22.546,1627956,loop
22.596,1627956,loop
22.647,1627956,loop
22.698,1627956,loop
22.748,1627956,loop
22.799,1627956,loop
22.849,1616516,loop
22.900,1620616,loop
22.951,1626760,loop
23.001,1627948,loop
23.052,1627948,loop
23.102,1627948,loop
23.153,1627948,loop
23.204,1627948,loop
23.254,1627948,loop
23.305,1627948,loop
23.355,1627948,loop
23.406,1627948,loop
23.456,1627948,loop
23.507,1627948,loop
23.558,1627948,loop
23.608,1627948,loop
23.659,1627948,loop
23.709,1627952,loop
23.760,1627952,loop
23.811,1627952,loop
23.861,1627952,loop
23.912,1616524,loop
23.962,1616524,loop
24.013,1616524,loop
24.063,1616524,loop
24.114,1616524,loop
24.165,1616524,loop
24.215,1616524,loop
24.266,1616524,loop
24.316,1616524,loop
24.367,1616524,loop
24.418,1616524,loop
24.468,1616524,loop
24.519,1616524,loop
24.569,1616524,loop
24.620,1616524,loop
24.671,1616524,loop
24.721,1616524,loop
24.772,1616524,loop
24.822,1616528,loop
24.873,1624248,loop
24.923,1632824,loop
24.974,1632824,loop
25.025,1632824,loop
25.075,1632824,loop
25.126,1632824,loop
25.176,1632824,loop
25.227,1632824,loop
25.277,1632824,loop
25.328,1632824,loop
25.379,1632824,loop
25.429,1632824,loop
25.480,1632824,loop
25.530,1632824,loop
25.581,1632824,loop
25.631,1632824,loop
25.682,1632824,loop
25.732,1632824,loop
25.783,1632828,loop
25.834,1632828,loop
25.884,1632828,loop
25.935,1632828,loop
25.985,1632828,loop
26.036,1632828,loop
26.087,1632828,loop
26.137,1632828,loop
26.188,1638972,loop
26.238,1638972,loop
26.289,1638972,loop
26.339,1638976,loop
26.390,1638980,loop
26.441,1638976,loop
26.491,1645124,loop
26.542,1649936,loop
26.592,1649936,loop
26.643,1649940,loop
26.694,1649940,loop
26.744,1649940,loop
26.795,1649944,loop
26.845,1654040,loop
26.896,1655984,loop
26.946,1655984,loop
26.997,1655984,loop
27.048,1655984,loop
27.098,1655984,loop
27.149,1655984,loop
27.199,1655984,loop
27.250,1655984,loop
27.301,1655984,loop
27.351,1655984,loop
27.402,1655984,loop
27.452,1655984,loop
27.503,1655984,loop
27.554,1655984,loop
27.604,1655984,loop
27.655,1655984,loop
27.705,1655984,loop
27.756,1655984,loop
27.807,1655984,loop
27.857,1655984,loop
27.908,1655988,loop
27.958,1655988,loop
28.009,1659756,loop
28.059,1665900,loop
28.110,1665900,loop
28.161,1665900,loop
28.211,1665904,loop
28.262,1671312,loop
28.312,1682976,loop
28.363,1656992,loop
28.414,1669280,loop
28.464,1654940,loop
28.515,1654940,loop
28.565,1654940,loop
28.616,1654940,loop
28.667,1654940,loop
28.717,1654940,loop
28.768,1645444,loop
28.818,1645444,loop
28.869,1646132,loop
28.919,1646132,loop
28.970,1646132,loop
29.021,1646132,loop
29.071,1646132,loop
29.122,1646132,loop
29.172,1646132,loop
29.223,1646132,loop
29.274,1646132,loop
29.324,1646132,loop
29.375,1646132,loop
29.425,1646132,loop
29.476,1646132,loop
29.527,1646132,loop
29.577,1646132,loop
29.628,1646132,loop
29.678,1646132,loop
29.729,1646132,loop
29.779,1646132,loop
29.830,1646132,loop
29.880,1646132,loop
29.931,1646136,loop
29.982,1646136,loop
30.032,1646960,loop
30.083,1646960,loop
30.133,1646960,loop
30.184,1646960,loop
30.235,1646960,loop
30.285,1646960,loop
30.336,1646960,loop
30.386,1646960,loop
30.437,1646960,loop
30.488,1646960,loop
30.538,1646960,loop
30.589,1646960,loop
30.640,1646960,loop
30.690,1646960,loop
30.741,1646960,loop
30.791,1646960,loop
30.842,1646960,loop
30.892,1646960,loop
30.943,1646960,loop
30.994,1646960,loop
31.044,1646960,loop
31.095,1646960,loop
31.145,1646960,loop
31.196,1646960,loop
31.246,1646960,loop
31.297,1646960,loop
31.348,1646960,loop
31.398,1646960,loop
31.449,1646960,loop
31.499,1646960,loop
31.550,1646960,loop
31.601,1646960,loop
31.651,1646960,loop
31.702,1646960,loop
31.752,1646960,loop
31.803,1646960,loop
31.853,1646960,loop
31.904,1646960,loop
31.955,1646960,loop
32.005,1646960,loop
32.056,1646960,loop
32.106,1646960,loop
32.157,1646960,loop
32.208,1646960,loop
32.258,1646960,loop
32.309,1646960,loop
32.359,1646960,loop
32.410,1646960,loop
32.460,1646960,loop
32.511,1646960,loop
32.562,1649012,loop
32.612,1657204,loop
32.663,1664864,loop
32.713,1667624,loop
32.764,1667624,loop
32.814,1667624,loop
32.865,1667624,loop
32.916,1667624,loop
32.966,1667624,loop
33.017,1667624,loop
33.067,1667624,loop
33.118,1667624,loop
33.169,1667624,loop
33.219,1667624,loop
33.270,1667624,loop
33.320,1667624,loop
33.371,1667624,loop
33.421,1667624,loop
33.472,1667624,loop
33.523,1667624,loop
33.573,1667624,loop
33.624,1667624,loop
33.674,1667624,loop
33.725,1667624,loop
33.775,1667624,loop
33.826,1667624,loop
33.876,1667624,loop
33.927,1667624,loop
33.978,1667624,loop
34.028,1667624,loop
34.079,1667624,loop
34.129,1667624,loop
34.180,1667624,loop
34.231,1667624,loop
34.281,1667624,loop
34.332,1667624,loop
34.382,1671720,loop
34.433,1671724,loop
34.484,1676336,loop
34.534,1676336,loop
34.585,1676336,loop
34.635,1676336,loop
34.686,1676336,loop
34.737,1676336,loop
34.787,1676336,loop
34.838,1676336,loop
34.888,1676336,loop
34.939,1676336,loop
34.989,1676336,loop
35.040,1676336,loop
35.091,1676336,loop
35.141,1676336,loop
35.192,1676336,loop
35.242,1676336,loop
35.293,1676336,loop
35.344,1676336,loop
35.394,1676336,loop
35.445,1676336,loop
35.495,1676336,loop
35.546,1676336,loop
35.597,1676336,loop
35.647,1676336,loop
35.698,1676336,loop
35.748,1676336,loop
35.799,1682312,loop
35.849,1682312,loop
35.900,1683464,loop
35.951,1683464,loop
36.001,1683464,loop
36.052,1683468,loop
36.102,1683472,loop
36.153,1683472,loop
36.204,1683476,loop
36.254,1683476,loop
36.305,1683652,loop
36.355,1683652,loop
36.406,1677676,loop
36.456,1677676,loop
36.507,1677676,loop
36.558,1677676,loop
36.608,1677676,loop
36.659,1677676,loop
36.709,1677676,loop
36.760,1677676,loop
36.811,1677680,loop
36.861,1677680,loop
36.912,1677680,loop
36.962,1677680,loop
37.013,1677680,loop
37.064,1677680,loop
37.114,1677680,loop
37.165,1677680,loop
37.215,1677680,loop
37.266,1677680,loop
37.316,1677680,loop
37.367,1677680,loop
37.417,1677684,loop
37.468,1677684,loop
37.519,1677684,loop
37.569,1677684,loop
37.620,1677684,loop
37.670,1677684,loop
37.721,1677684,loop
37.771,1677684,loop
37.822,1677684,loop
37.873,1677684,loop
37.923,1677684,loop
37.974,1677684,loop
38.024,1677684,loop
38.075,1677684,loop
38.126,1677684,loop
38.176,1677684,loop
38.227,1677684,loop
38.277,1677684,loop
38.328,1677684,loop
38.378,1677684,loop
38.429,1677684,loop
38.480,1677684,loop
38.530,1677684,loop
38.581,1677684,loop
38.631,1677684,loop
38.682,1677684,loop
38.733,1677684,loop
38.783,1677684,loop
38.834,1677684,loop
38.884,1677684,loop
38.935,1677684,loop
38.986,1677684,loop
39.036,1677688,loop
39.087,1677688,loop
39.137,1677688,loop
39.188,1677688,loop
39.238,1677688,loop
39.289,1677688,loop
39.340,1677688,loop
39.390,1677688,loop
39.441,1677692,loop
39.491,1677692,loop
39.542,1681168,loop
39.592,1682096,loop
39.643,1682096,loop
39.694,1682096,loop
39.744,1682096,loop
39.795,1682096,loop
39.845,1682100,loop
39.896,1682100,loop
39.947,1642992,loop
39.997,1630664,loop
40.048,1630812,loop
40.098,1630812,loop
40.149,1630812,loop
40.200,1630812,loop
40.250,1630812,loop
40.301,1630812,loop
40.351,1630812,loop
40.402,1630812,loop
40.452,1630812,loop
40.503,1630812,loop
40.554,1630812,loop
40.604,1630812,loop
40.655,1613584,loop
40.705,1613584,loop
40.756,1613584,loop
40.807,1613584,loop
40.857,1613584,loop
40.908,1613584,loop
40.958,1613584,loop
41.009,1613584,loop
41.060,1613584,loop
41.110,1613584,loop
41.161,1613584,loop
41.211,1613584,loop
41.262,1595676,loop
41.313,1599776,loop
41.363,1603872,loop
41.414,1603872,loop
41.464,1603872,loop
41.515,1603872,loop
41.566,1603872,loop
41.616,1603872,loop
41.667,1603872,loop
41.717,1603872,loop
41.768,1603872,loop
41.819,1607948,loop
41.869,1619912,loop
41.920,1611724,loop
41.970,1615824,loop
42.021,1621968,loop
42.072,1623408,loop
42.122,1623408,loop
42.173,1623408,loop
42.223,1623408,loop
42.274,1623408,loop
42.324,1623408,loop
42.375,1623408,loop
42.426,1623408,loop
42.476,1623408,loop
42.527,1623408,loop
42.577,1623408,loop
42.628,1623408,loop
42.679,1623408,loop
42.729,1623408,loop
42.780,1623408,loop
42.830,1623408,loop
42.881,1623408,loop
42.931,1611724,loop
42.982,1613776,loop
43.033,1619920,loop
43.083,1622652,loop
43.134,1622652,loop
43.184,1622652,loop
43.235,1622652,loop
43.286,1622652,loop
43.336,1622652,loop
43.387,1622652,loop
43.437,1622652,loop
43.488,1622652,loop
43.538,1622652,loop
43.589,1622652,loop
43.640,1622652,loop
43.690,1622652,loop
43.741,1622652,loop
43.791,1622652,loop
43.842,1622652,loop
43.893,1622652,loop
43.943,1622652,loop
43.994,1622652,loop
44.044,1622652,loop
44.095,1622652,loop
44.146,1622652,loop
44.196,1622652,loop
44.247,1622652,loop
44.297,1622652,loop
44.348,1622660,loop
44.398,1611732,loop
44.449,1615832,loop
44.500,1622548,loop
44.550,1623136,loop
44.601,1623136,loop
44.651,1623136,loop
44.702,1623136,loop
44.752,1623136,loop
44.803,1617176,loop
44.854,1617176,loop
44.904,1617176,loop
44.955,1617176,loop
45.005,1617176,loop
45.056,1617176,loop
45.107,1617176,loop
45.157,1617176,loop
45.208,1617176,loop
45.258,1617176,loop
45.309,1605776,loop
45.359,1609876,loop
45.410,1616048,loop
45.460,1616048,loop
45.511,1616048,loop
45.561,1616048,loop
45.612,1616048,loop
45.663,1616048,loop
45.713,1616048,loop
45.764,1616048,loop
45.815,1616048,loop
45.865,1616048,loop
45.916,1616048,loop
45.966,1616048,loop
46.017,1616048,loop
46.067,1616052,loop
46.118,1616052,loop
46.168,1607832,loop
46.219,1613976,loop
46.270,1613976,loop
46.320,1613976,loop
46.371,1613976,loop
46.421,1613976,loop
46.472,1613976,loop
46.522,1613976,loop
46.573,1613976,loop
46.624,1613976,loop
46.674,1605780,loop
46.725,1605780,loop
46.775,1605780,loop
46.826,1605780,loop
46.877,1605780,loop
46.927,1605780,loop
46.978,1605780,loop
47.028,1605780,loop
47.079,1605780,loop
47.130,1605780,loop
47.180,1605780,loop
47.231,1605780,loop
47.281,1608764,loop
47.332,1608768,loop
47.383,1608768,loop
47.433,1608768,loop
47.484,1609436,loop
47.535,1609436,loop
47.585,1609436,loop
47.636,1609436,loop
47.686,1609436,loop
47.737,1609436,loop
47.788,1609436,loop
47.838,1609436,loop
47.889,1609436,loop
47.939,1609436,loop
47.990,1609436,loop
48.041,1609436,loop
48.091,1609436,loop
48.142,1609436,loop
48.192,1609436,loop
48.243,1609436,loop
48.294,1609436,loop
48.344,1609436,loop
48.395,1609436,loop
48.446,1609436,loop
48.496,1609436,loop
48.547,1609440,loop
48.597,1609440,loop
48.648,1609440,loop
48.699,1609440,loop
48.749,1609440,loop
48.800,1609440,loop
48.850,1609440,loop
48.901,1609440,loop
48.952,1609440,loop
49.002,1609440,loop
49.053,1609440,loop
49.103,1609440,loop
49.154,1609440,loop
49.205,1609440,loop
49.255,1609440,loop
49.306,1609440,loop
49.356,1591048,loop
49.407,1577664,loop
49.458,1577664,loop
49.508,1577664,loop
49.559,1577672,loop
49.609,1577672,loop
49.660,1577672,loop
49.710,1577672,loop
49.761,1577792,loop
49.812,1580628,loop
49.862,1580628,loop
49.913,1580628,loop
49.963,1580628,loop
50.014,1580628,loop
50.064,1580628,loop
50.115,1580628,loop
50.166,1580628,loop
50.216,1580628,loop
50.267,1580628,loop
50.317,1580628,loop
50.368,1584940,loop
50.419,1584940,loop
50.469,1584940,loop
50.520,1584940,loop
50.570,1584940,loop
50.621,1584940,loop
50.672,1584940,loop
50.722,1584940,loop
50.773,1584940,loop
50.823,1584940,loop
50.874,1584940,loop
50.924,1584940,loop
50.975,1584940,loop
51.025,1584940,loop
51.076,1584940,loop
51.127,1584940,loop
51.177,1584940,loop
51.228,1584940,loop
51.279,1584940,loop
51.329,1584940,loop
51.380,1584940,loop
51.430,1584940,loop
51.481,1584940,loop
51.531,1584940,loop
51.582,1584940,loop
51.633,1584940,loop
51.683,1584940,loop
51.734,1584940,loop
51.784,1584940,loop
51.835,1584940,loop
51.886,1584940,loop
51.936,1584940,loop
51.987,1584940,loop
52.037,1584940,loop
52.088,1594580,loop
52.139,1594580,loop
52.189,1594580,loop
52.240,1594580,loop
52.291,1594580,loop
52.341,1594580,loop
52.392,1594580,loop
52.442,1594580,loop
52.493,1594580,loop
52.543,1594580,loop
52.594,1594580,loop
52.645,1594580,loop
52.695,1594580,loop
52.746,1594580,loop
52.796,1594580,loop
52.847,1594580,loop
52.898,1594580,loop
52.948,1594580,loop
52.999,1594580,loop
53.049,1594580,loop
53.100,1594580,loop
53.151,1594580,loop
53.201,1594580,loop
53.252,1594580,loop
53.303,1594580,loop
53.353,1594580,loop
53.404,1594580,loop
53.454,1594580,loop
53.505,1594580,loop
53.555,1594580,loop
53.606,1594580,loop
53.657,1594580,loop
53.707,1594580,loop
53.758,1594580,loop
53.808,1594580,loop
53.859,1594580,loop
53.910,1594580,loop
53.960,1594580,loop
54.011,1594580,loop
54.062,1594580,loop
54.112,1594580,loop
54.163,1594580,loop
54.213,1594580,loop
54.264,1594580,loop
54.314,1594580,loop
54.365,1594580,loop
54.416,1594580,loop
54.466,1594580,loop
54.517,1594580,loop
54.567,1594580,loop
54.618,1594580,loop
54.668,1594580,loop
54.719,1594580,loop
54.770,1594580,loop
54.820,1594580,loop
54.871,1594580,loop
54.921,1594580,loop
54.972,1594580,loop
55.023,1594580,loop
55.073,1594580,loop
55.124,1594580,loop
55.174,1594580,loop
55.225,1594580,loop
55.276,1594580,loop
55.326,1594580,loop
55.377,1594580,loop
55.427,1594580,loop
55.478,1594580,loop
55.529,1594580,loop
55.579,1594580,loop
55.630,1598676,loop
55.680,1598676,loop
55.731,1598680,loop
55.781,1598680,loop
55.832,1598680,loop
55.883,1598680,loop
55.933,1598680,loop
55.984,1594176,loop
56.034,1593612,loop
56.085,1591016,loop
56.136,1591016,loop
56.186,1591016,loop
56.237,1591016,loop
56.288,1591016,loop
56.338,1596420,loop
56.389,1608064,loop
56.439,1608064,loop
56.490,1608064,loop
56.540,1608064,loop
56.591,1608064,loop
56.642,1608064,loop
56.692,1608064,loop
56.743,1608064,loop
56.793,1608064,loop
56.844,1608064,loop
56.895,1608064,loop
56.945,1608064,loop
56.996,1608064,loop
57.046,1608064,loop
57.097,1608064,loop
57.148,1608064,loop
57.198,1608064,loop
57.249,1610112,loop
57.299,1612160,loop
57.350,1616420,loop
57.401,1617160,loop
57.451,1617160,loop
57.502,1617160,loop
57.552,1617160,loop
57.603,1617160,loop
57.654,1617160,loop
57.704,1617160,loop
57.755,1617160,loop
57.805,1617160,loop
57.856,1617160,loop
57.907,1617160,loop
57.957,1544744,loop
58.008,1554396,loop
58.058,1554400,loop
58.109,1554400,loop
58.160,1554400,loop
58.210,1555668,loop
58.261,1555668,loop
58.311,1555668,loop
58.362,1555668,loop
58.413,1555668,loop
58.463,1555668,loop
58.514,1555668,loop
58.564,1555668,loop
58.615,1555668,loop
58.665,1555668,loop
58.716,1555668,loop
58.767,1555668,loop
58.817,1555668,loop
58.868,1555668,loop
58.918,1555668,loop
58.969,1555668,loop
59.019,1560268,loop
59.070,1565796,loop
59.121,1565796,loop
59.171,1565796,loop
59.222,1565796,loop
59.272,1565796,loop
59.323,1565796,loop
59.374,1567844,loop
59.424,1567844,loop
59.475,1555420,loop
59.526,1555468,loop
59.576,1555468,loop
59.627,1555468,loop
59.677,1555540,loop
59.728,1555692,loop
59.779,1555716,loop
59.829,1555716,loop
59.880,1555716,loop
59.930,1555720,loop
59.981,1555720,loop
60.031,1555720,loop
60.082,1555720,loop
60.132,1555720,loop
60.183,1555720,loop
60.234,1555732,loop
60.284,1555736,loop
60.335,1555736,loop
60.385,1555736,loop
60.436,1555736,loop
60.486,1555736,loop
60.537,1555736,loop
60.588,1555740,loop
60.638,1555740,loop
60.689,1555752,loop
60.739,1555752,loop
60.790,1555752,loop
60.840,1555752,loop
60.891,1555752,loop
60.942,1555752,loop
60.992,1555752,loop
61.043,1555752,loop
61.093,1555756,loop
61.144,1555756,loop
61.194,1555760,loop
61.245,1555764,loop
61.295,1555764,loop
61.346,1557232,loop
61.397,1560552,loop
61.447,1566696,loop
61.498,1568668,loop
61.548,1568668,loop
61.599,1568668,loop
61.650,1568668,loop
61.700,1568668,loop
61.751,1568668,loop
61.801,1568672,loop
61.852,1568676,loop
61.903,1568676,loop
61.953,1568680,loop
62.004,1568680,loop
62.054,1568680,loop
62.105,1568680,loop
62.156,1568680,loop
62.206,1568680,loop
62.257,1568680,loop
62.307,1568684,loop
62.358,1582916,loop
62.408,1585616,loop
62.459,1585616,loop
62.510,1585620,loop
62.560,1585620,loop
62.611,1585620,loop
62.661,1585668,loop
62.712,1585668,loop
62.763,1585668,loop
62.813,1585668,loop
62.864,1585668,loop
62.914,1585704,loop
62.965,1585856,loop
63.015,1585856,loop
63.066,1585856,loop
63.117,1585856,loop
63.167,1585856,loop
63.218,1585856,loop
63.268,1585856,loop
63.319,1585856,loop
63.370,1585856,loop
63.420,1585856,loop
63.471,1585856,loop
63.521,1585856,loop
63.572,1585856,loop
63.623,1585856,loop
63.673,1585856,loop
63.724,1585856,loop
63.774,1585860,loop
63.825,1585860,loop
63.875,1585860,loop
63.926,1586316,loop
63.977,1591848,loop
64.027,1591848,loop
64.078,1591848,loop
64.128,1591848,loop
64.179,1591848,loop
64.230,1591852,loop
64.280,1592456,loop
64.331,1597512,loop
64.381,1597512,loop
64.432,1597516,loop
64.483,1609196,loop
64.533,1609196,loop
64.584,1609196,loop
64.634,1609196,loop
64.685,1609196,loop
64.736,1609196,loop
64.786,1609196,loop
64.837,1609196,loop
64.887,1609196,loop
64.938,1609196,loop
64.989,1609196,loop
65.039,1609196,loop
65.090,1609196,loop
65.140,1609196,loop
65.191,1609196,loop
65.242,1609196,loop
65.292,1609196,loop
65.343,1609196,loop
65.393,1609196,loop
65.444,1608252,loop
65.512,1599584,loop
65.563,1599584,loop
65.614,1599584,loop
65.664,1599584,loop
65.715,1599732,loop
65.765,1599732,loop
65.816,1599732,loop
65.867,1599740,loop
65.917,1599740,loop
65.968,1599740,loop
66.018,1599740,loop
66.069,1599740,loop
66.119,1599740,loop
66.170,1599740,loop
66.220,1599740,loop
66.271,1599740,loop
66.321,1599740,loop
66.372,1599740,loop
66.423,1599740,loop
66.473,1599740,loop
66.524,1599740,loop
66.574,1599740,loop
66.625,1599740,loop
66.676,1599740,loop
66.726,1599740,loop
66.777,1599740,loop
66.827,1599740,loop
66.878,1599740,loop
66.928,1599740,loop
66.979,1599740,loop
67.029,1599740,loop
67.080,1599740,loop
67.130,1599740,loop
67.181,1599740,loop
67.232,1599740,loop
67.282,1599740,loop
67.333,1599740,loop
67.383,1599740,loop
67.434,1599740,loop
67.484,1599740,loop
67.535,1599740,loop
67.586,1599740,loop
67.636,1599740,loop
67.687,1599740,loop
67.737,1599740,loop
67.788,1599740,loop
67.838,1599748,loop
67.889,1599748,loop
67.940,1599748,loop
67.990,1592240,loop
68.041,1574244,loop
68.092,1555552,loop
68.142,1545224,loop
68.193,1545224,loop
68.243,1545252,loop
68.294,1545252,loop
68.344,1545252,loop
68.395,1545252,loop
68.446,1545252,loop
68.496,1545252,loop
68.547,1545252,loop
68.597,1545252,loop
68.648,1545252,loop
68.698,1545252,loop
68.749,1545252,loop
68.799,1545252,loop
68.850,1545252,loop
68.901,1545252,loop
68.951,1545252,loop
69.002,1545252,loop
69.052,1545252,loop
69.103,1545252,loop
69.153,1547840,loop
69.204,1549988,loop
69.254,1549988,loop
69.305,1552036,loop
69.356,1552036,loop
69.406,1552036,loop
69.457,1552036,loop
69.507,1552036,loop
69.558,1552036,loop
69.608,1552036,loop
69.659,1552036,loop
69.709,1552036,loop
69.760,1552036,loop
69.811,1552036,loop
69.861,1552036,loop
69.912,1552036,loop
69.962,1552036,loop
70.013,1552036,loop
70.063,1552036,loop
70.114,1552036,loop
70.165,1552036,loop
70.215,1552036,loop
70.266,1552036,loop
70.316,1552036,loop
70.367,1552036,loop
70.417,1552036,loop
70.468,1552036,loop
70.519,1552036,loop
70.569,1552036,loop
70.620,1552036,loop
70.670,1552036,loop
70.721,1552036,loop
70.771,1552036,loop
70.822,1552036,loop
70.873,1552036,loop
70.923,1552036,loop
70.974,1552036,loop
71.024,1552036,loop
71.075,1552036,loop
71.125,1552036,loop
71.176,1552036,loop
71.227,1552036,loop
71.277,1552036,loop
71.328,1552036,loop
71.378,1552036,loop
71.429,1552036,loop
71.479,1542544,loop
71.530,1542544,loop
71.581,1542544,loop
71.631,1542544,loop
71.682,1542544,loop
71.732,1542544,loop
71.783,1542544,loop
71.833,1542544,loop
71.884,1542544,loop
71.934,1542544,loop
71.985,1542544,loop
72.036,1542544,loop
72.086,1542544,loop
72.137,1542544,loop
72.187,1542544,loop
72.238,1542544,loop
72.288,1542544,loop
72.339,1542544,loop
72.389,1542544,loop
72.440,1542544,loop
72.491,1542544,loop
72.541,1542548,loop
72.592,1542548,loop
72.642,1542548,loop
72.693,1542548,loop
72.743,1542548,loop
72.794,1542548,loop
72.845,1542548,loop
72.895,1542548,loop
72.946,1542548,loop
72.996,1542548,loop
73.047,1542548,loop
73.098,1542548,loop
73.148,1542548,loop
73.199,1542552,loop
73.249,1543004,loop
73.300,1548480,loop
73.350,1548480,loop
73.401,1548480,loop
73.452,1548480,loop
73.502,1548480,loop
73.553,1548480,loop
73.603,1548480,loop
73.654,1548480,loop
73.704,1548480,loop
73.755,1548480,loop
73.806,1548480,loop
73.856,1548480,loop
73.907,1548480,loop
73.957,1548480,loop
74.008,1540484,loop
74.058,1533812,loop
74.109,1533764,loop
74.160,1533804,loop
74.210,1533812,loop
74.261,1533812,loop
74.311,1533812,loop
74.362,1533812,loop
74.413,1533812,loop
74.463,1533812,loop
74.514,1533812,loop
74.564,1470524,loop
74.615,1470804,loop
74.666,1470808,loop
74.716,1477052,loop
74.767,1477052,loop
74.817,1477052,loop
74.868,1477052,loop
74.918,1477056,loop
74.969,1485248,loop
75.020,1490716,loop
75.070,1490716,loop
75.121,1496860,loop
75.171,1496860,loop
75.222,1496860,loop
75.272,1496860,loop
75.323,1496860,loop
75.374,1496860,loop
75.424,1496860,loop
75.475,1496860,loop
75.525,1496860,loop
75.576,1496860,loop
75.627,1496860,loop
75.677,1496860,loop
75.728,1496860,loop
75.778,1496860,loop
75.829,1496860,loop
75.879,1496860,loop
75.930,1496860,loop
75.980,1496860,loop
76.031,1496860,loop
76.082,1496860,loop
76.132,1496860,loop
76.183,1498908,loop
76.233,1498908,loop
76.284,1498908,loop
76.334,1498908,loop
76.385,1498908,loop
76.436,1503672,loop
76.486,1507768,loop
76.537,1507768,loop
76.587,1507768,loop
76.638,1507768,loop
76.688,1507768,loop
76.739,1507768,loop
76.789,1507768,loop
76.840,1507768,loop
76.890,1507768,loop
76.941,1507768,loop
76.992,1507768,loop
77.042,1507768,loop
77.093,1507768,loop
77.143,1507768,loop
77.194,1507768,loop
77.244,1507768,loop
77.294,1507768,loop
77.345,1507772,loop
77.396,1507772,loop
77.446,1510888,loop
77.497,1510900,loop
77.547,1510904,loop
77.598,1510904,loop
77.648,1510904,loop
77.699,1510904,loop
77.749,1510904,loop
77.800,1510904,loop
77.851,1509692,loop
77.901,1497864,loop
77.952,1497856,loop
78.003,1497920,loop
78.053,1497936,loop
78.104,1497936,loop
78.154,1497936,loop
78.205,1497936,loop
78.255,1497936,loop
78.306,1497936,loop
78.357,1497940,loop
78.407,1507820,loop
78.458,1517616,loop
78.508,1517616,loop
78.559,1517616,loop
78.609,1517616,loop
78.660,1517616,loop
78.711,1517620,loop
78.761,1517620,loop
78.812,1517620,loop
78.862,1517620,loop
78.913,1517620,loop
78.963,1517620,loop
79.014,1517620,loop
79.065,1517620,loop
79.115,1517620,loop
79.166,1517620,loop
79.216,1517620,loop
79.267,1517624,loop
79.317,1517624,loop
79.368,1517624,loop
79.419,1517624,loop
79.469,1517624,loop
79.520,1517624,loop
79.570,1517624,loop
79.621,1517628,loop
79.671,1523416,loop
79.722,1528636,loop
79.772,1528636,loop
79.823,1528636,loop
79.874,1528636,loop
79.924,1528636,loop
79.975,1528636,loop
80.025,1528636,loop
80.076,1528636,loop
80.127,1528636,loop
80.177,1528636,loop
80.228,1528636,loop
80.278,1528636,loop
80.329,1528980,loop
80.379,1529680,loop
80.430,1534204,loop
80.480,1538768,loop
80.531,1538768,loop
80.582,1538768,loop
80.632,1538768,loop
80.683,1538768,loop
80.733,1538768,loop
80.784,1538768,loop
80.835,1538768,loop
80.885,1538768,loop
80.936,1538768,loop
80.986,1538768,loop
81.037,1538768,loop
81.087,1538768,loop
81.138,1536408,loop
81.188,1536384,loop
81.239,1536384,loop
81.290,1536384,loop
81.340,1536384,loop
81.391,1536396,loop
81.441,1539152,loop
81.492,1539152,loop
81.542,1539152,loop
81.593,1539152,loop
81.644,1468672,loop
81.694,1471100,loop
81.745,1479292,loop
81.795,1480024,loop
81.846,1480024,loop
81.896,1480024,loop
81.947,1480024,loop
81.998,1480024,loop
82.048,1480024,loop
82.099,1480028,loop
82.149,1480032,loop
82.200,1480400,loop
82.250,1487352,loop
82.301,1491196,loop
82.352,1491552,loop
82.402,1491560,loop
82.453,1491564,loop
82.503,1491956,loop
82.554,1491956,loop
82.604,1491956,loop
82.655,1491956,loop
82.706,1491964,loop
82.756,1491964,loop
82.807,1491968,loop
82.857,1491976,loop
82.908,1510736,loop
82.958,1512784,loop
83.009,1512920,loop
83.059,1512920,loop
83.110,1512920,loop
83.161,1512920,loop
83.211,1512924,loop
83.262,1512924,loop
83.312,1517624,loop
83.363,1517624,loop
83.413,1517624,loop
83.464,1517624,loop
83.514,1517624,loop
83.565,1517624,loop
83.616,1517624,loop
83.666,1517628,loop
83.717,1517628,loop
83.767,1519532,loop
83.818,1509500,loop
83.868,1509504,loop
83.919,1509504,loop
83.969,1509504,loop
84.020,1509504,loop
84.071,1509504,loop
84.121,1509504,loop
84.172,1509504,loop
84.222,1509504,loop
84.273,1509504,loop
84.323,1509504,loop
84.374,1509504,loop
84.424,1509504,loop
84.475,1509504,loop
84.526,1509504,loop
84.576,1509504,loop
84.627,1509504,loop
84.677,1509504,loop
84.728,1509508,loop
84.778,1509512,loop
84.829,1516568,loop
84.880,1533620,loop
84.930,1533620,loop
84.981,1533652,loop
85.031,1533652,loop
85.082,1533652,loop
85.132,1533652,loop
85.183,1533652,loop
85.233,1533652,loop
85.284,1533652,loop
85.334,1533652,loop
85.385,1533652,loop
85.435,1533652,loop
85.486,1533652,loop
85.537,1533652,loop
85.587,1533652,loop
85.638,1522828,loop
85.688,1522828,loop
85.739,1522828,loop
85.789,1522828,loop
85.840,1522828,loop
85.890,1522828,loop
85.941,1522832,loop
85.992,1522832,loop
86.042,1522832,loop
86.093,1522832,loop
86.143,1522832,loop
86.194,1522832,loop
86.244,1522832,loop
86.295,1522832,loop
86.346,1522832,loop
86.396,1522832,loop
86.447,1522832,loop
86.497,1522832,loop
86.548,1522836,loop
86.598,1522836,loop
86.649,1524832,loop
86.699,1524832,loop
86.750,1524832,loop
86.801,1524832,loop
86.851,1524832,loop
86.902,1524832,loop
86.952,1524832,loop
87.003,1524832,loop
87.053,1524832,loop
87.104,1524832,loop
87.155,1524832,loop
87.205,1524832,loop
87.256,1524832,loop
87.306,1524832,loop
87.357,1524832,loop
87.408,1524832,loop
87.458,1524832,loop
87.509,1524840,loop
87.559,1524840,loop
87.610,1524840,loop
87.661,1524840,loop
87.711,1524840,loop
87.762,1524840,loop
87.812,1524840,loop
87.863,1524840,loop
87.913,1524840,loop
87.964,1524840,loop
88.015,1524840,loop
88.065,1524840,loop
88.116,1524840,loop
88.166,1524840,loop
88.217,1524840,loop
88.268,1524840,loop
88.318,1524840,loop
88.369,1524840,loop
88.419,1524840,loop
88.470,1524840,loop
88.520,1524840,loop
88.571,1524840,loop
88.621,1524840,loop
88.672,1524840,loop
88.723,1524840,loop
88.773,1524840,loop
88.824,1524840,loop
88.875,1521308,loop
88.925,1521380,loop
88.976,1521380,loop
89.026,1521432,loop
89.077,1521480,loop
89.127,1521480,loop
89.178,1521480,loop
89.229,1521480,loop
89.279,1521480,loop
89.330,1521480,loop
89.380,1521480,loop
89.431,1521480,loop
89.481,1521480,loop
89.532,1521480,loop
89.582,1521480,loop
89.633,1521480,loop
89.684,1521480,loop
89.734,1521480,loop
89.785,1521480,loop
89.835,1521480,loop
89.886,1521484,loop
89.937,1521484,loop
89.987,1521684,loop
90.038,1521684,loop
90.088,1521684,loop
90.139,1521684,loop
90.189,1521684,loop
90.240,1521688,loop
90.291,1521688,loop
90.341,1521688,loop
90.392,1521688,loop
90.442,1521688,loop
90.493,1521688,loop
90.543,1521688,loop
90.594,1521688,loop
90.644,1521688,loop
90.695,1521688,loop
90.745,1521688,loop
90.796,1521688,loop
90.846,1521688,loop
90.897,1521688,loop
90.948,1521688,loop
90.998,1521688,loop
91.049,1521688,loop
91.099,1521688,loop
91.150,1521688,loop
91.201,1521688,loop
91.251,1521688,loop
91.302,1521688,loop
91.352,1521688,loop
91.403,1521688,loop
91.453,1521692,loop
91.504,1521692,loop
91.555,1521692,loop
91.605,1521692,loop
91.656,1523740,loop
91.706,1523740,loop
91.757,1523740,loop
91.807,1523740,loop
91.858,1523740,loop
91.909,1523740,loop
91.959,1523740,loop
92.010,1523740,loop
92.060,1523740,loop
92.111,1523740,loop
92.162,1523740,loop
92.212,1523740,loop
92.263,1523740,loop
92.313,1523740,loop
92.364,1523740,loop
92.415,1523740,loop
92.465,1523740,loop
92.516,1523740,loop
92.566,1523740,loop
92.617,1523740,loop
92.667,1523740,loop
92.718,1523740,loop
92.768,1523740,loop
92.819,1523740,loop
92.869,1523740,loop
92.920,1523740,loop
92.971,1523740,loop
93.021,1526364,loop
93.072,1532508,loop
93.122,1532508,loop
93.173,1532512,loop
93.223,1536140,loop
93.274,1542640,loop
93.325,1542640,loop
93.375,1542640,loop
93.426,1542640,loop
93.476,1542640,loop
93.527,1542640,loop
93.578,1542640,loop
93.628,1542640,loop
93.679,1542640,loop
93.729,1542640,loop
93.780,1533872,loop
93.831,1533872,loop
93.881,1533872,loop
93.932,1533872,loop
93.982,1533872,loop
94.033,1533876,loop
94.083,1533876,loop
94.134,1533876,loop
94.185,1533876,loop
94.235,1533876,loop
94.286,1533876,loop
94.336,1533876,loop
94.387,1533876,loop
94.437,1533876,loop
94.488,1533876,loop
94.539,1533876,loop
94.589,1533880,loop
94.640,1537616,loop
94.690,1551944,loop
94.741,1566280,loop
94.792,1574472,loop
94.842,1579472,loop
94.893,1579472,loop
94.943,1579472,loop
94.994,1579472,loop
95.044,1579472,loop
95.095,1579472,loop
95.146,1579472,loop
95.196,1579472,loop
95.247,1579472,loop
95.297,1579472,loop
95.348,1579472,loop
95.398,1579472,loop
95.449,1579472,loop
95.500,1579472,loop
95.550,1579472,loop
95.601,1579472,loop
95.651,1579472,loop
95.702,1579472,loop
95.752,1579472,loop
95.803,1554888,loop
95.854,1504828,loop
95.904,1504828,loop
95.955,1504828,loop
96.005,1508936,loop
96.056,1521820,loop
96.107,1521820,loop
96.157,1521820,loop
96.208,1521820,loop
96.258,1521820,loop
96.309,1521820,loop
96.359,1521824,loop
96.410,1523608,loop
96.461,1523608,loop
96.511,1523608,loop
96.562,1523608,loop
96.612,1523608,loop
96.663,1523608,loop
96.713,1523608,loop
96.764,1523608,loop
96.815,1523528,loop
96.866,1523600,loop
96.916,1523600,loop
96.967,1523600,loop
97.017,1523600,loop
97.068,1523600,loop
97.118,1523600,loop
97.169,1523600,loop
97.220,1523600,loop
97.270,1523600,loop
97.321,1523600,loop
97.371,1523600,loop
97.422,1523600,loop
97.473,1523600,loop
97.523,1523600,loop
97.574,1523600,loop
97.624,1523600,loop
97.675,1523600,loop
97.725,1523600,loop
97.776,1523600,loop
97.826,1523600,loop
97.877,1523600,loop
97.928,1523600,loop
97.978,1523608,loop
98.029,1523608,loop
98.079,1523608,loop
98.130,1523608,loop
98.181,1523608,loop
98.231,1523608,loop
98.282,1523608,loop
98.332,1523608,loop
98.383,1527028,loop
98.434,1535220,loop
98.484,1535220,loop
98.535,1535220,loop
98.585,1535220,loop
98.636,1535220,loop
98.686,1535220,loop
98.737,1535220,loop
98.788,1535220,loop
98.838,1535220,loop
98.889,1535220,loop
98.939,1535220,loop
98.990,1535220,loop
99.040,1535220,loop
99.091,1535220,loop
99.142,1535220,loop
99.192,1535220,loop
99.243,1523608,loop
99.293,1523608,loop
99.344,1525656,loop
99.395,1531200,loop
99.445,1535300,loop
99.496,1543628,loop
99.546,1543628,loop
99.597,1543628,loop
99.647,1543628,loop
99.698,1543628,loop
99.749,1543628,loop
99.799,1543628,loop
99.850,1543628,loop
99.900,1543628,loop
99.951,1543628,loop
100.002,1543628,loop
100.052,1543628,loop
100.103,1543628,loop
100.153,1543628,loop
100.204,1543628,loop
100.254,1543628,loop
100.305,1543628,loop
100.356,1543628,loop
100.406,1543628,loop
100.457,1543628,loop
100.507,1543628,loop
100.558,1543628,loop
100.608,1543628,loop
100.659,1543632,loop
100.710,1543632,loop
100.760,1548232,loop
100.811,1548232,loop
100.861,1548232,loop
100.912,1548232,loop
100.962,1548232,loop
101.013,1548232,loop
101.064,1548232,loop
101.114,1548232,loop
101.165,1548232,loop
101.215,1548232,loop
101.266,1548232,loop
101.317,1548232,loop
101.367,1548232,loop
101.418,1548232,loop
101.468,1548232,loop
101.519,1548232,loop
101.569,1548232,loop
101.620,1548232,loop
101.671,1548232,loop
101.721,1548232,loop
101.772,1548232,loop
101.822,1548232,loop
101.873,1548232,loop
101.923,1548232,loop
101.974,1548232,loop
102.025,1548232,loop
102.075,1548232,loop
102.126,1548232,loop
102.176,1548232,loop
102.227,1548232,loop
102.278,1548232,loop
102.328,1548232,loop
102.379,1548232,loop
102.429,1548232,loop
102.480,1548232,loop
102.530,1548232,loop
102.581,1548232,loop
102.632,1548232,loop
102.682,1548232,loop
102.733,1548232,loop
102.783,1548232,loop
102.834,1548232,loop
102.884,1548232,loop
102.935,1548232,loop
102.985,1548232,loop
103.036,1548232,loop
103.087,1548232,loop
103.137,1548232,loop
103.188,1548232,loop
103.238,1548232,loop
103.289,1548232,loop
103.339,1548232,loop
103.390,1548232,loop
103.440,1548232,loop
103.491,1548232,loop
103.541,1548232,loop
103.592,1548232,loop
103.642,1548232,loop
103.693,1548232,loop
103.744,1548232,loop
103.794,1548232,loop
103.845,1548232,loop
103.895,1548232,loop
103.946,1548012,loop
103.996,1548124,loop
104.047,1547244,loop
104.098,1547244,loop
104.148,1547244,loop
104.199,1547244,loop
104.249,1547244,loop
104.300,1547244,loop
104.350,1547244,loop
104.401,1547244,loop
104.451,1547244,loop
104.502,1547244,loop
104.553,1547244,loop
104.603,1547244,loop
104.654,1547244,loop
104.704,1547244,loop
104.755,1547244,loop
104.805,1547244,loop
104.856,1547244,loop
104.907,1547244,loop
104.957,1547244,loop
105.008,1547244,loop
105.058,1547244,loop
105.109,1547244,loop
105.159,1547244,loop
105.210,1547244,loop
105.260,1547244,loop
105.311,1547244,loop
105.362,1547244,loop
105.412,1547244,loop
105.463,1547244,loop
105.513,1547244,loop
105.564,1547248,loop
105.614,1553656,loop
105.665,1557752,loop
105.716,1557752,loop
105.766,1557752,loop
105.817,1557752,loop
105.867,1557752,loop
105.918,1557752,loop
105.969,1557752,loop
106.019,1557752,loop
106.070,1557752,loop
106.120,1557752,loop
106.171,1557752,loop
106.221,1557752,loop
106.272,1557752,loop
106.322,1557752,loop
106.373,1547244,loop
106.424,1547244,loop
106.474,1547244,loop
106.525,1547244,loop
106.575,1547244,loop
106.626,1547244,loop
106.676,1547244,loop
106.727,1547244,loop
106.778,1547244,loop
106.828,1547244,loop
106.879,1547244,loop
106.929,1547244,loop
106.980,1547244,loop
107.030,1547244,loop
107.081,1547244,loop
107.132,1547244,loop
107.182,1547244,loop
107.233,1547244,loop
107.283,1547244,loop
107.334,1547244,loop
107.384,1547244,loop
107.435,1547244,loop
107.485,1547244,loop
107.536,1547244,loop
107.586,1547244,loop
107.637,1547244,loop
107.687,1547244,loop
107.738,1547244,loop
107.789,1547244,loop
107.839,1547244,loop
107.890,1547244,loop
107.940,1547244,loop
107.991,1547244,loop
108.042,1547244,loop
108.092,1547244,loop
108.143,1547244,loop
108.193,1547244,loop
108.244,1547244,loop
108.294,1547244,loop
108.345,1547244,loop
108.395,1547244,loop
108.446,1547244,loop
108.496,1547248,loop
108.547,1547248,loop
108.598,1554876,loop
108.648,1554876,loop
108.699,1554876,loop
108.749,1554876,loop
108.800,1554876,loop
108.851,1554876,loop
108.901,1554876,loop
108.952,1554876,loop
109.002,1554876,loop
109.053,1554876,loop
109.103,1554876,loop
109.154,1554876,loop
109.205,1554876,loop
109.255,1554876,loop
109.306,1525344,loop
109.356,1515540,loop
109.407,1515540,loop
109.457,1515540,loop
109.508,1515540,loop
109.559,1515540,loop
109.609,1515540,loop
109.660,1515540,loop
109.710,1515540,loop
109.761,1515540,loop
109.811,1515540,loop
109.862,1515540,loop
109.913,1515540,loop
109.963,1515540,loop
110.014,1515540,loop
110.064,1515540,loop
110.115,1515540,loop
110.165,1515540,loop
110.216,1515540,loop
110.267,1515540,loop
110.317,1515540,loop
110.368,1515540,loop
110.418,1515540,loop
110.469,1515540,loop
110.519,1515540,loop
110.570,1515540,loop
110.620,1515540,loop
110.671,1515540,loop
110.721,1515540,loop
110.772,1515540,loop
110.823,1515540,loop
110.873,1515540,loop
110.924,1515540,loop
110.974,1515540,loop
111.025,1515540,loop
111.076,1515540,loop
111.126,1515540,loop
111.177,1515540,loop
111.227,1515540,loop
111.278,1515540,loop
111.328,1515540,loop
111.379,1515540,loop
111.429,1515540,loop
111.480,1515540,loop
111.530,1515540,loop
111.581,1515540,loop
111.632,1515540,loop
111.682,1515540,loop
111.733,1515540,loop
111.783,1515540,loop
111.834,1515540,loop
111.884,1515540,loop
111.935,1515540,loop
111.986,1515540,loop
112.036,1515540,loop
112.087,1515540,loop
112.137,1515540,loop
112.188,1515540,loop
112.238,1515540,loop
112.289,1515540,loop
112.339,1515540,loop
112.390,1515540,loop
112.440,1515540,loop
112.491,1515540,loop
112.542,1515540,loop
112.592,1515540,loop
112.643,1515540,loop
112.693,1515540,loop
112.744,1515540,loop
112.794,1515540,loop
112.845,1515540,loop
112.896,1515540,loop
112.946,1515540,loop
112.997,1515540,loop
113.047,1515540,loop
113.098,1515540,loop
113.148,1515540,loop
113.199,1515540,loop
113.249,1515540,loop
113.300,1515540,loop
113.351,1515540,loop
113.401,1515540,loop
113.452,1515540,loop
113.502,1515540,loop
113.553,1515540,loop
113.603,1515540,loop
113.654,1515540,loop
113.704,1515540,loop
113.755,1515540,loop
113.806,1515540,loop
113.856,1515540,loop
113.907,1515540,loop
113.957,1515540,loop
114.008,1515540,loop
114.059,1515540,loop
114.109,1515540,loop
114.160,1515540,loop
114.210,1515540,loop
114.261,1515540,loop
114.311,1515540,loop
114.362,1515540,loop
114.412,1515540,loop
114.463,1515540,loop
114.514,1515540,loop
114.564,1515540,loop
114.615,1515540,loop
114.665,1515540,loop
114.716,1515540,loop
114.766,1515540,loop
114.817,1515540,loop
114.867,1515540,loop
114.918,1515540,loop
114.968,1515540,loop
115.019,1515540,loop
115.070,1515540,loop
115.120,1515540,loop
115.171,1515540,loop
115.221,1515540,loop
115.272,1515540,loop
115.322,1515540,loop
115.373,1515540,loop
115.423,1515540,loop
115.474,1515540,loop
115.525,1515540,loop
115.575,1515540,loop
115.626,1515540,loop
115.676,1515540,loop
115.727,1515540,loop
115.777,1515540,loop
115.828,1515540,loop
115.878,1515540,loop
115.929,1515540,loop
115.980,1515540,loop
116.030,1515540,loop
116.081,1515544,loop
116.131,1515544,loop
116.182,1515544,loop
116.233,1515544,loop
116.283,1515544,loop
116.334,1515544,loop
116.384,1515544,loop
116.435,1515544,loop
116.485,1515544,loop
116.536,1515544,loop
116.587,1515544,loop
116.637,1515544,loop
116.688,1515544,loop
116.738,1515544,loop
116.789,1515544,loop
116.839,1515544,loop
116.890,1515544,loop
116.940,1515544,loop
116.991,1515544,loop
117.042,1515544,loop
117.092,1515544,loop
117.143,1515544,loop
117.193,1515544,loop
117.244,1515544,loop
117.294,1515544,loop
117.345,1515544,loop
117.395,1515544,loop
117.446,1486048,loop
117.496,1486048,loop
117.547,1486048,loop
117.597,1486048,loop
117.648,1486048,loop
117.699,1486048,loop
117.749,1486048,loop
117.800,1486048,loop
117.850,1486048,loop
117.901,1486048,loop
117.951,1486048,loop
118.002,1486048,loop
118.052,1486048,loop
118.103,1486048,loop
118.153,1486048,loop
118.204,1486048,loop
118.255,1486048,loop
118.305,1486048,loop
118.356,1486048,loop
118.406,1486048,loop
118.457,1486048,loop
118.508,1486040,loop
118.558,1486040,loop
118.609,1486040,loop
118.659,1486040,loop
118.710,1486040,loop
118.761,1486040,loop
118.811,1486040,loop
118.862,1486040,loop
118.912,1486040,loop
118.963,1486040,loop
119.014,1486040,loop
119.064,1486040,loop
119.115,1486040,loop
119.165,1486040,loop
119.216,1486040,loop
119.266,1486040,loop
119.317,1486040,loop
119.367,1488088,loop
119.418,1488088,loop
119.468,1488088,loop
119.519,1488088,loop
119.570,1488088,loop
119.620,1488088,loop
119.671,1488088,loop
119.722,1488088,loop
119.772,1488088,loop
119.823,1488088,loop
119.873,1488088,loop
119.924,1488088,loop
119.974,1488088,loop
120.025,1488088,loop
120.076,1488088,loop
120.126,1492244,loop
120.177,1492244,loop
120.227,1492244,loop
120.278,1492244,loop
120.328,1492244,loop
120.379,1492244,loop
120.429,1492244,loop
120.480,1492244,loop
120.531,1492244,loop
120.581,1492244,loop
120.632,1492244,loop
120.682,1492244,loop
120.733,1492244,loop
120.784,1492244,loop
120.834,1492244,loop
120.885,1492244,loop
120.935,1492244,loop
120.986,1492244,loop
121.036,1492244,loop
121.087,1492244,loop
121.137,1492244,loop
121.188,1492244,loop
121.239,1492244,loop
121.289,1492244,loop
121.340,1492244,loop
121.390,1492244,loop
121.441,1492244,loop
121.492,1492244,loop
121.542,1492244,loop
121.593,1492244,loop
121.643,1492244,loop
121.694,1492244,loop
121.744,1492244,loop
121.795,1492244,loop
121.845,1492244,loop
121.896,1492244,loop
121.947,1492244,loop
121.997,1492244,loop
122.048,1492244,loop
122.098,1492244,loop
122.149,1492244,loop
122.200,1492244,loop
122.250,1492244,loop
122.301,1492244,loop
122.351,1492244,loop
122.402,1492244,loop
122.453,1492244,loop
122.503,1492244,loop
122.554,1492244,loop
122.604,1492244,loop
122.655,1492244,loop
122.705,1492244,loop
122.756,1492244,loop
122.806,1492244,loop
122.857,1492244,loop
122.907,1492244,loop
122.958,1492244,loop
123.009,1492244,loop
123.059,1492244,loop
123.110,1492244,loop
123.160,1492244,loop
123.211,1492244,loop
123.261,1492244,loop
123.312,1492244,loop
123.362,1492244,loop
123.413,1492244,loop
123.463,1492244,loop
123.514,1492244,loop
123.564,1492244,loop
123.615,1492244,loop
123.665,1492244,loop
123.716,1492244,loop
123.767,1492244,loop
123.817,1492244,loop
123.868,1492244,loop
123.918,1492244,loop
123.969,1492244,loop
124.020,1492244,loop
124.070,1492244,loop
124.121,1492244,loop
124.171,1492244,loop
124.222,1492244,loop
124.273,1492244,loop
124.323,1492244,loop
124.374,1492244,loop
124.424,1492244,loop
124.475,1492244,loop
124.526,1492244,loop
124.576,1492244,loop
124.627,1492244,loop
124.677,1492244,loop
124.728,1492244,loop
124.778,1492244,loop
124.829,1492244,loop
124.880,1492244,loop
124.930,1492244,loop
124.981,1492244,loop
125.031,1492248,loop
125.082,1492248,loop
125.132,1492248,loop
125.183,1492248,loop
125.234,1492248,loop
125.284,1492248,loop
125.335,1492248,loop
125.385,1492248,loop
125.436,1492248,loop
125.486,1492248,loop
125.537,1492248,loop
125.588,1492248,loop
125.638,1492248,loop
125.689,1492248,loop
125.739,1492248,loop
125.790,1492248,loop
125.840,1492248,loop
125.891,1492248,loop
125.942,1492248,loop
125.992,1492248,loop
126.043,1492248,loop
126.093,1492252,loop
126.144,1492252,loop
126.194,1492252,loop
126.245,1492252,loop
126.295,1492252,loop
126.346,1492252,loop
126.397,1492252,loop
126.447,1492252,loop
126.498,1492252,loop
126.548,1492252,loop
126.599,1492252,loop
126.649,1492252,loop
126.700,1492252,loop
126.751,1492252,loop
126.801,1492252,loop
126.852,1492252,loop
126.902,1492252,loop
126.953,1492252,loop
127.003,1492252,loop
127.054,1492252,loop
127.105,1492252,loop
127.155,1492252,loop
127.206,1492252,loop
127.256,1492252,loop
127.307,1492252,loop
127.357,1492252,loop
127.408,1492252,loop
127.458,1492252,loop
127.509,1492252,loop
127.560,1492252,loop
127.610,1492252,loop
127.661,1492252,loop
127.711,1492252,loop
127.762,1492252,loop
127.812,1492252,loop
127.863,1492252,loop
127.913,1492252,loop
127.964,1492252,loop
128.015,1492252,loop
128.065,1492252,loop
128.116,1492252,loop
128.166,1492252,loop
128.217,1492252,loop
128.267,1492252,loop
128.318,1492252,loop
128.368,1492252,loop
128.419,1492252,loop
128.470,1492252,loop
128.520,1492252,loop
128.571,1492252,loop
128.621,1492252,loop
128.672,1492252,loop
128.722,1492252,loop
128.773,1492252,loop
128.823,1492252,loop
128.874,1492252,loop
128.924,1492252,loop
128.975,1492252,loop
129.025,1492252,loop
129.076,1492252,loop
129.127,1492252,loop
129.177,1492252,loop
129.228,1492252,loop
129.278,1492252,loop
129.329,1492252,loop
129.379,1492252,loop
129.430,1492252,loop
129.480,1492252,loop
129.531,1492252,loop
129.581,1492252,loop
129.632,1492252,loop
129.682,1492252,loop
129.733,1492252,loop
129.783,1492252,loop
129.834,1492252,loop
129.885,1492252,loop
129.935,1492252,loop
129.986,1492252,loop
130.036,1492252,loop
130.087,1494300,loop
130.137,1494300,loop
130.188,1496348,loop
130.239,1496348,loop
130.289,1496348,loop
130.340,1496348,loop
130.390,1496348,loop
130.441,1496348,loop
130.491,1496348,loop
130.542,1496348,loop
130.592,1496348,loop
130.643,1496348,loop
130.694,1496348,loop
130.744,1496348,loop
130.795,1496348,loop
130.845,1496348,loop
130.896,1496348,loop
130.946,1496348,loop
130.997,1496348,loop
131.048,1496348,loop
131.098,1496348,loop
131.149,1496348,loop
131.238,1496348,loop
131.294,1496348,loop
131.345,1496348,loop
131.395,1496348,loop
131.446,1496348,loop
131.497,1496348,loop
131.547,1496348,loop
131.598,1496348,loop
131.648,1496348,loop
131.699,1496348,loop
131.750,1496348,loop
131.800,1496348,loop
131.851,1496348,loop
131.901,1496348,loop
131.952,1496348,loop
132.002,1496348,loop
132.053,1496348,loop
132.103,1496348,loop
132.154,1496348,loop
132.204,1496348,loop
132.255,1496348,loop
132.305,1496348,loop
132.356,1496348,loop
132.407,1496348,loop
132.457,1496348,loop
132.508,1496348,loop
132.558,1496348,loop
132.609,1496348,loop
132.659,1496348,loop
132.710,1496348,loop
132.760,1496348,loop
132.811,1496348,loop
132.861,1496348,loop
132.912,1496348,loop
132.962,1496348,loop
133.013,1496348,loop
133.063,1496348,loop
133.114,1496348,loop
133.165,1496348,loop
133.215,1496348,loop
133.266,1496348,loop
133.316,1496348,loop
133.367,1496348,loop
133.417,1496348,loop
133.468,1496348,loop
133.519,1496348,loop
133.569,1496348,loop
133.620,1496348,loop
133.670,1496348,loop
133.721,1496348,loop
133.771,1496348,loop
133.822,1496348,loop
133.872,1496348,loop
133.923,1496348,loop
133.974,1496348,loop
134.024,1496348,loop
134.075,1496348,loop
134.125,1496348,loop
134.176,1496348,loop
134.226,1496348,loop
134.277,1496348,loop
134.328,1496348,loop
134.378,1496348,loop
134.429,1496348,loop
134.479,1496348,loop
134.530,1496348,loop
134.580,1496348,loop
134.631,1496348,loop
134.682,1496348,loop
134.732,1496348,loop
134.783,1496348,loop
134.833,1496348,loop
134.884,1496348,loop
134.934,1496348,loop
134.985,1496348,loop
135.035,1496348,loop
135.086,1496348,loop
135.137,1496348,loop
135.187,1496348,loop
135.238,1496348,loop
135.288,1496348,loop
135.339,1496348,loop
135.389,1496348,loop
135.440,1496348,loop
135.491,1496348,loop
135.541,1496348,loop
135.592,1496348,loop
135.642,1496348,loop
135.693,1496348,loop
135.743,1496348,loop
135.794,1496348,loop
135.844,1496348,loop
135.895,1496348,loop
135.946,1496348,loop
135.996,1496352,loop
136.047,1496352,loop
136.097,1496464,loop
136.148,1496464,loop
136.198,1496464,loop
136.249,1496464,loop
136.299,1496464,loop
136.350,1496464,loop
136.401,1496464,loop
136.451,1496464,loop
136.502,1496464,loop
136.552,1496464,loop
136.603,1496464,loop
136.653,1496456,loop
136.704,1496456,loop
136.755,1496456,loop
136.805,1496456,loop
136.856,1496456,loop
136.906,1496456,loop
136.957,1496456,loop
137.008,1496456,loop
137.058,1496456,loop
137.109,1496456,loop
137.159,1496456,loop
137.210,1496456,loop
137.260,1496456,loop
137.311,1496456,loop
137.362,1496456,loop
137.412,1496456,loop
137.463,1496456,loop
137.513,1496456,loop
137.564,1496464,loop
137.614,1496464,loop
137.665,1496464,loop
137.715,1496464,loop
137.766,1496464,loop
137.817,1496464,loop
137.867,1496464,loop
137.918,1496464,loop
137.968,1496464,loop
138.019,1496464,loop
138.070,1496464,loop
138.120,1496464,loop
138.171,1496464,loop
138.221,1496464,loop
138.272,1496464,loop
138.322,1496464,loop
138.373,1496464,loop
138.423,1496464,loop
138.474,1496464,loop
138.525,1496464,loop
138.575,1496464,loop
138.626,1496464,loop
138.676,1496464,loop
138.727,1496464,loop
138.777,1496464,loop
138.828,1496464,loop
138.879,1496464,loop
138.929,1496464,loop
138.980,1496464,loop
139.030,1496464,loop
139.081,1496464,loop
139.131,1496464,loop
139.182,1496464,loop
139.233,1496464,loop
139.283,1496464,loop
139.334,1496464,loop
139.384,1496464,loop
139.435,1496464,loop
139.485,1496464,loop
139.536,1496464,loop
139.586,1496464,loop
139.637,1496464,loop
139.688,1496464,loop
139.738,1496464,loop
139.789,1496464,loop
139.839,1496464,loop
139.890,1496464,loop
139.941,1496464,loop
139.991,1496464,loop
140.042,1496464,loop
140.092,1496464,loop
140.143,1496464,loop
140.193,1496464,loop
140.244,1496464,loop
140.294,1496464,loop
140.345,1496464,loop
140.396,1496464,loop
140.446,1496464,loop
140.497,1496464,loop
140.547,1496464,loop
140.598,1496464,loop
140.649,1496464,loop
140.699,1496464,loop
140.750,1496464,loop
140.800,1496464,loop
140.851,1496464,loop
140.901,1496464,loop
140.952,1496464,loop
141.003,1496464,loop
141.053,1496464,loop
141.104,1496464,loop
141.154,1496464,loop
141.205,1496464,loop
141.255,1496464,loop
141.306,1496464,loop
141.356,1496464,loop
141.407,1496464,loop
141.458,1496464,loop
141.508,1496464,loop
141.559,1496464,loop
141.609,1496464,loop
141.660,1496464,loop
141.710,1496464,loop
141.761,1496464,loop
141.811,1496464,loop
141.862,1496464,loop
141.913,1496464,loop
141.963,1496464,loop
142.014,1496464,loop
142.064,1496464,loop
142.115,1496464,loop
142.165,1496464,loop
142.216,1496464,loop
142.266,1496464,loop
142.317,1496464,loop
142.368,1496464,loop
142.418,1496464,loop
142.469,1496464,loop
142.519,1496464,loop
142.570,1496464,loop
142.621,1496468,loop
142.671,1496468,loop
142.722,1496468,loop
142.772,1496468,loop
142.823,1496468,loop
142.873,1496468,loop
142.924,1496468,loop
142.974,1496468,loop
143.025,1496468,loop
143.076,1496468,loop
143.126,1496468,loop
143.177,1496468,loop
143.227,1496468,loop
143.278,1496468,loop
143.329,1496468,loop
143.379,1496468,loop
143.430,1496468,loop
143.480,1496468,loop
143.531,1496468,loop
143.581,1496468,loop
143.632,1496468,loop
143.683,1496468,loop
143.733,1496468,loop
143.784,1496468,loop
143.834,1496468,loop
143.885,1496468,loop
143.935,1496468,loop
143.986,1496468,loop
144.036,1496468,loop
144.087,1496468,loop
144.138,1496468,loop
144.188,1496468,loop
144.239,1496468,loop
144.289,1496472,loop
144.340,1496472,loop
144.391,1496472,loop
144.441,1496472,loop
144.492,1496472,loop
144.542,1496472,loop
144.593,1496472,loop
144.644,1496472,loop
144.694,1496472,loop
144.745,1496472,loop
144.795,1496472,loop
144.846,1496472,loop
144.896,1496472,loop
144.947,1496472,loop
144.997,1496472,loop
145.048,1496472,loop
145.099,1496472,loop
145.149,1496472,loop
145.200,1496472,loop
145.250,1496472,loop
145.301,1496472,loop
145.352,1496472,loop
145.402,1496472,loop
145.453,1496472,loop
145.503,1496476,loop
145.554,1496476,loop
145.605,1498808,loop
145.655,1503620,loop
145.706,1513160,loop
145.756,1519752,loop
145.807,1519752,loop
145.857,1519752,loop
145.908,1519752,loop
145.958,1519752,loop
146.009,1519752,loop
146.060,1519752,loop
146.110,1519752,loop
146.161,1519752,loop
146.211,1519752,loop
146.262,1519752,loop
146.313,1519752,loop
146.363,1519752,loop
146.414,1519752,loop
146.464,1519752,loop
146.515,1519752,loop
146.566,1519752,loop
146.616,1519752,loop
146.667,1519752,loop
146.717,1519752,loop
146.768,1519612,loop
146.818,1519612,loop
146.869,1519612,loop
146.919,1519612,loop
146.970,1519744,loop
147.021,1519744,loop
147.071,1519744,loop
147.122,1519744,loop
147.172,1519744,loop
147.223,1519744,loop
147.274,1519744,loop
147.324,1519744,loop
147.375,1519752,loop
147.425,1462872,loop
147.476,1470264,loop
147.526,1474360,loop
147.577,1474360,loop
147.627,1474360,loop
147.678,1474360,loop
147.728,1474360,loop
147.779,1474364,loop
147.829,1478460,loop
147.880,1491720,loop
147.931,1491720,loop
147.981,1491720,loop
148.032,1491720,loop
148.082,1491720,loop
148.133,1491720,loop
148.183,1491720,loop
148.234,1491720,loop
148.284,1491720,loop
148.335,1491720,loop
148.386,1491720,loop
148.436,1491720,loop
148.487,1491720,loop
148.537,1491720,loop
148.588,1491720,loop
148.638,1491720,loop
148.689,1491720,loop
148.740,1491720,loop
148.790,1491720,loop
148.841,1491720,loop
148.891,1491720,loop
148.942,1491720,loop
148.992,1491720,loop
149.043,1491720,loop
149.093,1491720,loop
149.144,1491720,loop
149.194,1491720,loop
149.245,1491720,loop
149.296,1491720,loop
149.346,1491720,loop
149.397,1491720,loop
149.447,1491720,loop
149.498,1491720,loop
149.549,1491720,loop
149.599,1491720,loop
149.650,1491720,loop
149.700,1493768,loop
149.751,1493768,loop
149.801,1493768,loop
149.852,1493768,loop
149.902,1493768,loop
149.953,1493768,loop
150.003,1493768,loop
150.054,1493768,loop
150.105,1493768,loop
150.155,1493768,loop
150.206,1493768,loop
150.256,1493768,loop
150.307,1493768,loop
150.357,1493768,loop
150.408,1493768,loop
150.458,1493768,loop
150.509,1493768,loop
150.560,1493768,loop
150.610,1493768,loop
150.661,1493768,loop
150.711,1493768,loop
150.762,1493768,loop
150.812,1493768,loop
150.863,1493768,loop
150.913,1493768,loop
150.964,1493768,loop
151.014,1493768,loop
151.065,1493768,loop
151.116,1493768,loop
151.166,1493768,loop
151.217,1493768,loop
151.267,1493768,loop
151.318,1493768,loop
151.368,1493768,loop
151.419,1493768,loop
151.470,1493768,loop
151.520,1493768,loop
151.571,1493768,loop
151.621,1493768,loop
151.672,1493768,loop
151.722,1493768,loop
151.773,1493768,loop
151.824,1493768,loop
151.874,1493768,loop
151.925,1493768,loop
151.975,1493768,loop
152.026,1493768,loop
152.076,1493768,loop
152.127,1493768,loop
152.178,1493768,loop
152.228,1493768,loop
152.279,1493768,loop
152.329,1493768,loop
152.380,1493768,loop
152.430,1493768,loop
152.481,1493768,loop
152.532,1493768,loop
152.582,1493768,loop
152.633,1493768,loop
152.683,1493768,loop
152.734,1493768,loop
152.784,1493768,loop
152.835,1493768,loop
152.886,1493768,loop
152.936,1493768,loop
152.987,1493768,loop
153.037,1493768,loop
153.088,1493768,loop
153.138,1493768,loop
153.189,1493768,loop
153.239,1493768,loop
153.290,1493768,loop
153.341,1493768,loop
153.391,1493768,loop
153.442,1493768,loop
153.492,1493768,loop
153.543,1493768,loop
153.593,1493768,loop
153.644,1493768,loop
153.695,1493768,loop
153.745,1493768,loop
153.796,1493768,loop
153.846,1493768,loop
153.897,1493768,loop
153.947,1493768,loop
153.998,1493768,loop
154.049,1493768,loop
154.099,1493768,loop
154.150,1493768,loop
154.200,1493768,loop
154.251,1493768,loop
154.301,1493768,loop
154.352,1493768,loop
154.403,1493768,loop
154.453,1493768,loop
154.504,1493768,loop
154.554,1493768,loop
154.605,1493768,loop
154.655,1493548,loop
154.706,1493692,loop
154.757,1493700,loop
154.807,1493700,loop
154.858,1493700,loop
154.908,1493700,loop
154.959,1493700,loop
155.009,1493700,loop
155.060,1493700,loop
155.110,1493700,loop
155.161,1493700,loop
155.211,1493700,loop
155.262,1493700,loop
155.313,1493700,loop
155.363,1493700,loop
155.414,1493700,loop
155.464,1493700,loop
155.515,1493700,loop
155.565,1493700,loop
155.616,1493700,loop
155.667,1493700,loop
155.717,1493700,loop
155.768,1493700,loop
155.818,1493700,loop
155.869,1493700,loop
155.919,1493700,loop
155.970,1493700,loop
156.021,1493700,loop
156.071,1493700,loop
156.122,1493700,loop
156.172,1493700,loop
156.223,1493700,loop
156.273,1493700,loop
156.324,1493704,loop
156.374,1493704,loop
156.425,1493704,loop
156.475,1493704,loop
156.526,1493704,loop
156.576,1493704,loop
156.627,1493704,loop
156.678,1493704,loop
156.728,1493704,loop
156.779,1493704,loop
156.829,1493704,loop
156.880,1493704,loop
156.931,1493704,loop
156.981,1493704,loop
157.032,1493704,loop
157.082,1493704,loop
157.133,1493704,loop
157.183,1493704,loop
157.234,1493704,loop
157.285,1493704,loop
157.335,1493704,loop
157.386,1493704,loop
157.436,1493704,loop
157.487,1493704,loop
157.537,1493708,loop
157.588,1493708,loop
157.638,1493708,loop
157.689,1498112,loop
157.740,1502208,loop
157.790,1502208,loop
157.841,1502208,loop
157.891,1502208,loop
157.942,1502208,loop
157.992,1502208,loop
158.043,1502208,loop
158.094,1502208,loop
158.144,1502208,loop
158.195,1502208,loop
158.245,1502208,loop
158.296,1494000,loop
158.346,1494000,loop
158.397,1485500,loop
158.447,1485500,loop
158.498,1485500,loop
158.548,1485508,loop
158.599,1485508,loop
158.650,1485508,loop
158.700,1485508,loop
158.751,1485508,loop
158.801,1485508,loop
158.852,1485508,loop
158.903,1485508,loop
158.953,1485508,loop
159.004,1485508,loop
159.054,1485508,loop
159.105,1485508,loop
159.155,1485508,loop
159.206,1485508,loop
159.256,1485508,loop
159.307,1485508,loop
159.358,1485508,loop
159.408,1485508,loop
159.459,1485508,loop
159.509,1485508,loop
159.560,1485508,loop
159.610,1485508,loop
159.661,1485508,loop
159.711,1485508,loop
159.762,1485508,loop
159.813,1485508,loop
159.863,1485508,loop
159.914,1485508,loop
159.964,1485508,loop
160.015,1485508,loop
160.066,1485508,loop
160.116,1485508,loop
160.167,1485508,loop
160.217,1485508,loop
160.268,1485508,loop
160.318,1485508,loop
160.369,1485508,loop
160.420,1485508,loop
160.470,1485508,loop
160.521,1485508,loop
160.571,1485508,loop
160.622,1485512,loop
160.672,1485512,loop
160.723,1485512,loop
160.774,1485512,loop
160.824,1485512,loop
160.875,1485512,loop
160.925,1485512,loop
160.976,1485512,loop
161.026,1485512,loop
161.077,1485512,loop
161.128,1485512,loop
161.178,1485512,loop
161.229,1485512,loop
161.279,1485512,loop
161.330,1485512,loop
161.380,1485512,loop
161.431,1485512,loop
161.482,1485512,loop
161.532,1485512,loop
161.583,1485512,loop
161.633,1485512,loop
161.684,1485504,loop
161.735,1485504,loop
161.786,1485504,loop
161.836,1485504,loop
161.887,1485504,loop
161.937,1485504,loop
161.988,1485504,loop
162.038,1485504,loop
162.089,1485504,loop
162.139,1485504,loop
162.190,1485504,loop
162.241,1485504,loop
162.291,1485504,loop
162.342,1485504,loop
162.392,1485504,loop
162.443,1485504,loop
162.493,1485504,loop
162.544,1485504,loop
162.595,1485504,loop
162.645,1485504,loop
162.696,1485504,loop
162.746,1485504,loop
162.797,1485504,loop
162.847,1485504,loop
162.898,1485504,loop
162.949,1485504,loop
162.999,1485504,loop
163.050,1485504,loop
163.100,1485504,loop
163.151,1485504,loop
163.201,1485504,loop
163.252,1485504,loop
163.303,1485504,loop
163.353,1485504,loop
163.404,1485504,loop
163.454,1485504,loop
163.505,1485504,loop
163.555,1485504,loop
163.606,1485504,loop
163.657,1485504,loop
163.707,1485504,loop
163.758,1485504,loop
163.808,1485504,loop
163.859,1485504,loop
163.909,1485504,loop
163.960,1485504,loop
164.010,1485112,loop
164.061,1485336,loop
164.112,1485496,loop
164.162,1485496,loop
164.213,1485504,loop
164.263,1485504,loop
164.314,1485504,loop
164.364,1485504,loop
164.415,1485504,loop
164.465,1485504,loop
164.516,1485504,loop
164.567,1485504,loop
164.617,1485504,loop
164.668,1485504,loop
164.718,1485504,loop
164.769,1485504,loop
164.819,1485504,loop
164.870,1485504,loop
164.921,1485504,loop
164.971,1485504,loop
165.022,1485504,loop
165.072,1485504,loop
165.123,1485504,loop
165.173,1485508,loop
165.224,1485968,loop
165.275,1485968,loop
165.325,1485968,loop
165.376,1485968,loop
165.426,1485968,loop
165.477,1485968,loop
165.527,1485968,loop
165.578,1485968,loop
165.628,1485968,loop
165.679,1485968,loop
165.730,1485968,loop
165.780,1485968,loop
165.831,1485968,loop
165.881,1485968,loop
165.932,1485968,loop
165.982,1485968,loop
166.033,1485968,loop
166.084,1485968,loop
166.134,1485968,loop
166.185,1485968,loop
166.235,1485968,loop
166.286,1485968,loop
166.336,1485968,loop
166.387,1485968,loop
166.438,1485968,loop
166.488,1485968,loop
166.539,1485968,loop
166.589,1485968,loop
166.640,1485968,loop
166.690,1485968,loop
166.741,1485968,loop
166.792,1485968,loop
166.842,1485968,loop
166.893,1485968,loop
166.943,1485968,loop
166.994,1485968,loop
167.044,1485968,loop
167.095,1485968,loop
167.145,1485968,loop
167.196,1485968,loop
167.247,1485968,loop
167.297,1485968,loop
167.348,1485968,loop
167.398,1485968,loop
167.449,1485968,loop
167.499,1485968,loop
167.550,1485968,loop
167.601,1485968,loop
167.651,1485968,loop
167.702,1485968,loop
167.752,1485968,loop
167.803,1485968,loop
167.853,1485968,loop
167.904,1485968,loop
167.954,1485968,loop
168.005,1485968,loop
168.056,1485968,loop
168.106,1485968,loop
168.157,1485968,loop
168.207,1485968,loop
168.258,1485968,loop
168.308,1485968,loop
168.359,1485968,loop
168.410,1485968,loop
168.460,1485968,loop
168.511,1485968,loop
168.561,1485968,loop
168.612,1485968,loop
168.662,1485968,loop
168.713,1485968,loop
168.763,1485968,loop
168.814,1485968,loop
168.864,1485968,loop
168.915,1485968,loop
168.966,1485968,loop
169.016,1485968,loop
169.067,1485968,loop
169.117,1485968,loop
169.168,1485968,loop
169.218,1485968,loop
169.269,1485968,loop
169.320,1485968,loop
169.370,1485968,loop
169.421,1485968,loop
169.471,1485968,loop
169.522,1485968,loop
169.572,1485968,loop
169.623,1485968,loop
169.673,1485968,loop
169.724,1485968,loop
169.774,1485968,loop
169.825,1485968,loop
169.875,1485968,loop
169.926,1485968,loop
169.977,1485968,loop
170.027,1485968,loop
170.078,1485968,loop
170.128,1485968,loop
170.179,1485968,loop
170.256,1485968,loop
170.312,1485648,loop
170.363,1485648,loop
170.413,1485852,loop
170.464,1485956,loop
170.514,1485968,loop
170.565,1485968,loop
170.615,1485968,loop
170.666,1485968,loop
170.716,1485968,loop
170.767,1485968,loop
170.817,1485968,loop
170.868,1485968,loop
170.919,1485968,loop
170.969,1485968,loop
171.020,1485968,loop
171.070,1485968,loop
171.121,1485968,loop
171.172,1485968,loop
171.222,1485968,loop
171.273,1485968,loop
171.323,1485968,loop
171.374,1485968,loop
171.424,1485968,loop
171.475,1485968,loop
171.525,1485968,loop
171.576,1485968,loop
171.627,1485968,loop
171.677,1485968,loop
171.728,1485968,loop
171.778,1485968,loop
171.829,1485968,loop
171.880,1485968,loop
171.930,1485968,loop
171.981,1485968,loop
172.031,1485968,loop
172.082,1485968,loop
172.132,1485968,loop
172.183,1485968,loop
172.233,1485968,loop
172.284,1485968,loop
172.335,1485968,loop
172.385,1485968,loop
172.436,1485968,loop
172.486,1485968,loop
172.537,1485968,loop
172.587,1485968,loop
172.638,1485968,loop
172.688,1485968,loop
172.739,1485968,loop
172.789,1485968,loop
172.840,1485968,loop
172.891,1485968,loop
172.941,1485968,loop
172.992,1485968,loop
173.042,1485968,loop
173.093,1493300,loop
173.144,1497396,loop
173.194,1497396,loop
173.245,1497396,loop
173.295,1497396,loop
173.346,1497396,loop
173.396,1497396,loop
173.447,1497396,loop
173.498,1497396,loop
173.548,1497396,loop
173.599,1497396,loop
173.649,1497396,loop
173.700,1497400,loop
173.751,1497400,loop
173.801,1497664,loop
173.852,1497668,loop
173.902,1497668,loop
173.953,1497668,loop
174.003,1486240,loop
174.054,1486240,loop
174.104,1486240,loop
174.155,1486240,loop
174.205,1486240,loop
174.256,1486240,loop
174.307,1486240,loop
174.357,1486240,loop
174.408,1486240,loop
174.458,1486240,loop
174.509,1486240,loop
174.560,1486240,loop
174.610,1486240,loop
174.661,1486240,loop
174.711,1486240,loop
174.762,1486240,loop
174.813,1486240,loop
174.863,1486240,loop
174.914,1486240,loop
174.964,1486240,loop
175.015,1486240,loop
175.066,1486240,loop
175.116,1486240,loop
175.167,1486244,loop
175.217,1486244,loop
175.268,1490216,loop
175.318,1490216,loop
175.369,1490216,loop
175.420,1490216,loop
175.470,1490216,loop
175.521,1490216,loop
175.571,1490216,loop
175.622,1490216,loop
175.672,1490216,loop
175.723,1490216,loop
175.774,1490216,loop
175.824,1490216,loop
175.875,1490216,loop
175.925,1490216,loop
175.976,1490216,loop
176.027,1490216,loop
176.077,1490216,loop
176.128,1490216,loop
176.178,1490216,loop
176.229,1490216,loop
176.280,1490216,loop
176.330,1490216,loop
176.381,1490216,loop
176.431,1490216,loop
176.482,1490216,loop
176.532,1490216,loop
176.583,1490176,loop
176.634,1490200,loop
176.684,1490216,loop
176.735,1490216,loop
176.785,1490216,loop
176.836,1490216,loop
176.886,1490216,loop
176.937,1490216,loop
176.988,1490216,loop
177.038,1490216,loop
177.089,1490216,loop
177.139,1490216,loop
177.190,1490216,loop
177.240,1490216,loop
177.291,1490216,loop
177.342,1490216,loop
177.392,1490216,loop
177.443,1490216,loop
177.493,1490216,loop
177.544,1490216,loop
177.595,1490216,loop
177.645,1490216,loop
177.696,1490216,loop
177.746,1490216,loop
177.797,1490216,loop
177.848,1490216,loop
177.898,1490216,loop
177.949,1490216,loop
177.999,1490216,loop
178.050,1490216,loop
178.100,1490216,loop
178.151,1490216,loop
178.201,1490216,loop
178.252,1490216,loop
178.303,1490216,loop
178.353,1490216,loop
178.404,1490216,loop
178.454,1490216,loop
178.505,1490216,loop
178.555,1490216,loop
178.606,1490216,loop
178.657,1490216,loop
178.707,1490216,loop
178.758,1490216,loop
178.808,1490216,loop
178.859,1490216,loop
178.910,1490216,loop
178.960,1490216,loop
179.011,1490216,loop
179.061,1490216,loop
179.112,1490216,loop
179.162,1490216,loop
179.213,1490216,loop
179.264,1490216,loop
179.314,1490216,loop
179.365,1490216,loop
179.415,1490216,loop
179.466,1490216,loop
179.517,1490216,loop
179.567,1490216,loop
179.618,1490216,loop
179.668,1490216,loop
179.719,1490216,loop
179.769,1490216,loop
179.820,1490216,loop
179.870,1490216,loop
179.921,1490216,loop
179.972,1490216,loop
180.022,1490220,loop
180.073,1490220,loop
180.123,1491796,loop
180.174,1491796,loop
180.225,1491796,loop
180.275,1491796,loop
180.326,1491796,loop
180.376,1491796,loop
180.427,1491796,loop
180.477,1491796,loop
180.528,1491796,loop
180.578,1491796,loop
180.629,1491796,loop
180.679,1491796,loop
180.730,1491796,loop
180.781,1491796,loop
180.831,1491796,loop
180.882,1491796,loop
180.932,1491796,loop
180.983,1491796,loop
181.033,1491796,loop
181.084,1491796,loop
181.135,1491796,loop
181.185,1491796,loop
181.236,1491796,loop
181.286,1491796,loop
181.337,1491796,loop
181.387,1491796,loop
181.438,1491796,loop
181.488,1491796,loop
181.539,1491796,loop
181.590,1491796,loop
181.640,1491796,loop
181.691,1491796,loop
181.741,1491796,loop
181.792,1491796,loop
181.843,1491796,loop
181.893,1491796,loop
181.944,1491796,loop
181.994,1491796,loop
182.045,1491796,loop
182.095,1491800,loop
182.146,1491800,loop
182.196,1491856,loop
182.247,1491856,loop
182.298,1491856,loop
182.348,1491856,loop
182.399,1491856,loop
182.449,1491856,loop
182.500,1491856,loop
182.550,1491856,loop
182.601,1491856,loop
182.651,1491856,loop
182.702,1491856,loop
182.753,1491856,loop
182.803,1491856,loop
182.854,1491856,loop
182.904,1491856,loop
182.955,1491856,loop
183.005,1491856,loop
183.056,1491856,loop
183.106,1491856,loop
183.157,1491856,loop
183.208,1491856,loop
183.258,1491856,loop
183.309,1491856,loop
183.359,1491856,loop
183.410,1491856,loop
183.460,1491856,loop
183.511,1491856,loop
183.562,1491856,loop
183.612,1491856,loop
183.663,1491856,loop
183.713,1491860,loop
183.764,1491860,loop
183.814,1491860,loop
183.865,1491860,loop
183.915,1491860,loop
183.966,1491860,loop
184.016,1491860,loop
184.067,1491860,loop
184.118,1491860,loop
184.168,1491860,loop
184.219,1491860,loop
184.269,1491860,loop
184.320,1491860,loop
184.370,1491860,loop
184.421,1491860,loop
184.472,1491860,loop
184.522,1491860,loop
184.573,1491860,loop
184.623,1491860,loop
184.674,1491860,loop
184.724,1491860,loop
184.775,1491860,loop
184.826,1491860,loop
184.876,1491860,loop
184.927,1491860,loop
184.977,1491860,loop
185.028,1491860,loop
185.078,1491860,loop
185.129,1491860,loop
185.180,1491860,loop
185.230,1491860,loop
185.281,1491860,loop
185.331,1491868,loop
185.382,1491868,loop
185.433,1491868,loop
185.483,1491868,loop
185.534,1491868,loop
185.584,1491868,loop
185.635,1491868,loop
185.685,1491868,loop
185.736,1491868,loop
185.787,1491868,loop
185.837,1491868,loop
185.888,1491868,loop
185.938,1491868,loop
185.989,1491868,loop
186.040,1491868,loop
186.090,1491868,loop
186.141,1491868,loop
186.192,1491868,loop
186.242,1491868,loop
186.293,1491868,loop
186.343,1491868,loop
186.394,1491868,loop
186.444,1491868,loop
186.495,1491868,loop
186.545,1491868,loop
186.596,1491868,loop
186.647,1491868,loop
186.697,1491868,loop
186.748,1491868,loop
186.798,1491868,loop
186.849,1491868,loop
186.900,1491868,loop
186.950,1491868,loop
187.001,1491868,loop
187.051,1491868,loop
187.102,1491868,loop
187.153,1491868,loop
187.203,1491868,loop
187.254,1491868,loop
187.304,1491868,loop
187.355,1491868,loop
187.406,1491868,loop
187.456,1491868,loop
187.507,1491868,loop
187.557,1491868,loop
187.608,1491868,loop
187.658,1491868,loop
187.709,1491868,loop
187.760,1491868,loop
187.810,1491868,loop
187.861,1491868,loop
187.911,1491868,loop
187.962,1491868,loop
188.012,1491868,loop
188.063,1491868,loop
188.114,1491868,loop
188.164,1491868,loop
188.215,1491868,loop
188.265,1491868,loop
188.316,1491868,loop
188.367,1491868,loop
188.417,1491868,loop
188.468,1491868,loop
188.518,1491868,loop
188.569,1491868,loop
188.620,1491868,loop
188.670,1491868,loop
188.721,1491868,loop
188.771,1492608,loop
188.822,1499828,loop
188.872,1499828,loop
188.923,1499828,loop
188.974,1499828,loop
189.024,1499828,loop
189.075,1499828,loop
189.125,1499828,loop
189.176,1499828,loop
189.227,1499828,loop
189.277,1499828,loop
189.355,1499464,loop
189.411,1499632,loop
189.462,1491812,loop
189.512,1491868,loop
189.563,1491868,loop
189.613,1491868,loop
189.664,1491868,loop
189.714,1491868,loop
189.765,1491868,loop
189.815,1491868,loop
189.866,1491868,loop
189.917,1491868,loop
189.967,1491868,loop
190.018,1491868,loop
190.068,1491868,loop
190.119,1491868,loop
190.169,1491868,loop
190.220,1491896,loop
190.270,1499808,loop
190.321,1501856,loop
190.371,1501856,loop
190.422,1501856,loop
190.473,1501856,loop
190.523,1501856,loop
190.574,1501856,loop
190.624,1501856,loop
190.675,1501856,loop
190.726,1501856,loop
190.776,1501856,loop
190.827,1501856,loop
190.877,1501856,loop
190.928,1501856,loop
190.978,1501856,loop
191.029,1491868,loop
191.079,1491868,loop
191.130,1491868,loop
191.181,1491868,loop
191.231,1491868,loop
191.282,1491868,loop
191.332,1491868,loop
191.383,1491868,loop
191.433,1491868,loop
191.484,1491868,loop
191.534,1491868,loop
191.585,1491868,loop
191.636,1491868,loop
191.686,1491868,loop
191.737,1491868,loop
191.787,1491868,loop
191.838,1491868,loop
191.888,1491868,loop
191.939,1491868,loop
191.990,1491868,loop
192.040,1491868,loop
192.091,1491868,loop
192.141,1491868,loop
192.192,1491868,loop
192.242,1491868,loop
192.293,1491868,loop
192.343,1491868,loop
192.394,1491868,loop
192.444,1491868,loop
192.495,1491868,loop
192.546,1491868,loop
192.596,1491868,loop
192.647,1491868,loop
192.697,1491868,loop
192.748,1491868,loop
192.799,1491868,loop
192.849,1491868,loop
192.900,1491868,loop
192.950,1491868,loop
193.001,1491868,loop
193.051,1491868,loop
193.102,1491868,loop
193.152,1491868,loop
193.203,1491868,loop
193.254,1491868,loop
193.304,1491868,loop
193.355,1491868,loop
193.405,1491868,loop
193.456,1491868,loop
193.506,1491868,loop
193.557,1491868,loop
193.607,1491868,loop
193.658,1491868,loop
193.709,1491868,loop
193.759,1491868,loop
193.810,1493916,loop
193.860,1493916,loop
193.911,1493916,loop
193.961,1493916,loop
194.012,1493916,loop
194.063,1493916,loop
194.113,1493916,loop
194.164,1493916,loop
194.214,1493916,loop
194.265,1493916,loop
194.315,1493916,loop
194.366,1493916,loop
194.417,1493916,loop
194.467,1493916,loop
194.518,1493916,loop
194.568,1493916,loop
194.619,1493916,loop
194.669,1493916,loop
194.720,1493916,loop
194.770,1493916,loop
194.821,1493916,loop
194.872,1493916,loop
194.922,1493916,loop
194.973,1493916,loop
195.023,1493916,loop
195.074,1493916,loop
195.125,1493916,loop
195.175,1493916,loop
195.226,1493916,loop
195.276,1493916,loop
195.327,1493916,loop
195.377,1493916,loop
195.428,1493916,loop
195.479,1493916,loop
195.529,1493916,loop
195.580,1493916,loop
195.630,1493916,loop
195.681,1493916,loop
195.731,1493916,loop
195.782,1493916,loop
195.833,1493916,loop
195.883,1493916,loop
195.934,1493916,loop
195.984,1493916,loop
196.035,1493916,loop
196.085,1493916,loop
196.136,1493916,loop
196.187,1493916,loop
196.237,1493916,loop
196.288,1493908,loop
196.339,1493908,loop
196.389,1493908,loop
196.440,1493908,loop
196.490,1496800,loop
196.541,1496800,loop
196.591,1496800,loop
196.642,1496800,loop
196.693,1496800,loop
196.743,1496800,loop
196.794,1496800,loop
196.844,1496800,loop
196.895,1496800,loop
196.945,1496800,loop
196.996,1496800,loop
197.046,1496800,loop
197.097,1496800,loop
197.148,1496804,loop
197.198,1496804,loop
197.249,1496804,loop
197.299,1496804,loop
197.350,1496804,loop
197.400,1496804,loop
197.451,1496804,loop
197.502,1496804,loop
197.552,1496804,loop
197.603,1496804,loop
197.653,1496804,loop
197.704,1496804,loop
197.754,1496804,loop
197.805,1496804,loop
197.856,1496804,loop
197.906,1496804,loop
197.957,1496804,loop
198.007,1496804,loop
198.058,1496804,loop
198.108,1496804,loop
198.159,1496804,loop
198.210,1496804,loop
198.260,1496804,loop
198.311,1496804,loop
198.361,1496804,loop
198.412,1496804,loop
198.463,1496804,loop
198.513,1496804,loop
198.564,1496804,loop
198.614,1496804,loop
198.665,1496804,loop
198.715,1496804,loop
198.766,1496804,loop
198.816,1496804,loop
198.867,1496804,loop
198.918,1496804,loop
198.968,1496804,loop
199.019,1496804,loop
199.069,1496804,loop
199.120,1496804,loop
199.171,1496804,loop
199.221,1496804,loop
199.272,1496804,loop
199.322,1496804,loop
199.373,1496804,loop
199.423,1496804,loop
199.474,1496804,loop
199.525,1496804,loop
199.575,1496804,loop
199.626,1496804,loop
199.676,1496804,loop
199.727,1496804,loop
199.777,1496804,loop
199.828,1496568,loop
199.878,1496632,loop
199.929,1496780,loop
199.980,1496804,loop
200.030,1496804,loop
200.081,1496804,loop
200.131,1496804,loop
200.182,1496804,loop
200.232,1496804,loop
200.283,1496804,loop
200.334,1496804,loop
200.384,1496804,loop
200.435,1496804,loop
200.485,1496804,loop
200.536,1496804,loop
200.586,1496804,loop
200.637,1496804,loop
200.687,1496804,loop
200.738,1496804,loop
200.789,1496804,loop
200.839,1496804,loop
200.890,1496804,loop
200.940,1496804,loop
200.991,1496804,loop
201.041,1496804,loop
201.092,1496808,loop
201.142,1496808,loop
201.193,1496808,loop
201.244,1496808,loop
201.294,1496808,loop
201.345,1496808,loop
201.395,1496812,loop
201.446,1506332,loop
201.496,1508572,loop
201.547,1508572,loop
201.597,1508572,loop
201.648,1508572,loop
201.699,1508572,loop
201.749,1508572,loop
201.800,1508572,loop
201.850,1508572,loop
201.901,1508572,loop
201.952,1508572,loop
202.002,1508572,loop
202.053,1508572,loop
202.103,1508572,loop
202.154,1508572,loop
202.204,1508572,loop
202.255,1508576,loop
202.305,1509996,loop
202.356,1509996,loop
202.407,1509996,loop
202.457,1509996,loop
202.508,1509996,loop
202.558,1509996,loop
202.609,1509996,loop
202.659,1510000,loop
202.710,1510000,loop
202.760,1510000,loop
202.811,1510000,loop
202.861,1510000,loop
202.912,1510000,loop
202.963,1510000,loop
203.013,1510000,loop
203.064,1510000,loop
203.114,1510000,loop
203.165,1510000,loop
203.216,1510000,loop
203.266,1510000,loop
203.317,1510004,loop
203.367,1510004,loop
203.418,1510004,loop
203.468,1510004,loop
203.519,1510004,loop
203.569,1510004,loop
203.620,1510004,loop
203.670,1510004,loop
203.721,1510004,loop
203.772,1510004,loop
203.822,1510004,loop
203.873,1510004,loop
203.923,1510004,loop
203.974,1510004,loop
204.025,1510004,loop
204.075,1510004,loop
204.126,1510004,loop
204.176,1510004,loop
204.227,1510004,loop
204.278,1510004,loop
204.328,1510004,loop
204.379,1510004,loop
204.429,1510004,loop
204.480,1510004,loop
204.530,1510004,loop
204.581,1510004,loop
204.631,1510004,loop
204.682,1510004,loop
204.733,1510004,loop
204.783,1510004,loop
204.834,1510012,loop
204.884,1510012,loop
204.935,1510012,loop
204.985,1510012,loop
205.036,1510012,loop
205.087,1510012,loop
205.137,1510012,loop
205.188,1510012,loop
205.238,1510012,loop
205.289,1510012,loop
205.339,1510012,loop
205.390,1510012,loop
205.440,1510012,loop
205.491,1510012,loop
205.541,1510012,loop
205.592,1510012,loop
205.642,1510012,loop
205.693,1510012,loop
205.744,1510012,loop
205.794,1510012,loop
205.845,1510012,loop
205.895,1510012,loop
205.946,1510012,loop
205.996,1510012,loop
206.047,1510012,loop
206.097,1510012,loop
206.148,1510012,loop
206.199,1510012,loop
206.249,1510012,loop
206.300,1510012,loop
206.350,1510012,loop
206.401,1510012,loop
206.452,1510012,loop
206.502,1510012,loop
206.553,1510012,loop
206.603,1510012,loop
206.654,1510012,loop
206.704,1510012,loop
206.755,1510012,loop
206.806,1510012,loop
206.856,1510012,loop
206.907,1510012,loop
206.957,1510012,loop
207.008,1510012,loop
207.058,1510012,loop
207.109,1510012,loop
207.159,1510012,loop
207.210,1510012,loop
207.261,1510012,loop
207.311,1510012,loop
207.362,1510012,loop
207.412,1510012,loop
207.463,1510012,loop
207.513,1510012,loop
207.564,1510012,loop
207.615,1510012,loop
207.665,1510012,loop
207.716,1510012,loop
207.766,1510012,loop
207.817,1510012,loop
207.867,1510012,loop
207.918,1510012,loop
207.968,1510012,loop
208.019,1510012,loop
208.069,1510012,loop
208.120,1510012,loop
208.171,1510012,loop
208.221,1510012,loop
208.272,1510012,loop
208.322,1510012,loop
208.373,1510012,loop
208.423,1510012,loop
208.474,1510012,loop
208.524,1510012,loop
208.575,1510012,loop
208.626,1510012,loop
208.676,1510012,loop
208.727,1510012,loop
208.777,1510012,loop
208.828,1510012,loop
208.878,1510012,loop
208.929,1510012,loop
208.980,1510012,loop
209.030,1510012,loop
209.081,1510012,loop
209.131,1510012,loop
209.182,1510012,loop
209.232,1510012,loop
209.283,1509892,loop
209.333,1509940,loop
209.384,1509996,loop
209.435,1510012,loop
209.485,1510012,loop
209.536,1510012,loop
209.586,1510012,loop
209.637,1510012,loop
209.687,1510012,loop
209.738,1510012,loop
209.788,1510012,loop
209.839,1510012,loop
209.890,1510012,loop
209.940,1510012,loop
209.991,1510012,loop
210.041,1510012,loop
210.092,1510012,loop
210.143,1510012,loop
210.193,1510012,loop
210.244,1510012,loop
210.294,1510012,loop
210.345,1510012,loop
210.396,1510012,loop
210.446,1510012,loop
210.497,1510012,loop
210.547,1510012,loop
210.598,1510012,loop
210.648,1510012,loop
210.699,1510012,loop
210.749,1510012,loop
210.800,1510012,loop
210.851,1510016,loop
210.901,1510016,loop
210.952,1518588,loop
211.002,1526780,loop
211.053,1530968,loop
211.103,1530968,loop
211.154,1530968,loop
211.205,1530968,loop
211.255,1530968,loop
211.306,1530968,loop
211.356,1530968,loop
211.407,1530968,loop
211.457,1530968,loop
211.508,1530968,loop
211.558,1530968,loop
211.609,1530968,loop
211.660,1530968,loop
211.710,1530968,loop
211.761,1530968,loop
211.811,1530968,loop
211.862,1530968,loop
211.912,1530968,loop
211.963,1530968,loop
212.014,1530968,loop
212.064,1530968,loop
212.115,1530968,loop
212.165,1530968,loop
212.216,1530968,loop
212.266,1530968,loop
212.317,1530968,loop
212.368,1530968,loop
212.418,1530968,loop
212.469,1530968,loop
212.519,1530968,loop
212.570,1530968,loop
212.620,1530968,loop
212.671,1530968,loop
212.721,1461980,loop
212.772,1461980,loop
212.823,1461980,loop
212.873,1464028,loop
212.924,1473576,loop
212.974,1475624,loop
213.025,1475624,loop
213.075,1475624,loop
213.126,1475624,loop
213.177,1475624,loop
213.227,1475624,loop
213.278,1475624,loop
213.328,1475624,loop
213.379,1475624,loop
213.430,1475624,loop
213.480,1475624,loop
213.531,1475624,loop
213.581,1475624,loop
213.632,1475624,loop
213.682,1475624,loop
213.733,1475624,loop
213.783,1475624,loop
213.834,1475624,loop
213.884,1475624,loop
213.935,1475624,loop
213.986,1475624,loop
214.036,1475624,loop
214.087,1475624,loop
214.137,1475624,loop
214.188,1475624,loop
214.239,1475624,loop
214.289,1475624,loop
214.340,1475624,loop
214.390,1475624,loop
214.441,1475624,loop
214.491,1475624,loop
214.542,1475624,loop
214.592,1475624,loop
214.643,1475624,loop
214.693,1475624,loop
214.744,1475624,loop
214.795,1475624,loop
214.845,1475624,loop
214.896,1475624,loop
214.946,1475624,loop
214.997,1475628,loop
215.047,1475628,loop
215.098,1478212,loop
215.149,1478212,loop
215.199,1478212,loop
215.250,1478212,loop
215.300,1478212,loop
215.351,1478212,loop
215.401,1478212,loop
215.452,1478212,loop
215.502,1478212,loop
215.553,1478212,loop
215.604,1478212,loop
215.654,1478212,loop
215.705,1478212,loop
215.755,1478212,loop
215.806,1478212,loop
215.856,1478212,loop
215.907,1478212,loop
215.958,1478212,loop
216.009,1478212,loop
216.059,1478204,loop
216.110,1478204,loop
216.160,1483508,loop
216.211,1485556,loop
216.261,1485556,loop
216.312,1485556,loop
216.363,1485556,loop
216.413,1485556,loop
216.464,1485556,loop
216.514,1485556,loop
216.565,1485556,loop
216.615,1485556,loop
216.666,1485556,loop
216.716,1485560,loop
216.767,1495260,loop
216.818,1497712,loop
216.868,1497712,loop
216.919,1497712,loop
216.969,1497712,loop
217.020,1497712,loop
217.070,1497712,loop
217.121,1497712,loop
217.172,1497712,loop
217.222,1497712,loop
217.273,1497712,loop
217.323,1497712,loop
217.374,1497712,loop
217.425,1497712,loop
217.475,1497712,loop
217.526,1497712,loop
217.576,1497712,loop
217.627,1497712,loop
217.677,1497712,loop
217.728,1497712,loop
217.778,1497712,loop
217.829,1497712,loop
217.880,1497712,loop
217.930,1497712,loop
217.981,1497712,loop
218.031,1497712,loop
218.082,1497712,loop
218.132,1497712,loop
218.183,1497712,loop
218.234,1497712,loop
218.284,1497712,loop
218.335,1497712,loop
218.385,1497712,loop
218.436,1497712,loop
218.486,1497712,loop
218.537,1497712,loop
218.588,1497404,loop
218.638,1497604,loop
218.689,1497656,loop
218.739,1497664,loop
218.790,1497712,loop
218.840,1497716,loop
218.891,1497716,loop
218.942,1498040,loop
218.992,1498040,loop
219.043,1498040,loop
219.093,1498040,loop
219.144,1498040,loop
219.194,1498040,loop
219.245,1498040,loop
219.296,1498040,loop
219.346,1498040,loop
219.397,1498040,loop
219.447,1498040,loop
219.498,1498040,loop
219.548,1498040,loop
219.599,1498040,loop
219.650,1498040,loop
219.700,1498040,loop
219.751,1498040,loop
219.801,1498040,loop
219.852,1498040,loop
219.902,1498040,loop
219.953,1498040,loop
220.003,1498040,loop
220.054,1498040,loop
220.105,1498040,loop
220.155,1498040,loop
220.206,1498040,loop
220.256,1498040,loop
220.307,1498040,loop
220.357,1498040,loop
220.408,1498040,loop
220.459,1498040,loop
220.509,1498040,loop
220.560,1498040,loop
220.610,1498040,loop
220.661,1498040,loop
220.711,1498040,loop
220.762,1498040,loop
220.812,1498040,loop
220.863,1498040,loop
220.913,1498040,loop
220.964,1498040,loop
221.015,1498040,loop
221.065,1498040,loop
221.116,1498040,loop
221.166,1498040,loop
221.217,1498040,loop
221.268,1498040,loop
221.318,1498040,loop
221.369,1498040,loop
221.419,1498040,loop
221.470,1498040,loop
221.520,1498040,loop
221.571,1498040,loop
221.621,1498040,loop
221.672,1498040,loop
221.722,1498040,loop
221.773,1498040,loop
221.824,1498040,loop
221.874,1498040,loop
221.925,1498040,loop
221.975,1498040,loop
222.026,1498040,loop
222.076,1498040,loop
222.127,1498040,loop
222.177,1498040,loop
222.228,1498040,loop
222.279,1498040,loop
222.329,1498040,loop
222.380,1498040,loop
222.430,1498040,loop
222.481,1498040,loop
222.531,1498040,loop
222.582,1498040,loop
222.632,1498040,loop
222.683,1498040,loop
222.734,1498040,loop
222.784,1498040,loop
222.835,1498040,loop
222.885,1498040,loop
222.936,1498040,loop
222.986,1498040,loop
223.037,1498040,loop
223.087,1498040,loop
223.138,1498040,loop
223.188,1498040,loop
223.239,1498040,loop
223.290,1498040,loop
223.340,1498044,loop
223.391,1498044,loop
223.441,1498044,loop
223.492,1498044,loop
223.542,1498044,loop
223.593,1498044,loop
223.644,1498044,loop
223.694,1498044,loop
223.745,1498044,loop
223.795,1498052,loop
223.846,1498052,loop
223.896,1498052,loop
223.947,1498044,loop
223.998,1498044,loop
224.048,1498044,loop
224.099,1498044,loop
224.149,1498044,loop
224.200,1498044,loop
224.251,1498044,loop
224.301,1498044,loop
224.352,1498044,loop
224.402,1498044,loop
224.453,1498044,loop
224.503,1497980,loop
224.554,1497936,loop
224.642,1497992,loop
224.698,1498020,loop
224.749,1498036,loop
224.799,1498044,loop
224.851,1498044,loop
224.901,1498044,loop
224.952,1498044,loop
225.002,1498044,loop
225.053,1498044,loop
225.104,1498044,loop
225.154,1498044,loop
225.205,1498044,loop
225.255,1498044,loop
225.306,1498044,loop
225.356,1498044,loop
225.407,1498052,loop
225.457,1498052,loop
225.508,1498052,loop
225.559,1498052,loop
225.609,1498052,loop
225.660,1498052,loop
225.710,1498052,loop
225.761,1498052,loop
225.812,1498052,loop
225.862,1498052,loop
225.913,1498052,loop
225.963,1498052,loop
226.014,1498052,loop
226.064,1498052,loop
226.115,1498052,loop
226.166,1498052,loop
226.216,1498052,loop
226.267,1498052,loop
226.317,1498052,loop
226.368,1498052,loop
226.418,1498052,loop
226.469,1498052,loop
226.520,1498052,loop
226.570,1498052,loop
226.621,1498052,loop
226.671,1498052,loop
226.722,1498052,loop
226.772,1498052,loop
226.823,1498052,loop
226.874,1498052,loop
226.924,1498052,loop
226.975,1498052,loop
227.025,1498052,loop
227.076,1498052,loop
227.126,1498052,loop
227.177,1498052,loop
227.228,1498052,loop
227.278,1498052,loop
227.329,1498052,loop
227.379,1498052,loop
227.430,1498052,loop
227.481,1498052,loop
227.531,1498052,loop
227.582,1498052,loop
227.632,1498052,loop
227.683,1498052,loop
227.733,1498052,loop
227.784,1498052,loop
227.835,1498052,loop
227.885,1498052,loop
227.936,1498052,loop
227.986,1498052,loop
228.037,1498052,loop
228.088,1498052,loop
228.138,1498052,loop
228.189,1498052,loop
228.239,1498052,loop
228.290,1498052,loop
228.341,1498052,loop
228.391,1498052,loop
228.442,1498052,loop
228.492,1498052,loop
228.543,1498052,loop
228.593,1498052,loop
228.644,1498052,loop
228.695,1498052,loop
228.745,1498052,loop
228.796,1498052,loop
228.846,1498052,loop
228.897,1498052,loop
228.947,1498052,loop
228.998,1498052,loop
229.049,1498052,loop
229.099,1498052,loop
229.150,1498052,loop
229.200,1498052,loop
229.251,1498052,loop
229.302,1498052,loop
229.352,1498052,loop
229.403,1498052,loop
229.453,1498052,loop
229.504,1498052,loop
229.554,1500100,loop
229.605,1500100,loop
229.655,1500100,loop
229.706,1500100,loop
229.757,1500100,loop
229.807,1500100,loop
229.858,1500100,loop
229.908,1500100,loop
229.959,1500100,loop
230.010,1500100,loop
230.060,1500100,loop
230.111,1500100,loop
230.161,1500100,loop
230.212,1500100,loop
230.263,1500100,loop
230.313,1500100,loop
230.364,1500100,loop
230.414,1500100,loop
230.465,1500100,loop
230.515,1500100,loop
230.566,1500100,loop
230.617,1500100,loop
230.667,1500100,loop
230.718,1500100,loop
230.768,1500100,loop
230.819,1500100,loop
230.869,1500100,loop
230.920,1500100,loop
230.970,1500100,loop
231.021,1500100,loop
231.072,1500100,loop
231.122,1500100,loop
231.173,1500100,loop
231.223,1500100,loop
231.274,1500100,loop
231.325,1500100,loop
231.375,1500100,loop
231.426,1500100,loop
231.476,1500100,loop
231.527,1500100,loop
231.577,1500100,loop
231.628,1500100,loop
231.678,1500100,loop
231.729,1500100,loop
231.780,1500104,loop
231.830,1500104,loop
231.881,1502364,loop
231.931,1502364,loop
231.982,1507560,loop
232.032,1523620,loop
232.083,1529932,loop
232.134,1529932,loop
232.184,1529932,loop
232.235,1529932,loop
232.285,1529932,loop
232.336,1529932,loop
232.386,1529932,loop
232.437,1529932,loop
232.487,1529932,loop
232.538,1529932,loop
232.589,1529932,loop
232.639,1529932,loop
232.690,1459772,loop
232.740,1468644,loop
232.791,1475524,loop
232.841,1475524,loop
232.892,1475524,loop
232.942,1475524,loop
232.993,1475524,loop
233.043,1475524,loop
233.094,1475524,loop
233.145,1475524,loop
233.195,1475524,loop
233.246,1475524,loop
233.296,1475524,loop
233.347,1475524,loop
233.398,1475524,loop
233.448,1475524,loop
233.499,1475524,loop
233.549,1475524,loop
233.600,1475524,loop
233.650,1475528,loop
233.701,1484588,loop
233.752,1486636,loop
233.802,1486636,loop
233.853,1486636,loop
233.903,1486636,loop
233.954,1486636,loop
234.005,1486636,loop
234.055,1486636,loop
234.106,1486636,loop
234.156,1486636,loop
234.207,1486636,loop
234.258,1486636,loop
234.308,1486636,loop
234.359,1486636,loop
234.409,1486636,loop
234.460,1486636,loop
234.510,1475524,loop
234.561,1475524,loop
234.611,1475524,loop
234.662,1475524,loop
234.712,1475524,loop
234.763,1475524,loop
234.813,1475524,loop
234.864,1475524,loop
234.915,1475524,loop
234.965,1475524,loop
235.016,1475524,loop
235.066,1475524,loop
235.117,1475524,loop
235.167,1475524,loop
235.218,1475524,loop
235.269,1475524,loop
235.319,1475524,loop
235.370,1475524,loop
235.420,1475524,loop
235.471,1475524,loop
235.521,1475524,loop
235.572,1475524,loop
235.622,1475524,loop
235.673,1475524,loop
235.723,1475524,loop
235.774,1475524,loop
235.825,1475524,loop
235.875,1475524,loop
235.926,1475524,loop
235.976,1475524,loop
236.027,1475524,loop
236.077,1475528,loop
236.128,1475528,loop
236.178,1475528,loop
236.229,1475528,loop
236.279,1475528,loop
236.330,1475528,loop
236.380,1475528,loop
236.431,1475528,loop
236.482,1475528,loop
236.532,1475532,loop
236.583,1475532,loop
236.633,1476128,loop
236.684,1476128,loop
236.735,1476128,loop
236.786,1476128,loop
236.836,1476120,loop
236.887,1476120,loop
236.937,1476120,loop
236.988,1476120,loop
237.038,1476120,loop
237.089,1476120,loop
237.139,1476120,loop
237.190,1476120,loop
237.240,1476120,loop
237.291,1476120,loop
237.342,1476120,loop
237.392,1476120,loop
237.443,1476120,loop
237.493,1476124,loop
237.544,1476124,loop
237.595,1476124,loop
237.645,1476124,loop
237.696,1476124,loop
237.746,1476124,loop
237.797,1476124,loop
237.847,1476124,loop
237.898,1476124,loop
237.948,1476124,loop
237.999,1476124,loop
238.050,1476128,loop
238.100,1476128,loop
238.151,1476620,loop
238.201,1476620,loop
238.252,1476620,loop
238.302,1476620,loop
238.353,1476620,loop
238.403,1476620,loop
238.454,1476620,loop
238.504,1476620,loop
238.555,1476620,loop
238.606,1476620,loop
238.656,1476620,loop
238.707,1476620,loop
238.757,1476620,loop
238.808,1476620,loop
238.858,1476620,loop
238.909,1476620,loop
238.959,1476620,loop
239.010,1476620,loop
239.060,1476620,loop
239.111,1476620,loop
239.161,1476620,loop
239.212,1476620,loop
239.262,1476620,loop
239.313,1476620,loop
239.364,1476620,loop
239.414,1476620,loop
239.465,1476620,loop
239.515,1476620,loop
239.566,1476620,loop
239.617,1476620,loop
239.667,1476624,loop
239.718,1476624,loop
239.768,1476624,loop
239.819,1478672,loop
239.869,1478672,loop
239.920,1478672,loop
239.970,1478676,loop
240.021,1478676,loop
240.071,1478676,loop
240.122,1478676,loop
240.172,1478676,loop
240.223,1478676,loop
240.274,1478676,loop
240.324,1478676,loop
240.375,1478676,loop
240.425,1478676,loop
240.476,1478676,loop
240.526,1478676,loop
240.577,1478676,loop
240.628,1478676,loop
240.678,1478676,loop
240.729,1478676,loop
240.779,1478676,loop
240.830,1478676,loop
240.880,1478676,loop
240.931,1478676,loop
240.982,1478676,loop
241.032,1478676,loop
241.083,1478676,loop
241.133,1478676,loop
241.184,1478676,loop
241.234,1478676,loop
241.285,1478676,loop
241.336,1478676,loop
241.386,1478676,loop
241.437,1478676,loop
241.487,1478680,loop
241.538,1478680,loop
241.588,1478680,loop
241.639,1478680,loop
241.690,1478680,loop
241.740,1478680,loop
241.791,1478680,loop
241.841,1478680,loop
241.892,1478680,loop
241.942,1478680,loop
241.993,1478680,loop
242.044,1478680,loop
242.094,1478680,loop
242.145,1478680,loop
242.195,1478680,loop
242.246,1478680,loop
242.296,1478680,loop
242.347,1478680,loop
242.398,1478680,loop
242.448,1478680,loop
242.499,1478680,loop
242.549,1478680,loop
242.600,1478680,loop
242.650,1478680,loop
242.701,1478680,loop
242.752,1487080,loop
242.802,1495272,loop
242.853,1498384,loop
242.903,1498384,loop
242.954,1498384,loop
243.004,1498384,loop
243.055,1498392,loop
243.105,1498392,loop
243.156,1498392,loop
243.206,1498392,loop
243.257,1498392,loop
243.307,1498392,loop
243.358,1498392,loop
243.409,1498392,loop
243.459,1498392,loop
243.510,1498392,loop
243.560,1498392,loop
243.611,1498392,loop
243.662,1498392,loop
243.712,1498392,loop
243.763,1498392,loop
243.813,1498392,loop
243.864,1498392,loop
243.914,1498392,loop
243.965,1498392,loop
244.015,1498392,loop
244.066,1498392,loop
244.117,1498396,loop
244.167,1498356,loop
244.218,1498396,loop
244.268,1498396,loop
244.319,1498396,loop
244.370,1498396,loop
244.420,1498396,loop
244.471,1498396,loop
244.521,1498396,loop
244.572,1498396,loop
244.623,1498396,loop
244.673,1498396,loop
244.724,1498396,loop
244.774,1498396,loop
244.825,1498396,loop
244.875,1498396,loop
244.926,1498396,loop
244.977,1498396,loop
245.027,1498396,loop
245.078,1498396,loop
245.128,1504372,loop
245.179,1510516,loop
245.229,1510516,loop
245.280,1510516,loop
245.330,1510516,loop
245.381,1510516,loop
245.432,1510516,loop
245.482,1510516,loop
245.533,1510516,loop
245.583,1510516,loop
245.634,1510516,loop
245.684,1510516,loop
245.735,1510516,loop
245.785,1510516,loop
245.836,1510516,loop
245.887,1510516,loop
245.937,1510516,loop
245.988,1510516,loop
246.038,1498396,loop
246.089,1498396,loop
246.139,1498396,loop
246.190,1498396,loop
246.241,1498396,loop
246.291,1498396,loop
246.342,1498396,loop
246.392,1498396,loop
246.443,1498396,loop
246.493,1498396,loop
246.544,1498396,loop
246.594,1498396,loop
246.645,1498396,loop
246.696,1498396,loop
246.746,1498396,loop
246.797,1498396,loop
246.847,1498396,loop
246.898,1498396,loop
246.948,1498396,loop
246.999,1498396,loop
247.050,1498396,loop
247.100,1498396,loop
247.151,1498396,loop
247.201,1498396,loop
247.252,1498396,loop
247.302,1498396,loop
247.353,1498396,loop
247.403,1498396,loop
247.454,1498396,loop
247.505,1498396,loop
247.555,1498396,loop
247.606,1498396,loop
247.656,1498396,loop
247.707,1498396,loop
247.757,1498396,loop
247.808,1498124,loop
247.858,1498308,loop
247.909,1498340,loop
247.959,1498396,loop
248.010,1498396,loop
248.061,1498396,loop
248.111,1498396,loop
248.162,1498396,loop
248.212,1498396,loop
248.263,1498396,loop
248.313,1498396,loop
248.364,1498396,loop
248.414,1498396,loop
248.465,1498396,loop
248.516,1498396,loop
248.566,1498396,loop
248.617,1498396,loop
248.667,1498396,loop
248.718,1498396,loop
248.768,1498396,loop
248.819,1500444,loop
248.870,1500444,loop
248.920,1500444,loop
248.971,1500444,loop
249.021,1500444,loop
249.072,1500444,loop
249.122,1500444,loop
249.173,1500444,loop
249.223,1500444,loop
249.274,1500444,loop
249.325,1500476,loop
249.375,1500476,loop
249.426,1500476,loop
249.476,1500476,loop
249.527,1500476,loop
249.577,1500476,loop
249.628,1500476,loop
249.678,1500476,loop
249.729,1500476,loop
249.779,1500476,loop
249.830,1500476,loop
249.881,1500476,loop
249.931,1500476,loop
249.982,1500476,loop
250.032,1500476,loop
250.083,1500476,loop
250.134,1500476,loop
250.184,1500476,loop
250.235,1500476,loop
250.285,1500476,loop
250.336,1500476,loop
250.386,1500476,loop
250.437,1500476,loop
250.488,1500476,loop
250.538,1500476,loop
250.589,1500476,loop
250.639,1500476,loop
250.690,1500476,loop
250.740,1500476,loop
250.791,1500476,loop
250.842,1500476,loop
250.892,1500476,loop
250.943,1500476,loop
250.993,1500476,loop
251.044,1500476,loop
251.095,1500476,loop
251.145,1500476,loop
251.196,1500476,loop
251.246,1500476,loop
251.297,1500476,loop
251.348,1500476,loop
251.398,1500476,loop
251.449,1500476,loop
251.499,1500476,loop
251.550,1500476,loop
251.600,1500476,loop
251.651,1500476,loop
251.702,1500476,loop
251.752,1500476,loop
251.803,1500476,loop
251.854,1500476,loop
251.904,1500476,loop
251.955,1500476,loop
252.005,1500476,loop
252.056,1500476,loop
252.106,1500476,loop
252.157,1500476,loop
252.208,1500476,loop
252.258,1500476,loop
252.309,1500476,loop
252.360,1500476,loop
252.410,1500476,loop
252.461,1500476,loop
252.511,1500476,loop
252.562,1500476,loop
252.612,1500476,loop
252.663,1500476,loop
252.714,1500476,loop
252.764,1500476,loop
252.815,1500476,loop
252.865,1500476,loop
252.916,1500476,loop
252.967,1500476,loop
253.017,1500476,loop
253.068,1500476,loop
253.119,1500476,loop
253.169,1500476,loop
253.220,1500476,loop
253.270,1500476,loop
253.321,1500476,loop
253.372,1500476,loop
253.422,1500476,loop
253.473,1500476,loop
253.523,1500476,loop
253.574,1500476,loop
253.625,1500476,loop
253.675,1500476,loop
253.726,1500476,loop
253.776,1500476,loop
253.827,1500476,loop
253.878,1500476,loop
253.928,1500476,loop
253.979,1500476,loop
254.029,1500476,loop
254.080,1500476,loop
254.131,1500476,loop
254.181,1500476,loop
254.232,1500476,loop
254.283,1500476,loop
254.333,1500476,loop
254.384,1500476,loop
254.434,1500476,loop
254.485,1500476,loop
254.536,1500476,loop
254.586,1500476,loop
254.637,1500476,loop
254.687,1500476,loop
254.738,1500476,loop
254.789,1500476,loop
254.839,1500476,loop
254.890,1500476,loop
254.940,1500476,loop
254.991,1500476,loop
255.042,1500476,loop
255.092,1500476,loop
255.143,1500476,loop
255.193,1500476,loop
255.244,1500476,loop
255.295,1500476,loop
255.345,1500476,loop
255.396,1500480,loop
255.447,1502164,after_loop
255.498,1503620,after_loop
255.548,1504232,after_loop
255.599,1504952,after_loop
255.649,1506536,after_loop
255.700,1508264,after_loop
255.750,1509968,after_loop
255.801,1511308,after_loop
255.851,1512832,after_loop
255.902,1515244,after_loop
255.952,1516676,after_loop
256.003,1517864,after_loop
256.053,0,after_loop
