t_s,rss_kb,phase
0.000,352112,setup
0.133,358760,setup
0.647,505568,setup
1.108,524688,setup
1.248,534432,setup
1.422,539544,setup
1.528,543428,setup
2.000,564116,setup
2.101,571896,after_setup
2.546,572040,loop
4.018,634776,loop
5.000,648160,loop
6.011,662868,loop
32.861,5273928,loop
33.012,5447748,loop
33.122,5494988,loop
33.244,5533004,loop
33.349,5577356,loop
33.454,5609036,loop
33.559,5624348,loop
33.721,5670812,loop
33.925,5729156,loop
34.178,5801492,loop
34.496,5892308,loop
34.601,5986556,loop
34.894,6005828,loop
34.999,6099284,loop
35.391,6148388,loop
35.496,6242372,loop
36.011,6325004,loop
36.116,6418720,loop
36.222,6512176,loop
36.787,6546496,loop
36.892,6640744,loop
36.997,6734728,loop
37.755,6822904,loop
37.860,6916624,loop
37.965,7010080,loop
38.071,7104064,loop
38.969,7169536,loop
39.075,7263520,loop
39.180,7356976,loop
39.285,7450960,loop
39.390,7544680,loop
40.485,7601968,loop
40.590,7695688,loop
40.695,7788880,loop
40.800,7882600,loop
40.906,7976056,loop
41.011,8069776,loop
42.419,8142556,loop
42.524,8236320,loop
42.629,8329776,loop
42.735,8423760,loop
42.840,8517744,loop
42.945,8611200,loop
43.051,8705184,loop
43.156,8798904,loop
44.825,8818548,loop
44.930,8912040,loop
45.036,9005496,loop
45.141,9098952,loop
45.246,9192408,loop
45.352,9285600,loop
45.457,9379320,loop
45.562,9472512,loop
45.667,9565968,loop
45.772,9659160,loop
47.828,9664368,loop
47.934,9758040,loop
48.039,9851496,loop
48.144,9945480,loop
48.249,10038936,loop
48.355,10132392,loop
48.460,10225584,loop
48.565,10319040,loop
48.670,10412232,loop
48.776,10505688,loop
48.881,10599144,loop
48.986,10692864,loop
51.574,10721176,loop
51.679,10814184,loop
51.784,10907376,loop
51.889,11000832,loop
51.994,11094552,loop
52.100,11187744,loop
52.205,11280936,loop
52.310,11374656,loop
52.416,11468376,loop
52.521,11561568,loop
52.626,11655024,loop
52.731,11748216,loop
52.836,11841408,loop
52.942,11933544,loop
53.047,12026736,loop
56.257,12042160,loop
56.363,12135600,loop
56.468,12229056,loop
56.573,12322512,loop
56.678,12415968,loop
56.784,12509952,loop
56.889,12603144,loop
56.994,12696600,loop
57.099,12789792,loop
57.205,12883512,loop
57.310,12976968,loop
57.415,13071216,loop
57.520,13164408,loop
57.625,13258128,loop
57.731,13351320,loop
57.836,13445040,loop
57.941,13538760,loop
58.046,13632480,loop
62.082,13692568,loop
62.187,13786196,loop
62.292,13879648,loop
62.398,13973364,loop
62.503,14066552,loop
62.608,14160004,loop
62.713,14253460,loop
62.819,14346912,loop
62.924,14440364,loop
63.056,14673816,loop
63.161,14767252,loop
63.266,14860708,loop
63.371,14954956,loop
63.477,15048412,loop
63.582,15142132,loop
63.687,15235060,loop
63.793,15329044,loop
63.898,15423292,loop
64.003,15517012,loop
64.108,15610732,loop
64.214,15704716,loop
64.319,15798700,loop
64.424,15891892,loop
69.405,15929712,loop
69.511,16023764,loop
69.616,16117484,loop
69.721,16211204,loop
69.826,16304924,loop
69.931,16398116,loop
70.037,16491836,loop
70.142,16585820,loop
70.247,16679540,loop
70.352,16773260,loop
70.457,16865388,loop
70.563,16959372,loop
70.668,17053356,loop
70.773,17147076,loop
70.878,17240532,loop
70.984,17334240,loop
71.089,17428224,loop
71.194,17522208,loop
71.299,17615928,loop
71.405,17709648,loop
71.510,17803104,loop
71.615,17897088,loop
71.720,17991336,loop
71.826,18084528,loop
71.931,18178512,loop
72.036,18272760,loop
72.141,18366216,loop
72.247,18460200,loop
78.645,18509780,loop
78.751,18603428,loop
78.856,18697148,loop
78.961,18789548,loop
79.067,18883532,loop
79.172,18977516,loop
79.277,19071236,loop
79.382,19164956,loop
79.488,19258676,loop
79.593,19352396,loop
79.698,19446116,loop
79.804,19540100,loop
79.909,19632500,loop
80.014,19726484,loop
80.119,19820204,loop
80.224,19914188,loop
80.330,20007908,loop
80.435,20101628,loop
80.540,20195612,loop
80.645,20289332,loop
80.751,20382788,loop
80.856,20476772,loop
80.961,20569172,loop
81.066,20662628,loop
81.171,20756612,loop
81.277,20849804,loop
81.382,20943788,loop
81.487,21037508,loop
81.593,21130964,loop
81.698,21224948,loop
81.803,21318140,loop
81.908,21410540,loop
82.013,21504260,loop
82.119,21597452,loop
82.224,21691436,loop
90.371,21734828,loop
90.476,21827356,loop
90.582,21921600,loop
90.687,22015844,loop
90.792,22109824,loop
90.897,22204072,loop
91.003,22297788,loop
91.108,22391768,loop
91.213,22486012,loop
91.318,22579992,loop
91.423,22672388,loop
91.529,22766104,loop
91.634,22860084,loop
91.739,22954068,loop
91.844,23047784,loop
91.949,23141500,loop
92.055,23235480,loop
92.160,23329460,loop
92.265,23423440,loop
92.370,23517420,loop
92.476,23609816,loop
92.581,23704064,loop
92.713,23900020,loop
92.818,23992176,loop
92.923,24089064,loop
93.028,24185688,loop
93.134,24282312,loop
93.239,24378936,loop
93.344,24475824,loop
93.450,24570600,loop
93.555,24667488,loop
93.660,24764112,loop
93.766,24861000,loop
93.871,24957888,loop
93.976,25054248,loop
94.081,25151136,loop
94.187,25248024,loop
94.292,25344648,loop
94.397,25439952,loop
94.502,25536312,loop
94.608,25632936,loop
94.713,25729824,loop
94.918,25824600,loop
95.024,25921224,loop
105.224,25939580,loop
105.330,26034076,loop
105.435,26128588,loop
105.540,26223100,loop
105.645,26317612,loop
105.751,26412124,loop
105.856,26506900,loop
105.961,26599828,loop
106.066,26694604,loop
106.172,26789116,loop
106.277,26883892,loop
106.382,26978404,loop
106.487,27072916,loop
106.593,27167692,loop
106.698,27261940,loop
106.803,27356716,loop
106.908,27449908,loop
107.014,27544420,loop
107.119,27638932,loop
107.224,27733444,loop
107.329,27827956,loop
107.435,27922468,loop
107.540,28016980,loop
107.645,28111756,loop
107.750,28206004,loop
107.856,28299460,loop
107.961,28393972,loop
108.066,28488484,loop
108.172,28583260,loop
108.277,28677772,loop
108.382,28772548,loop
108.487,28867060,loop
108.592,28961836,loop
108.698,29056348,loop
108.803,29150860,loop
108.908,29244048,loop
109.014,29338824,loop
109.119,29433336,loop
109.224,29527992,loop
109.329,29622504,loop
109.435,29717016,loop
109.540,29811792,loop
109.645,29906304,loop
109.750,30000816,loop
109.855,30094008,loop
109.961,30188520,loop
110.066,30283296,loop
110.171,30377808,loop
110.277,30472584,loop
110.382,30567096,loop
110.487,30661872,loop
110.593,30756384,loop
110.698,30850896,loop
110.803,30944088,loop
123.300,30978168,loop
123.405,31074056,loop
123.511,31170944,loop
123.616,31267832,loop
123.721,31363664,loop
123.826,31459760,loop
123.932,31555856,loop
124.037,31651952,loop
124.142,31748048,loop
124.247,31844408,loop
124.352,31941296,loop
124.458,32037392,loop
124.563,32133488,loop
124.668,32229584,loop
124.773,32326208,loop
124.947,32365808,loop
125.053,32461904,loop
125.158,32558000,loop
125.263,32653832,loop
125.368,32750192,loop
125.474,32842848,loop
125.579,32938944,loop
125.679,33214240,loop
126.081,33265288,loop
126.186,33265524,loop
126.292,33265528,loop
126.397,33265528,loop
126.502,33265528,loop
126.607,33265532,loop
126.712,33265532,loop
126.818,33265532,loop
126.923,33265532,loop
127.028,33265532,loop
127.133,33265532,loop
127.238,33265532,loop
127.343,33265532,loop
127.449,33265532,loop
127.554,33265532,loop
127.659,33265532,loop
127.764,33265532,loop
127.869,33265532,loop
127.974,33265532,loop
128.080,33265532,loop
128.185,33265532,loop
128.290,33265532,loop
128.395,33265532,loop
128.500,33265532,loop
128.605,33265532,loop
128.711,33265532,loop
128.816,33265532,loop
128.921,33265532,loop
129.026,33265532,loop
129.131,33265532,loop
129.236,33265532,loop
129.342,33265532,loop
129.447,33265532,loop
129.552,33265532,loop
129.657,33265532,loop
129.762,33265532,loop
129.867,33265532,loop
129.973,33265532,loop
130.078,33265532,loop
130.183,33265532,loop
130.288,33265532,loop
130.393,33265532,loop
130.498,33265532,loop
130.604,33265532,loop
130.709,33265532,loop
130.814,33265532,loop
130.919,33265532,loop
131.024,33265532,loop
131.129,33265532,loop
131.235,33265532,loop
131.340,33265532,loop
131.445,33265532,loop
131.550,33265532,loop
131.655,33265532,loop
131.760,33265532,loop
131.866,33265532,loop
131.971,33265532,loop
132.076,33265532,loop
132.181,33265532,loop
132.286,33265532,loop
132.391,33265532,loop
132.497,33265532,loop
132.602,33265532,loop
132.707,33265532,loop
132.812,33265532,loop
132.917,33265532,loop
133.022,33265532,loop
133.128,33265532,loop
133.233,33265532,loop
133.338,33265532,loop
133.443,33265532,loop
133.548,33265532,loop
133.653,33265532,loop
133.759,33265532,loop
133.864,33265532,loop
133.969,33265532,loop
134.074,33265532,loop
134.179,33265532,loop
134.284,33265532,loop
134.390,33265532,loop
134.495,33265532,loop
134.600,33265532,loop
134.705,33265532,loop
134.810,33265532,loop
134.915,33265532,loop
135.021,33265532,loop
135.126,33265532,loop
135.231,33265532,loop
135.336,33265532,loop
135.441,33265532,loop
135.546,33265532,loop
135.652,33265532,loop
135.757,33265788,loop
135.862,33265788,loop
135.967,33265788,loop
136.072,33265788,loop
136.177,33265788,loop
136.283,33265788,loop
136.388,33265788,loop
136.493,33265788,loop
136.598,33265788,loop
136.703,33265788,loop
136.808,33265788,loop
136.914,33265788,loop
137.019,33265788,loop
137.124,33265788,loop
137.229,33265788,loop
137.334,33265824,loop
137.439,33265824,loop
137.545,33265824,loop
137.650,33265824,loop
137.755,33265824,loop
137.860,33265824,loop
137.965,33265824,loop
138.070,33265824,loop
138.176,33265824,loop
138.281,33265824,loop
138.386,33265824,loop
138.491,33265824,loop
138.596,33265824,loop
138.701,33265824,loop
138.807,33265824,loop
138.912,33265824,loop
139.017,33265824,loop
139.122,33265824,loop
139.227,33265824,loop
139.332,33265824,loop
139.438,33265824,loop
139.543,33265824,loop
139.648,33265824,loop
139.753,33265824,loop
139.858,33265824,loop
139.963,33265824,loop
140.069,33265824,loop
140.174,33265824,loop
140.279,33265824,loop
140.384,33265824,loop
140.489,33265824,loop
140.594,33265824,loop
140.699,33265824,loop
140.805,33265824,loop
140.910,33265824,loop
141.015,33265824,loop
141.120,33265824,loop
141.225,33265824,loop
141.330,33265824,loop
141.436,33265824,loop
141.541,33265824,loop
141.646,33265824,loop
141.751,33265824,loop
141.856,33265824,loop
141.961,33265824,loop
142.067,33265824,loop
142.172,33265824,loop
142.277,33265824,loop
142.382,33265824,loop
142.487,33265824,loop
142.592,33265824,loop
142.698,33265824,loop
142.803,33265824,loop
142.908,33265824,loop
143.013,33265824,loop
143.118,33265824,loop
143.223,33265824,loop
143.329,33265824,loop
143.434,33265824,loop
143.539,33265824,loop
143.644,33265824,loop
143.749,33265824,loop
143.854,33265824,loop
143.960,33265824,loop
144.065,33265824,loop
144.170,33265824,loop
144.275,33265824,loop
144.380,33265824,loop
144.486,33265824,loop
144.591,33265824,loop
144.696,33265824,loop
144.801,33265824,loop
144.906,33265824,loop
145.011,33265824,loop
145.117,33265824,loop
145.222,33265824,loop
145.327,33265824,loop
145.432,33265824,loop
145.537,33265824,loop
145.642,33265824,loop
145.748,33265824,loop
145.853,33265824,loop
145.958,33266080,loop
146.065,33266080,loop
146.170,33266080,loop
146.275,33266080,loop
146.380,33266080,loop
146.485,33266080,loop
146.591,33266080,loop
146.696,33266080,loop
146.801,33266080,loop
146.906,33266080,loop
147.011,33266080,loop
147.116,33266080,loop
147.222,33266080,loop
147.327,33266080,loop
147.432,33266080,loop
147.537,33266080,loop
147.642,33266080,loop
147.747,33266080,loop
147.853,33266080,loop
147.958,33266084,loop
148.063,33266088,loop
148.168,33266092,loop
148.273,33266092,loop
148.378,33266096,loop
148.484,33266100,loop
148.589,33266100,loop
148.694,33266104,loop
148.799,33266108,loop
148.904,33266112,loop
149.009,33266116,loop
149.115,33266116,loop
149.220,33266120,loop
149.325,33266124,loop
149.430,33266128,loop
149.535,33266132,loop
149.640,33266136,loop
149.746,33266136,loop
149.851,33266140,loop
149.956,33266144,loop
150.061,33266144,loop
150.166,33266148,loop
150.271,33266152,loop
150.376,33266156,loop
150.482,33266160,loop
150.587,33266164,loop
150.692,33266168,loop
150.797,33266172,loop
150.902,33266172,loop
151.008,33266176,loop
151.113,33266180,loop
151.218,33266184,loop
151.323,33266188,loop
151.428,33266192,loop
151.533,33266196,loop
151.638,33266200,loop
151.744,33266200,loop
151.849,33266208,loop
151.954,33266208,loop
152.059,33266212,loop
152.164,33266216,loop
152.269,33266220,loop
152.375,33266224,loop
152.480,33266228,loop
152.585,33266232,loop
152.690,33266236,loop
152.795,33266236,loop
152.901,33266244,loop
153.006,33266244,loop
153.111,33266248,loop
153.216,33266252,loop
153.321,33266256,loop
153.426,33266260,loop
153.532,33266264,loop
153.637,33266264,loop
153.742,33266268,loop
153.847,33266272,loop
153.952,33266276,loop
154.057,33266280,loop
154.163,33266284,loop
154.268,33266288,loop
154.373,33266292,loop
154.478,33266296,loop
154.583,33266300,loop
154.688,33266300,loop
154.794,33266304,loop
154.899,33266308,loop
155.004,33266312,loop
155.109,33266316,loop
155.214,33266320,loop
155.319,33266324,loop
155.425,33266328,loop
155.530,33266332,loop
155.635,33266332,loop
155.740,33266336,loop
155.845,33266340,loop
155.950,33266344,loop
156.056,33266348,loop
156.161,33266352,loop
156.266,33266608,loop
156.371,33266616,loop
156.476,33266616,loop
156.581,33266620,loop
156.687,33266624,loop
156.792,33266628,loop
156.897,33266632,loop
157.002,33266636,loop
157.107,33266640,loop
157.212,33266644,loop
157.318,33266644,loop
157.423,33266648,loop
157.528,33266652,loop
157.633,33266656,loop
157.738,33266660,loop
157.843,33266664,loop
157.949,33266668,loop
158.054,33266672,loop
158.159,33266676,loop
158.264,33266676,loop
158.369,33266680,loop
158.474,33266684,loop
158.579,33266688,loop
158.685,33266692,loop
158.790,33266696,loop
158.895,33266700,loop
159.000,33266704,loop
159.105,33266704,loop
159.211,33266712,loop
159.316,33266712,loop
159.421,33266716,loop
159.526,33266720,loop
159.631,33266724,loop
159.736,33266728,loop
159.842,33266732,loop
159.947,33266736,loop
160.052,33266740,loop
160.157,33266740,loop
160.262,33266744,loop
160.367,33266748,loop
160.472,33266752,loop
160.578,33266756,loop
160.683,33266760,loop
160.788,33266764,loop
160.893,33266764,loop
160.998,33266768,loop
161.103,33266772,loop
161.209,33266776,loop
161.314,33266780,loop
161.419,33266784,loop
161.524,33266788,loop
161.629,33266792,loop
161.734,33266792,loop
161.840,33266800,loop
161.945,33266800,loop
162.050,33266804,loop
162.155,33266808,loop
162.260,33266812,loop
162.365,33266816,loop
162.471,33266820,loop
162.576,33266824,loop
162.681,33266828,loop
162.786,33266828,loop
162.891,33266832,loop
162.996,33266836,loop
163.102,33266840,loop
163.207,33266844,loop
163.312,33266848,loop
163.417,33266852,loop
163.522,33266856,loop
163.627,33266856,loop
163.733,33266860,loop
163.838,33266864,loop
163.943,33266868,loop
164.048,33266872,loop
164.153,33266876,loop
164.258,33266880,loop
164.364,33266884,loop
164.476,33266888,loop
164.581,33266892,loop
164.686,33266892,loop
164.792,33266896,loop
164.897,33266900,loop
165.002,33266904,loop
165.107,33266908,loop
165.212,33266912,loop
165.317,33266916,loop
165.423,33266916,loop
165.528,33266924,loop
165.633,33266924,loop
165.738,33266928,loop
165.843,33266932,loop
165.948,33266936,loop
166.054,33266940,loop
166.159,33266944,loop
166.264,33266948,loop
166.369,33266952,loop
166.474,33267208,loop
166.579,33267212,loop
166.685,33267216,loop
166.790,33267220,loop
166.895,33267224,loop
167.000,33267228,loop
167.105,33267232,loop
167.210,33267232,loop
167.316,33267240,loop
167.421,33267240,loop
167.526,33267244,loop
167.631,33267248,loop
167.736,33267252,loop
167.841,33267256,loop
167.947,33267260,loop
168.052,33267260,loop
168.157,33267268,loop
168.262,33267268,loop
168.367,33267272,loop
168.472,33267276,loop
168.578,33267280,loop
168.683,33267284,loop
168.788,33267288,loop
168.893,33267292,loop
168.998,33267296,loop
169.103,33267296,loop
169.209,33267300,loop
169.314,33267304,loop
169.419,33267308,loop
169.524,33267312,loop
169.629,33267316,loop
169.734,33267320,loop
169.840,33267324,loop
169.945,33267328,loop
170.050,33267328,loop
170.155,33267332,loop
170.260,33267336,loop
170.365,33267340,loop
170.471,33267344,loop
170.576,33267348,loop
170.681,33267352,loop
170.786,33267356,loop
170.891,33267356,loop
170.996,33267364,loop
171.102,33267364,loop
171.207,33267368,loop
171.312,33267372,loop
171.417,33267376,loop
171.522,33267380,loop
171.627,33267384,loop
171.733,33267384,loop
171.838,33267392,loop
171.943,33267392,loop
172.048,33267396,loop
172.153,33267400,loop
172.259,33267404,loop
172.364,33267408,loop
172.469,33267412,loop
172.574,33267416,loop
172.679,33267416,loop
172.784,33267420,loop
172.890,33267424,loop
172.995,33267428,loop
173.100,33267432,loop
173.205,33267436,loop
173.310,33267440,loop
173.415,33267444,loop
173.520,33267444,loop
173.626,33267452,loop
173.731,33267452,loop
173.836,33267456,loop
173.943,33267460,loop
174.048,33267464,loop
174.153,33267468,loop
174.258,33267472,loop
174.363,33267472,loop
174.469,33267480,loop
174.574,33267480,loop
174.679,33267484,loop
174.784,33267488,loop
174.889,33267492,loop
174.994,33267496,loop
175.100,33267500,loop
175.205,33267504,loop
175.310,33267508,loop
175.415,33267508,loop
175.520,33267512,loop
175.625,33267516,loop
175.730,33267520,loop
175.836,33267524,loop
175.941,33269572,loop
176.046,33269572,loop
176.151,33269572,loop
176.256,33269572,loop
176.361,33269572,loop
176.467,33269572,loop
176.572,33269572,loop
176.677,33269828,loop
176.782,33269828,loop
176.887,33269828,loop
176.992,33269828,loop
177.098,33269828,loop
177.203,33269828,loop
177.308,33269828,loop
177.413,33269828,loop
177.518,33269828,loop
177.623,33269828,loop
177.729,33269828,loop
177.834,33269828,loop
177.939,33269828,loop
178.044,33269828,loop
178.149,33269828,loop
178.254,33269828,loop
178.360,33269828,loop
178.465,33269828,loop
178.570,33269828,loop
178.675,33269828,loop
178.780,33269828,loop
178.885,33269828,loop
178.991,33269828,loop
179.096,33269828,loop
179.201,33269828,loop
179.306,33269828,loop
179.411,33269828,loop
179.516,33269828,loop
179.622,33269828,loop
179.727,33269828,loop
179.832,33269828,loop
179.937,33269828,loop
180.042,33269828,loop
180.148,33269828,loop
180.253,33269828,loop
180.358,33269828,loop
180.463,33269828,loop
180.568,33269828,loop
180.673,33269828,loop
180.779,33269828,loop
180.884,33269828,loop
180.989,33269828,loop
181.094,33269828,loop
181.199,33269828,loop
181.304,33269828,loop
181.409,33269828,loop
181.515,33269828,loop
181.620,33269828,loop
181.725,33269828,loop
181.830,33269828,loop
181.935,33269828,loop
182.040,33269828,loop
182.146,33269828,loop
182.251,33269828,loop
182.356,33269828,loop
182.461,33269828,loop
182.566,33269828,loop
182.671,33269828,loop
182.777,33269828,loop
182.882,33269828,loop
182.987,33269828,loop
183.092,33269828,loop
183.197,33269828,loop
183.302,33269828,loop
183.408,33269828,loop
183.513,33269828,loop
183.618,33269828,loop
183.723,33269828,loop
183.828,33269828,loop
183.933,33269828,loop
184.039,33269828,loop
184.144,33269828,loop
184.249,33269828,loop
184.354,33269828,loop
184.459,33269828,loop
184.564,33269828,loop
184.670,33269828,loop
184.775,33269828,loop
184.880,33269828,loop
184.985,33269828,loop
185.090,33269828,loop
185.195,33269828,loop
185.301,33269828,loop
185.406,33269828,loop
185.511,33269828,loop
185.616,33269828,loop
185.721,33269828,loop
185.826,33269828,loop
185.932,33269828,loop
186.037,33269828,loop
186.142,33269828,loop
186.247,33269828,loop
186.352,33269828,loop
186.457,33269828,loop
186.563,33269828,loop
186.668,33269828,loop
186.773,33269828,loop
186.878,33269828,loop
186.983,33270084,loop
187.088,33270084,loop
187.194,33270084,loop
187.299,33270084,loop
187.404,33270084,loop
187.509,33270084,loop
187.614,33270084,loop
187.719,33270084,loop
187.825,33270084,loop
187.930,33270084,loop
188.035,33270084,loop
188.140,33270084,loop
188.245,33270084,loop
188.350,33270084,loop
188.456,33270084,loop
188.561,33270084,loop
188.666,33270084,loop
188.771,33270084,loop
188.876,33270084,loop
188.981,33270084,loop
189.087,33270084,loop
189.192,33270084,loop
189.297,33270084,loop
189.402,33270084,loop
189.507,33270084,loop
189.612,33270084,loop
189.718,33270084,loop
189.823,33270084,loop
189.928,33270084,loop
190.033,33270084,loop
190.138,33270084,loop
190.243,33270084,loop
190.349,33270084,loop
190.454,33270084,loop
190.559,33270084,loop
190.664,33270084,loop
190.769,33270084,loop
190.874,33270084,loop
190.980,33270084,loop
191.085,33270084,loop
191.190,33270084,loop
191.295,33270084,loop
191.400,33270084,loop
191.505,33270084,loop
191.611,33270084,loop
191.716,33270084,loop
191.821,33270084,loop
191.926,33270084,loop
192.031,33270084,loop
192.137,33270084,loop
192.242,33270084,loop
192.347,33270084,loop
192.452,33270084,loop
192.557,33270084,loop
192.662,33270084,loop
192.768,33270084,loop
192.873,33270084,loop
192.978,33270084,loop
193.083,33270084,loop
193.188,33270084,loop
193.293,33270084,loop
193.398,33270084,loop
193.504,33270084,loop
193.609,33270084,loop
193.714,33270084,loop
193.819,33270084,loop
193.924,33270084,loop
194.029,33270084,loop
194.135,33270084,loop
194.240,33270084,loop
194.345,33270084,loop
194.450,33270084,loop
194.555,33270084,loop
194.660,33270084,loop
194.766,33270084,loop
194.871,33270084,loop
194.976,33270084,loop
195.081,33270084,loop
195.186,33270084,loop
195.291,33270084,loop
195.397,33270084,loop
195.502,33270084,loop
195.607,33270084,loop
195.712,33270084,loop
195.817,33270084,loop
195.923,33270084,loop
196.028,33270084,loop
196.133,33270084,loop
196.238,33270084,loop
196.343,33270084,loop
196.448,33270084,loop
196.554,33270084,loop
196.659,33270084,loop
196.764,33270084,loop
196.869,33270084,loop
196.974,33270084,loop
197.079,33270084,loop
197.185,33270340,loop
197.290,33270340,loop
197.395,33270340,loop
197.500,33270340,loop
197.605,33270340,loop
197.710,33270340,loop
197.816,33270340,loop
197.921,33270340,loop
198.026,33270340,loop
198.131,33270340,loop
198.236,33270340,loop
198.341,33270340,loop
198.446,33270340,loop
198.552,33270340,loop
198.657,33270340,loop
198.762,33270340,loop
198.867,33270340,loop
198.972,33270340,loop
199.077,33270340,loop
199.183,33270340,loop
199.288,33270340,loop
199.393,33270340,loop
199.498,33270340,loop
199.603,33270340,loop
199.708,33270340,loop
199.814,33270340,loop
199.919,33270340,loop
200.024,33270340,loop
200.129,33270340,loop
200.234,33270340,loop
200.340,33270340,loop
200.445,33270340,loop
200.550,33270340,loop
200.655,33270340,loop
200.760,33270340,loop
200.865,33270340,loop
200.970,33270340,loop
201.076,33270340,loop
201.181,33270340,loop
201.286,33270340,loop
201.391,33270340,loop
201.496,33270340,loop
201.601,33270340,loop
201.707,33270340,loop
201.812,33270340,loop
201.917,33270340,loop
202.022,33270340,loop
202.127,33270340,loop
202.232,33270340,loop
202.338,33270340,loop
202.443,33270340,loop
202.548,33270340,loop
202.653,33270340,loop
202.758,33270340,loop
202.863,33270340,loop
202.969,33270340,loop
203.074,33270340,loop
203.179,33270340,loop
203.284,33270340,loop
203.389,33270340,loop
203.494,33270340,loop
203.600,33270340,loop
203.705,33270340,loop
203.810,33270340,loop
203.915,33270340,loop
204.020,33270340,loop
204.125,33270340,loop
204.231,33270340,loop
204.336,33270340,loop
204.441,33270340,loop
204.546,33270340,loop
204.651,33270340,loop
204.756,33270340,loop
204.862,33270340,loop
204.967,33270340,loop
205.072,33270340,loop
205.177,33270340,loop
205.282,33270340,loop
205.387,33270340,loop
205.493,33270340,loop
205.598,33270340,loop
205.703,33270340,loop
205.808,33270340,loop
205.913,33270340,loop
206.018,33270340,loop
206.124,33270340,loop
206.229,33270340,loop
206.334,33270340,loop
206.439,33270340,loop
206.544,33270340,loop
206.649,33270340,loop
206.755,33270340,loop
206.860,33270340,loop
206.965,33270340,loop
207.070,33270340,loop
207.175,33270340,loop
207.280,33270340,loop
207.386,33270596,loop
207.491,33270596,loop
207.596,33270596,loop
207.701,33270596,loop
207.806,33270596,loop
207.911,33270596,loop
208.017,33270596,loop
208.122,33270596,loop
208.227,33270596,loop
208.332,33270596,loop
208.437,33270596,loop
208.543,33270596,loop
208.648,33270596,loop
208.753,33270596,loop
208.858,33270596,loop
208.963,33270596,loop
209.068,33270596,loop
209.174,33270596,loop
209.279,33270596,loop
209.384,33270596,loop
209.489,33270596,loop
209.594,33270596,loop
209.699,33270596,loop
209.804,33270596,loop
209.910,33270596,loop
210.015,33270596,loop
210.120,33270596,loop
210.225,33270596,loop
210.330,33270596,loop
210.435,33270596,loop
210.541,33270596,loop
210.646,33270596,loop
210.751,33270596,loop
210.856,33270596,loop
210.961,33270596,loop
211.066,33270596,loop
211.172,33270596,loop
211.277,33270596,loop
211.382,33270596,loop
211.487,33270596,loop
211.592,33270596,loop
211.698,33270596,loop
211.803,33270596,loop
211.908,33270596,loop
212.013,33270596,loop
212.118,33270596,loop
212.223,33270596,loop
212.329,33270596,loop
212.434,33270596,loop
212.539,33270596,loop
212.644,33270596,loop
212.749,33270596,loop
212.854,33270596,loop
212.959,33270596,loop
213.065,33270596,loop
213.170,33270596,loop
213.275,33270596,loop
213.380,33270596,loop
213.485,33270596,loop
213.590,33270596,loop
213.696,33270596,loop
213.801,33270596,loop
213.906,33270596,loop
214.011,33270596,loop
214.116,33270596,loop
214.221,33270596,loop
214.327,33270596,loop
214.432,33270596,loop
214.537,33270596,loop
214.642,33270596,loop
214.747,33270596,loop
214.852,33270596,loop
214.958,33270596,loop
215.063,33270596,loop
215.168,33270596,loop
215.273,33270596,loop
215.378,33270596,loop
215.483,33270596,loop
215.589,33270596,loop
215.694,33270596,loop
215.799,33270596,loop
215.904,33270596,loop
216.009,33270596,loop
216.115,33270596,loop
216.220,33270596,loop
216.325,33270596,loop
216.430,33270596,loop
216.535,33270596,loop
216.641,33270596,loop
216.746,33270596,loop
216.851,33270596,loop
216.956,33270596,loop
217.062,33270596,loop
217.167,33270596,loop
217.272,33270596,loop
217.377,33270596,loop
217.482,33270596,loop
217.587,33270596,loop
217.693,33270852,loop
217.798,33270852,loop
217.903,33270852,loop
218.008,33270852,loop
218.113,33270852,loop
218.218,33270852,loop
218.324,33270852,loop
218.429,33270852,loop
218.534,33270852,loop
218.639,33270852,loop
218.744,33270852,loop
218.849,33270852,loop
218.954,33270852,loop
219.060,33270852,loop
219.165,33270852,loop
219.270,33270852,loop
219.375,33270852,loop
219.480,33270852,loop
219.585,33270852,loop
219.691,33270852,loop
219.796,33270852,loop
219.901,33270852,loop
220.006,33270852,loop
220.111,33270852,loop
220.216,33270852,loop
220.322,33270852,loop
220.427,33270852,loop
220.532,33270852,loop
220.637,33270852,loop
220.742,33270852,loop
220.848,33270852,loop
220.953,33270852,loop
221.058,33270852,loop
221.163,33270852,loop
221.268,33270852,loop
221.373,33270852,loop
221.479,33270852,loop
221.584,33270852,loop
221.689,33270852,loop
221.794,33270852,loop
221.899,33270852,loop
222.004,33270852,loop
222.110,33270852,loop
222.215,33270852,loop
222.320,33270852,loop
222.425,33270852,loop
222.530,33270852,loop
222.635,33270852,loop
222.741,33270852,loop
222.846,33270852,loop
222.951,33270852,loop
223.056,33270852,loop
223.161,33270852,loop
223.266,33270852,loop
223.372,33270852,loop
223.477,33270852,loop
223.582,33270852,loop
223.688,33270852,loop
223.793,33270852,loop
223.898,33270852,loop
224.003,33270852,loop
224.108,33270852,loop
224.213,33270852,loop
224.318,33270852,loop
224.424,33270852,loop
224.529,33270852,loop
224.634,33270852,loop
224.739,33270852,loop
224.844,33270852,loop
224.949,33270852,loop
225.055,33270852,loop
225.160,33270852,loop
225.265,33270852,loop
225.370,33270852,loop
225.475,33270852,loop
225.580,33270852,loop
225.686,33270852,loop
225.791,33270852,loop
225.896,33270852,loop
226.001,33270852,loop
226.106,33270852,loop
226.212,33270852,loop
226.317,33270852,loop
226.422,33270852,loop
226.527,33270852,loop
226.632,33270852,loop
226.737,33270852,loop
226.843,33270852,loop
226.948,33270852,loop
227.053,33270852,loop
227.158,33270852,loop
227.263,33270852,loop
227.368,33270852,loop
227.474,33270852,loop
227.579,33270852,loop
227.684,33270852,loop
227.789,33270852,loop
227.894,33271108,loop
227.999,33271108,loop
228.105,33271108,loop
228.210,33271108,loop
228.315,33271108,loop
228.420,33271108,loop
228.525,33271108,loop
228.630,33271108,loop
228.735,33271108,loop
228.841,33271108,loop
228.946,33271108,loop
229.051,33271108,loop
229.156,33271108,loop
229.261,33271108,loop
229.366,33271108,loop
229.472,33271108,loop
229.577,33271108,loop
229.682,33271108,loop
229.787,33271108,loop
229.892,33271108,loop
229.997,33271108,loop
230.103,33271108,loop
230.208,33271108,loop
230.313,33271108,loop
230.418,33271108,loop
230.523,33271108,loop
230.628,33271108,loop
230.734,33271108,loop
230.839,33271108,loop
230.944,33271108,loop
231.049,33271108,loop
231.154,33271108,loop
231.260,33271108,loop
231.365,33271108,loop
231.470,33271108,loop
231.575,33271108,loop
231.680,33271108,loop
231.785,33271108,loop
231.890,33271108,loop
231.996,33271108,loop
232.101,33271108,loop
232.206,33271108,loop
232.311,33271108,loop
232.416,33271108,loop
232.521,33271108,loop
232.627,33271108,loop
232.732,33271108,loop
232.837,33271108,loop
232.942,33271108,loop
233.047,33271108,loop
233.152,33271108,loop
233.258,33271108,loop
233.363,33271108,loop
233.468,33271108,loop
233.573,33271108,loop
233.678,33271108,loop
233.784,33271108,loop
233.889,33271108,loop
233.994,33271108,loop
234.099,33271108,loop
234.204,33271108,loop
234.309,33271108,loop
234.414,33271108,loop
234.520,33271108,loop
234.625,33271108,loop
234.730,33271108,loop
234.835,33271108,loop
234.940,33271108,loop
235.045,33271108,loop
235.151,33271108,loop
235.256,33271108,loop
235.361,33271108,loop
235.466,33271108,loop
235.571,33271108,loop
235.676,33271108,loop
235.782,33271108,loop
235.887,33271108,loop
235.992,33271108,loop
236.097,33271108,loop
236.202,33271108,loop
236.308,33271108,loop
236.413,33271108,loop
236.518,33271108,loop
236.624,33271108,loop
236.729,33273156,loop
236.835,33273156,loop
236.940,33273156,loop
237.045,33273156,loop
237.150,33273156,loop
237.255,33273156,loop
237.360,33273156,loop
237.466,33273156,loop
237.571,33273156,loop
237.676,33273156,loop
237.781,33273156,loop
237.886,33273156,loop
237.991,33273156,loop
238.096,33273412,loop
238.202,33273412,loop
238.307,33273412,loop
238.412,33273412,loop
238.517,33273412,loop
238.622,33273412,loop
238.727,33273412,loop
238.833,33273412,loop
238.938,33273412,loop
239.043,33273412,loop
239.148,33273412,loop
239.253,33273412,loop
239.358,33273412,loop
239.464,33273412,loop
239.569,33273412,loop
239.674,33273412,loop
239.779,33273412,loop
239.884,33273412,loop
239.989,33273412,loop
240.095,33273412,loop
240.200,33273412,loop
240.305,33273412,loop
240.410,33273412,loop
240.515,33273412,loop
240.620,33273412,loop
240.726,33273412,loop
240.831,33273412,loop
240.936,33273412,loop
241.041,33273412,loop
241.146,33273412,loop
241.251,33273412,loop
241.357,33273412,loop
241.462,33273412,loop
241.567,33273412,loop
241.672,33273412,loop
241.777,33273412,loop
241.882,33273412,loop
241.988,33273412,loop
242.093,33273412,loop
242.198,33273412,loop
242.303,33273412,loop
242.408,33273412,loop
242.513,33273412,loop
242.619,33273412,loop
242.724,33273412,loop
242.829,33273412,loop
242.934,33273412,loop
243.039,33273412,loop
243.144,33273412,loop
243.250,33273412,loop
243.355,33273412,loop
243.460,33273412,loop
243.565,33273412,loop
243.670,33273412,loop
243.775,33273412,loop
243.881,33273412,loop
243.986,33273412,loop
244.091,33273412,loop
244.196,33273412,loop
244.301,33273412,loop
244.406,33273412,loop
244.512,33273412,loop
244.617,33273412,loop
244.722,33273412,loop
244.827,33273412,loop
244.932,33273412,loop
245.037,33273412,loop
245.143,33273412,loop
245.248,33273412,loop
245.353,33273412,loop
245.458,33273412,loop
245.563,33273412,loop
245.668,33273412,loop
245.774,33273412,loop
245.879,33273412,loop
245.984,33273412,loop
246.089,33273412,loop
246.194,33273412,loop
246.299,33273412,loop
246.405,33273412,loop
246.510,33273412,loop
246.615,33273412,loop
246.720,33273412,loop
246.825,33273412,loop
246.930,33273412,loop
247.036,33273412,loop
247.141,33273412,loop
247.246,33273412,loop
247.351,33273412,loop
247.456,33273412,loop
247.561,33273412,loop
247.667,33273412,loop
247.772,33273412,loop
247.877,33273412,loop
247.982,33273412,loop
248.087,33273412,loop
248.192,33273412,loop
248.298,33273412,loop
248.403,33273668,loop
248.508,33273668,loop
248.613,33273668,loop
248.718,33273668,loop
248.823,33273668,loop
248.929,33273668,loop
249.034,33273668,loop
249.139,33273668,loop
249.244,33273668,loop
249.349,33273668,loop
249.454,33273668,loop
249.560,33273668,loop
249.665,33273668,loop
249.770,33273668,loop
249.875,33273668,loop
249.980,33273668,loop
250.085,33273668,loop
250.191,33273668,loop
250.296,33273668,loop
250.401,33273668,loop
250.506,33273668,loop
250.611,33273668,loop
250.717,33273668,loop
250.822,33273668,loop
250.927,33273668,loop
251.032,33273668,loop
251.137,33273668,loop
251.242,33273668,loop
251.347,33273668,loop
251.453,33273668,loop
251.558,33273668,loop
251.663,33273668,loop
251.768,33273668,loop
251.873,33273668,loop
251.979,33273668,loop
252.084,33273668,loop
252.189,33273668,loop
252.294,33273668,loop
252.399,33273668,loop
252.504,33273668,loop
252.609,33273668,loop
252.715,33273668,loop
252.820,33273668,loop
252.925,33273668,loop
253.030,33273668,loop
253.135,33273668,loop
253.240,33273668,loop
253.346,33273668,loop
253.451,33273668,loop
253.556,33273668,loop
253.661,33273668,loop
253.766,33273668,loop
253.871,33273668,loop
253.977,33273668,loop
254.082,33273668,loop
254.187,33273668,loop
254.292,33273668,loop
254.397,33273668,loop
254.502,33273668,loop
254.608,33273668,loop
254.713,33273668,loop
254.818,33273668,loop
254.923,33273668,loop
255.028,33273668,loop
255.133,33273668,loop
255.239,33273668,loop
255.344,33273668,loop
255.449,33273668,loop
255.554,33273668,loop
255.659,33273668,loop
255.764,33273668,loop
255.870,33273668,loop
255.975,33273668,loop
256.080,33273668,loop
256.185,33273668,loop
256.290,33273668,loop
256.395,33273668,loop
256.501,33273668,loop
256.606,33273668,loop
256.711,33273668,loop
256.816,33273668,loop
256.921,33273668,loop
257.026,33273668,loop
257.132,33273668,loop
257.237,33273668,loop
257.342,33273668,loop
257.447,33273668,loop
257.552,33273668,loop
257.657,33273668,loop
257.763,33273668,loop
257.868,33273668,loop
257.973,33273668,loop
258.078,33273668,loop
258.183,33273668,loop
258.288,33273668,loop
258.394,33273668,loop
258.499,33273668,loop
258.604,33273924,loop
258.709,33273924,loop
258.814,33273924,loop
258.920,33273924,loop
259.025,33273924,loop
259.130,33273924,loop
259.235,33273924,loop
259.340,33273924,loop
259.445,33273924,loop
259.550,33273924,loop
259.656,33273924,loop
259.761,33273924,loop
259.866,33273924,loop
259.971,33273924,loop
260.076,33273924,loop
260.181,33273924,loop
260.287,33273924,loop
260.392,33273924,loop
260.497,33273924,loop
260.602,33273924,loop
260.707,33273924,loop
260.812,33273924,loop
260.918,33273924,loop
261.023,33273924,loop
261.128,33273924,loop
261.233,33273924,loop
261.338,33273924,loop
261.443,33273924,loop
261.549,33273924,loop
261.654,33273924,loop
261.759,33273924,loop
261.864,33273924,loop
261.969,33273924,loop
262.074,33273924,loop
262.180,33273924,loop
262.285,33273924,loop
262.390,33273924,loop
262.495,33273924,loop
262.601,33273924,loop
262.706,33273924,loop
262.811,33273924,loop
262.916,33273924,loop
263.021,33273924,loop
263.126,33273924,loop
263.232,33273924,loop
263.337,33273924,loop
263.442,33273924,loop
263.547,33273924,loop
263.652,33273924,loop
263.757,33273924,loop
263.863,33273924,loop
263.968,33273924,loop
264.073,33273924,loop
264.178,33273924,loop
264.283,33273924,loop
264.388,33273924,loop
264.494,33273924,loop
264.599,33273924,loop
264.704,33273924,loop
264.809,33273924,loop
264.914,33273924,loop
265.019,33273924,loop
265.125,33273924,loop
265.230,33273924,loop
265.335,33273924,loop
265.440,33273924,loop
265.545,33273924,loop
265.650,33273924,loop
265.755,33273924,loop
265.861,33273924,loop
265.966,33273924,loop
266.071,33273924,loop
266.176,33273924,loop
266.281,33273924,loop
266.386,33273924,loop
266.492,33273924,loop
266.597,33273924,loop
266.702,33273924,loop
266.807,33273924,loop
266.912,33273924,loop
267.018,33273924,loop
267.123,33273924,loop
267.228,33273924,loop
267.333,33273924,loop
267.438,33273924,loop
267.543,33273924,loop
267.648,33273924,loop
267.754,33273924,loop
267.859,33273924,loop
267.964,33273924,loop
268.069,33273924,loop
268.174,33273924,loop
268.279,33273924,loop
268.385,33273924,loop
268.490,33273924,loop
268.595,33273924,loop
268.700,33273924,loop
268.805,33273924,loop
268.910,33274180,loop
269.016,33274180,loop
269.121,33274180,loop
269.226,33274180,loop
269.331,33274180,loop
269.436,33274180,loop
269.541,33274180,loop
269.647,33274180,loop
269.752,33274180,loop
269.857,33274180,loop
269.962,33274180,loop
270.067,33274180,loop
270.172,33274180,loop
270.278,33274180,loop
270.383,33274180,loop
270.488,33274180,loop
270.593,33274180,loop
270.698,33274180,loop
270.803,33274180,loop
270.909,33274180,loop
271.014,33274180,loop
271.119,33274180,loop
271.224,33274180,loop
271.329,33274180,loop
271.434,33274180,loop
271.540,33274180,loop
271.645,33274180,loop
271.750,33274180,loop
271.855,33274180,loop
271.960,33274180,loop
272.066,33274180,loop
272.171,33274180,loop
272.276,33274180,loop
272.381,33274180,loop
272.486,33274180,loop
272.591,33274180,loop
272.697,33274180,loop
272.802,33274180,loop
272.907,33274180,loop
273.012,33274180,loop
273.117,33274180,loop
273.222,33274180,loop
273.328,33274180,loop
273.433,33274180,loop
273.538,33274180,loop
273.643,33274180,loop
273.748,33274180,loop
273.853,33274180,loop
273.958,33274180,loop
274.064,33274180,loop
274.169,33274180,loop
274.274,33274180,loop
274.379,33274180,loop
274.484,33274180,loop
274.589,33274180,loop
274.695,33274180,loop
274.800,33274180,loop
274.905,33274180,loop
275.010,33274180,loop
275.115,33274180,loop
275.220,33274180,loop
275.326,33274180,loop
275.431,33274180,loop
275.536,33274180,loop
275.641,33274180,loop
275.746,33274180,loop
275.851,33274180,loop
275.957,33274180,loop
276.062,33274180,loop
276.167,33274180,loop
276.272,33274180,loop
276.377,33274180,loop
276.482,33274180,loop
276.588,33274180,loop
276.693,33274180,loop
276.798,33274180,loop
276.903,33274180,loop
277.008,33274180,loop
277.113,33274180,loop
277.219,33274180,loop
277.324,33274180,loop
277.429,33274180,loop
277.534,33274180,loop
277.639,33274180,loop
277.744,33274180,loop
277.850,33274180,loop
277.955,33274180,loop
278.060,33274180,loop
278.165,33274180,loop
278.270,33274180,loop
278.375,33274180,loop
278.481,33274180,loop
278.586,33274180,loop
278.691,33274180,loop
278.796,33274180,loop
278.901,33274180,loop
279.006,33274180,loop
279.112,33274436,loop
279.217,33274436,loop
279.322,33274436,loop
279.427,33274436,loop
279.532,33274436,loop
279.637,33274436,loop
279.743,33274436,loop
279.848,33274436,loop
279.953,33274436,loop
280.058,33274436,loop
280.163,33274436,loop
280.268,33274436,loop
280.374,33274436,loop
280.479,33274436,loop
280.584,33274436,loop
280.689,33274436,loop
280.794,33274436,loop
280.899,33274436,loop
281.005,33274436,loop
281.110,33274436,loop
281.215,33274436,loop
281.320,33274436,loop
281.425,33274436,loop
281.530,33274436,loop
281.635,33274436,loop
281.741,33274436,loop
281.846,33274436,loop
281.951,33274436,loop
282.056,33274436,loop
282.161,33274436,loop
282.267,33274436,loop
282.372,33274436,loop
282.477,33274436,loop
282.582,33274436,loop
282.687,33274436,loop
282.792,33274436,loop
282.898,33274436,loop
283.003,33274436,loop
283.108,33274436,loop
283.213,33274436,loop
283.318,33274436,loop
283.423,33274436,loop
283.528,33274436,loop
283.634,33274436,loop
283.739,33274436,loop
283.844,33274436,loop
283.949,33274436,loop
284.054,33274436,loop
284.160,33274436,loop
284.265,33274436,loop
284.370,33274436,loop
284.475,33274436,loop
284.580,33274436,loop
284.685,33274436,loop
284.791,33274436,loop
284.896,33274436,loop
285.001,33274436,loop
285.106,33274436,loop
285.211,33274436,loop
285.316,33274436,loop
285.421,33274436,loop
285.527,33274436,loop
285.632,33274436,loop
285.737,33274436,loop
285.842,33274436,loop
285.947,33274436,loop
286.052,33274436,loop
286.158,33274436,loop
286.263,33274436,loop
286.368,33274436,loop
286.473,33274436,loop
286.578,33274436,loop
286.683,33274436,loop
286.789,33274436,loop
286.894,33274436,loop
286.999,33274436,loop
287.104,33274436,loop
287.209,33274436,loop
287.314,33274436,loop
287.420,33274436,loop
287.525,33274436,loop
287.630,33274436,loop
287.735,33274436,loop
287.840,33274436,loop
287.945,33274436,loop
288.051,33274436,loop
288.156,33274436,loop
288.261,33274436,loop
288.366,33274436,loop
288.471,33274436,loop
288.576,33274436,loop
288.682,33274436,loop
288.787,33274436,loop
288.892,33274436,loop
288.997,33274436,loop
289.102,33274436,loop
289.207,33274436,loop
289.313,33274692,loop
289.418,33274692,loop
289.523,33274692,loop
289.628,33274692,loop
289.733,33274692,loop
289.839,33274692,loop
289.944,33274692,loop
290.049,33274692,loop
290.154,33274692,loop
290.259,33274692,loop
290.364,33274692,loop
290.470,33274692,loop
290.575,33274692,loop
290.680,33274692,loop
290.785,33274692,loop
290.890,33274692,loop
290.995,33274692,loop
291.100,33274692,loop
291.206,33274692,loop
291.311,33274692,loop
291.416,33274692,loop
291.521,33274692,loop
291.626,33274692,loop
291.731,33274692,loop
291.837,33274692,loop
291.942,33274692,loop
292.047,33274692,loop
292.152,33274692,loop
292.257,33274692,loop
292.362,33274692,loop
292.468,33274692,loop
292.573,33274692,loop
292.678,33274692,loop
292.783,33274692,loop
292.888,33274692,loop
292.993,33274692,loop
293.099,33274692,loop
293.204,33274692,loop
293.309,33274692,loop
293.414,33274692,loop
293.519,33274692,loop
293.624,33274692,loop
293.730,33274692,loop
293.835,33274692,loop
293.940,33274692,loop
294.045,33274692,loop
294.150,33274692,loop
294.255,33274692,loop
294.361,33274692,loop
294.466,33274692,loop
294.571,33274692,loop
294.676,33274692,loop
294.781,33274692,loop
294.886,33274692,loop
294.992,33274692,loop
295.097,33274692,loop
295.202,33274692,loop
295.307,33274692,loop
295.412,33274692,loop
295.517,33274692,loop
295.623,33274692,loop
295.728,33274692,loop
295.833,33274692,loop
295.938,33274692,loop
296.043,33274692,loop
296.148,33274692,loop
296.254,33274692,loop
296.359,33274692,loop
296.464,33274692,loop
296.569,33274692,loop
296.674,33274692,loop
296.780,33274692,loop
296.885,33274692,loop
296.990,33274692,loop
297.095,33274692,loop
297.200,33274692,loop
297.305,33274692,loop
297.410,33274692,loop
297.516,33276740,loop
297.621,33276740,loop
297.726,33276740,loop
297.831,33276740,loop
297.936,33276740,loop
298.041,33276740,loop
298.147,33276740,loop
298.252,33276740,loop
298.357,33276740,loop
298.462,33276740,loop
298.567,33276740,loop
298.672,33276740,loop
298.778,33276740,loop
298.883,33276740,loop
298.988,33276740,loop
299.093,33276740,loop
299.198,33276740,loop
299.303,33276740,loop
299.409,33276740,loop
299.514,33276740,loop
299.619,33276996,loop
299.724,33276996,loop
299.829,33276996,loop
299.934,33276996,loop
300.040,33276996,loop
300.145,33276996,loop
300.250,33276996,loop
300.355,33276996,loop
300.460,33276996,loop
300.565,33276996,loop
300.671,33276996,loop
300.776,33276996,loop
300.881,33276996,loop
300.986,33276996,loop
301.091,33276996,loop
301.196,33276996,loop
301.302,33276996,loop
301.407,33276996,loop
301.512,33276996,loop
301.617,33276996,loop
301.722,33276996,loop
301.827,33276996,loop
301.933,33276996,loop
302.038,33276996,loop
302.143,33276996,loop
302.248,33276996,loop
302.353,33276996,loop
302.458,33276996,loop
302.564,33276996,loop
302.669,33276996,loop
302.774,33276996,loop
302.879,33276996,loop
302.984,33276996,loop
303.089,33276996,loop
303.195,33276996,loop
303.300,33276996,loop
303.405,33276996,loop
303.510,33276996,loop
303.615,33276996,loop
303.720,33276996,loop
303.826,33276996,loop
303.931,33276996,loop
304.036,33276996,loop
304.141,33276996,loop
304.246,33276996,loop
304.351,33276996,loop
304.457,33276996,loop
304.562,33276996,loop
304.667,33276996,loop
304.772,33276996,loop
304.877,33276996,loop
304.982,33276996,loop
305.088,33276996,loop
305.193,33276996,loop
305.298,33276996,loop
305.403,33276996,loop
305.508,33276996,loop
305.613,33276996,loop
305.719,33276996,loop
305.824,33276996,loop
305.929,33276996,loop
306.034,33276996,loop
306.139,33276996,loop
306.244,33276996,loop
306.350,33276996,loop
306.455,33276996,loop
306.560,33276996,loop
306.665,33276996,loop
306.770,33276996,loop
306.875,33276996,loop
306.981,33276996,loop
307.086,33276996,loop
307.191,33276996,loop
307.296,33276996,loop
307.401,33276996,loop
307.506,33276996,loop
307.612,33276996,loop
307.717,33276996,loop
307.822,33276996,loop
307.927,33276996,loop
308.032,33276996,loop
308.137,33276996,loop
308.243,33276996,loop
308.348,33276996,loop
308.453,33276996,loop
308.558,33276996,loop
308.663,33276996,loop
308.768,33276996,loop
308.874,33276996,loop
308.979,33276996,loop
309.084,33276996,loop
309.189,33276996,loop
309.294,33276996,loop
309.399,33276996,loop
309.505,33276996,loop
309.610,33276996,loop
309.715,33276996,loop
309.820,33277252,loop
309.925,33277252,loop
310.030,33277252,loop
310.136,33277252,loop
310.241,33277252,loop
310.346,33277252,loop
310.451,33277252,loop
310.556,33277252,loop
310.661,33277252,loop
310.767,33277252,loop
310.872,33277252,loop
310.977,33277252,loop
311.082,33277252,loop
311.187,33277252,loop
311.292,33277252,loop
311.398,33277252,loop
311.503,33277252,loop
311.608,33277252,loop
311.713,33277252,loop
311.818,33277252,loop
311.923,33277252,loop
312.029,33277252,loop
312.134,33277252,loop
312.239,33277252,loop
312.344,33277252,loop
312.449,33277252,loop
312.554,33277252,loop
312.660,33277252,loop
312.765,33277252,loop
312.870,33277252,loop
312.975,33277252,loop
313.080,33277252,loop
313.185,33277252,loop
313.291,33277252,loop
313.396,33277252,loop
313.501,33277252,loop
313.606,33277252,loop
313.711,33277252,loop
313.816,33277252,loop
313.922,33277252,loop
314.027,33277252,loop
314.132,33277252,loop
314.237,33277252,loop
314.342,33277252,loop
314.447,33277252,loop
314.552,33277252,loop
314.658,33277252,loop
314.763,33277252,loop
314.868,33277252,loop
314.973,33277252,loop
315.078,33277252,loop
315.183,33277252,loop
315.289,33277252,loop
315.394,33277252,loop
315.499,33277252,loop
315.604,33277252,loop
315.709,33277252,loop
315.814,33277252,loop
315.920,33277252,loop
316.025,33277252,loop
316.130,33277252,loop
316.235,33277252,loop
316.340,33277252,loop
316.445,33277252,loop
316.551,33277252,loop
316.656,33277252,loop
316.761,33277252,loop
316.866,33277252,loop
316.971,33277252,loop
317.076,33277252,loop
317.182,33277252,loop
317.287,33277252,loop
317.392,33277252,loop
317.497,33277252,loop
317.602,33277252,loop
317.707,33277252,loop
317.813,33277252,loop
317.918,33277252,loop
318.023,33277252,loop
318.128,33277252,loop
318.233,33277252,loop
318.338,33277252,loop
318.444,33277252,loop
318.549,33277252,loop
318.654,33277252,loop
318.759,33277252,loop
318.864,33277252,loop
318.969,33277252,loop
319.075,33277252,loop
319.180,33277252,loop
319.285,33277252,loop
319.390,33277252,loop
319.495,33277252,loop
319.600,33277252,loop
319.706,33277252,loop
319.811,33277252,loop
319.916,33277252,loop
320.021,33277508,loop
320.126,33277508,loop
320.231,33277508,loop
320.337,33277508,loop
320.442,33277508,loop
320.547,33277508,loop
320.652,33277508,loop
320.757,33277508,loop
320.862,33277508,loop
320.968,33277508,loop
321.073,33277508,loop
321.178,33277508,loop
321.283,33277508,loop
321.388,33277508,loop
321.493,33277508,loop
321.599,33277508,loop
321.704,33277508,loop
321.809,33277508,loop
321.914,33277508,loop
322.019,33277508,loop
322.125,33277508,loop
322.230,33277508,loop
322.335,33277508,loop
322.440,33277508,loop
322.545,33277508,loop
322.650,33277508,loop
322.755,33277508,loop
322.861,33277508,loop
322.966,33277508,loop
323.071,33277508,loop
323.176,33277508,loop
323.281,33277508,loop
323.387,33277508,loop
323.492,33277508,loop
323.597,33277508,loop
323.702,33277508,loop
323.807,33277508,loop
323.912,33277508,loop
324.017,33277508,loop
324.123,33277508,loop
324.228,33277508,loop
324.333,33277508,loop
324.438,33277508,loop
324.543,33277508,loop
324.648,33277508,loop
324.754,33277508,loop
324.859,33277508,loop
324.964,33277508,loop
325.069,33277508,loop
325.174,33277508,loop
325.279,33277508,loop
325.385,33277508,loop
325.490,33277508,loop
325.595,33277508,loop
325.700,33277508,loop
325.805,33277508,loop
325.910,33277508,loop
326.016,33277508,loop
326.121,33277508,loop
326.226,33277508,loop
326.331,33277508,loop
326.436,33277508,loop
326.541,33277508,loop
326.647,33277508,loop
326.752,33277508,loop
326.857,33277508,loop
326.962,33277508,loop
327.067,33277508,loop
327.172,33277508,loop
327.278,33277508,loop
327.383,33277508,loop
327.488,33277508,loop
327.593,33277508,loop
327.698,33277508,loop
327.803,33277508,loop
327.909,33277508,loop
328.014,33277508,loop
328.119,33277508,loop
328.224,33277508,loop
328.329,33277508,loop
328.434,33277508,loop
328.540,33277508,loop
328.645,33277508,loop
328.750,33277508,loop
328.855,33277508,loop
328.960,33277508,loop
329.065,33277508,loop
329.171,33277508,loop
329.276,33277508,loop
329.381,33277508,loop
329.486,33277508,loop
329.591,33277508,loop
329.696,33277508,loop
329.802,33277508,loop
329.907,33277508,loop
330.012,33277508,loop
330.117,33277508,loop
330.222,33277508,loop
330.327,33277764,loop
330.433,33277764,loop
330.538,33277764,loop
330.643,33277764,loop
330.748,33277764,loop
330.853,33277764,loop
330.958,33277764,loop
331.064,33277764,loop
331.169,33277764,loop
331.274,33277764,loop
331.379,33277764,loop
331.484,33277764,loop
331.589,33277764,loop
331.695,33277764,loop
331.800,33277764,loop
331.905,33277764,loop
332.010,33277764,loop
332.115,33277764,loop
332.220,33277764,loop
332.325,33277764,loop
332.431,33277764,loop
332.536,33277764,loop
332.641,33277764,loop
332.746,33277764,loop
332.851,33277764,loop
332.956,33277764,loop
333.062,33277764,loop
333.167,33277764,loop
333.272,33277764,loop
333.377,33277764,loop
333.482,33277764,loop
333.588,33277764,loop
333.693,33277764,loop
333.798,33277764,loop
333.903,33277764,loop
334.008,33277764,loop
334.113,33277764,loop
334.219,33277764,loop
334.324,33277764,loop
334.429,33277764,loop
334.534,33277764,loop
334.639,33277764,loop
334.744,33277764,loop
334.850,33277764,loop
334.955,33277764,loop
335.060,33277764,loop
335.165,33277764,loop
335.270,33277764,loop
335.375,33277764,loop
335.480,33277764,loop
335.586,33277764,loop
335.691,33277764,loop
335.796,33277764,loop
335.901,33277764,loop
336.006,33277764,loop
336.111,33277764,loop
336.217,33277764,loop
336.322,33277764,loop
336.427,33277764,loop
336.532,33277764,loop
336.637,33277764,loop
336.742,33277764,loop
336.848,33277764,loop
336.953,33277764,loop
337.058,33277764,loop
337.163,33277764,loop
337.268,33277764,loop
337.373,33277764,loop
337.479,33277764,loop
337.584,33277764,loop
337.689,33277764,loop
337.794,33277764,loop
337.899,33277764,loop
338.004,33277764,loop
338.110,33277764,loop
338.215,33277764,loop
338.320,33277764,loop
338.425,33277764,loop
338.530,33277764,loop
338.635,33277764,loop
338.741,33277764,loop
338.846,33277764,loop
338.951,33277764,loop
339.056,33277764,loop
339.161,33277764,loop
339.266,33277764,loop
339.372,33277764,loop
339.477,33277764,loop
339.582,33277764,loop
339.687,33277764,loop
339.792,33277764,loop
339.897,33277764,loop
340.003,33277764,loop
340.108,33277764,loop
340.213,33277764,loop
340.318,33277764,loop
340.423,33277764,loop
340.528,33278020,loop
340.634,33278020,loop
340.739,33278020,loop
340.844,33278020,loop
340.949,33278020,loop
341.054,33278020,loop
341.159,33278020,loop
341.265,33278020,loop
341.370,33278020,loop
341.475,33278020,loop
341.580,33278020,loop
341.685,33278020,loop
341.790,33278020,loop
341.896,33278020,loop
342.001,33278020,loop
342.106,33278020,loop
342.211,33278020,loop
342.316,33278020,loop
342.421,33278020,loop
342.527,33278020,loop
342.632,33278020,loop
342.737,33278020,loop
342.842,33278020,loop
342.947,33278020,loop
343.052,33278020,loop
343.158,33278020,loop
343.263,33278020,loop
343.368,33278020,loop
343.473,33278020,loop
343.578,33278020,loop
343.683,33278020,loop
343.789,33278020,loop
343.894,33278020,loop
343.999,33278020,loop
344.104,33278020,loop
344.209,33278020,loop
344.314,33278020,loop
344.420,33278020,loop
344.525,33278020,loop
344.630,33278020,loop
344.735,33278020,loop
344.840,33278020,loop
344.945,33278020,loop
345.051,33278020,loop
345.156,33278020,loop
345.261,33278020,loop
345.366,33278020,loop
345.471,33278020,loop
345.576,33278020,loop
345.682,33278020,loop
345.787,33278020,loop
345.892,33278020,loop
345.997,33278020,loop
346.102,33278020,loop
346.207,33278020,loop
346.313,33278020,loop
346.418,33278020,loop
346.523,33278020,loop
346.628,33278020,loop
346.733,33278020,loop
346.838,33278020,loop
346.944,33278020,loop
347.049,33278020,loop
347.154,33278020,loop
347.259,33278020,loop
347.364,33278020,loop
347.469,33278020,loop
347.575,33278020,loop
347.680,33278020,loop
347.785,33278020,loop
347.890,33278020,loop
347.995,33278020,loop
348.100,33278020,loop
348.206,33278020,loop
348.311,33278020,loop
348.416,33278020,loop
348.521,33278020,loop
348.626,33278020,loop
348.731,33278020,loop
348.837,33278020,loop
348.942,33278020,loop
349.047,33278020,loop
349.152,33278020,loop
349.257,33278020,loop
349.362,33278020,loop
349.468,33278020,loop
349.573,33278020,loop
349.678,33278020,loop
349.783,33278020,loop
349.888,33278020,loop
349.993,33278020,loop
350.099,33278020,loop
350.204,33278020,loop
350.309,33278020,loop
350.414,33278020,loop
350.519,33278020,loop
350.624,33278020,loop
350.730,33278212,loop
350.835,33278276,loop
350.940,33278276,loop
351.045,33278276,loop
351.150,33278276,loop
351.255,33278276,loop
351.361,33278276,loop
351.466,33278276,loop
351.571,33278276,loop
351.676,33278276,loop
351.781,33278276,loop
351.886,33278276,loop
351.992,33278276,loop
352.097,33278276,loop
352.202,33278276,loop
352.307,33278276,loop
352.412,33278276,loop
352.517,33278276,loop
352.623,33278276,loop
352.728,33278276,loop
352.833,33278276,loop
352.938,33278276,loop
353.043,33278276,loop
353.148,33278276,loop
353.254,33278276,loop
353.359,33278276,loop
353.464,33278276,loop
353.569,33278276,loop
353.674,33278276,loop
353.779,33278276,loop
353.885,33278276,loop
353.990,33278276,loop
354.095,33278276,loop
354.200,33278276,loop
354.305,33278276,loop
354.410,33278276,loop
354.516,33278276,loop
354.621,33278276,loop
354.726,33278276,loop
354.831,33278276,loop
354.936,33278276,loop
355.041,33278276,loop
355.147,33278276,loop
355.252,33278276,loop
355.357,33278276,loop
355.462,33278276,loop
355.567,33278276,loop
355.672,33278276,loop
355.778,33278276,loop
355.883,33278276,loop
355.988,33278276,loop
356.093,33278276,loop
356.198,33278276,loop
356.303,33278276,loop
356.409,33278276,loop
356.514,33278276,loop
356.619,33278276,loop
356.724,33278276,loop
356.829,33278276,loop
356.934,33278276,loop
357.040,33278276,loop
357.145,33278276,loop
357.250,33278276,loop
357.355,33278276,loop
357.460,33278276,loop
357.565,33278276,loop
357.670,33278276,loop
357.776,33278276,loop
357.881,33278276,loop
357.986,33278276,loop
358.091,33278276,loop
358.196,33278276,loop
358.301,33280324,loop
358.407,33280324,loop
358.512,33280324,loop
358.617,33280324,loop
358.722,33280324,loop
358.827,33280324,loop
358.932,33280324,loop
359.038,33280324,loop
359.143,33280324,loop
359.248,33280324,loop
359.353,33280324,loop
359.458,33280324,loop
359.564,33280324,loop
359.669,33280324,loop
359.774,33280324,loop
359.879,33280324,loop
359.984,33280324,loop
360.089,33280324,loop
360.195,33280324,loop
360.300,33280324,loop
360.405,33280324,loop
360.510,33280324,loop
360.615,33280324,loop
360.720,33280324,loop
360.826,33280324,loop
360.931,33280324,loop
361.036,33280580,loop
361.141,33280580,loop
361.246,33280580,loop
361.351,33280580,loop
361.457,33280580,loop
361.562,33280580,loop
361.667,33280580,loop
361.772,33280580,loop
361.877,33280580,loop
361.982,33280580,loop
362.087,33280580,loop
362.193,33280580,loop
362.298,33280580,loop
362.403,33280580,loop
362.508,33280580,loop
362.613,33280580,loop
362.718,33280580,loop
362.824,33280580,loop
362.929,33280580,loop
363.034,33280580,loop
363.139,33280580,loop
363.244,33280580,loop
363.349,33280580,loop
363.455,33280580,loop
363.560,33280580,loop
363.665,33280580,loop
363.770,33280580,loop
363.875,33280580,loop
363.980,33280580,loop
364.086,33280580,loop
364.191,33280580,loop
364.296,33280580,loop
364.401,33280580,loop
364.506,33280580,loop
364.611,33280580,loop
364.717,33280580,loop
364.822,33280580,loop
364.927,33280580,loop
365.032,33280580,loop
365.137,33280580,loop
365.242,33280580,loop
365.348,33280580,loop
365.453,33280580,loop
365.558,33280580,loop
365.663,33280580,loop
365.768,33280580,loop
365.873,33280580,loop
365.979,33280580,loop
366.084,33280580,loop
366.189,33280580,loop
366.294,33280580,loop
366.399,33280580,loop
366.504,33280580,loop
366.610,33280580,loop
366.715,33280580,loop
366.820,33280580,loop
366.925,33280580,loop
367.030,33280580,loop
367.135,33280580,loop
367.241,33280580,loop
367.346,33280580,loop
367.451,33280580,loop
367.556,33280580,loop
367.661,33280580,loop
367.766,33280580,loop
367.872,33280580,loop
367.977,33280580,loop
368.082,33280580,loop
368.187,33280580,loop
368.292,33280580,loop
368.397,33280580,loop
368.503,33280580,loop
368.608,33280580,loop
368.713,33280580,loop
368.818,33280580,loop
368.923,33280580,loop
369.028,33280580,loop
369.134,33280580,loop
369.239,33280580,loop
369.344,33280580,loop
369.449,33280580,loop
369.554,33280580,loop
369.659,33280580,loop
369.765,33280580,loop
369.870,33280580,loop
369.975,33280580,loop
370.080,33280580,loop
370.185,33280580,loop
370.290,33280580,loop
370.396,33280580,loop
370.501,33280580,loop
370.606,33280580,loop
370.711,33280580,loop
370.816,33280580,loop
370.921,33280580,loop
371.027,33280580,loop
371.132,33280580,loop
371.237,33280836,loop
371.342,33280836,loop
371.447,33280836,loop
371.552,33280836,loop
371.658,33280836,loop
371.763,33280836,loop
371.868,33280836,loop
371.973,33280836,loop
372.078,33280836,loop
372.184,33280836,loop
372.289,33280836,loop
372.394,33280836,loop
372.499,33280836,loop
372.604,33280836,loop
372.709,33280836,loop
372.814,33280836,loop
372.920,33280836,loop
373.025,33280836,loop
373.130,33280836,loop
373.235,33280836,loop
373.340,33280836,loop
373.445,33280836,loop
373.551,33280836,loop
373.656,33280836,loop
373.761,33280836,loop
373.866,33280836,loop
373.971,33280836,loop
374.076,33280836,loop
374.182,33280836,loop
374.287,33280836,loop
374.392,33280836,loop
374.497,33280836,loop
374.602,33280836,loop
374.708,33280836,loop
374.813,33280836,loop
374.918,33280836,loop
375.023,33280836,loop
375.128,33280836,loop
375.233,33280836,loop
375.338,33280836,loop
375.444,33280836,loop
375.549,33280836,loop
375.654,33280836,loop
375.759,33280836,loop
375.864,33280836,loop
375.969,33280836,loop
376.075,33280836,loop
376.180,33280836,loop
376.285,33280836,loop
376.390,33280836,loop
376.495,33280836,loop
376.600,33280836,loop
376.706,33280836,loop
376.811,33280836,loop
376.916,33280836,loop
377.021,33280836,loop
377.126,33280836,loop
377.231,33280836,loop
377.337,33280836,loop
377.442,33280836,loop
377.547,33280836,loop
377.652,33280836,loop
377.757,33280836,loop
377.862,33280836,loop
377.968,33280836,loop
378.073,33280836,loop
378.178,33280836,loop
378.283,33280836,loop
378.388,33280836,loop
378.493,33280836,loop
378.599,33280836,loop
378.704,33280836,loop
378.809,33280836,loop
378.914,33280836,loop
379.019,33280836,loop
379.124,33280836,loop
379.230,33280836,loop
379.335,33280836,loop
379.440,33280836,loop
379.545,33280836,loop
379.650,33280836,loop
379.755,33280836,loop
379.861,33280836,loop
379.966,33280836,loop
380.071,33280836,loop
380.176,33280836,loop
380.281,33280836,loop
380.386,33280836,loop
380.492,33280836,loop
380.597,33280836,loop
380.702,33280836,loop
380.807,33280836,loop
380.912,33280836,loop
381.017,33280836,loop
381.122,33280836,loop
381.228,33280836,loop
381.333,33280836,loop
381.438,33280836,loop
381.543,33281092,loop
381.648,33281092,loop
381.753,33281092,loop
381.859,33281092,loop
381.964,33281092,loop
382.069,33281092,loop
382.174,33281092,loop
382.279,33281092,loop
382.384,33281092,loop
382.490,33281092,loop
382.595,33281092,loop
382.700,33281092,loop
382.805,33281092,loop
382.910,33281092,loop
383.015,33281092,loop
383.121,33281092,loop
383.226,33281092,loop
383.331,33281092,loop
383.436,33281092,loop
383.541,33281092,loop
383.646,33281092,loop
383.752,33281092,loop
383.857,33281092,loop
383.962,33281092,loop
384.067,33281092,loop
384.172,33281092,loop
384.277,33281092,loop
384.383,33281092,loop
384.488,33281092,loop
384.593,33281092,loop
384.698,33281092,loop
384.803,33281092,loop
384.908,33281092,loop
385.014,33281092,loop
385.119,33281092,loop
385.224,33281092,loop
385.329,33281092,loop
385.434,33281092,loop
385.540,33281092,loop
385.645,33281092,loop
385.750,33281092,loop
385.855,33281092,loop
385.960,33281092,loop
386.065,33281092,loop
386.170,33281092,loop
386.276,33281092,loop
386.381,33281092,loop
386.486,33281092,loop
386.591,33281092,loop
386.696,33281092,loop
386.801,33281092,loop
386.907,33281092,loop
387.012,33281092,loop
387.117,33281092,loop
387.222,33281092,loop
387.327,33281092,loop
387.432,33281092,loop
387.538,33281092,loop
387.643,33281092,loop
387.748,33281092,loop
387.853,33281092,loop
387.958,33281092,loop
388.063,33281092,loop
388.169,33281092,loop
388.274,33281092,loop
388.379,33281092,loop
388.484,33281092,loop
388.589,33281092,loop
388.694,33281092,loop
388.800,33281092,loop
388.905,33281092,loop
389.010,33281092,loop
389.115,33281092,loop
389.220,33281092,loop
389.325,33281092,loop
389.431,33281092,loop
389.536,33281092,loop
389.641,33281092,loop
389.746,33281092,loop
389.851,33281092,loop
389.957,33281092,loop
390.062,33281092,loop
390.167,33281092,loop
390.272,33281092,loop
390.377,33281092,loop
390.482,33281092,loop
390.588,33281092,loop
390.693,33281092,loop
390.798,33281092,loop
390.903,33281092,loop
391.008,33281092,loop
391.113,33281092,loop
391.218,33281092,loop
391.324,33281092,loop
391.429,33281092,loop
391.534,33281092,loop
391.639,33281092,loop
391.744,33281348,loop
391.850,33281348,loop
391.955,33281348,loop
392.060,33281348,loop
392.165,33281348,loop
392.270,33281348,loop
392.375,33281348,loop
392.480,33281348,loop
392.586,33281348,loop
392.691,33281348,loop
392.796,33281348,loop
392.901,33281348,loop
393.006,33281348,loop
393.111,33281348,loop
393.217,33281348,loop
393.322,33281348,loop
393.427,33281348,loop
393.532,33281348,loop
393.637,33281348,loop
393.742,33281348,loop
393.848,33281348,loop
393.953,33281348,loop
394.058,33281348,loop
394.163,33281348,loop
394.268,33281348,loop
394.373,33281348,loop
394.479,33281348,loop
394.584,33281348,loop
394.689,33281348,loop
394.794,33281348,loop
394.899,33281348,loop
395.004,33281348,loop
395.110,33281348,loop
395.215,33281348,loop
395.320,33281348,loop
395.425,33281348,loop
395.530,33281348,loop
395.635,33281348,loop
395.741,33281348,loop
395.846,33281348,loop
395.951,33281348,loop
396.056,33281348,loop
396.161,33281348,loop
396.266,33281348,loop
396.372,33281348,loop
396.477,33281348,loop
396.582,33281348,loop
396.687,33281348,loop
396.792,33281348,loop
396.897,33281348,loop
397.003,33281348,loop
397.108,33281348,loop
397.213,33281348,loop
397.318,33281348,loop
397.423,33281348,loop
397.529,33281348,loop
397.634,33281348,loop
397.739,33281348,loop
397.844,33281348,loop
397.949,33281348,loop
398.054,33281348,loop
398.160,33281348,loop
398.265,33281348,loop
398.370,33281348,loop
398.475,33281348,loop
398.580,33281348,loop
398.685,33281348,loop
398.790,33281348,loop
398.896,33281348,loop
399.001,33281348,loop
399.106,33281348,loop
399.211,33281348,loop
399.316,33281348,loop
399.421,33281348,loop
399.527,33281348,loop
399.632,33281348,loop
399.737,33281348,loop
399.842,33281348,loop
399.947,33281348,loop
400.053,33281348,loop
400.158,33281348,loop
400.263,33281348,loop
400.368,33281348,loop
400.473,33281348,loop
400.578,33281348,loop
400.683,33281348,loop
400.789,33281348,loop
400.894,33281348,loop
400.999,33281348,loop
401.104,33281348,loop
401.209,33281348,loop
401.314,33281348,loop
401.420,33281348,loop
401.525,33281348,loop
401.630,33281348,loop
401.735,33281348,loop
401.840,33281348,loop
401.945,33281604,loop
402.051,33281604,loop
402.156,33281604,loop
402.261,33281604,loop
402.366,33281604,loop
402.471,33281604,loop
402.576,33281604,loop
402.682,33281604,loop
402.787,33281604,loop
402.892,33281604,loop
402.997,33281604,loop
403.102,33281604,loop
403.207,33281604,loop
403.313,33281604,loop
403.418,33281604,loop
403.523,33281604,loop
403.628,33281604,loop
403.733,33281604,loop
403.838,33281604,loop
403.944,33281604,loop
404.049,33281604,loop
404.154,33281604,loop
404.259,33281604,loop
404.364,33281604,loop
404.469,33281604,loop
404.575,33281604,loop
404.680,33281604,loop
404.785,33281604,loop
404.890,33281604,loop
404.995,33281604,loop
405.100,33281604,loop
405.206,33281604,loop
405.311,33281604,loop
405.416,33281604,loop
405.521,33281604,loop
405.626,33281604,loop
405.731,33281604,loop
405.837,33281604,loop
405.942,33281604,loop
406.047,33281604,loop
406.152,33281604,loop
406.257,33281604,loop
406.362,33281604,loop
406.468,33281604,loop
406.573,33281604,loop
406.678,33281604,loop
406.783,33281604,loop
406.888,33281604,loop
406.993,33281604,loop
407.099,33281604,loop
407.204,33281604,loop
407.309,33281604,loop
407.414,33281604,loop
407.519,33281604,loop
407.625,33281604,loop
407.730,33281604,loop
407.835,33281604,loop
407.940,33281604,loop
408.045,33281604,loop
408.150,33281604,loop
408.255,33281604,loop
408.361,33281604,loop
408.466,33281604,loop
408.571,33281604,loop
408.676,33281604,loop
408.781,33281604,loop
408.886,33281604,loop
408.992,33281604,loop
409.097,33281604,loop
409.202,33281604,loop
409.307,33281604,loop
409.412,33281604,loop
409.517,33281604,loop
409.623,33281604,loop
409.728,33281604,loop
409.833,33281604,loop
409.938,33281604,loop
410.043,33281604,loop
410.148,33281604,loop
410.254,33281604,loop
410.359,33281604,loop
410.464,33281604,loop
410.569,33281604,loop
410.674,33281604,loop
410.780,33281604,loop
410.885,33281604,loop
410.990,33281604,loop
411.095,33281604,loop
411.200,33281604,loop
411.305,33281604,loop
411.410,33281604,loop
411.516,33281604,loop
411.621,33281604,loop
411.726,33281604,loop
411.831,33281604,loop
411.936,33281604,loop
412.041,33281604,loop
412.147,33281604,loop
412.252,33281860,loop
412.357,33281860,loop
412.462,33281860,loop
412.567,33281860,loop
412.672,33281860,loop
412.778,33281860,loop
412.883,33281860,loop
412.988,33281860,loop
413.093,33281860,loop
413.198,33281860,loop
413.303,33281860,loop
413.409,33281860,loop
413.514,33281860,loop
413.619,33281860,loop
413.724,33281860,loop
413.829,33281860,loop
413.934,33281860,loop
414.040,33281860,loop
414.145,33281860,loop
414.250,33281860,loop
414.355,33281860,loop
414.460,33281860,loop
414.565,33281860,loop
414.671,33281860,loop
414.776,33281860,loop
414.881,33281860,loop
414.986,33281860,loop
415.091,33281860,loop
415.196,33281860,loop
415.302,33281860,loop
415.407,33281860,loop
415.512,33281860,loop
415.617,33281860,loop
415.722,33281860,loop
415.827,33281860,loop
415.933,33281860,loop
416.038,33281860,loop
416.143,33281860,loop
416.248,33281860,loop
416.353,33281860,loop
416.458,33281860,loop
416.564,33281860,loop
416.669,33281860,loop
416.774,33281860,loop
416.879,33281860,loop
416.984,33281860,loop
417.089,33281860,loop
417.195,33281860,loop
417.300,33281860,loop
417.405,33281860,loop
417.510,33281860,loop
417.615,33281860,loop
417.720,33281860,loop
417.826,33281860,loop
417.931,33281860,loop
418.036,33281860,loop
418.141,33281860,loop
418.246,33281860,loop
418.351,33281860,loop
418.457,33281860,loop
418.562,33281860,loop
418.667,33281860,loop
418.772,33281860,loop
418.877,33281860,loop
418.982,33283908,loop
419.088,33283908,loop
419.193,33283908,loop
419.298,33283908,loop
419.403,33283908,loop
419.508,33283908,loop
419.613,33283908,loop
419.719,33283908,loop
419.824,33283908,loop
419.929,33283908,loop
420.034,33283908,loop
420.139,33283908,loop
420.244,33283908,loop
420.350,33283908,loop
420.455,33283908,loop
420.560,33283908,loop
420.665,33283908,loop
420.770,33283908,loop
420.875,33283908,loop
420.981,33283908,loop
421.086,33283908,loop
421.191,33283908,loop
421.296,33283908,loop
421.401,33283908,loop
421.506,33283908,loop
421.612,33283908,loop
421.717,33283908,loop
421.822,33283908,loop
421.927,33283908,loop
422.032,33283908,loop
422.137,33283908,loop
422.243,33283908,loop
422.348,33283908,loop
422.453,33284164,loop
422.558,33284164,loop
422.663,33284164,loop
422.768,33284164,loop
422.874,33284164,loop
422.979,33284164,loop
423.084,33284164,loop
423.189,33284164,loop
423.294,33284164,loop
423.399,33284164,loop
423.504,33284164,loop
423.610,33284164,loop
423.715,33284164,loop
423.820,33284164,loop
423.925,33284164,loop
424.030,33284164,loop
424.135,33284164,loop
424.241,33284164,loop
424.346,33284164,loop
424.451,33284164,loop
424.556,33284164,loop
424.661,33284164,loop
424.766,33284164,loop
424.872,33284164,loop
424.977,33284164,loop
425.082,33284164,loop
425.187,33284164,loop
425.292,33284164,loop
425.397,33284164,loop
425.503,33284164,loop
425.608,33284164,loop
425.713,33284164,loop
425.818,33284164,loop
425.923,33284164,loop
426.029,33284164,loop
426.134,33284164,loop
426.239,33284164,loop
426.344,33284164,loop
426.449,33284164,loop
426.554,33284164,loop
426.659,33284164,loop
426.765,33284164,loop
426.870,33284164,loop
426.975,33284164,loop
427.080,33284164,loop
427.185,33284164,loop
427.291,33284164,loop
427.396,33284164,loop
427.501,33284164,loop
427.606,33284164,loop
427.711,33284164,loop
427.816,33284164,loop
427.921,33284164,loop
428.027,33284164,loop
428.132,33284164,loop
428.237,33284164,loop
428.342,33284164,loop
428.447,33284164,loop
428.552,33284164,loop
428.658,33284164,loop
428.763,33284164,loop
428.868,33284164,loop
428.973,33284164,loop
429.078,33284164,loop
429.183,33284164,loop
429.289,33284164,loop
429.394,33284164,loop
429.499,33284164,loop
429.604,33284164,loop
429.709,33284164,loop
429.814,33284164,loop
429.920,33284164,loop
430.025,33284164,loop
430.130,33284164,loop
430.235,33284164,loop
430.340,33284164,loop
430.445,33284164,loop
430.551,33284164,loop
430.656,33284164,loop
430.761,33284164,loop
430.866,33284164,loop
430.971,33284164,loop
431.076,33284164,loop
431.182,33284164,loop
431.287,33284164,loop
431.392,33284164,loop
431.497,33284164,loop
431.602,33284164,loop
431.707,33284164,loop
431.813,33284164,loop
431.918,33284164,loop
432.023,33284164,loop
432.128,33284164,loop
432.233,33284164,loop
432.338,33284164,loop
432.444,33284164,loop
432.549,33284164,loop
432.654,33284420,loop
432.759,33284420,loop
432.864,33284420,loop
432.969,33284420,loop
433.075,33284420,loop
433.180,33284420,loop
433.285,33284420,loop
433.390,33284420,loop
433.495,33284420,loop
433.600,33284420,loop
433.706,33284420,loop
433.811,33284420,loop
433.916,33284420,loop
434.021,33284420,loop
434.126,33284420,loop
434.231,33284420,loop
434.337,33284420,loop
434.442,33284420,loop
434.547,33284420,loop
434.652,33284420,loop
434.757,33284420,loop
434.862,33284420,loop
434.968,33284420,loop
435.073,33284420,loop
435.178,33284420,loop
435.283,33284420,loop
435.388,33284420,loop
435.493,33284420,loop
435.599,33284420,loop
435.704,33284420,loop
435.809,33284420,loop
435.914,33284420,loop
436.019,33284420,loop
436.124,33284420,loop
436.230,33284420,loop
436.335,33284420,loop
436.440,33284420,loop
436.545,33284420,loop
436.650,33284420,loop
436.755,33284420,loop
436.861,33284420,loop
436.966,33284420,loop
437.071,33284420,loop
437.176,33284420,loop
437.281,33284420,loop
437.386,33284420,loop
437.492,33284420,loop
437.597,33284420,loop
437.702,33284420,loop
437.807,33284420,loop
437.912,33284420,loop
438.017,33284420,loop
438.123,33284420,loop
438.228,33284420,loop
438.333,33284420,loop
438.438,33284420,loop
438.543,33284420,loop
438.648,33284420,loop
438.754,33284420,loop
438.859,33284420,loop
438.964,33284420,loop
439.069,33284420,loop
439.174,33284420,loop
439.279,33284420,loop
439.385,33284420,loop
439.490,33284420,loop
439.595,33284420,loop
439.700,33284420,loop
439.805,33284420,loop
439.910,33284420,loop
440.016,33284420,loop
440.121,33284420,loop
440.226,33284420,loop
440.331,33284420,loop
440.436,33284420,loop
440.541,33284420,loop
440.647,33284420,loop
440.752,33284420,loop
440.857,33284420,loop
440.962,33284420,loop
441.067,33284420,loop
441.172,33284420,loop
441.278,33284420,loop
441.383,33284420,loop
441.488,33284420,loop
441.593,33284420,loop
441.698,33284420,loop
441.803,33284420,loop
441.908,33284420,loop
442.014,33284420,loop
442.119,33284420,loop
442.224,33284420,loop
442.329,33284420,loop
442.434,33284420,loop
442.539,33284420,loop
442.645,33284420,loop
442.750,33284420,loop
442.855,33284420,loop
442.960,33284676,loop
443.065,33284676,loop
443.170,33284676,loop
443.276,33284676,loop
443.381,33284676,loop
443.486,33284676,loop
443.591,33284676,loop
443.696,33284676,loop
443.801,33284676,loop
443.907,33284676,loop
444.012,33284676,loop
444.117,33284676,loop
444.222,33284676,loop
444.327,33284676,loop
444.432,33284676,loop
444.538,33284676,loop
444.643,33284676,loop
444.748,33284676,loop
444.853,33284676,loop
444.958,33284676,loop
445.063,33284676,loop
445.169,33284676,loop
445.274,33284676,loop
445.379,33284676,loop
445.484,33284676,loop
445.589,33284676,loop
445.694,33284676,loop
445.800,33284676,loop
445.905,33284676,loop
446.010,33284676,loop
446.115,33284676,loop
446.220,33284676,loop
446.326,33284676,loop
446.431,33284676,loop
446.536,33284676,loop
446.641,33284676,loop
446.746,33284676,loop
446.851,33284676,loop
446.957,33284676,loop
447.062,33284676,loop
447.167,33284676,loop
447.272,33284676,loop
447.377,33284676,loop
447.482,33284676,loop
447.588,33284676,loop
447.693,33284676,loop
447.798,33284676,loop
447.903,33284676,loop
448.008,33284676,loop
448.113,33284676,loop
448.219,33284676,loop
448.324,33284676,loop
448.429,33284676,loop
448.534,33284676,loop
448.639,33284676,loop
448.744,33284676,loop
448.849,33284676,loop
448.955,33284676,loop
449.060,33284676,loop
449.165,33284676,loop
449.270,33284676,loop
449.375,33284676,loop
449.480,33284676,loop
449.586,33284676,loop
449.691,33284676,loop
449.796,33284676,loop
449.901,33284676,loop
450.006,33284676,loop
450.111,33284676,loop
450.217,33284676,loop
450.322,33284676,loop
450.427,33284676,loop
450.532,33284676,loop
450.637,33284676,loop
450.742,33284676,loop
450.848,33284676,loop
450.953,33284676,loop
451.058,33284676,loop
451.163,33284676,loop
451.268,33284676,loop
451.373,33284676,loop
451.479,33284676,loop
451.584,33284676,loop
451.689,33284676,loop
451.794,33284676,loop
451.899,33284676,loop
452.004,33284676,loop
452.110,33284676,loop
452.215,33284676,loop
452.320,33284676,loop
452.425,33284676,loop
452.530,33284676,loop
452.635,33284676,loop
452.741,33284676,loop
452.846,33284676,loop
452.951,33284676,loop
453.056,33284676,loop
453.161,33284932,loop
453.266,33284932,loop
453.372,33284932,loop
453.477,33284932,loop
453.582,33284932,loop
453.687,33284932,loop
453.792,33284932,loop
453.897,33284932,loop
454.003,33284932,loop
454.108,33284932,loop
454.213,33284932,loop
454.318,33284932,loop
454.423,33284932,loop
454.528,33284932,loop
454.634,33284932,loop
454.739,33284932,loop
454.844,33284932,loop
454.949,33284932,loop
455.054,33284932,loop
455.159,33284932,loop
455.265,33284932,loop
455.370,33284932,loop
455.475,33284932,loop
455.580,33284932,loop
455.685,33284932,loop
455.790,33284932,loop
455.896,33284932,loop
456.001,33284932,loop
456.106,33284932,loop
456.211,33284932,loop
456.316,33284932,loop
456.421,33284932,loop
456.527,33284932,loop
456.632,33284932,loop
456.737,33284932,loop
456.842,33284932,loop
456.947,33284932,loop
457.052,33284932,loop
457.157,33284932,loop
457.263,33284932,loop
457.368,33284932,loop
457.473,33284932,loop
457.578,33284932,loop
457.683,33284932,loop
457.789,33284932,loop
457.894,33284932,loop
457.999,33284932,loop
458.104,33284932,loop
458.209,33284932,loop
458.314,33284932,loop
458.420,33284932,loop
458.525,33284932,loop
458.630,33284932,loop
458.735,33284932,loop
458.840,33284932,loop
458.945,33284932,loop
459.050,33284932,loop
459.156,33284932,loop
459.261,33284932,loop
459.366,33284932,loop
459.471,33284932,loop
459.576,33284932,loop
459.681,33284932,loop
459.787,33284932,loop
459.892,33284932,loop
459.997,33284932,loop
460.102,33284932,loop
460.207,33284932,loop
460.312,33284932,loop
460.418,33284932,loop
460.523,33284932,loop
460.628,33284932,loop
460.733,33284932,loop
460.838,33284932,loop
460.943,33284932,loop
461.049,33284932,loop
461.154,33284932,loop
461.259,33284932,loop
461.364,33284932,loop
461.469,33284932,loop
461.574,33284932,loop
461.680,33284932,loop
461.785,33284932,loop
461.890,33284932,loop
461.995,33284932,loop
462.100,33284932,loop
462.205,33284932,loop
462.311,33284932,loop
462.416,33284932,loop
462.521,33284932,loop
462.626,33284932,loop
462.731,33284932,loop
462.836,33284932,loop
462.942,33284932,loop
463.047,33284932,loop
463.152,33284932,loop
463.257,33284932,loop
463.362,33284932,loop
463.467,33285188,loop
463.573,33285188,loop
463.678,33285188,loop
463.783,33285188,loop
463.888,33285188,loop
463.993,33285188,loop
464.098,33285188,loop
464.204,33285188,loop
464.309,33285188,loop
464.414,33285188,loop
464.519,33285188,loop
464.624,33285188,loop
464.729,33285188,loop
464.835,33285188,loop
464.940,33285188,loop
465.045,33285188,loop
465.150,33285188,loop
465.255,33285188,loop
465.360,33285188,loop
465.465,33285188,loop
465.571,33285188,loop
465.676,33285188,loop
465.781,33285188,loop
465.886,33285188,loop
465.991,33285188,loop
466.097,33285188,loop
466.202,33285188,loop
466.307,33285188,loop
466.412,33285188,loop
466.517,33285188,loop
466.622,33285188,loop
466.728,33285188,loop
466.833,33285188,loop
466.938,33285188,loop
467.043,33285188,loop
467.148,33285188,loop
467.253,33285188,loop
467.359,33285188,loop
467.464,33285188,loop
467.569,33285188,loop
467.674,33285188,loop
467.779,33285188,loop
467.884,33285188,loop
467.989,33285188,loop
468.095,33285188,loop
468.200,33285188,loop
468.305,33285188,loop
468.410,33285188,loop
468.515,33285188,loop
468.620,33285188,loop
468.726,33285188,loop
468.831,33285188,loop
468.936,33285188,loop
469.041,33285188,loop
469.146,33285188,loop
469.251,33285188,loop
469.357,33285188,loop
469.462,33285188,loop
469.567,33285188,loop
469.672,33285188,loop
469.777,33285188,loop
469.882,33285188,loop
469.988,33285188,loop
470.093,33285188,loop
470.198,33285188,loop
470.303,33285188,loop
470.408,33285188,loop
470.513,33285188,loop
470.619,33285188,loop
470.724,33285188,loop
470.829,33285188,loop
470.934,33285188,loop
471.039,33285188,loop
471.144,33285188,loop
471.250,33285188,loop
471.355,33285188,loop
471.460,33285188,loop
471.565,33285188,loop
471.670,33285188,loop
471.776,33285188,loop
471.881,33285188,loop
471.986,33285188,loop
472.091,33285188,loop
472.196,33285188,loop
472.301,33285188,loop
472.406,33285188,loop
472.512,33285188,loop
472.617,33285188,loop
472.722,33285188,loop
472.827,33285188,loop
472.932,33285188,loop
473.037,33285188,loop
473.143,33285188,loop
473.248,33285188,loop
473.353,33285188,loop
473.458,33285188,loop
473.563,33285188,loop
473.668,33285444,loop
473.774,33285444,loop
473.879,33285444,loop
473.984,33285444,loop
474.089,33285444,loop
474.194,33285444,loop
474.299,33285444,loop
474.405,33285444,loop
474.510,33285444,loop
474.615,33285444,loop
474.720,33285444,loop
474.825,33285444,loop
474.930,33285444,loop
475.036,33285444,loop
475.141,33285444,loop
475.246,33285444,loop
475.351,33285444,loop
475.456,33285444,loop
475.561,33285444,loop
475.667,33285444,loop
475.772,33285444,loop
475.877,33285444,loop
475.982,33285444,loop
476.087,33285444,loop
476.192,33285444,loop
476.298,33285444,loop
476.403,33285444,loop
476.508,33285444,loop
476.613,33285444,loop
476.718,33285444,loop
476.823,33285444,loop
476.929,33285444,loop
477.034,33285444,loop
477.139,33285444,loop
477.244,33285444,loop
477.349,33285444,loop
477.454,33285444,loop
477.559,33285444,loop
477.665,33285444,loop
477.770,33285444,loop
477.875,33285444,loop
477.980,33285444,loop
478.085,33285444,loop
478.190,33285444,loop
478.296,33285444,loop
478.401,33285444,loop
478.506,33285444,loop
478.611,33285444,loop
478.716,33285444,loop
478.821,33285444,loop
478.927,33285444,loop
479.032,33285444,loop
479.137,33285444,loop
479.242,33285444,loop
479.347,33285444,loop
479.452,33285444,loop
479.558,33285444,loop
479.663,33285444,loop
479.768,33287492,loop
479.873,33287492,loop
479.978,33287492,loop
480.083,33287492,loop
480.189,33287492,loop
480.294,33287492,loop
480.399,33287492,loop
480.504,33287492,loop
480.609,33287492,loop
480.714,33287492,loop
480.820,33287492,loop
480.925,33287492,loop
481.030,33287492,loop
481.135,33287492,loop
481.240,33287492,loop
481.345,33287492,loop
481.451,33287492,loop
481.556,33287492,loop
481.661,33287492,loop
481.766,33287492,loop
481.871,33287492,loop
481.976,33287492,loop
482.082,33287492,loop
482.187,33287492,loop
482.292,33287492,loop
482.397,33287492,loop
482.502,33287492,loop
482.607,33287492,loop
482.712,33287492,loop
482.818,33287492,loop
482.923,33287492,loop
483.028,33287492,loop
483.133,33287492,loop
483.238,33287492,loop
483.343,33287492,loop
483.449,33287492,loop
483.554,33287492,loop
483.659,33287492,loop
483.764,33287492,loop
483.869,33287748,loop
483.974,33287748,loop
484.080,33287748,loop
484.185,33287748,loop
484.290,33287748,loop
484.395,33287748,loop
484.500,33287748,loop
484.606,33287748,loop
484.711,33287748,loop
484.816,33287748,loop
484.921,33287748,loop
485.026,33287748,loop
485.131,33287748,loop
485.237,33287748,loop
485.342,33287748,loop
485.447,33287748,loop
485.552,33287748,loop
485.657,33287748,loop
485.762,33287748,loop
485.868,33287748,loop
485.973,33287748,loop
486.078,33287748,loop
486.183,33287748,loop
486.288,33287748,loop
486.393,33287748,loop
486.498,33287748,loop
486.604,33287748,loop
486.709,33287748,loop
486.814,33287748,loop
486.919,33287748,loop
487.024,33287748,loop
487.130,33287748,loop
487.235,33287748,loop
487.340,33287748,loop
487.445,33287748,loop
487.550,33287748,loop
487.655,33287748,loop
487.760,33287748,loop
487.866,33287748,loop
487.971,33287748,loop
488.076,33287748,loop
488.181,33287748,loop
488.286,33287748,loop
488.391,33287748,loop
488.497,33287748,loop
488.602,33287748,loop
488.707,33287748,loop
488.812,33287748,loop
488.917,33287748,loop
489.022,33287748,loop
489.128,33287748,loop
489.233,33287748,loop
489.338,33287748,loop
489.443,33287748,loop
489.548,33287748,loop
489.653,33287748,loop
489.759,33287748,loop
489.864,33287748,loop
489.969,33287748,loop
490.074,33287748,loop
490.179,33287748,loop
490.284,33287748,loop
490.390,33287748,loop
490.495,33287748,loop
490.600,33287748,loop
490.705,33287748,loop
490.811,33287748,loop
490.916,33287748,loop
491.021,33287748,loop
491.126,33287748,loop
491.231,33287748,loop
491.336,33287748,loop
491.442,33287748,loop
491.547,33287748,loop
491.652,33287748,loop
491.757,33287748,loop
491.862,33287748,loop
491.967,33287748,loop
492.072,33287748,loop
492.178,33287748,loop
492.283,33287748,loop
492.388,33287748,loop
492.493,33287748,loop
492.598,33287748,loop
492.704,33287748,loop
492.809,33287748,loop
492.914,33287748,loop
493.019,33287748,loop
493.124,33287748,loop
493.229,33287748,loop
493.335,33287748,loop
493.440,33287748,loop
493.545,33287748,loop
493.650,33287748,loop
493.755,33287748,loop
493.860,33287748,loop
493.965,33287748,loop
494.071,33287748,loop
494.176,33288004,loop
494.281,33288004,loop
494.386,33288004,loop
494.491,33288004,loop
494.596,33288004,loop
494.702,33288004,loop
494.807,33288004,loop
494.912,33288004,loop
495.017,33288004,loop
495.122,33288004,loop
495.227,33288004,loop
495.333,33288004,loop
495.438,33288004,loop
495.543,33288004,loop
495.648,33288004,loop
495.753,33288004,loop
495.858,33288004,loop
495.964,33288004,loop
496.069,33288004,loop
496.174,33288004,loop
496.279,33288004,loop
496.384,33288004,loop
496.489,33288004,loop
496.595,33288004,loop
496.700,33288004,loop
496.805,33288004,loop
496.910,33288004,loop
497.015,33288004,loop
497.120,33288004,loop
497.226,33288004,loop
497.331,33288004,loop
497.436,33288004,loop
497.541,33288004,loop
497.646,33288004,loop
497.752,33288004,loop
497.857,33288004,loop
497.962,33288004,loop
498.067,33288004,loop
498.172,33288004,loop
498.277,33288004,loop
498.382,33288004,loop
498.488,33288004,loop
498.593,33288004,loop
498.698,33288004,loop
498.803,33288004,loop
498.908,33288004,loop
499.013,33288004,loop
499.119,33288004,loop
499.224,33288004,loop
499.329,33288004,loop
499.434,33288004,loop
499.539,33288004,loop
499.644,33288004,loop
499.750,33288004,loop
499.855,33288004,loop
499.960,33288004,loop
500.065,33288004,loop
500.170,33288004,loop
500.275,33288004,loop
500.381,33288004,loop
500.486,33288004,loop
500.591,33288004,loop
500.696,33288004,loop
500.801,33288004,loop
500.906,33288004,loop
501.012,33288004,loop
501.117,33288004,loop
501.222,33288004,loop
501.327,33288004,loop
501.432,33288004,loop
501.537,33288004,loop
501.643,33288004,loop
501.748,33288004,loop
501.853,33288004,loop
501.958,33288004,loop
502.063,33288004,loop
502.168,33288004,loop
502.274,33288004,loop
502.379,33288004,loop
502.484,33288004,loop
502.589,33288004,loop
502.694,33288004,loop
502.799,33288004,loop
502.905,33288004,loop
503.010,33288004,loop
503.115,33288004,loop
503.220,33288004,loop
503.325,33288004,loop
503.430,33288004,loop
503.536,33288004,loop
503.641,33288004,loop
503.746,33288004,loop
503.851,33288004,loop
503.956,33288004,loop
504.061,33288004,loop
504.166,33288004,loop
504.272,33288004,loop
504.377,33288260,loop
504.482,33288260,loop
504.587,33288260,loop
504.692,33288260,loop
504.797,33288260,loop
504.903,33288260,loop
505.008,33288260,loop
505.113,33288260,loop
505.218,33288260,loop
505.323,33288260,loop
505.428,33288260,loop
505.534,33288260,loop
505.639,33288260,loop
505.744,33288260,loop
505.849,33288260,loop
505.954,33288260,loop
506.059,33288260,loop
506.165,33288260,loop
506.270,33288260,loop
506.375,33288260,loop
506.480,33288260,loop
506.585,33288260,loop
506.690,33288260,loop
506.796,33288260,loop
506.901,33288260,loop
507.006,33288260,loop
507.111,33288260,loop
507.216,33288260,loop
507.321,33288260,loop
507.427,33288260,loop
507.532,33288260,loop
507.637,33288260,loop
507.742,33288260,loop
507.847,33288260,loop
507.952,33288260,loop
508.058,33288260,loop
508.163,33288260,loop
508.268,33288260,loop
508.373,33288260,loop
508.478,33288260,loop
508.583,33288260,loop
508.689,33288260,loop
508.794,33288260,loop
508.899,33288260,loop
509.004,33288260,loop
509.109,33288260,loop
509.214,33288260,loop
509.320,33288260,loop
509.425,33288260,loop
509.530,33288260,loop
509.635,33288260,loop
509.740,33288260,loop
509.845,33288260,loop
509.951,33288260,loop
510.056,33288260,loop
510.161,33288260,loop
510.266,33288260,loop
510.371,33288260,loop
510.476,33288260,loop
510.582,33288260,loop
510.687,33288260,loop
510.792,33288260,loop
510.897,33288260,loop
511.002,33288260,loop
511.107,33288260,loop
511.213,33288260,loop
511.318,33288260,loop
511.423,33288260,loop
511.528,33288260,loop
511.633,33288260,loop
511.738,33288260,loop
511.844,33288260,loop
511.949,33288260,loop
512.054,33288260,loop
512.159,33288260,loop
512.264,33288260,loop
512.369,33288260,loop
512.475,33288260,loop
512.580,33288260,loop
512.685,33288260,loop
512.790,33288260,loop
512.895,33288260,loop
513.000,33288260,loop
513.106,33288260,loop
513.211,33288260,loop
513.316,33288260,loop
513.421,33288260,loop
513.526,33288260,loop
513.631,33288260,loop
513.737,33288260,loop
513.842,33288260,loop
513.947,33288260,loop
514.052,33288260,loop
514.157,33288260,loop
514.262,33288260,loop
514.368,33288260,loop
514.473,33288260,loop
514.578,33288516,loop
514.683,33288516,loop
514.788,33288516,loop
514.893,33288516,loop
514.999,33288516,loop
515.104,33288516,loop
515.209,33288516,loop
515.314,33288516,loop
515.419,33288516,loop
515.524,33288516,loop
515.630,33288516,loop
515.735,33288516,loop
515.840,33288516,loop
515.945,33288516,loop
516.050,33288516,loop
516.155,33288516,loop
516.261,33288516,loop
516.366,33288516,loop
516.471,33288516,loop
516.576,33288516,loop
516.681,33288516,loop
516.786,33288516,loop
516.892,33288516,loop
516.997,33288516,loop
517.102,33288516,loop
517.207,33288516,loop
517.312,33288516,loop
517.417,33288516,loop
517.523,33288516,loop
517.628,33288516,loop
517.733,33288516,loop
517.838,33288516,loop
517.943,33288516,loop
518.048,33288516,loop
518.154,33288516,loop
518.259,33288516,loop
518.364,33288516,loop
518.469,33288516,loop
518.574,33288516,loop
518.679,33288516,loop
518.784,33288516,loop
518.890,33288516,loop
518.995,33288516,loop
519.100,33288516,loop
519.205,33288516,loop
519.310,33288516,loop
519.415,33288516,loop
519.521,33288516,loop
519.626,33288516,loop
519.731,33288516,loop
519.836,33288516,loop
519.941,33288516,loop
520.046,33288516,loop
520.152,33288516,loop
520.257,33288516,loop
520.362,33288516,loop
520.467,33288516,loop
520.572,33288516,loop
520.677,33288516,loop
520.783,33288516,loop
520.888,33288516,loop
520.993,33288516,loop
521.098,33288516,loop
521.203,33288516,loop
521.308,33288516,loop
521.414,33288516,loop
521.519,33288516,loop
521.624,33288516,loop
521.729,33288516,loop
521.834,33288516,loop
521.939,33288516,loop
522.045,33288516,loop
522.150,33288516,loop
522.255,33288516,loop
522.360,33288516,loop
522.465,33288516,loop
522.570,33288516,loop
522.676,33288516,loop
522.781,33288516,loop
522.886,33288516,loop
522.991,33288516,loop
523.096,33288516,loop
523.201,33288516,loop
523.307,33288516,loop
523.412,33288516,loop
523.517,33288516,loop
523.622,33288516,loop
523.727,33288516,loop
523.832,33288516,loop
523.938,33288516,loop
524.043,33288516,loop
524.148,33288516,loop
524.253,33288516,loop
524.358,33288516,loop
524.463,33288516,loop
524.568,33288516,loop
524.674,33288516,loop
524.779,33288516,loop
524.884,33288772,loop
524.989,33288772,loop
525.094,33288772,loop
525.200,33288772,loop
525.305,33288772,loop
525.410,33288772,loop
525.515,33288772,loop
525.620,33288772,loop
525.725,33288772,loop
525.830,33288772,loop
525.936,33288772,loop
526.041,33288772,loop
526.146,33288772,loop
526.251,33288772,loop
526.356,33288772,loop
526.461,33288772,loop
526.567,33288772,loop
526.672,33288772,loop
526.777,33288772,loop
526.882,33288772,loop
526.987,33288772,loop
527.092,33288772,loop
527.198,33288772,loop
527.303,33288772,loop
527.408,33288772,loop
527.513,33288772,loop
527.618,33288772,loop
527.723,33288772,loop
527.829,33288772,loop
527.934,33288772,loop
528.039,33288772,loop
528.144,33288772,loop
528.249,33288772,loop
528.354,33288772,loop
528.460,33288772,loop
528.565,33288772,loop
528.670,33288772,loop
528.775,33288772,loop
528.880,33288772,loop
528.985,33288772,loop
529.091,33288772,loop
529.196,33288772,loop
529.301,33288772,loop
529.406,33288772,loop
529.511,33288772,loop
529.616,33288772,loop
529.722,33288772,loop
529.827,33288772,loop
529.932,33288772,loop
530.037,33288772,loop
530.142,33288772,loop
530.247,33288772,loop
530.353,33288772,loop
530.458,33288772,loop
530.563,33288772,loop
530.668,33288772,loop
530.773,33288772,loop
530.878,33288772,loop
530.984,33288772,loop
531.089,33288772,loop
531.194,33288772,loop
531.299,33288772,loop
531.404,33288772,loop
531.509,33288772,loop
531.615,33288772,loop
531.720,33288772,loop
531.825,33288772,loop
531.930,33288772,loop
532.035,33288772,loop
532.140,33288772,loop
532.246,33288772,loop
532.351,33288772,loop
532.456,33288772,loop
532.561,33288772,loop
532.666,33288772,loop
532.771,33288772,loop
532.876,33288772,loop
532.982,33288772,loop
533.087,33288772,loop
533.192,33288772,loop
533.297,33288772,loop
533.402,33288772,loop
533.508,33288772,loop
533.613,33288772,loop
533.718,33288772,loop
533.823,33288772,loop
533.928,33288772,loop
534.033,33288772,loop
534.138,33288772,loop
534.244,33288772,loop
534.349,33288772,loop
534.454,33288772,loop
534.559,33288772,loop
534.664,33288772,loop
534.770,33288772,loop
534.875,33288772,loop
534.980,33288772,loop
535.085,33289028,loop
535.190,33289028,loop
535.295,33289028,loop
535.401,33289028,loop
535.506,33289028,loop
535.611,33289028,loop
535.716,33289028,loop
535.821,33289028,loop
535.926,33289028,loop
536.031,33289028,loop
536.137,33289028,loop
536.242,33289028,loop
536.347,33289028,loop
536.452,33289028,loop
536.557,33289028,loop
536.662,33289028,loop
536.768,33289028,loop
536.873,33289028,loop
536.978,33289028,loop
537.083,33289028,loop
537.188,33289028,loop
537.293,33289028,loop
537.399,33289028,loop
537.504,33289028,loop
537.609,33289028,loop
537.714,33289028,loop
537.819,33289028,loop
537.924,33289028,loop
538.030,33289028,loop
538.135,33289028,loop
538.240,33289028,loop
538.345,33289028,loop
538.450,33289028,loop
538.555,33289028,loop
538.661,33289028,loop
538.766,33289028,loop
538.871,33289028,loop
538.976,33289028,loop
539.081,33289028,loop
539.186,33289028,loop
539.292,33289028,loop
539.397,33289028,loop
539.502,33289028,loop
539.607,33289028,loop
539.712,33289028,loop
539.817,33289028,loop
539.923,33289028,loop
540.028,33289028,loop
540.133,33289028,loop
540.238,33289028,loop
540.343,33289028,loop
540.448,33289028,loop
540.554,33291076,loop
540.659,33291076,loop
540.764,33291076,loop
540.869,33291076,loop
540.974,33291076,loop
541.079,33291076,loop
541.185,33291076,loop
541.290,33291076,loop
541.395,33291076,loop
541.500,33291076,loop
541.605,33291076,loop
541.710,33291076,loop
541.816,33291076,loop
541.921,33291076,loop
542.026,33291076,loop
542.131,33291076,loop
542.236,33291076,loop
542.341,33291076,loop
542.447,33291076,loop
542.552,33291076,loop
542.657,33291076,loop
542.762,33291076,loop
542.867,33291076,loop
542.972,33291076,loop
543.078,33291076,loop
543.183,33291076,loop
543.288,33291076,loop
543.393,33291076,loop
543.498,33291076,loop
543.603,33291076,loop
543.709,33291076,loop
543.814,33291076,loop
543.919,33291076,loop
544.024,33291076,loop
544.129,33291076,loop
544.234,33291076,loop
544.340,33291076,loop
544.445,33291076,loop
544.550,33291076,loop
544.655,33291076,loop
544.760,33291076,loop
544.865,33291076,loop
544.971,33291076,loop
545.076,33291076,loop
545.181,33291076,loop
545.286,33291076,loop
545.391,33291332,loop
545.496,33291332,loop
545.602,33291332,loop
545.707,33291332,loop
545.812,33291332,loop
545.917,33291332,loop
546.022,33291332,loop
546.127,33291332,loop
546.233,33291332,loop
546.338,33291332,loop
546.443,33291332,loop
546.548,33291332,loop
546.653,33291332,loop
546.758,33291332,loop
546.864,33291332,loop
546.969,33291332,loop
547.074,33291332,loop
547.179,33291332,loop
547.284,33291332,loop
547.390,33291332,loop
547.495,33291332,loop
547.600,33291332,loop
547.705,33291332,loop
547.810,33291332,loop
547.915,33291332,loop
548.020,33291332,loop
548.126,33291332,loop
548.231,33291332,loop
548.336,33291332,loop
548.441,33291332,loop
548.546,33291332,loop
548.652,33291332,loop
548.757,33291332,loop
548.862,33291332,loop
548.967,33291332,loop
549.072,33291332,loop
549.177,33291332,loop
549.282,33291332,loop
549.388,33291332,loop
549.493,33291332,loop
549.598,33291332,loop
549.703,33291332,loop
549.808,33291332,loop
549.913,33291332,loop
550.019,33291332,loop
550.124,33291332,loop
550.229,33291332,loop
550.334,33291332,loop
550.439,33291332,loop
550.544,33291332,loop
550.650,33291332,loop
550.755,33291332,loop
550.860,33291332,loop
550.965,33291332,loop
551.070,33291332,loop
551.175,33291332,loop
551.281,33291332,loop
551.386,33291332,loop
551.491,33291332,loop
551.596,33291332,loop
551.701,33291332,loop
551.806,33291332,loop
551.912,33291332,loop
552.017,33291332,loop
552.122,33291332,loop
552.227,33291332,loop
552.332,33291332,loop
552.437,33291332,loop
552.543,33291332,loop
552.648,33291332,loop
552.753,33291332,loop
552.858,33291332,loop
552.963,33291332,loop
553.069,33291332,loop
553.174,33291332,loop
553.280,33291332,loop
553.385,33291332,loop
553.490,33291332,loop
553.595,33291332,loop
553.700,33291332,loop
553.806,33291332,loop
553.911,33291332,loop
554.016,33291332,loop
554.121,33291332,loop
554.226,33291332,loop
554.331,33291332,loop
554.437,33291332,loop
554.542,33291332,loop
554.647,33291332,loop
554.752,33291332,loop
554.857,33291332,loop
554.962,33291332,loop
555.067,33291332,loop
555.173,33291332,loop
555.278,33291332,loop
555.383,33291332,loop
555.488,33291332,loop
555.593,33291588,loop
555.698,33291588,loop
555.804,33291588,loop
555.909,33291588,loop
556.014,33291588,loop
556.119,33291588,loop
556.224,33291588,loop
556.329,33291588,loop
556.435,33291588,loop
556.540,33291588,loop
556.645,33291588,loop
556.750,33291588,loop
556.855,33291588,loop
556.960,33291588,loop
557.066,33291588,loop
557.171,33291588,loop
557.276,33291588,loop
557.381,33291588,loop
557.486,33291588,loop
557.591,33291588,loop
557.697,33291588,loop
557.802,33291588,loop
557.907,33291588,loop
558.012,33291588,loop
558.117,33291588,loop
558.222,33291588,loop
558.328,33291588,loop
558.433,33291588,loop
558.538,33291588,loop
558.643,33291588,loop
558.748,33291588,loop
558.853,33291588,loop
558.959,33291588,loop
559.064,33291588,loop
559.169,33291588,loop
559.274,33291588,loop
559.379,33291588,loop
559.484,33291588,loop
559.590,33291588,loop
559.695,33291588,loop
559.800,33291588,loop
559.905,33291588,loop
560.010,33291588,loop
560.115,33291588,loop
560.221,33291588,loop
560.326,33291588,loop
560.431,33291588,loop
560.536,33291588,loop
560.641,33291588,loop
560.746,33291588,loop
560.852,33291588,loop
560.957,33291588,loop
561.062,33291588,loop
561.167,33291588,loop
561.272,33291588,loop
561.377,33291588,loop
561.483,33291588,loop
561.588,33291588,loop
561.693,33291588,loop
561.798,33291588,loop
561.903,33291588,loop
562.008,33291588,loop
562.114,33291588,loop
562.219,33291588,loop
562.324,33291588,loop
562.429,33291588,loop
562.534,33291588,loop
562.639,33291588,loop
562.745,33291588,loop
562.850,33291588,loop
562.955,33291588,loop
563.060,33291588,loop
563.165,33291588,loop
563.270,33291588,loop
563.376,33291588,loop
563.481,33291588,loop
563.586,33291588,loop
563.691,33291588,loop
563.796,33291588,loop
563.901,33291588,loop
564.007,33291588,loop
564.112,33291588,loop
564.217,33291588,loop
564.322,33291588,loop
564.427,33291588,loop
564.532,33291588,loop
564.638,33291588,loop
564.743,33291588,loop
564.848,33291588,loop
564.953,33291588,loop
565.058,33291588,loop
565.163,33291588,loop
565.268,33291588,loop
565.374,33291588,loop
565.479,33291588,loop
565.584,33291588,loop
565.689,33291588,loop
565.794,33291844,loop
565.899,33291844,loop
566.005,33291844,loop
566.110,33291844,loop
566.215,33291844,loop
566.320,33291844,loop
566.425,33291844,loop
566.530,33291844,loop
566.636,33291844,loop
566.741,33291844,loop
566.846,33291844,loop
566.951,33291844,loop
567.056,33291844,loop
567.161,33291844,loop
567.267,33291844,loop
567.372,33291844,loop
567.477,33291844,loop
567.582,33291844,loop
567.687,33291844,loop
567.792,33291844,loop
567.898,33291844,loop
568.003,33291844,loop
568.108,33291844,loop
568.213,33291844,loop
568.318,33291844,loop
568.423,33291844,loop
568.529,33291844,loop
568.634,33291844,loop
568.739,33291844,loop
568.844,33291844,loop
568.949,33291844,loop
569.054,33291844,loop
569.160,33291844,loop
569.265,33291844,loop
569.370,33291844,loop
569.475,33291844,loop
569.580,33291844,loop
569.685,33291844,loop
569.791,33291844,loop
569.896,33291844,loop
570.001,33291844,loop
570.106,33291844,loop
570.211,33291844,loop
570.316,33291844,loop
570.422,33291844,loop
570.527,33291844,loop
570.632,33291844,loop
570.737,33291844,loop
570.842,33291844,loop
570.947,33291844,loop
571.053,33291844,loop
571.158,33291844,loop
571.263,33291844,loop
571.368,33291844,loop
571.473,33291844,loop
571.578,33291844,loop
571.684,33291844,loop
571.789,33291844,loop
571.894,33291844,loop
571.999,33291844,loop
572.104,33291844,loop
572.210,33291844,loop
572.315,33291844,loop
572.420,33291844,loop
572.525,33291844,loop
572.630,33291844,loop
572.735,33291844,loop
572.840,33291844,loop
572.946,33291844,loop
573.051,33291844,loop
573.156,33291844,loop
573.261,33291844,loop
573.366,33291844,loop
573.471,33291844,loop
573.577,33291844,loop
573.682,33291844,loop
573.787,33291844,loop
573.892,33291844,loop
573.997,33291844,loop
574.103,33291844,loop
574.208,33291844,loop
574.313,33291844,loop
574.418,33291844,loop
574.523,33291844,loop
574.628,33291844,loop
574.734,33291844,loop
574.839,33291844,loop
574.944,33291844,loop
575.049,33291844,loop
575.154,33291844,loop
575.259,33291844,loop
575.365,33291844,loop
575.470,33291844,loop
575.575,33291844,loop
575.680,33291844,loop
575.785,33291844,loop
575.890,33291844,loop
575.996,33291844,loop
576.101,33292100,loop
576.206,33292100,loop
576.311,33292100,loop
576.416,33292100,loop
576.521,33292100,loop
576.627,33292100,loop
576.732,33292100,loop
576.837,33292100,loop
576.942,33292100,loop
577.047,33292100,loop
577.152,33292100,loop
577.258,33292100,loop
577.363,33292100,loop
577.468,33292100,loop
577.573,33292100,loop
577.678,33292100,loop
577.783,33292100,loop
577.889,33292100,loop
577.994,33292100,loop
578.099,33292100,loop
578.204,33292100,loop
578.309,33292100,loop
578.414,33292100,loop
578.519,33292100,loop
578.625,33292100,loop
578.730,33292100,loop
578.835,33292100,loop
578.940,33292100,loop
579.045,33292100,loop
579.150,33292100,loop
579.256,33292100,loop
579.361,33292100,loop
579.466,33292100,loop
579.571,33292100,loop
579.676,33292100,loop
579.781,33292100,loop
579.887,33292100,loop
579.992,33292100,loop
580.097,33292100,loop
580.202,33292100,loop
580.307,33292100,loop
580.412,33292100,loop
580.518,33292100,loop
580.623,33292100,loop
580.728,33292100,loop
580.833,33292100,loop
580.938,33292100,loop
581.043,33292100,loop
581.149,33292100,loop
581.254,33292100,loop
581.359,33292100,loop
581.464,33292100,loop
581.569,33292100,loop
581.674,33292100,loop
581.780,33292100,loop
581.885,33292100,loop
581.990,33292100,loop
582.095,33292100,loop
582.200,33292100,loop
582.305,33292100,loop
582.411,33292100,loop
582.516,33292100,loop
582.621,33292100,loop
582.726,33292100,loop
582.831,33292100,loop
582.936,33292100,loop
583.042,33292100,loop
583.147,33292100,loop
583.252,33292100,loop
583.357,33292100,loop
583.462,33292100,loop
583.567,33292100,loop
583.673,33292100,loop
583.778,33292100,loop
583.883,33292100,loop
583.988,33292100,loop
584.093,33292100,loop
584.198,33292100,loop
584.304,33292100,loop
584.409,33292100,loop
584.514,33292100,loop
584.619,33292100,loop
584.724,33292100,loop
584.830,33292100,loop
584.935,33292100,loop
585.040,33292100,loop
585.145,33292100,loop
585.250,33292100,loop
585.355,33292100,loop
585.461,33292100,loop
585.566,33292100,loop
585.671,33292100,loop
585.776,33292100,loop
585.881,33292100,loop
585.986,33292100,loop
586.091,33292100,loop
586.197,33292100,loop
586.302,33292356,loop
586.407,33292356,loop
586.512,33292356,loop
586.617,33292356,loop
586.723,33292356,loop
586.828,33292356,loop
586.933,33292356,loop
587.038,33292356,loop
587.143,33292356,loop
587.248,33292356,loop
587.353,33292356,loop
587.459,33292356,loop
587.564,33292356,loop
587.669,33292356,loop
587.774,33292356,loop
587.879,33292356,loop
587.984,33292356,loop
588.090,33292356,loop
588.195,33292356,loop
588.300,33292356,loop
588.405,33292356,loop
588.510,33292356,loop
588.615,33292356,loop
588.721,33292356,loop
588.826,33292356,loop
588.931,33292356,loop
589.036,33292356,loop
589.141,33292356,loop
589.246,33292356,loop
589.352,33292356,loop
589.457,33292356,loop
589.562,33292356,loop
589.667,33292356,loop
589.772,33292356,loop
589.878,33292356,loop
589.983,33292356,loop
590.088,33292356,loop
590.193,33292356,loop
590.298,33292356,loop
590.403,33292356,loop
590.508,33292356,loop
590.614,33292356,loop
590.719,33292356,loop
590.824,33292356,loop
590.929,33292356,loop
591.034,33292356,loop
591.139,33292356,loop
591.245,33292356,loop
591.350,33292356,loop
591.455,33292356,loop
591.560,33292356,loop
591.665,33292356,loop
591.770,33292356,loop
591.876,33292356,loop
591.981,33292356,loop
592.086,33292356,loop
592.191,33292356,loop
592.296,33292356,loop
592.401,33292356,loop
592.507,33292356,loop
592.612,33292356,loop
592.717,33292356,loop
592.822,33292356,loop
592.927,33292356,loop
593.032,33292356,loop
593.138,33292356,loop
593.243,33292356,loop
593.348,33292356,loop
593.453,33292356,loop
593.558,33292356,loop
593.663,33292356,loop
593.769,33292356,loop
593.874,33292356,loop
593.979,33292356,loop
594.084,33292356,loop
594.189,33292356,loop
594.294,33292356,loop
594.400,33292356,loop
594.505,33292356,loop
594.610,33292356,loop
594.715,33292356,loop
594.820,33292356,loop
594.925,33292356,loop
595.031,33292356,loop
595.136,33292356,loop
595.241,33292356,loop
595.346,33292356,loop
595.451,33292356,loop
595.556,33292356,loop
595.662,33292356,loop
595.767,33292356,loop
595.872,33292356,loop
595.977,33292356,loop
596.082,33292356,loop
596.187,33292356,loop
596.293,33292356,loop
596.398,33292356,loop
596.503,33292612,loop
596.608,33292612,loop
596.713,33292612,loop
596.818,33292612,loop
596.924,33292612,loop
597.029,33292612,loop
597.134,33292612,loop
597.239,33292612,loop
597.344,33292612,loop
597.449,33292612,loop
597.555,33292612,loop
597.660,33292612,loop
597.765,33292612,loop
597.870,33292612,loop
597.975,33292612,loop
598.080,33292612,loop
598.186,33292612,loop
598.291,33292612,loop
598.396,33292612,loop
598.501,33292612,loop
598.606,33292612,loop
598.711,33292612,loop
598.817,33292612,loop
598.922,33292612,loop
599.027,33292612,loop
599.132,33292612,loop
599.237,33292612,loop
599.342,33292612,loop
599.448,33292612,loop
599.553,33292612,loop
599.658,33292612,loop
599.763,33292612,loop
599.868,33292612,loop
599.973,33292612,loop
600.079,33292612,loop
600.184,33292612,loop
600.289,33292612,loop
600.394,33292612,loop
600.499,33292612,loop
600.604,33292612,loop
600.710,33292612,loop
600.815,33292612,loop
600.920,33292612,loop
601.025,33292612,loop
601.130,33292612,loop
601.235,33292612,loop
601.341,33294660,loop
601.446,33294660,loop
601.551,33294660,loop
601.656,33294660,loop
601.761,33294660,loop
601.866,33294660,loop
601.972,33294660,loop
602.077,33294660,loop
602.182,33294660,loop
602.287,33294660,loop
602.392,33294660,loop
602.497,33294660,loop
602.603,33294660,loop
602.708,33294660,loop
602.813,33294660,loop
602.918,33294660,loop
603.023,33294660,loop
603.128,33294660,loop
603.234,33294660,loop
603.339,33294660,loop
603.444,33294660,loop
603.549,33294660,loop
603.654,33294660,loop
603.759,33294660,loop
603.865,33294660,loop
603.970,33294660,loop
604.075,33294660,loop
604.180,33294660,loop
604.285,33294660,loop
604.390,33294660,loop
604.495,33294660,loop
604.601,33294660,loop
604.706,33294660,loop
604.811,33294660,loop
604.916,33294660,loop
605.021,33294660,loop
605.127,33294660,loop
605.232,33294660,loop
605.337,33294660,loop
605.442,33294660,loop
605.547,33294660,loop
605.652,33294660,loop
605.757,33294660,loop
605.863,33294660,loop
605.968,33294660,loop
606.073,33294660,loop
606.178,33294660,loop
606.283,33294660,loop
606.388,33294660,loop
606.494,33294660,loop
606.599,33294660,loop
606.704,33294660,loop
606.809,33294916,loop
606.914,33294916,loop
607.019,33294916,loop
607.125,33294916,loop
607.230,33294916,loop
607.335,33294916,loop
607.440,33294916,loop
607.545,33294916,loop
607.650,33294916,loop
607.756,33294916,loop
607.861,33294916,loop
607.966,33294916,loop
608.071,33294916,loop
608.176,33294916,loop
608.281,33294916,loop
608.387,33294916,loop
608.492,33294916,loop
608.597,33294916,loop
608.702,33294916,loop
608.807,33294916,loop
608.912,33294916,loop
609.018,33294916,loop
609.123,33294916,loop
609.228,33294916,loop
609.333,33294916,loop
609.438,33294916,loop
609.543,33294916,loop
609.649,33294916,loop
609.754,33294916,loop
609.859,33294916,loop
609.964,33294916,loop
610.069,33294916,loop
610.175,33294916,loop
610.280,33294916,loop
610.385,33294916,loop
610.490,33294916,loop
610.595,33294916,loop
610.700,33294916,loop
610.806,33294916,loop
610.911,33294916,loop
611.016,33294916,loop
611.121,33294916,loop
611.226,33294916,loop
611.331,33294916,loop
611.437,33294916,loop
611.542,33294916,loop
611.647,33294916,loop
611.752,33294916,loop
611.857,33294916,loop
611.962,33294916,loop
612.068,33294916,loop
612.173,33294916,loop
612.278,33294916,loop
612.383,33294916,loop
612.488,33294916,loop
612.593,33294916,loop
612.698,33294916,loop
612.804,33294916,loop
612.909,33294916,loop
613.014,33294916,loop
613.119,33294916,loop
613.224,33294916,loop
613.329,33294916,loop
613.435,33294916,loop
613.540,33294916,loop
613.645,33294916,loop
613.750,33294916,loop
613.855,33294916,loop
613.960,33294916,loop
614.066,33294916,loop
614.171,33294916,loop
614.276,33294916,loop
614.381,33294916,loop
614.486,33294916,loop
614.591,33294916,loop
614.697,33294916,loop
614.802,33294916,loop
614.907,33294916,loop
615.012,33294916,loop
615.117,33294916,loop
615.222,33294916,loop
615.328,33294916,loop
615.433,33294916,loop
615.538,33294916,loop
615.643,33294916,loop
615.748,33294916,loop
615.853,33294916,loop
615.959,33294916,loop
616.064,33294916,loop
616.169,33294916,loop
616.274,33294916,loop
616.379,33294916,loop
616.484,33294916,loop
616.590,33294916,loop
616.695,33294916,loop
616.800,33294916,loop
616.905,33294916,loop
617.010,33295172,loop
617.115,33295172,loop
617.221,33295172,loop
617.326,33295172,loop
617.431,33295172,loop
617.536,33295172,loop
617.641,33295172,loop
617.746,33295172,loop
617.852,33295172,loop
617.957,33295172,loop
618.062,33295172,loop
618.167,33295172,loop
618.272,33295172,loop
618.377,33295172,loop
618.483,33295172,loop
618.588,33295172,loop
618.693,33295172,loop
618.798,33295172,loop
618.903,33295172,loop
619.008,33295172,loop
619.114,33295172,loop
619.219,33295172,loop
619.324,33295172,loop
619.429,33295172,loop
619.534,33295172,loop
619.639,33295172,loop
619.745,33295172,loop
619.850,33295172,loop
619.955,33295172,loop
620.060,33295172,loop
620.165,33295172,loop
620.271,33295172,loop
620.376,33295172,loop
620.481,33295172,loop
620.586,33295172,loop
620.691,33295172,loop
620.796,33295172,loop
620.902,33295172,loop
621.007,33295172,loop
621.112,33295172,loop
621.217,33295172,loop
621.322,33295172,loop
621.427,33295172,loop
621.532,33295172,loop
621.638,33295172,loop
621.743,33295172,loop
621.848,33295172,loop
621.953,33295172,loop
622.058,33295172,loop
622.163,33295172,loop
622.269,33295172,loop
622.374,33295172,loop
622.479,33295172,loop
622.584,33295172,loop
622.689,33295172,loop
622.795,33295172,loop
622.900,33295172,loop
623.005,33295172,loop
623.110,33295172,loop
623.215,33295172,loop
623.320,33295172,loop
623.426,33295172,loop
623.531,33295172,loop
623.636,33295172,loop
623.741,33295172,loop
623.846,33295172,loop
623.951,33295172,loop
624.057,33295172,loop
624.162,33295172,loop
624.267,33295172,loop
624.372,33295172,loop
624.477,33295172,loop
624.582,33295172,loop
624.687,33295172,loop
624.793,33295172,loop
624.898,33295172,loop
625.003,33295172,loop
625.108,33295172,loop
625.213,33295172,loop
625.319,33295172,loop
625.424,33295172,loop
625.529,33295172,loop
625.634,33295172,loop
625.739,33295172,loop
625.844,33295172,loop
625.950,33295172,loop
626.055,33295172,loop
626.160,33295172,loop
626.265,33295172,loop
626.370,33295172,loop
626.475,33295172,loop
626.580,33295172,loop
626.686,33295172,loop
626.791,33295172,loop
626.896,33295172,loop
627.001,33295172,loop
627.106,33295172,loop
627.211,33295428,loop
627.317,33295428,loop
627.422,33295428,loop
627.527,33295428,loop
627.632,33295428,loop
627.737,33295428,loop
627.842,33295428,loop
627.948,33295428,loop
628.053,33295428,loop
628.158,33295428,loop
628.263,33295428,loop
628.368,33295428,loop
628.473,33295428,loop
628.579,33295428,loop
628.684,33295428,loop
628.789,33295428,loop
628.894,33295428,loop
628.999,33295428,loop
629.104,33295428,loop
629.210,33295428,loop
629.315,33295428,loop
629.420,33295428,loop
629.525,33295428,loop
629.630,33295428,loop
629.735,33295428,loop
629.841,33295428,loop
629.946,33295428,loop
630.051,33295428,loop
630.156,33295428,loop
630.261,33295428,loop
630.366,33295428,loop
630.472,33295428,loop
630.577,33295428,loop
630.682,33295428,loop
630.787,33295428,loop
630.892,33295428,loop
630.997,33295428,loop
631.103,33295428,loop
631.208,33295428,loop
631.313,33295428,loop
631.418,33295428,loop
631.523,33295428,loop
631.628,33295428,loop
631.734,33295428,loop
631.839,33295428,loop
631.944,33295428,loop
632.049,33295428,loop
632.154,33295428,loop
632.259,33295428,loop
632.365,33295428,loop
632.470,33295428,loop
632.575,33295428,loop
632.680,33295428,loop
632.785,33295428,loop
632.890,33295428,loop
632.996,33295428,loop
633.101,33295428,loop
633.206,33295428,loop
633.311,33295428,loop
633.416,33295428,loop
633.521,33295428,loop
633.627,33295428,loop
633.732,33295428,loop
633.837,33295428,loop
633.942,33295428,loop
634.047,33295428,loop
634.152,33295428,loop
634.258,33295428,loop
634.363,33295428,loop
634.468,33295428,loop
634.573,33295428,loop
634.678,33295428,loop
634.784,33295428,loop
634.889,33295428,loop
634.994,33295428,loop
635.099,33295428,loop
635.204,33295428,loop
635.309,33295428,loop
635.415,33295428,loop
635.520,33295428,loop
635.625,33295428,loop
635.730,33295428,loop
635.835,33295428,loop
635.940,33295428,loop
636.046,33295428,loop
636.151,33295428,loop
636.256,33295428,loop
636.361,33295428,loop
636.466,33295428,loop
636.571,33295428,loop
636.676,33295428,loop
636.782,33295428,loop
636.887,33295428,loop
636.992,33295428,loop
637.097,33295428,loop
637.202,33295428,loop
637.307,33295428,loop
637.413,33295428,loop
637.518,33295684,loop
637.623,33295684,loop
637.728,33295684,loop
637.833,33295684,loop
637.938,33295684,loop
638.044,33295684,loop
638.149,33295684,loop
638.254,33295684,loop
638.359,33295684,loop
638.464,33295684,loop
638.569,33295684,loop
638.675,33295684,loop
638.780,33295684,loop
638.885,33295684,loop
638.990,33295684,loop
639.095,33295684,loop
639.200,33295684,loop
639.306,33295684,loop
639.411,33295684,loop
639.516,33295684,loop
639.621,33295684,loop
639.726,33295684,loop
639.831,33295684,loop
639.937,33295684,loop
640.042,33295684,loop
640.147,33295684,loop
640.252,33295684,loop
640.357,33295684,loop
640.462,33295684,loop
640.568,33295684,loop
640.673,33295684,loop
640.778,33295684,loop
640.883,33295684,loop
640.988,33295684,loop
641.093,33295684,loop
641.199,33295684,loop
641.304,33295684,loop
641.409,33295684,loop
641.514,33295684,loop
641.619,33295684,loop
641.724,33295684,loop
641.830,33295684,loop
641.935,33295684,loop
642.040,33295684,loop
642.145,33295684,loop
642.250,33295684,loop
642.355,33295684,loop
642.461,33295684,loop
642.566,33295684,loop
642.671,33295684,loop
642.776,33295684,loop
642.881,33295684,loop
642.986,33295684,loop
643.092,33295684,loop
643.197,33295684,loop
643.302,33295684,loop
643.407,33295684,loop
643.512,33295684,loop
643.617,33295684,loop
643.723,33295684,loop
643.828,33295684,loop
643.933,33295684,loop
644.038,33295684,loop
644.143,33295684,loop
644.248,33295684,loop
644.354,33295684,loop
644.459,33295684,loop
644.564,33295684,loop
644.669,33295684,loop
644.774,33295684,loop
644.879,33295684,loop
644.985,33295684,loop
645.090,33295684,loop
645.195,33295684,loop
645.300,33295684,loop
645.405,33295684,loop
645.510,33295684,loop
645.616,33295684,loop
645.721,33295684,loop
645.826,33295684,loop
645.931,33295684,loop
646.036,33295684,loop
646.141,33295684,loop
646.247,33295684,loop
646.352,33295684,loop
646.457,33295684,loop
646.562,33295684,loop
646.667,33295684,loop
646.772,33295684,loop
646.878,33295684,loop
646.983,33295684,loop
647.088,33295684,loop
647.193,33295684,loop
647.298,33295684,loop
647.404,33295684,loop
647.509,33295684,loop
647.614,33295684,loop
647.719,33295940,loop
647.824,33295940,loop
647.929,33295940,loop
648.035,33295940,loop
648.140,33295940,loop
648.245,33295940,loop
648.350,33295940,loop
648.455,33295940,loop
648.560,33295940,loop
648.666,33295940,loop
648.771,33295940,loop
648.876,33295940,loop
648.981,33295940,loop
649.086,33295940,loop
649.191,33295940,loop
649.296,33295940,loop
649.402,33295940,loop
649.507,33295940,loop
649.612,33295940,loop
649.717,33295940,loop
649.822,33295940,loop
649.927,33295940,loop
650.033,33295940,loop
650.138,33295940,loop
650.243,33295940,loop
650.348,33295940,loop
650.453,33295940,loop
650.558,33295940,loop
650.664,33295940,loop
650.769,33295940,loop
650.874,33295940,loop
650.979,33295940,loop
651.084,33295940,loop
651.190,33295940,loop
651.295,33295940,loop
651.400,33295940,loop
651.505,33295940,loop
651.610,33295940,loop
651.715,33295940,loop
651.820,33295940,loop
651.926,33295940,loop
652.031,33295940,loop
652.136,33295940,loop
652.241,33295940,loop
652.346,33295940,loop
652.451,33295940,loop
652.557,33295940,loop
652.662,33295940,loop
652.767,33295940,loop
652.872,33295940,loop
652.977,33295940,loop
653.082,33295940,loop
653.188,33295940,loop
653.293,33295940,loop
653.398,33295940,loop
653.503,33295940,loop
653.608,33295940,loop
653.713,33295940,loop
653.819,33295940,loop
653.924,33295940,loop
654.029,33295940,loop
654.134,33295940,loop
654.239,33295940,loop
654.344,33295940,loop
654.450,33295940,loop
654.555,33295940,loop
654.660,33295940,loop
654.765,33295940,loop
654.870,33295940,loop
654.975,33295940,loop
655.081,33295940,loop
655.186,33295940,loop
655.291,33295940,loop
655.396,33295940,loop
655.501,33295940,loop
655.606,33295940,loop
655.712,33295940,loop
655.817,33295940,loop
655.922,33295940,loop
656.027,33295940,loop
656.132,33295940,loop
656.237,33295940,loop
656.343,33295940,loop
656.448,33295940,loop
656.553,33295940,loop
656.658,33295940,loop
656.763,33295940,loop
656.868,33295940,loop
656.974,33295940,loop
657.079,33295940,loop
657.184,33295940,loop
657.289,33295940,loop
657.394,33295940,loop
657.499,33295940,loop
657.605,33295940,loop
657.710,33295940,loop
657.815,33295940,loop
657.920,33295940,loop
658.025,33296196,loop
658.130,33296196,loop
658.236,33296196,loop
658.341,33296196,loop
658.446,33296196,loop
658.551,33296196,loop
658.656,33296196,loop
658.761,33296196,loop
658.867,33296196,loop
658.972,33296196,loop
659.077,33296196,loop
659.182,33296196,loop
659.287,33296196,loop
659.392,33296196,loop
659.498,33296196,loop
659.603,33296196,loop
659.708,33296196,loop
659.813,33296196,loop
659.918,33296196,loop
660.023,33296196,loop
660.129,33296196,loop
660.234,33296196,loop
660.339,33296196,loop
660.444,33296196,loop
660.549,33296196,loop
660.655,33296196,loop
660.760,33296196,loop
660.865,33296196,loop
660.970,33296196,loop
661.075,33296196,loop
661.180,33296196,loop
661.286,33296196,loop
661.391,33296196,loop
661.496,33296196,loop
661.601,33296196,loop
661.706,33296196,loop
661.811,33296196,loop
661.917,33296196,loop
662.022,33296196,loop
662.127,33296196,loop
662.232,33296200,loop
662.337,33296204,loop
662.442,33296208,loop
662.548,33296212,loop
662.653,33296216,loop
662.758,33296220,loop
662.863,33296224,loop
662.968,33296224,loop
663.073,33296228,loop
663.179,33296232,loop
663.284,33296236,loop
663.389,33296240,loop
663.494,33296244,loop
663.599,33296248,loop
663.704,33296252,loop
663.809,33296252,loop
663.915,33296256,loop
664.020,33296260,loop
664.125,33296264,loop
664.230,33296268,loop
664.335,33296272,loop
664.440,33296276,loop
664.546,33296280,loop
664.651,33296284,loop
664.756,33296288,loop
664.861,33296288,loop
664.966,33296292,loop
665.071,33296296,loop
665.177,33296300,loop
665.282,33296304,loop
665.387,33296308,loop
665.492,33296312,loop
665.597,33296316,loop
665.702,33296316,loop
665.808,33296320,loop
665.913,33296324,loop
666.018,33296328,loop
666.123,33296332,loop
666.228,33296336,loop
666.333,33296340,loop
666.439,33296344,loop
666.544,33296344,loop
666.649,33296348,loop
666.754,33296352,loop
666.859,33296356,loop
666.964,33296360,loop
667.070,33296364,loop
667.175,33296368,loop
667.280,33296372,loop
667.385,33296376,loop
667.490,33296380,loop
667.595,33296380,loop
667.701,33296384,loop
667.806,33296388,loop
667.911,33296392,loop
668.016,33296396,loop
668.121,33296400,loop
668.226,33296660,loop
668.332,33296660,loop
668.437,33296664,loop
668.542,33296668,loop
668.647,33296672,loop
668.752,33296676,loop
668.857,33296680,loop
668.963,33296684,loop
669.068,33296688,loop
669.173,33296688,loop
669.278,33296692,loop
669.383,33296696,loop
669.488,33296700,loop
669.594,33296704,loop
669.699,33296708,loop
669.804,33296712,loop
669.909,33296716,loop
670.014,33296720,loop
670.119,33296720,loop
670.225,33296724,loop
670.330,33296728,loop
670.435,33296732,loop
670.540,33296736,loop
670.645,33296740,loop
670.750,33296744,loop
670.856,33296748,loop
670.961,33296748,loop
671.066,33296752,loop
671.171,33296756,loop
671.276,33296760,loop
671.381,33296764,loop
671.487,33296768,loop
671.592,33296772,loop
671.697,33296776,loop
671.802,33296780,loop
671.907,33296784,loop
672.013,33296784,loop
672.118,33296788,loop
672.223,33296792,loop
672.328,33296796,loop
672.433,33296800,loop
672.538,33296804,loop
672.644,33296808,loop
672.749,33296812,loop
672.854,33296812,loop
672.959,33296816,loop
673.064,33296820,loop
673.169,33296824,loop
673.275,33296828,loop
673.380,33296832,loop
673.485,33296836,loop
673.590,33296840,loop
673.695,33296844,loop
673.800,33296844,loop
673.906,33296848,loop
674.011,33296852,loop
674.116,33296856,loop
674.221,33296860,loop
674.326,33296864,loop
674.431,33296868,loop
674.537,33296872,loop
674.642,33296876,loop
674.747,33296876,loop
674.852,33296880,loop
674.957,33296884,loop
675.062,33296888,loop
675.168,33296892,loop
675.273,33296896,loop
675.378,33296900,loop
675.483,33296904,loop
675.588,33296904,loop
675.693,33296908,loop
675.799,33296912,loop
675.904,33296916,loop
676.009,33296920,loop
676.114,33296924,loop
676.219,33296928,loop
676.324,33296932,loop
676.430,33296932,loop
676.535,33296936,loop
676.640,33296940,loop
676.745,33296944,loop
676.850,33296948,loop
676.955,33296952,loop
677.061,33296956,loop
677.166,33296960,loop
677.271,33296960,loop
677.376,33296964,loop
677.481,33296968,loop
677.586,33296972,loop
677.691,33296976,loop
677.797,33296980,loop
677.902,33296984,loop
678.007,33296988,loop
678.112,33296992,loop
678.217,33296996,loop
678.322,33296996,loop
678.428,33297256,loop
678.533,33297260,loop
678.638,33297264,loop
678.743,33297268,loop
678.848,33297272,loop
678.953,33297276,loop
679.059,33297276,loop
679.164,33297280,loop
679.269,33297284,loop
679.374,33297288,loop
679.479,33297292,loop
679.584,33297296,loop
679.690,33297300,loop
679.795,33297304,loop
679.900,33297308,loop
680.005,33297308,loop
680.110,33297312,loop
680.215,33297316,loop
680.321,33297320,loop
680.426,33297324,loop
680.531,33297328,loop
680.636,33297332,loop
680.741,33297336,loop
680.846,33297336,loop
680.952,33297344,loop
681.057,33297344,loop
681.162,33297348,loop
681.267,33297352,loop
681.372,33297356,loop
681.478,33297360,loop
681.583,33297364,loop
681.688,33297368,loop
681.793,33297372,loop
681.898,33297372,loop
682.003,33297376,loop
682.109,33297380,loop
682.214,33297384,loop
682.319,33297388,loop
682.424,33297392,loop
682.529,33297396,loop
682.634,33297396,loop
682.739,33297400,loop
682.845,33297404,loop
682.950,33297408,loop
683.055,33297412,loop
683.160,33297416,loop
683.265,33297420,loop
683.370,33297424,loop
683.476,33297428,loop
683.581,33297432,loop
683.686,33297432,loop
683.791,33297436,loop
683.896,33297440,loop
684.001,33297444,loop
684.107,33297448,loop
684.212,33297452,loop
684.317,33297456,loop
684.422,33297460,loop
684.527,33297464,loop
684.632,33297464,loop
684.738,33297468,loop
684.843,33297472,loop
684.948,33297476,loop
685.053,33297480,loop
685.158,33297484,loop
685.263,33297488,loop
685.369,33297492,loop
685.474,33297492,loop
685.579,33297496,loop
685.684,33297500,loop
685.789,33297504,loop
685.894,33297508,loop
686.000,33297512,loop
686.105,33297516,loop
686.210,33297520,loop
686.315,33297524,loop
686.420,33297524,loop
686.525,33297528,loop
686.631,33297532,loop
686.736,33297536,loop
686.841,33297540,loop
686.946,33297544,loop
687.051,33297548,loop
687.156,33297552,loop
687.262,33297556,loop
687.367,33297556,loop
687.472,33297560,loop
687.577,33297564,loop
687.682,33297568,loop
687.787,33297572,loop
687.893,33297576,loop
687.998,33297580,loop
688.103,33297584,loop
688.208,33297584,loop
688.313,33297588,loop
688.418,33297592,loop
688.524,33297596,loop
688.629,33297600,loop
688.734,33297860,loop
688.839,33297864,loop
688.944,33297868,loop
689.049,33297872,loop
689.155,33297872,loop
689.260,33297876,loop
689.365,33297880,loop
689.470,33297884,loop
689.575,33297888,loop
689.680,33297892,loop
689.786,33297896,loop
689.891,33297900,loop
689.996,33297900,loop
690.101,33297904,loop
690.206,33297908,loop
690.311,33297912,loop
690.417,33297916,loop
690.522,33297920,loop
690.627,33297924,loop
690.732,33297928,loop
690.837,33297928,loop
690.942,33297936,loop
691.048,33297936,loop
691.153,33297940,loop
691.258,33297944,loop
691.363,33297948,loop
691.468,33297952,loop
691.573,33297956,loop
691.678,33297960,loop
691.784,33297964,loop
691.889,33297968,loop
691.994,33297968,loop
692.099,33297972,loop
692.204,33297976,loop
692.309,33297980,loop
692.415,33297984,loop
692.520,33297988,loop
692.625,33297992,loop
692.730,33297996,loop
692.835,33297996,loop
692.940,33298000,loop
693.046,33298004,loop
693.151,33298008,loop
693.256,33298012,loop
693.361,33298016,loop
693.466,33298020,loop
693.571,33298024,loop
693.677,33298028,loop
693.782,33298028,loop
693.887,33298032,loop
693.992,33298036,loop
694.097,33298040,loop
694.202,33298044,loop
694.308,33298048,loop
694.413,33298052,loop
694.518,33298056,loop
694.623,33298056,loop
694.728,33298060,loop
694.833,33298064,loop
694.939,33298068,loop
695.044,33298072,loop
695.149,33298076,loop
695.254,33298080,loop
695.359,33298084,loop
695.464,33298084,loop
695.570,33298088,loop
695.675,33298092,loop
695.780,33298096,loop
695.885,33298100,loop
695.990,33298104,loop
696.095,33298108,loop
696.201,33298112,loop
696.306,33298116,loop
696.411,33298116,loop
696.516,33298120,loop
696.621,33298124,loop
696.727,33298128,loop
696.832,33298132,loop
696.937,33298136,loop
697.042,33298140,loop
697.147,33298144,loop
697.252,33298148,loop
697.358,33298148,loop
697.463,33298152,loop
697.568,33298156,loop
697.673,33298160,loop
697.778,33298164,loop
697.883,33298168,loop
697.989,33298172,loop
698.094,33298176,loop
698.199,33298176,loop
698.304,33298180,loop
698.409,33298184,loop
698.514,33298188,loop
698.620,33298192,loop
698.725,33298196,loop
698.830,33298200,loop
698.935,33298456,loop
699.040,33298464,loop
699.145,33298464,loop
699.250,33298468,loop
699.356,33298472,loop
699.461,33298476,loop
699.566,33298480,loop
699.671,33298484,loop
699.776,33298488,loop
699.881,33298492,loop
699.987,33298492,loop
700.092,33298496,loop
700.197,33298500,loop
700.302,33298504,loop
700.407,33298508,loop
700.512,33298512,loop
700.618,33298516,loop
700.723,33298520,loop
700.828,33298520,loop
700.933,33298528,loop
701.038,33298528,loop
701.144,33298532,loop
701.249,33298536,loop
701.354,33298540,loop
701.459,33298544,loop
701.564,33298548,loop
701.669,33298552,loop
701.775,33298556,loop
701.880,33298556,loop
701.985,33298560,loop
702.090,33298564,loop
702.195,33298568,loop
702.300,33298572,loop
702.406,33298576,loop
702.511,33298580,loop
702.616,33298584,loop
702.721,33298584,loop
702.826,33298592,loop
702.931,33298592,loop
703.036,33298596,loop
703.142,33298600,loop
703.247,33298604,loop
703.352,33298608,loop
703.457,33298612,loop
703.562,33298616,loop
703.667,33298616,loop
703.773,33298620,loop
703.878,33298624,loop
703.983,33298628,loop
704.088,33298632,loop
704.193,33298636,loop
704.298,33298640,loop
704.404,33298644,loop
704.509,33298648,loop
704.614,33298648,loop
704.719,33298652,loop
704.824,33298656,loop
704.929,33298660,loop
705.035,33298664,loop
705.140,33298668,loop
705.245,33298672,loop
705.350,33298676,loop
705.455,33298676,loop
705.560,33298680,loop
705.666,33298684,loop
705.771,33298688,loop
705.876,33298692,loop
705.981,33298696,loop
706.086,33298700,loop
706.191,33298704,loop
706.297,33298704,loop
706.402,33298708,loop
706.507,33298712,loop
706.612,33298716,loop
706.717,33298720,loop
706.822,33298724,loop
706.928,33298728,loop
707.033,33298732,loop
707.138,33298736,loop
707.243,33298736,loop
707.348,33298740,loop
707.453,33298744,loop
707.559,33298748,loop
707.664,33298752,loop
707.769,33298756,loop
707.874,33298760,loop
707.979,33298764,loop
708.084,33298764,loop
708.190,33298772,loop
708.295,33298772,loop
708.400,33298776,loop
708.505,33298780,loop
708.610,33298784,loop
708.715,33298788,loop
708.821,33298792,loop
708.926,33298796,loop
709.031,33298800,loop
709.136,33299056,loop
709.241,33299060,loop
709.346,33299064,loop
709.452,33299068,loop
709.557,33299072,loop
709.662,33299076,loop
709.767,33299080,loop
709.872,33299080,loop
709.978,33299088,loop
710.083,33299088,loop
710.188,33299092,loop
710.293,33299096,loop
710.398,33299100,loop
710.503,33299104,loop
710.608,33299108,loop
710.714,33299112,loop
710.819,33299112,loop
710.924,33299120,loop
711.029,33299120,loop
711.134,33299124,loop
711.239,33299128,loop
711.345,33299132,loop
711.450,33299136,loop
711.555,33299140,loop
711.660,33299140,loop
711.765,33299148,loop
711.870,33299148,loop
711.976,33299152,loop
712.081,33299156,loop
712.186,33299160,loop
712.291,33299164,loop
712.396,33299168,loop
712.502,33299172,loop
712.607,33299176,loop
712.712,33299176,loop
712.817,33299184,loop
712.922,33299184,loop
713.027,33299188,loop
713.132,33299192,loop
713.238,33299196,loop
713.343,33299200,loop
713.448,33299204,loop
713.553,33299204,loop
713.658,33299208,loop
713.763,33299212,loop
713.869,33299216,loop
713.974,33299220,loop
714.079,33299224,loop
714.184,33299228,loop
714.289,33299232,loop
714.394,33299236,loop
714.500,33299236,loop
714.605,33299240,loop
714.710,33299244,loop
714.815,33299248,loop
714.920,33299252,loop
715.025,33299256,loop
715.131,33299260,loop
715.236,33299264,loop
715.341,33299264,loop
715.446,33299268,loop
715.551,33299272,loop
715.656,33299276,loop
715.762,33299280,loop
715.867,33299284,loop
715.972,33299288,loop
716.077,33299292,loop
716.182,33299292,loop
716.287,33299300,loop
716.393,33299300,loop
716.498,33299304,loop
716.603,33299308,loop
716.708,33299312,loop
716.813,33299316,loop
716.918,33299320,loop
717.024,33299324,loop
717.129,33299328,loop
717.234,33299328,loop
717.339,33299332,loop
717.444,33299336,loop
717.549,33299340,loop
717.655,33299344,loop
717.760,33299348,loop
717.865,33299352,loop
717.970,33299356,loop
718.075,33299360,loop
718.180,33299360,loop
718.285,33299364,loop
718.391,33299368,loop
718.496,33299372,loop
718.601,33299376,loop
718.706,33299380,loop
718.811,33299384,loop
718.916,33299388,loop
719.022,33299388,loop
719.127,33299396,loop
719.232,33299396,loop
719.337,33299400,loop
719.442,33299660,loop
719.547,33299664,loop
719.653,33299668,loop
719.758,33299672,loop
719.863,33299672,loop
719.968,33299676,loop
720.073,33299680,loop
720.178,33299684,loop
720.284,33299688,loop
720.389,33299692,loop
720.494,33299696,loop
720.599,33299700,loop
720.704,33299704,loop
720.810,33299704,loop
720.915,33299708,loop
721.020,33299712,loop
721.125,33299716,loop
721.230,33299720,loop
721.335,33299724,loop
721.440,33299728,loop
721.546,33299732,loop
721.651,33299732,loop
721.756,33299740,loop
721.861,33299740,loop
721.966,33299744,loop
722.071,33299748,loop
722.177,33299752,loop
722.282,33299756,loop
722.387,33299760,loop
722.492,33299764,loop
722.597,33299764,loop
722.703,33299768,loop
722.808,33299772,loop
722.913,33299776,loop
723.018,33299780,loop
723.123,33301828,loop
723.228,33301828,loop
723.334,33301828,loop
723.439,33301828,loop
723.544,33301828,loop
723.649,33301828,loop
723.754,33301828,loop
723.859,33301828,loop
723.964,33301828,loop
724.070,33301828,loop
724.175,33301828,loop
724.280,33301828,loop
724.385,33301828,loop
724.490,33301828,loop
724.595,33301828,loop
724.701,33301828,loop
724.806,33301828,loop
724.911,33301828,loop
725.016,33301828,loop
725.121,33301828,loop
725.226,33301828,loop
725.332,33301828,loop
725.437,33301828,loop
725.542,33301828,loop
725.647,33301828,loop
725.752,33301828,loop
725.857,33301828,loop
725.963,33301828,loop
726.068,33301828,loop
726.173,33301828,loop
726.278,33301828,loop
726.383,33301828,loop
726.488,33301828,loop
726.594,33301828,loop
726.699,33301828,loop
726.804,33301828,loop
726.909,33301828,loop
727.014,33301828,loop
727.119,33301828,loop
727.225,33301828,loop
727.330,33301828,loop
727.435,33301828,loop
727.540,33301828,loop
727.645,33301828,loop
727.750,33301828,loop
727.856,33301828,loop
727.961,33301828,loop
728.066,33301828,loop
728.171,33301828,loop
728.276,33301828,loop
728.381,33301828,loop
728.487,33301828,loop
728.592,33301828,loop
728.697,33301828,loop
728.802,33301828,loop
728.907,33301828,loop
729.012,33301828,loop
729.118,33301828,loop
729.223,33301828,loop
729.328,33301828,loop
729.433,33301828,loop
729.538,33301828,loop
729.643,33302084,loop
729.749,33302084,loop
729.854,33302084,loop
729.959,33302084,loop
730.064,33302084,loop
730.169,33302084,loop
730.274,33302084,loop
730.380,33302084,loop
730.485,33302084,loop
730.590,33302084,loop
730.695,33302084,loop
730.800,33302084,loop
730.905,33302084,loop
731.011,33302084,loop
731.116,33302084,loop
731.221,33302084,loop
731.326,33302084,loop
731.431,33302084,loop
731.536,33302084,loop
731.642,33302084,loop
731.747,33302084,loop
731.852,33302084,loop
731.957,33302084,loop
732.062,33302084,loop
732.167,33302084,loop
732.273,33302084,loop
732.378,33302084,loop
732.483,33302084,loop
732.588,33302084,loop
732.693,33302084,loop
732.798,33302084,loop
732.904,33302084,loop
733.009,33302084,loop
733.114,33302084,loop
733.219,33302084,loop
733.324,33302084,loop
733.429,33302084,loop
733.535,33302084,loop
733.640,33302084,loop
733.745,33302084,loop
733.850,33302084,loop
733.955,33302084,loop
734.060,33302084,loop
734.165,33302084,loop
734.271,33302084,loop
734.376,33302084,loop
734.481,33302084,loop
734.586,33302084,loop
734.691,33302084,loop
734.796,33302084,loop
734.902,33302084,loop
735.007,33302084,loop
735.112,33302084,loop
735.217,33302084,loop
735.322,33302084,loop
735.428,33302084,loop
735.533,33302084,loop
735.638,33302084,loop
735.743,33302084,loop
735.848,33302084,loop
735.953,33302084,loop
736.058,33302084,loop
736.164,33302084,loop
736.269,33302084,loop
736.374,33302084,loop
736.479,33302084,loop
736.584,33302084,loop
736.689,33302084,loop
736.795,33302084,loop
736.900,33302084,loop
737.005,33302084,loop
737.110,33302084,loop
737.215,33302084,loop
737.320,33302084,loop
737.426,33302084,loop
737.531,33302084,loop
737.636,33302084,loop
737.741,33302084,loop
737.846,33302084,loop
737.951,33302084,loop
738.057,33302084,loop
738.162,33302084,loop
738.267,33302084,loop
738.372,33302084,loop
738.477,33302084,loop
738.582,33302084,loop
738.688,33302084,loop
738.793,33302084,loop
738.898,33302084,loop
739.003,33302084,loop
739.108,33302084,loop
739.213,33302084,loop
739.319,33302084,loop
739.424,33302084,loop
739.529,33302084,loop
739.634,33302084,loop
739.739,33302084,loop
739.844,33302084,loop
739.950,33302340,loop
740.055,33302340,loop
740.160,33302340,loop
740.265,33302340,loop
740.370,33302340,loop
740.475,33302340,loop
740.581,33302340,loop
740.686,33302340,loop
740.791,33302340,loop
740.896,33302340,loop
741.001,33302340,loop
741.106,33302340,loop
741.212,33302340,loop
741.317,33302340,loop
741.422,33302340,loop
741.527,33302340,loop
741.632,33302340,loop
741.737,33302340,loop
741.843,33302340,loop
741.948,33302340,loop
742.053,33302340,loop
742.158,33302340,loop
742.263,33302340,loop
742.368,33302340,loop
742.474,33302340,loop
742.579,33302340,loop
742.684,33302340,loop
742.789,33302340,loop
742.894,33302340,loop
742.999,33302340,loop
743.105,33302340,loop
743.210,33302340,loop
743.315,33302340,loop
743.420,33302340,loop
743.525,33302340,loop
743.630,33302340,loop
743.736,33302340,loop
743.841,33302340,loop
743.946,33302340,loop
744.051,33302340,loop
744.156,33302340,loop
744.261,33302340,loop
744.367,33302340,loop
744.472,33302340,loop
744.577,33302340,loop
744.682,33302340,loop
744.787,33302340,loop
744.892,33302340,loop
744.998,33302340,loop
745.103,33302340,loop
745.208,33302340,loop
745.313,33302340,loop
745.418,33302340,loop
745.523,33302340,loop
745.629,33302340,loop
745.734,33302340,loop
745.839,33302340,loop
745.944,33302340,loop
746.049,33302340,loop
746.154,33302340,loop
746.259,33302340,loop
746.365,33302340,loop
746.470,33302340,loop
746.575,33302340,loop
746.680,33302340,loop
746.785,33302340,loop
746.890,33302340,loop
746.996,33302340,loop
747.101,33302340,loop
747.206,33302340,loop
747.311,33302340,loop
747.416,33302340,loop
747.521,33302340,loop
747.627,33302340,loop
747.732,33302340,loop
747.837,33302340,loop
747.942,33302340,loop
748.047,33302340,loop
748.153,33302340,loop
748.258,33302340,loop
748.363,33302340,loop
748.468,33302340,loop
748.573,33302340,loop
748.678,33302340,loop
748.784,33302340,loop
748.889,33302340,loop
748.994,33302340,loop
749.099,33302340,loop
749.204,33302340,loop
749.309,33302340,loop
749.415,33302340,loop
749.520,33302340,loop
749.625,33302340,loop
749.730,33302340,loop
749.835,33302340,loop
749.940,33302340,loop
750.046,33302340,loop
750.151,33302596,loop
750.256,33302596,loop
750.361,33302596,loop
750.466,33302596,loop
750.571,33302596,loop
750.676,33302596,loop
750.782,33302596,loop
750.887,33302596,loop
750.992,33302596,loop
751.097,33302596,loop
751.202,33302596,loop
751.307,33302596,loop
751.413,33302596,loop
751.518,33302596,loop
751.623,33302596,loop
751.728,33302596,loop
751.833,33302596,loop
751.938,33302596,loop
752.044,33302596,loop
752.149,33302596,loop
752.254,33302596,loop
752.359,33302596,loop
752.464,33302596,loop
752.569,33302596,loop
752.675,33302596,loop
752.780,33302596,loop
752.885,33302596,loop
752.990,33302596,loop
753.095,33302596,loop
753.200,33302596,loop
753.306,33302596,loop
753.411,33302596,loop
753.516,33302596,loop
753.621,33302596,loop
753.726,33302596,loop
753.831,33302596,loop
753.937,33302596,loop
754.042,33302596,loop
754.147,33302596,loop
754.252,33302596,loop
754.357,33302596,loop
754.462,33302596,loop
754.568,33302596,loop
754.673,33302596,loop
754.778,33302596,loop
754.883,33302596,loop
754.988,33302596,loop
755.093,33302596,loop
755.199,33302596,loop
755.304,33302596,loop
755.409,33302596,loop
755.514,33302596,loop
755.619,33302596,loop
755.724,33302596,loop
755.830,33302596,loop
755.935,33302596,loop
756.040,33302596,loop
756.145,33302596,loop
756.250,33302596,loop
756.355,33302596,loop
756.461,33302596,loop
756.566,33302596,loop
756.671,33302596,loop
756.776,33302596,loop
756.881,33302596,loop
756.986,33302596,loop
757.092,33302596,loop
757.197,33302596,loop
757.302,33302596,loop
757.407,33302596,loop
757.512,33302596,loop
757.617,33302596,loop
757.723,33302596,loop
757.828,33302596,loop
757.933,33302596,loop
758.038,33302596,loop
758.143,33302596,loop
758.248,33302596,loop
758.353,33302596,loop
758.459,33302596,loop
758.564,33302596,loop
758.669,33302596,loop
758.774,33302596,loop
758.879,33302596,loop
758.985,33302596,loop
759.090,33302596,loop
759.195,33302596,loop
759.300,33302596,loop
759.405,33302596,loop
759.510,33302596,loop
759.615,33302596,loop
759.721,33302596,loop
759.826,33302596,loop
759.931,33302596,loop
760.036,33302596,loop
760.141,33302596,loop
760.246,33302596,loop
760.352,33302852,loop
760.457,33302852,loop
760.562,33302852,loop
760.667,33302852,loop
760.772,33302852,loop
760.877,33302852,loop
760.983,33302852,loop
761.088,33302852,loop
761.193,33302852,loop
761.298,33302852,loop
761.403,33302852,loop
761.508,33302852,loop
761.614,33302852,loop
761.719,33302852,loop
761.824,33302852,loop
761.929,33302852,loop
762.034,33302852,loop
762.139,33302852,loop
762.245,33302852,loop
762.350,33302852,loop
762.455,33302852,loop
762.560,33302852,loop
762.665,33302852,loop
762.771,33302852,loop
762.876,33302852,loop
762.981,33302852,loop
763.086,33302852,loop
763.191,33302852,loop
763.296,33302852,loop
763.402,33302852,loop
763.507,33302852,loop
763.612,33302852,loop
763.717,33302852,loop
763.822,33302852,loop
763.927,33302852,loop
764.032,33302852,loop
764.138,33302852,loop
764.243,33302852,loop
764.348,33302852,loop
764.453,33302852,loop
764.558,33302852,loop
764.663,33302852,loop
764.769,33302852,loop
764.874,33302852,loop
764.979,33302852,loop
765.084,33302852,loop
765.189,33302852,loop
765.294,33302852,loop
765.400,33302852,loop
765.505,33302852,loop
765.610,33302852,loop
765.715,33302852,loop
765.820,33302852,loop
765.925,33302852,loop
766.031,33302852,loop
766.136,33302852,loop
766.241,33302852,loop
766.346,33302852,loop
766.451,33302852,loop
766.556,33302852,loop
766.662,33302852,loop
766.767,33302852,loop
766.872,33302852,loop
766.977,33302852,loop
767.082,33302852,loop
767.187,33302852,loop
767.293,33302852,loop
767.398,33302852,loop
767.503,33302852,loop
767.608,33302852,loop
767.713,33302852,loop
767.818,33302852,loop
767.923,33302852,loop
768.029,33302852,loop
768.134,33302852,loop
768.239,33302852,loop
768.344,33302852,loop
768.449,33302852,loop
768.554,33302852,loop
768.660,33302852,loop
768.765,33302852,loop
768.870,33302852,loop
768.975,33302852,loop
769.080,33302852,loop
769.186,33302852,loop
769.291,33302852,loop
769.396,33302852,loop
769.501,33302852,loop
769.606,33302852,loop
769.711,33302852,loop
769.816,33302852,loop
769.922,33302852,loop
770.027,33302852,loop
770.132,33302852,loop
770.237,33302852,loop
770.342,33302852,loop
770.447,33302852,loop
770.553,33302852,loop
770.658,33303108,loop
770.763,33303108,loop
770.868,33303108,loop
770.973,33303108,loop
771.078,33303108,loop
771.184,33303108,loop
771.289,33303108,loop
771.394,33303108,loop
771.499,33303108,loop
771.604,33303108,loop
771.709,33303108,loop
771.815,33303108,loop
771.920,33303108,loop
772.025,33303108,loop
772.130,33303108,loop
772.235,33303108,loop
772.340,33303108,loop
772.446,33303108,loop
772.551,33303108,loop
772.656,33303108,loop
772.761,33303108,loop
772.866,33303108,loop
772.971,33303108,loop
773.077,33303108,loop
773.182,33303108,loop
773.287,33303108,loop
773.392,33303108,loop
773.497,33303108,loop
773.602,33303108,loop
773.708,33303108,loop
773.813,33303108,loop
773.918,33303108,loop
774.023,33303108,loop
774.128,33303108,loop
774.233,33303108,loop
774.339,33303108,loop
774.444,33303108,loop
774.549,33303108,loop
774.654,33303108,loop
774.759,33303108,loop
774.864,33303108,loop
774.970,33303108,loop
775.075,33303108,loop
775.180,33303108,loop
775.285,33303108,loop
775.390,33303108,loop
775.496,33303108,loop
775.601,33303108,loop
775.706,33303108,loop
775.811,33303108,loop
775.916,33303108,loop
776.021,33303108,loop
776.126,33303108,loop
776.232,33303108,loop
776.337,33303108,loop
776.442,33303108,loop
776.547,33303108,loop
776.652,33303108,loop
776.757,33303108,loop
776.863,33303108,loop
776.968,33303108,loop
777.073,33303108,loop
777.178,33303108,loop
777.283,33303108,loop
777.388,33303108,loop
777.494,33303108,loop
777.599,33303108,loop
777.704,33303108,loop
777.809,33303108,loop
777.914,33303108,loop
778.019,33303108,loop
778.125,33303108,loop
778.230,33303108,loop
778.335,33303108,loop
778.440,33303108,loop
778.545,33303108,loop
778.650,33303108,loop
778.756,33303108,loop
778.861,33303108,loop
778.966,33303108,loop
779.071,33303108,loop
779.176,33303108,loop
779.282,33303108,loop
779.387,33303108,loop
779.492,33303108,loop
779.597,33303108,loop
779.702,33303108,loop
779.807,33303108,loop
779.912,33303108,loop
780.018,33303108,loop
780.123,33303108,loop
780.228,33303108,loop
780.333,33303108,loop
780.438,33303108,loop
780.543,33303108,loop
780.649,33303108,loop
780.754,33303108,loop
780.859,33303364,loop
780.964,33303364,loop
781.069,33303364,loop
781.174,33303364,loop
781.280,33303364,loop
781.385,33303364,loop
781.490,33303364,loop
781.595,33303364,loop
781.700,33303364,loop
781.805,33303364,loop
781.911,33303364,loop
782.016,33303364,loop
782.121,33303364,loop
782.226,33303364,loop
782.331,33303364,loop
782.436,33303364,loop
782.542,33303364,loop
782.647,33303364,loop
782.752,33303364,loop
782.857,33303364,loop
782.962,33303364,loop
783.067,33303364,loop
783.173,33303364,loop
783.278,33303364,loop
783.383,33303364,loop
783.488,33303364,loop
783.593,33303364,loop
783.698,33303364,loop
783.803,33303364,loop
783.909,33303364,loop
784.101,33305412,loop
784.206,33305412,loop
784.312,33305412,loop
784.417,33305412,loop
784.522,33305412,loop
784.627,33305412,loop
784.732,33305412,loop
784.837,33305412,loop
784.943,33305412,loop
785.048,33305412,loop
785.153,33305412,loop
785.258,33305412,loop
785.363,33305412,loop
785.468,33305412,loop
785.574,33305412,loop
785.679,33305412,loop
785.784,33305412,loop
785.889,33305412,loop
785.994,33305412,loop
786.099,33305412,loop
786.204,33305412,loop
786.310,33305412,loop
786.415,33305412,loop
786.520,33305412,loop
786.625,33305412,loop
786.730,33305412,loop
786.835,33305412,loop
786.941,33305412,loop
787.046,33305412,loop
787.151,33305412,loop
787.256,33305412,loop
787.361,33305412,loop
787.466,33305412,loop
787.572,33305412,loop
787.677,33305412,loop
787.782,33305412,loop
787.887,33305412,loop
787.992,33305412,loop
788.098,33305412,loop
788.203,33305412,loop
788.308,33305412,loop
788.413,33305412,loop
788.518,33305412,loop
788.623,33305412,loop
788.728,33305412,loop
788.834,33305412,loop
788.939,33305412,loop
789.044,33305412,loop
789.149,33305412,loop
789.254,33305412,loop
789.360,33305412,loop
789.465,33305412,loop
789.570,33305412,loop
789.675,33305412,loop
789.780,33305412,loop
789.885,33305412,loop
789.990,33305412,loop
790.096,33305412,loop
790.201,33305412,loop
790.306,33305412,loop
790.411,33305412,loop
790.516,33305412,loop
790.621,33305412,loop
790.727,33305412,loop
790.832,33305412,loop
790.937,33305412,loop
791.042,33305412,loop
791.147,33305668,loop
791.252,33305668,loop
791.358,33305668,loop
791.463,33305668,loop
791.568,33305668,loop
791.673,33305668,loop
791.778,33305668,loop
791.883,33305668,loop
791.989,33305668,loop
792.094,33305668,loop
792.199,33305668,loop
792.304,33305668,loop
792.409,33305668,loop
792.514,33305668,loop
792.620,33305668,loop
792.725,33305668,loop
792.830,33305668,loop
792.935,33305668,loop
793.040,33305668,loop
793.145,33305668,loop
793.251,33305668,loop
793.356,33305668,loop
793.461,33305668,loop
793.566,33305668,loop
793.671,33305668,loop
793.776,33305668,loop
793.882,33305668,loop
793.987,33305668,loop
794.092,33305668,loop
794.197,33305668,loop
794.302,33305668,loop
794.407,33305668,loop
794.513,33305668,loop
794.618,33305668,loop
794.723,33305668,loop
794.828,33305668,loop
794.933,33305668,loop
795.038,33305668,loop
795.144,33305668,loop
795.249,33305668,loop
795.354,33305668,loop
795.459,33305668,loop
795.564,33305668,loop
795.669,33305668,loop
795.775,33305668,loop
795.880,33305668,loop
795.985,33305668,loop
796.090,33305668,loop
796.195,33305668,loop
796.300,33305668,loop
796.406,33305668,loop
796.511,33305668,loop
796.616,33305668,loop
796.721,33305668,loop
796.826,33305668,loop
796.931,33305668,loop
797.037,33305668,loop
797.142,33305668,loop
797.247,33305668,loop
797.352,33305668,loop
797.457,33305668,loop
797.562,33305668,loop
797.668,33305668,loop
797.773,33305668,loop
797.878,33305668,loop
797.983,33305668,loop
798.088,33305668,loop
798.193,33305668,loop
798.299,33305668,loop
798.404,33305668,loop
798.509,33305668,loop
798.614,33305668,loop
798.719,33305668,loop
798.824,33305668,loop
798.930,33305668,loop
799.035,33305668,loop
799.140,33305668,loop
799.245,33305668,loop
799.350,33305668,loop
799.455,33305668,loop
799.561,33305668,loop
799.666,33305668,loop
799.771,33305668,loop
799.876,33305668,loop
799.981,33305668,loop
800.086,33305668,loop
800.192,33305668,loop
800.297,33305668,loop
800.402,33305668,loop
800.507,33305668,loop
800.612,33305668,loop
800.717,33305668,loop
800.823,33305668,loop
800.928,33305668,loop
801.033,33305668,loop
801.138,33305668,loop
801.243,33305668,loop
801.349,33305924,loop
801.454,33305924,loop
801.559,33305924,loop
801.664,33305924,loop
801.769,33305924,loop
801.874,33305924,loop
801.980,33305924,loop
802.085,33305924,loop
802.190,33305924,loop
802.295,33305924,loop
802.400,33305924,loop
802.505,33305924,loop
802.610,33305924,loop
802.716,33305924,loop
802.821,33305924,loop
802.926,33305924,loop
803.031,33305924,loop
803.136,33305924,loop
803.241,33305924,loop
803.347,33305924,loop
803.452,33305924,loop
803.557,33305924,loop
803.662,33305924,loop
803.767,33305924,loop
803.872,33305924,loop
803.978,33305924,loop
804.083,33305924,loop
804.188,33305924,loop
804.293,33305924,loop
804.398,33305924,loop
804.503,33305924,loop
804.609,33305924,loop
804.714,33305924,loop
804.819,33305924,loop
804.924,33305924,loop
805.029,33305924,loop
805.134,33305924,loop
805.240,33305924,loop
805.345,33305924,loop
805.450,33305924,loop
805.555,33305924,loop
805.660,33305924,loop
805.765,33305924,loop
805.871,33305924,loop
805.976,33305924,loop
806.081,33305924,loop
806.186,33305924,loop
806.291,33305924,loop
806.396,33305924,loop
806.502,33305924,loop
806.607,33305924,loop
806.712,33305924,loop
806.817,33305924,loop
806.922,33305924,loop
807.027,33305924,loop
807.133,33305924,loop
807.238,33305924,loop
807.343,33305924,loop
807.448,33305924,loop
807.553,33305924,loop
807.658,33305924,loop
807.764,33305924,loop
807.869,33305924,loop
807.974,33305924,loop
808.079,33305924,loop
808.184,33305924,loop
808.289,33305924,loop
808.394,33305924,loop
808.500,33305924,loop
808.605,33305924,loop
808.710,33305924,loop
808.815,33305924,loop
808.920,33305924,loop
809.025,33305924,loop
809.131,33305924,loop
809.236,33305924,loop
809.341,33305924,loop
809.446,33305924,loop
809.551,33305924,loop
809.657,33305924,loop
809.762,33305924,loop
809.867,33305924,loop
809.972,33305924,loop
810.077,33305924,loop
810.182,33305924,loop
810.287,33305924,loop
810.393,33305924,loop
810.498,33305924,loop
810.603,33305924,loop
810.708,33305924,loop
810.813,33305924,loop
810.918,33305924,loop
811.024,33305924,loop
811.129,33305924,loop
811.234,33305924,loop
811.339,33305924,loop
811.444,33305924,loop
811.549,33306180,loop
811.655,33306180,loop
811.760,33306180,loop
811.865,33306180,loop
811.970,33306180,loop
812.075,33306180,loop
812.180,33306180,loop
812.286,33306180,loop
812.391,33306180,loop
812.496,33306180,loop
812.601,33306180,loop
812.706,33306180,loop
812.811,33306180,loop
812.917,33306180,loop
813.022,33306180,loop
813.127,33306180,loop
813.232,33306180,loop
813.337,33306180,loop
813.442,33306180,loop
813.548,33306180,loop
813.653,33306180,loop
813.758,33306180,loop
813.863,33306180,loop
813.968,33306180,loop
814.074,33306180,loop
814.179,33306180,loop
814.284,33306180,loop
814.389,33306180,loop
814.494,33306180,loop
814.599,33306180,loop
814.705,33306180,loop
814.810,33306180,loop
814.915,33306180,loop
815.020,33306180,loop
815.125,33306180,loop
815.230,33306180,loop
815.336,33306180,loop
815.441,33306180,loop
815.546,33306180,loop
815.651,33306180,loop
815.756,33306180,loop
815.861,33306180,loop
815.966,33306180,loop
816.072,33306180,loop
816.177,33306180,loop
816.282,33306180,loop
816.387,33306180,loop
816.492,33306180,loop
816.597,33306180,loop
816.703,33306180,loop
816.808,33306180,loop
816.913,33306180,loop
817.018,33306180,loop
817.123,33306180,loop
817.228,33306180,loop
817.334,33306180,loop
817.439,33306180,loop
817.544,33306180,loop
817.649,33306180,loop
817.754,33306180,loop
817.859,33306180,loop
817.965,33306180,loop
818.070,33306180,loop
818.175,33306180,loop
818.280,33306180,loop
818.385,33306180,loop
818.491,33306180,loop
818.596,33306180,loop
818.701,33306180,loop
818.806,33306180,loop
818.911,33306180,loop
819.016,33306180,loop
819.121,33306180,loop
819.227,33306180,loop
819.332,33306180,loop
819.437,33306180,loop
819.542,33306180,loop
819.647,33306180,loop
819.752,33306180,loop
819.858,33306180,loop
819.963,33306180,loop
820.068,33306180,loop
820.173,33306180,loop
820.278,33306180,loop
820.384,33306180,loop
820.489,33306180,loop
820.594,33306180,loop
820.699,33306180,loop
820.804,33306180,loop
820.909,33306180,loop
821.014,33306180,loop
821.120,33306180,loop
821.225,33306180,loop
821.330,33306180,loop
821.435,33306180,loop
821.540,33306180,loop
821.645,33306180,loop
821.751,33306180,loop
821.856,33306436,loop
821.961,33306436,loop
822.066,33306436,loop
822.171,33306436,loop
822.276,33306436,loop
822.382,33306436,loop
822.487,33306436,loop
822.592,33306436,loop
822.697,33306436,loop
822.802,33306436,loop
822.907,33306436,loop
823.013,33306436,loop
823.118,33306436,loop
823.223,33306436,loop
823.328,33306436,loop
823.433,33306436,loop
823.538,33306436,loop
823.644,33306436,loop
823.749,33306436,loop
823.854,33306436,loop
823.959,33306436,loop
824.064,33306436,loop
824.169,33306436,loop
824.275,33306436,loop
824.380,33306436,loop
824.485,33306436,loop
824.590,33306436,loop
824.695,33306436,loop
824.800,33306436,loop
824.906,33306436,loop
825.011,33306436,loop
825.116,33306436,loop
825.221,33306436,loop
825.326,33306436,loop
825.431,33306436,loop
825.537,33306436,loop
825.642,33306436,loop
825.747,33306436,loop
825.852,33306436,loop
825.957,33306436,loop
826.062,33306436,loop
826.167,33306436,loop
826.273,33306436,loop
826.378,33306436,loop
826.483,33306436,loop
826.588,33306436,loop
826.693,33306436,loop
826.798,33306436,loop
826.904,33306436,loop
827.009,33306436,loop
827.114,33306436,loop
827.219,33306436,loop
827.324,33306436,loop
827.430,33306436,loop
827.535,33306436,loop
827.640,33306436,loop
827.745,33306436,loop
827.850,33306436,loop
827.955,33306436,loop
828.060,33306436,loop
828.166,33306436,loop
828.271,33306436,loop
828.376,33306436,loop
828.481,33306436,loop
828.586,33306436,loop
828.691,33306436,loop
828.797,33306436,loop
828.902,33306436,loop
829.007,33306436,loop
829.112,33306436,loop
829.217,33306436,loop
829.322,33306436,loop
829.428,33306436,loop
829.533,33306436,loop
829.638,33306436,loop
829.743,33306436,loop
829.848,33306436,loop
829.953,33306436,loop
830.059,33306436,loop
830.164,33306436,loop
830.269,33306436,loop
830.374,33306436,loop
830.479,33306436,loop
830.585,33306436,loop
830.690,33306436,loop
830.795,33306436,loop
830.900,33306436,loop
831.005,33306436,loop
831.110,33306436,loop
831.215,33306436,loop
831.321,33306436,loop
831.426,33306436,loop
831.531,33306436,loop
831.636,33306436,loop
831.741,33306436,loop
831.846,33306436,loop
831.952,33306436,loop
832.057,33306692,loop
832.162,33306692,loop
832.267,33306692,loop
832.372,33306692,loop
832.477,33306692,loop
832.583,33306692,loop
832.688,33306692,loop
832.793,33306692,loop
832.898,33306692,loop
833.003,33306692,loop
833.108,33306692,loop
833.214,33306692,loop
833.319,33306692,loop
833.424,33306692,loop
833.529,33306692,loop
833.634,33306692,loop
833.739,33306692,loop
833.845,33306692,loop
833.950,33306692,loop
834.055,33306692,loop
834.160,33306692,loop
834.265,33306692,loop
834.370,33306692,loop
834.476,33306692,loop
834.581,33306692,loop
834.686,33306692,loop
834.791,33306692,loop
834.896,33306692,loop
835.001,33306692,loop
835.107,33306692,loop
835.212,33306692,loop
835.317,33306692,loop
835.422,33306692,loop
835.527,33306692,loop
835.632,33306692,loop
835.738,33306692,loop
835.843,33306692,loop
835.948,33306692,loop
836.053,33306692,loop
836.158,33306692,loop
836.263,33306692,loop
836.369,33306692,loop
836.474,33306692,loop
836.579,33306692,loop
836.684,33306692,loop
836.789,33306692,loop
836.894,33306692,loop
837.000,33306692,loop
837.105,33306692,loop
837.210,33306692,loop
837.315,33306692,loop
837.420,33306692,loop
837.525,33306692,loop
837.631,33306692,loop
837.736,33306692,loop
837.841,33306692,loop
837.946,33306692,loop
838.051,33306692,loop
838.156,33306692,loop
838.262,33306692,loop
838.367,33306692,loop
838.472,33306692,loop
838.577,33306692,loop
838.682,33306692,loop
838.787,33306692,loop
838.893,33306692,loop
838.998,33306692,loop
839.103,33306692,loop
839.208,33306692,loop
839.313,33306692,loop
839.419,33306692,loop
839.524,33306692,loop
839.629,33306692,loop
839.734,33306692,loop
839.840,33306692,loop
839.945,33306692,loop
840.050,33306692,loop
840.155,33306692,loop
840.260,33306692,loop
840.365,33306692,loop
840.471,33306692,loop
840.576,33306692,loop
840.681,33306692,loop
840.786,33306692,loop
840.891,33306692,loop
840.996,33306692,loop
841.102,33306692,loop
841.207,33306692,loop
841.312,33306692,loop
841.417,33306692,loop
841.522,33306692,loop
841.627,33306692,loop
841.733,33306692,loop
841.838,33306692,loop
841.943,33306692,loop
842.048,33306692,loop
842.153,33306692,loop
842.258,33306948,loop
842.364,33306948,loop
842.469,33306948,loop
842.574,33306948,loop
842.679,33306948,loop
842.784,33306948,loop
842.889,33306948,loop
842.995,33306948,loop
843.100,33306948,loop
843.205,33306948,loop
843.310,33306948,loop
843.415,33306948,loop
843.520,33306948,loop
843.626,33306948,loop
843.731,33306948,loop
843.836,33306948,loop
843.941,33306948,loop
844.046,33306948,loop
844.151,33306948,loop
844.256,33306948,loop
844.362,33306948,loop
844.467,33306948,loop
844.572,33306948,loop
844.677,33306948,loop
844.782,33306948,loop
844.887,33308996,loop
844.993,33308996,loop
845.098,33308996,loop
845.203,33308996,loop
845.308,33308996,loop
845.413,33308996,loop
845.519,33308996,loop
845.624,33308996,loop
845.729,33308996,loop
845.834,33308996,loop
845.939,33308996,loop
846.044,33308996,loop
846.149,33308996,loop
846.255,33308996,loop
846.360,33308996,loop
846.465,33308996,loop
846.570,33308996,loop
846.675,33308996,loop
846.780,33308996,loop
846.886,33308996,loop
846.991,33308996,loop
847.096,33308996,loop
847.201,33308996,loop
847.306,33308996,loop
847.411,33308996,loop
847.517,33308996,loop
847.622,33308996,loop
847.727,33308996,loop
847.832,33308996,loop
847.937,33308996,loop
848.042,33308996,loop
848.148,33308996,loop
848.253,33308996,loop
848.358,33308996,loop
848.463,33308996,loop
848.568,33308996,loop
848.673,33308996,loop
848.779,33308996,loop
848.884,33308996,loop
848.989,33308996,loop
849.094,33308996,loop
849.199,33308996,loop
849.304,33308996,loop
849.410,33308996,loop
849.515,33308996,loop
849.620,33308996,loop
849.725,33308996,loop
849.830,33308996,loop
849.935,33308996,loop
850.041,33308996,loop
850.146,33308996,loop
850.251,33308996,loop
850.356,33308996,loop
850.461,33308996,loop
850.566,33308996,loop
850.672,33308996,loop
850.777,33308996,loop
850.882,33308996,loop
850.987,33308996,loop
851.092,33308996,loop
851.197,33308996,loop
851.303,33308996,loop
851.408,33308996,loop
851.513,33308996,loop
851.618,33308996,loop
851.723,33308996,loop
851.828,33308996,loop
851.933,33308996,loop
852.039,33308996,loop
852.144,33308996,loop
852.249,33308996,loop
852.354,33308996,loop
852.459,33308996,loop
852.564,33309252,loop
852.670,33309252,loop
852.775,33309252,loop
852.880,33309252,loop
852.985,33309252,loop
853.090,33309252,loop
853.196,33309252,loop
853.301,33309252,loop
853.406,33309252,loop
853.511,33309252,loop
853.616,33309252,loop
853.721,33309252,loop
853.826,33309252,loop
853.932,33309252,loop
854.037,33309252,loop
854.142,33309252,loop
854.247,33309252,loop
854.352,33309252,loop
854.457,33309252,loop
854.563,33309252,loop
854.668,33309252,loop
854.773,33309252,loop
854.878,33309252,loop
854.983,33309252,loop
855.088,33309252,loop
855.194,33309252,loop
855.299,33309252,loop
855.404,33309252,loop
855.509,33309252,loop
855.614,33309252,loop
855.720,33309252,loop
855.825,33309252,loop
855.930,33309252,loop
856.035,33309252,loop
856.140,33309252,loop
856.245,33309252,loop
856.351,33309252,loop
856.456,33309252,loop
856.561,33309252,loop
856.666,33309252,loop
856.771,33309252,loop
856.876,33309252,loop
856.981,33309252,loop
857.087,33309252,loop
857.192,33309252,loop
857.297,33309252,loop
857.402,33309252,loop
857.507,33309252,loop
857.612,33309252,loop
857.718,33309252,loop
857.823,33309252,loop
857.928,33309252,loop
858.033,33309252,loop
858.138,33309252,loop
858.244,33309252,loop
858.349,33309252,loop
858.454,33309252,loop
858.559,33309252,loop
858.664,33309252,loop
858.769,33309252,loop
858.874,33309252,loop
858.980,33309252,loop
859.085,33309252,loop
859.190,33309252,loop
859.295,33309252,loop
859.400,33309252,loop
859.505,33309252,loop
859.611,33309252,loop
859.716,33309252,loop
859.821,33309252,loop
859.926,33309252,loop
860.031,33309252,loop
860.136,33309252,loop
860.242,33309252,loop
860.347,33309252,loop
860.452,33309252,loop
860.557,33309252,loop
860.662,33309252,loop
860.767,33309252,loop
860.873,33309252,loop
860.978,33309252,loop
861.083,33309252,loop
861.188,33309252,loop
861.293,33309252,loop
861.398,33309252,loop
861.504,33309252,loop
861.609,33309252,loop
861.714,33309252,loop
861.819,33309252,loop
861.924,33309252,loop
862.029,33309252,loop
862.135,33309252,loop
862.240,33309252,loop
862.345,33309252,loop
862.450,33309252,loop
862.555,33309252,loop
862.660,33309252,loop
862.766,33309508,loop
862.871,33309508,loop
862.976,33309508,loop
863.081,33309508,loop
863.186,33309508,loop
863.291,33309508,loop
863.397,33309508,loop
863.502,33309508,loop
863.607,33309508,loop
863.712,33309508,loop
863.817,33309508,loop
863.922,33309508,loop
864.028,33309508,loop
864.133,33309508,loop
864.238,33309508,loop
864.343,33309508,loop
864.448,33309508,loop
864.553,33309508,loop
864.659,33309508,loop
864.764,33309508,loop
864.869,33309508,loop
864.974,33309508,loop
865.079,33309508,loop
865.184,33309508,loop
865.290,33309508,loop
865.395,33309508,loop
865.500,33309508,loop
865.605,33309508,loop
865.710,33309508,loop
865.815,33309508,loop
865.921,33309508,loop
866.026,33309508,loop
866.131,33309508,loop
866.236,33309508,loop
866.341,33309508,loop
866.446,33309508,loop
866.552,33309508,loop
866.657,33309508,loop
866.762,33309508,loop
866.867,33309508,loop
866.972,33309508,loop
867.077,33309508,loop
867.183,33309508,loop
867.288,33309508,loop
867.393,33309508,loop
867.498,33309508,loop
867.603,33309508,loop
867.708,33309508,loop
867.814,33309508,loop
867.919,33309508,loop
868.024,33309508,loop
868.129,33309508,loop
868.234,33309508,loop
868.339,33309508,loop
868.445,33309508,loop
868.550,33309508,loop
868.655,33309508,loop
868.760,33309508,loop
868.865,33309508,loop
868.970,33309508,loop
869.076,33309508,loop
869.181,33309508,loop
869.286,33309508,loop
869.391,33309508,loop
869.496,33309508,loop
869.601,33309508,loop
869.707,33309508,loop
869.812,33309508,loop
869.917,33309508,loop
870.022,33309508,loop
870.127,33309508,loop
870.232,33309508,loop
870.338,33309508,loop
870.443,33309508,loop
870.548,33309508,loop
870.653,33309508,loop
870.758,33309508,loop
870.863,33309508,loop
870.969,33309508,loop
871.074,33309508,loop
871.179,33309508,loop
871.284,33309508,loop
871.389,33309508,loop
871.494,33309508,loop
871.600,33309508,loop
871.705,33309508,loop
871.810,33309508,loop
871.915,33309508,loop
872.020,33309508,loop
872.125,33309508,loop
872.230,33309508,loop
872.336,33309508,loop
872.441,33309508,loop
872.546,33309508,loop
872.651,33309508,loop
872.756,33309508,loop
872.861,33309508,loop
872.967,33309540,loop
873.072,33309764,loop
873.177,33309764,loop
873.282,33309764,loop
873.387,33309764,loop
873.492,33309764,loop
873.598,33309764,loop
873.703,33309764,loop
873.808,33309764,loop
873.913,33309764,loop
874.018,33309764,loop
874.123,33309764,loop
874.229,33309764,loop
874.334,33309764,loop
874.439,33309764,loop
874.544,33309764,loop
874.649,33309764,loop
874.754,33309764,loop
874.860,33309764,loop
874.965,33309764,loop
875.070,33309764,loop
875.175,33309764,loop
875.280,33309764,loop
875.385,33309764,loop
875.491,33309764,loop
875.596,33309764,loop
875.701,33309764,loop
875.806,33309764,loop
875.911,33309764,loop
876.016,33309764,loop
876.122,33309764,loop
876.227,33309764,loop
876.332,33309764,loop
876.437,33309764,loop
876.542,33309764,loop
876.647,33309764,loop
876.753,33309764,loop
876.858,33309764,loop
876.963,33309764,loop
877.068,33309764,loop
877.173,33309764,loop
877.279,33309764,loop
877.384,33309764,loop
877.489,33309764,loop
877.594,33309764,loop
877.699,33309764,loop
877.804,33309764,loop
877.909,33309764,loop
878.015,33309764,loop
878.120,33309764,loop
878.225,33309764,loop
878.330,33309764,loop
878.435,33309764,loop
878.541,33309764,loop
878.646,33309764,loop
878.751,33309764,loop
878.856,33309764,loop
878.961,33309764,loop
879.066,33309764,loop
879.172,33309764,loop
879.277,33309764,loop
879.382,33309764,loop
879.487,33309764,loop
879.592,33309764,loop
879.697,33309764,loop
879.802,33309764,loop
879.908,33309764,loop
880.013,33309764,loop
880.118,33309764,loop
880.223,33309764,loop
880.328,33309764,loop
880.433,33309764,loop
880.539,33309764,loop
880.644,33309764,loop
880.749,33309764,loop
880.854,33309764,loop
880.959,33309764,loop
881.064,33309764,loop
881.170,33309764,loop
881.275,33309764,loop
881.380,33309764,loop
881.485,33309764,loop
881.590,33309764,loop
881.695,33309764,loop
881.801,33309764,loop
881.906,33309764,loop
882.011,33309764,loop
882.116,33309764,loop
882.221,33309764,loop
882.326,33309764,loop
882.432,33309764,loop
882.537,33309764,loop
882.642,33309764,loop
882.747,33309764,loop
882.852,33309764,loop
882.957,33309764,loop
883.063,33309764,loop
883.168,33309764,loop
883.273,33310020,loop
883.378,33310020,loop
883.483,33310020,loop
883.588,33310020,loop
883.694,33310020,loop
883.799,33310020,loop
883.904,33310020,loop
884.009,33310020,loop
884.114,33310020,loop
884.219,33310020,loop
884.325,33310020,loop
884.430,33310020,loop
884.535,33310020,loop
884.640,33310020,loop
884.745,33310020,loop
884.850,33310020,loop
884.956,33310020,loop
885.061,33310020,loop
885.166,33310020,loop
885.271,33310020,loop
885.376,33310020,loop
885.482,33310020,loop
885.587,33310020,loop
885.692,33310020,loop
885.797,33310020,loop
885.902,33310020,loop
886.007,33310020,loop
886.113,33310020,loop
886.218,33310020,loop
886.323,33310020,loop
886.428,33310020,loop
886.533,33310020,loop
886.638,33310020,loop
886.744,33310020,loop
886.849,33310020,loop
886.954,33310020,loop
887.059,33310020,loop
887.164,33310020,loop
887.269,33310020,loop
887.375,33310020,loop
887.480,33310020,loop
887.585,33310020,loop
887.690,33310020,loop
887.795,33310020,loop
887.900,33310020,loop
888.006,33310020,loop
888.111,33310020,loop
888.216,33310020,loop
888.321,33310020,loop
888.426,33310020,loop
888.531,33310020,loop
888.637,33310020,loop
888.742,33310020,loop
888.847,33310020,loop
888.952,33310020,loop
889.057,33310020,loop
889.162,33310020,loop
889.268,33310020,loop
889.373,33310020,loop
889.478,33310020,loop
889.583,33310020,loop
889.688,33310020,loop
889.793,33310020,loop
889.899,33310020,loop
890.004,33310020,loop
890.109,33310020,loop
890.214,33310020,loop
890.319,33310020,loop
890.424,33310020,loop
890.530,33310020,loop
890.635,33310020,loop
890.740,33310020,loop
890.845,33310020,loop
890.950,33310020,loop
891.055,33310020,loop
891.161,33310020,loop
891.266,33310020,loop
891.371,33310020,loop
891.476,33310020,loop
891.581,33310020,loop
891.686,33310020,loop
891.792,33310020,loop
891.897,33310020,loop
892.002,33310020,loop
892.107,33310020,loop
892.212,33310020,loop
892.317,33310020,loop
892.423,33310020,loop
892.528,33310020,loop
892.633,33310020,loop
892.738,33310020,loop
892.843,33310020,loop
892.948,33310020,loop
893.054,33310020,loop
893.159,33310020,loop
893.264,33310020,loop
893.369,33310020,loop
893.474,33310276,loop
893.579,33310276,loop
893.684,33310276,loop
893.790,33310276,loop
893.895,33310276,loop
894.000,33310276,loop
894.105,33310276,loop
894.210,33310276,loop
894.315,33310276,loop
894.421,33310276,loop
894.526,33310276,loop
894.631,33310276,loop
894.736,33310276,loop
894.841,33310276,loop
894.946,33310276,loop
895.052,33310276,loop
895.157,33310276,loop
895.262,33310276,loop
895.367,33310276,loop
895.472,33310276,loop
895.577,33310276,loop
895.683,33310276,loop
895.788,33310276,loop
895.893,33310276,loop
895.998,33310276,loop
896.103,33310276,loop
896.208,33310276,loop
896.314,33310276,loop
896.419,33310276,loop
896.524,33310276,loop
896.629,33310276,loop
896.734,33310276,loop
896.840,33310276,loop
896.945,33310276,loop
897.050,33310276,loop
897.155,33310276,loop
897.260,33310276,loop
897.365,33310276,loop
897.471,33310276,loop
897.576,33310276,loop
897.681,33310276,loop
897.786,33310276,loop
897.891,33310276,loop
897.996,33310276,loop
898.101,33310276,loop
898.207,33310276,loop
898.312,33310276,loop
898.417,33310276,loop
898.522,33310276,loop
898.627,33310276,loop
898.732,33310276,loop
898.838,33310276,loop
898.943,33310276,loop
899.048,33310276,loop
899.153,33310276,loop
899.258,33310276,loop
899.363,33310276,loop
899.469,33310276,loop
899.574,33310276,loop
899.679,33310276,loop
899.784,33310276,loop
899.889,33310276,loop
899.994,33310276,loop
900.100,33310276,loop
900.205,33310276,loop
900.310,33310276,loop
900.415,33310276,loop
900.520,33310276,loop
900.625,33310276,loop
900.731,33310276,loop
900.836,33310276,loop
900.941,33310276,loop
901.046,33310276,loop
901.151,33310276,loop
901.256,33310276,loop
901.362,33310276,loop
901.467,33310276,loop
901.572,33310276,loop
901.677,33310276,loop
901.782,33310276,loop
901.887,33310276,loop
901.993,33310276,loop
902.098,33310276,loop
902.203,33310276,loop
902.308,33310276,loop
902.413,33310276,loop
902.518,33310276,loop
902.624,33310276,loop
902.729,33310276,loop
902.834,33310276,loop
902.939,33310276,loop
903.044,33310276,loop
903.150,33310276,loop
903.255,33310276,loop
903.360,33310276,loop
903.465,33310276,loop
903.570,33310276,loop
903.675,33310276,loop
903.780,33310532,loop
903.886,33310532,loop
903.991,33310532,loop
904.096,33310532,loop
904.201,33310532,loop
904.306,33310532,loop
904.411,33310532,loop
904.517,33310532,loop
904.622,33310532,loop
904.727,33310532,loop
904.832,33310532,loop
904.937,33310532,loop
905.042,33310532,loop
905.148,33310532,loop
905.253,33310532,loop
905.358,33310532,loop
905.463,33310532,loop
905.568,33310532,loop
905.673,33310532,loop
905.779,33310532,loop
905.884,33312580,loop
905.989,33312580,loop
906.094,33312580,loop
906.199,33312580,loop
906.304,33312580,loop
906.410,33312580,loop
906.515,33312580,loop
906.620,33312580,loop
906.725,33312580,loop
906.830,33312580,loop
906.936,33312580,loop
907.041,33312580,loop
907.146,33312580,loop
907.251,33312580,loop
907.356,33312580,loop
907.461,33312580,loop
907.566,33312580,loop
907.672,33312580,loop
907.777,33312580,loop
907.882,33312580,loop
907.987,33312580,loop
908.092,33312580,loop
908.197,33312580,loop
908.303,33312580,loop
908.408,33312580,loop
908.513,33312580,loop
908.618,33312580,loop
908.723,33312580,loop
908.828,33312580,loop
908.934,33312580,loop
909.039,33312580,loop
909.144,33312580,loop
909.249,33312580,loop
909.355,33312580,loop
909.460,33312580,loop
909.566,33312580,loop
909.671,33312580,loop
909.776,33312580,loop
909.881,33312580,loop
909.986,33312580,loop
910.091,33312580,loop
910.197,33312580,loop
910.302,33312580,loop
910.407,33312580,loop
910.512,33312580,loop
910.617,33312580,loop
910.722,33312580,loop
910.828,33312580,loop
910.933,33312580,loop
911.038,33312580,loop
911.143,33312580,loop
911.248,33312580,loop
911.353,33312580,loop
911.459,33312580,loop
911.564,33312580,loop
911.669,33312580,loop
911.774,33312580,loop
911.879,33312580,loop
911.984,33312580,loop
912.090,33312580,loop
912.195,33312580,loop
912.300,33312580,loop
912.405,33312580,loop
912.510,33312580,loop
912.615,33312580,loop
912.721,33312580,loop
912.826,33312580,loop
912.931,33312580,loop
913.036,33312580,loop
913.141,33312580,loop
913.246,33312580,loop
913.352,33312580,loop
913.457,33312580,loop
913.562,33312580,loop
913.667,33312580,loop
913.772,33312580,loop
913.877,33312580,loop
913.983,33312836,loop
914.088,33312836,loop
914.193,33312836,loop
914.298,33312836,loop
914.403,33312836,loop
914.508,33312836,loop
914.614,33312836,loop
914.719,33312836,loop
914.824,33312836,loop
914.929,33312836,loop
915.034,33312836,loop
915.139,33312836,loop
915.245,33312836,loop
915.350,33312836,loop
915.455,33312836,loop
915.560,33312836,loop
915.665,33312836,loop
915.770,33312836,loop
915.876,33312836,loop
915.981,33312836,loop
916.086,33312836,loop
916.191,33312836,loop
916.296,33312836,loop
916.402,33312836,loop
916.507,33312836,loop
916.612,33312836,loop
916.717,33312836,loop
916.822,33312836,loop
916.927,33312836,loop
917.032,33312836,loop
917.138,33312836,loop
917.243,33312836,loop
917.348,33312836,loop
917.453,33312836,loop
917.558,33312836,loop
917.663,33312836,loop
917.769,33312836,loop
917.874,33312836,loop
917.979,33312836,loop
918.084,33312836,loop
918.189,33312836,loop
918.294,33312836,loop
918.400,33312836,loop
918.505,33312836,loop
918.610,33312836,loop
918.715,33312836,loop
918.820,33312836,loop
918.925,33312836,loop
919.031,33312836,loop
919.136,33312836,loop
919.241,33312836,loop
919.346,33312836,loop
919.451,33312836,loop
919.556,33312836,loop
919.662,33312836,loop
919.767,33312836,loop
919.872,33312836,loop
919.977,33312836,loop
920.082,33312836,loop
920.187,33312836,loop
920.293,33312836,loop
920.398,33312836,loop
920.503,33312836,loop
920.608,33312836,loop
920.713,33312836,loop
920.818,33312836,loop
920.924,33312836,loop
921.029,33312836,loop
921.134,33312836,loop
921.239,33312836,loop
921.344,33312836,loop
921.449,33312836,loop
921.555,33312836,loop
921.660,33312836,loop
921.765,33312836,loop
921.870,33312836,loop
921.975,33312836,loop
922.080,33312836,loop
922.185,33312836,loop
922.291,33312836,loop
922.396,33312836,loop
922.501,33312836,loop
922.606,33312836,loop
922.711,33312836,loop
922.816,33312836,loop
922.922,33312836,loop
923.027,33312836,loop
923.132,33312836,loop
923.237,33312836,loop
923.342,33312836,loop
923.447,33312836,loop
923.553,33312836,loop
923.658,33312836,loop
923.763,33312836,loop
923.868,33312836,loop
923.973,33312836,loop
924.078,33312836,loop
924.184,33313092,loop
924.289,33313092,loop
924.394,33313092,loop
924.499,33313092,loop
924.604,33313092,loop
924.709,33313092,loop
924.815,33313092,loop
924.920,33313092,loop
925.025,33313092,loop
925.130,33313092,loop
925.235,33313092,loop
925.340,33313092,loop
925.446,33313092,loop
925.551,33313092,loop
925.656,33313092,loop
925.761,33313092,loop
925.866,33313092,loop
925.971,33313092,loop
926.077,33313092,loop
926.182,33313092,loop
926.287,33313092,loop
926.392,33313092,loop
926.497,33313092,loop
926.602,33313092,loop
926.708,33313092,loop
926.813,33313092,loop
926.918,33313092,loop
927.023,33313092,loop
927.128,33313092,loop
927.233,33313092,loop
927.339,33313092,loop
927.444,33313092,loop
927.549,33313092,loop
927.654,33313092,loop
927.759,33313092,loop
927.865,33313092,loop
927.970,33313092,loop
928.075,33313092,loop
928.180,33313092,loop
928.285,33313092,loop
928.390,33313092,loop
928.495,33313092,loop
928.601,33313092,loop
928.706,33313092,loop
928.811,33313092,loop
928.916,33313092,loop
929.021,33313092,loop
929.126,33313092,loop
929.232,33313092,loop
929.337,33313092,loop
929.442,33313092,loop
929.547,33313092,loop
929.652,33313092,loop
929.757,33313092,loop
929.863,33313092,loop
929.968,33313092,loop
930.073,33313092,loop
930.178,33313092,loop
930.283,33313092,loop
930.388,33313092,loop
930.494,33313092,loop
930.599,33313092,loop
930.704,33313092,loop
930.809,33313092,loop
930.914,33313092,loop
931.019,33313092,loop
931.125,33313092,loop
931.230,33313092,loop
931.335,33313092,loop
931.440,33313092,loop
931.545,33313092,loop
931.650,33313092,loop
931.756,33313092,loop
931.861,33313092,loop
931.966,33313092,loop
932.071,33313092,loop
932.176,33313092,loop
932.281,33313092,loop
932.387,33313092,loop
932.492,33313092,loop
932.597,33313092,loop
932.702,33313092,loop
932.807,33313092,loop
932.912,33313092,loop
933.018,33313092,loop
933.123,33313092,loop
933.228,33313092,loop
933.333,33313092,loop
933.438,33313092,loop
933.543,33313092,loop
933.648,33313092,loop
933.754,33313092,loop
933.859,33313092,loop
933.964,33313092,loop
934.069,33313092,loop
934.174,33313092,loop
934.279,33313092,loop
934.385,33313092,loop
934.490,33313348,loop
934.595,33313348,loop
934.700,33313348,loop
934.805,33313348,loop
934.910,33313348,loop
935.016,33313348,loop
935.121,33313348,loop
935.226,33313348,loop
935.331,33313348,loop
935.436,33313348,loop
935.541,33313348,loop
935.647,33313348,loop
935.752,33313348,loop
935.857,33313348,loop
935.962,33313348,loop
936.067,33313348,loop
936.173,33313348,loop
936.278,33313348,loop
936.383,33313348,loop
936.488,33313348,loop
936.593,33313348,loop
936.698,33313348,loop
936.804,33313348,loop
936.909,33313348,loop
937.014,33313348,loop
937.119,33313348,loop
937.224,33313348,loop
937.329,33313348,loop
937.434,33313348,loop
937.540,33313348,loop
937.645,33313348,loop
937.750,33313348,loop
937.855,33313348,loop
937.960,33313348,loop
938.066,33313348,loop
938.171,33313348,loop
938.276,33313348,loop
938.381,33313348,loop
938.486,33313348,loop
938.591,33313348,loop
938.696,33313348,loop
938.802,33313348,loop
938.907,33313348,loop
939.012,33313348,loop
939.117,33313348,loop
939.222,33313348,loop
939.327,33313348,loop
939.433,33313348,loop
939.538,33313348,loop
939.643,33313348,loop
939.748,33313348,loop
939.853,33313348,loop
939.958,33313348,loop
940.064,33313348,loop
940.169,33313348,loop
940.274,33313348,loop
940.379,33313348,loop
940.484,33313348,loop
940.590,33313348,loop
940.695,33313348,loop
940.800,33313348,loop
940.905,33313348,loop
941.010,33313348,loop
941.115,33313348,loop
941.220,33313348,loop
941.326,33313348,loop
941.431,33313348,loop
941.536,33313348,loop
941.641,33313348,loop
941.746,33313348,loop
941.851,33313348,loop
941.957,33313348,loop
942.062,33313348,loop
942.167,33313348,loop
942.272,33313348,loop
942.377,33313348,loop
942.482,33313348,loop
942.588,33313348,loop
942.693,33313348,loop
942.798,33313348,loop
942.903,33313348,loop
943.008,33313348,loop
943.113,33313348,loop
943.219,33313348,loop
943.324,33313348,loop
943.429,33313348,loop
943.534,33313348,loop
943.639,33313348,loop
943.744,33313348,loop
943.850,33313348,loop
943.955,33313348,loop
944.060,33313348,loop
944.165,33313348,loop
944.270,33313348,loop
944.375,33313348,loop
944.481,33313348,loop
944.586,33313348,loop
944.691,33313604,loop
944.796,33313604,loop
944.901,33313604,loop
945.006,33313604,loop
945.112,33313604,loop
945.217,33313604,loop
945.322,33313604,loop
945.427,33313604,loop
945.532,33313604,loop
945.637,33313604,loop
945.743,33313604,loop
945.848,33313604,loop
945.953,33313604,loop
946.058,33313604,loop
946.163,33313604,loop
946.268,33313604,loop
946.374,33313604,loop
946.479,33313604,loop
946.584,33313604,loop
946.689,33313604,loop
946.794,33313604,loop
946.899,33313604,loop
947.005,33313604,loop
947.110,33313604,loop
947.215,33313604,loop
947.320,33313604,loop
947.425,33313604,loop
947.530,33313604,loop
947.636,33313604,loop
947.741,33313604,loop
947.846,33313604,loop
947.951,33313604,loop
948.056,33313604,loop
948.161,33313604,loop
948.267,33313604,loop
948.372,33313604,loop
948.477,33313604,loop
948.582,33313604,loop
948.687,33313604,loop
948.792,33313604,loop
948.898,33313604,loop
949.003,33313604,loop
949.108,33313604,loop
949.213,33313604,loop
949.318,33313604,loop
949.423,33313604,loop
949.529,33313604,loop
949.634,33313604,loop
949.739,33313604,loop
949.844,33313604,loop
949.949,33313604,loop
950.054,33313604,loop
950.160,33313604,loop
950.265,33313604,loop
950.370,33313604,loop
950.475,33313604,loop
950.580,33313604,loop
950.685,33313604,loop
950.791,33313604,loop
950.896,33313604,loop
951.001,33313604,loop
951.106,33313604,loop
951.211,33313604,loop
951.316,33313604,loop
951.421,33313604,loop
951.527,33313604,loop
951.632,33313604,loop
951.737,33313604,loop
951.842,33313604,loop
951.947,33313604,loop
952.052,33313604,loop
952.158,33313604,loop
952.263,33313604,loop
952.368,33313604,loop
952.473,33313604,loop
952.578,33313604,loop
952.684,33313604,loop
952.789,33313604,loop
952.894,33313604,loop
952.999,33313604,loop
953.104,33313604,loop
953.209,33313604,loop
953.315,33313604,loop
953.420,33313604,loop
953.525,33313604,loop
953.630,33313604,loop
953.735,33313604,loop
953.840,33313604,loop
953.946,33313604,loop
954.051,33313604,loop
954.156,33313604,loop
954.261,33313604,loop
954.366,33313604,loop
954.471,33313604,loop
954.576,33313604,loop
954.682,33313604,loop
954.787,33313604,loop
954.892,33313860,loop
954.997,33313860,loop
955.102,33313860,loop
955.207,33313860,loop
955.313,33313860,loop
955.418,33313860,loop
955.523,33313860,loop
955.628,33313860,loop
955.733,33313860,loop
955.839,33313860,loop
955.944,33313860,loop
956.049,33313860,loop
956.154,33313860,loop
956.259,33313860,loop
956.364,33313860,loop
956.470,33313860,loop
956.575,33313860,loop
956.680,33313860,loop
956.785,33313860,loop
956.890,33313860,loop
956.995,33313860,loop
957.100,33313860,loop
957.206,33313860,loop
957.311,33313860,loop
957.416,33313860,loop
957.521,33313860,loop
957.626,33313860,loop
957.731,33313860,loop
957.837,33313860,loop
957.942,33313860,loop
958.047,33313860,loop
958.152,33313860,loop
958.257,33313860,loop
958.363,33313860,loop
958.468,33313860,loop
958.573,33313860,loop
958.678,33313860,loop
958.783,33313860,loop
958.888,33313860,loop
958.993,33313860,loop
959.099,33313860,loop
959.204,33313860,loop
959.309,33313860,loop
959.414,33313860,loop
959.519,33313860,loop
959.624,33313860,loop
959.730,33313860,loop
959.835,33313860,loop
959.940,33313860,loop
960.045,33313860,loop
960.150,33313860,loop
960.255,33313860,loop
960.361,33313860,loop
960.466,33313860,loop
960.571,33313860,loop
960.676,33313860,loop
960.781,33313860,loop
960.886,33313860,loop
960.992,33313860,loop
961.097,33313860,loop
961.202,33313860,loop
961.307,33313860,loop
961.412,33313860,loop
961.517,33313860,loop
961.623,33313860,loop
961.728,33313860,loop
961.833,33313860,loop
961.938,33313860,loop
962.043,33313860,loop
962.148,33313860,loop
962.254,33313860,loop
962.359,33313860,loop
962.464,33313860,loop
962.569,33313860,loop
962.674,33313860,loop
962.779,33313860,loop
962.885,33313860,loop
962.990,33313860,loop
963.095,33313860,loop
963.200,33313860,loop
963.305,33313860,loop
963.410,33313860,loop
963.516,33313860,loop
963.621,33313860,loop
963.726,33313860,loop
963.831,33313860,loop
963.936,33313860,loop
964.041,33313860,loop
964.147,33313860,loop
964.252,33313860,loop
964.357,33313860,loop
964.462,33313860,loop
964.567,33313860,loop
964.672,33313860,loop
964.778,33313860,loop
964.883,33313860,loop
964.988,33313860,loop
965.093,33313860,loop
965.198,33314116,loop
965.303,33314116,loop
965.409,33314116,loop
965.514,33314116,loop
965.619,33314116,loop
965.724,33314116,loop
965.829,33314116,loop
965.935,33314116,loop
966.040,33314116,loop
966.145,33314116,loop
966.250,33314116,loop
966.355,33314116,loop
966.460,33314116,loop
966.566,33314116,loop
966.671,33314116,loop
966.776,33316164,loop
966.881,33316164,loop
966.986,33316164,loop
967.091,33316164,loop
967.196,33316164,loop
967.302,33316164,loop
967.407,33316164,loop
967.512,33316164,loop
967.617,33316164,loop
967.722,33316164,loop
967.827,33316164,loop
967.933,33316164,loop
968.038,33316164,loop
968.143,33316164,loop
968.248,33316164,loop
968.353,33316164,loop
968.459,33316164,loop
968.564,33316164,loop
968.669,33316164,loop
968.774,33316164,loop
968.879,33316164,loop
968.984,33316164,loop
969.089,33316164,loop
969.195,33316164,loop
969.300,33316164,loop
969.405,33316164,loop
969.510,33316164,loop
969.615,33316164,loop
969.720,33316164,loop
969.826,33316164,loop
969.931,33316164,loop
970.036,33316164,loop
970.141,33316164,loop
970.246,33316164,loop
970.351,33316164,loop
970.457,33316164,loop
970.562,33316164,loop
970.667,33316164,loop
970.772,33316164,loop
970.877,33316164,loop
970.982,33316164,loop
971.088,33316164,loop
971.193,33316164,loop
971.298,33316164,loop
971.403,33316164,loop
971.508,33316164,loop
971.613,33316164,loop
971.719,33316164,loop
971.824,33316164,loop
971.929,33316164,loop
972.034,33316164,loop
972.139,33316164,loop
972.244,33316164,loop
972.350,33316164,loop
972.455,33316164,loop
972.560,33316164,loop
972.665,33316164,loop
972.770,33316164,loop
972.875,33316164,loop
972.981,33316164,loop
973.086,33316164,loop
973.191,33316164,loop
973.296,33316164,loop
973.401,33316164,loop
973.506,33316164,loop
973.612,33316164,loop
973.717,33316164,loop
973.822,33316164,loop
973.927,33316164,loop
974.032,33316164,loop
974.137,33316164,loop
974.243,33316164,loop
974.348,33316164,loop
974.453,33316164,loop
974.558,33316164,loop
974.663,33316164,loop
974.768,33316164,loop
974.873,33316164,loop
974.979,33316164,loop
975.084,33316164,loop
975.189,33316164,loop
975.294,33316164,loop
975.399,33316420,loop
975.505,33316420,loop
975.610,33316420,loop
975.715,33316420,loop
975.820,33316420,loop
975.925,33316420,loop
976.030,33316420,loop
976.136,33316420,loop
976.241,33316420,loop
976.346,33316420,loop
976.451,33316420,loop
976.556,33316420,loop
976.661,33316420,loop
976.766,33316420,loop
976.872,33316420,loop
976.977,33316420,loop
977.082,33316420,loop
977.187,33316420,loop
977.292,33316420,loop
977.397,33316420,loop
977.503,33316420,loop
977.608,33316420,loop
977.713,33316420,loop
977.818,33316420,loop
977.923,33316420,loop
978.029,33316420,loop
978.134,33316420,loop
978.239,33316420,loop
978.344,33316420,loop
978.449,33316420,loop
978.554,33316420,loop
978.660,33316420,loop
978.765,33316420,loop
978.870,33316420,loop
978.975,33316420,loop
979.080,33316420,loop
979.185,33316420,loop
979.291,33316420,loop
979.396,33316420,loop
979.501,33316420,loop
979.606,33316420,loop
979.711,33316420,loop
979.816,33316420,loop
979.921,33316420,loop
980.027,33316420,loop
980.132,33316420,loop
980.237,33316420,loop
980.342,33316420,loop
980.447,33316420,loop
980.552,33316420,loop
980.658,33316420,loop
980.763,33316420,loop
980.868,33316420,loop
980.973,33316420,loop
981.078,33316420,loop
981.183,33316420,loop
981.289,33316420,loop
981.394,33316420,loop
981.499,33316420,loop
981.604,33316420,loop
981.709,33316420,loop
981.814,33316420,loop
981.920,33316420,loop
982.025,33316420,loop
982.130,33316420,loop
982.235,33316420,loop
982.340,33316420,loop
982.445,33316420,loop
982.551,33316420,loop
982.656,33316420,loop
982.761,33316420,loop
982.866,33316420,loop
982.971,33316420,loop
983.076,33316420,loop
983.182,33316420,loop
983.287,33316420,loop
983.392,33316420,loop
983.497,33316420,loop
983.602,33316420,loop
983.707,33316420,loop
983.813,33316420,loop
983.918,33316420,loop
984.023,33316420,loop
984.128,33316420,loop
984.233,33316420,loop
984.338,33316420,loop
984.444,33316420,loop
984.549,33316420,loop
984.654,33316420,loop
984.759,33316420,loop
984.864,33316420,loop
984.969,33316420,loop
985.075,33316420,loop
985.180,33316420,loop
985.285,33316420,loop
985.390,33316420,loop
985.495,33316420,loop
985.600,33316420,loop
985.706,33316676,loop
985.811,33316676,loop
985.916,33316676,loop
986.021,33316676,loop
986.126,33316676,loop
986.231,33316676,loop
986.337,33316676,loop
986.442,33316676,loop
986.547,33316676,loop
986.652,33316676,loop
986.757,33316676,loop
986.862,33316676,loop
986.968,33316676,loop
987.073,33316676,loop
987.178,33316676,loop
987.283,33316676,loop
987.388,33316676,loop
987.493,33316676,loop
987.599,33316676,loop
987.704,33316676,loop
987.809,33316676,loop
987.914,33316676,loop
988.019,33316676,loop
988.124,33316676,loop
988.230,33316676,loop
988.335,33316676,loop
988.440,33316676,loop
988.545,33316676,loop
988.650,33316676,loop
988.755,33316676,loop
988.861,33316676,loop
988.966,33316676,loop
989.071,33316676,loop
989.176,33316676,loop
989.281,33316676,loop
989.386,33316676,loop
989.492,33316676,loop
989.597,33316676,loop
989.702,33316676,loop
989.807,33316676,loop
989.912,33316676,loop
990.017,33316676,loop
990.122,33316676,loop
990.228,33316676,loop
990.333,33316676,loop
990.438,33316676,loop
990.543,33316676,loop
990.648,33316676,loop
990.754,33316676,loop
990.859,33316676,loop
990.964,33316676,loop
991.069,33316676,loop
991.174,33316676,loop
991.279,33316676,loop
991.384,33316676,loop
991.490,33316676,loop
991.595,33316676,loop
991.700,33316676,loop
991.805,33316676,loop
991.910,33316676,loop
992.015,33316676,loop
992.121,33316676,loop
992.226,33316676,loop
992.331,33316676,loop
992.436,33316676,loop
992.541,33316676,loop
992.646,33316676,loop
992.752,33316676,loop
992.857,33316676,loop
992.962,33316676,loop
993.067,33316676,loop
993.172,33316676,loop
993.277,33316676,loop
993.383,33316676,loop
993.488,33316676,loop
993.593,33316676,loop
993.698,33316676,loop
993.803,33316676,loop
993.908,33316676,loop
994.014,33316676,loop
994.119,33316676,loop
994.224,33316676,loop
994.329,33316676,loop
994.434,33316676,loop
994.539,33316676,loop
994.645,33316676,loop
994.750,33316676,loop
994.855,33316676,loop
994.960,33316676,loop
995.065,33316676,loop
995.171,33316676,loop
995.276,33316676,loop
995.381,33316676,loop
995.486,33316676,loop
995.591,33316676,loop
995.696,33316676,loop
995.802,33316676,loop
995.907,33316932,loop
996.012,33316932,loop
996.117,33316932,loop
996.222,33316932,loop
996.327,33316932,loop
996.433,33316932,loop
996.538,33316932,loop
996.643,33316932,loop
996.748,33316932,loop
996.853,33316932,loop
996.958,33316932,loop
997.063,33316932,loop
997.169,33316932,loop
997.274,33316932,loop
997.379,33316932,loop
997.484,33316932,loop
997.589,33316932,loop
997.694,33316932,loop
997.800,33316932,loop
997.905,33316932,loop
998.010,33316932,loop
998.115,33316932,loop
998.220,33316932,loop
998.325,33316932,loop
998.431,33316932,loop
998.536,33316932,loop
998.641,33316932,loop
998.746,33316932,loop
998.851,33316932,loop
998.956,33316932,loop
999.187,33316932,loop
999.292,33316932,loop
999.397,33316932,loop
999.502,33316932,loop
999.607,33316932,loop
999.713,33316932,loop
999.818,33316932,loop
999.923,33316932,loop
1000.028,33316932,loop
1000.133,33316932,loop
1000.238,33316932,loop
1000.343,33316932,loop
1000.449,33316932,loop
1000.554,33316932,loop
1000.659,33316932,loop
1000.764,33316932,loop
1000.869,33316932,loop
1000.974,33316932,loop
1001.080,33316932,loop
1001.185,33316932,loop
1001.290,33316932,loop
1001.395,33316932,loop
1001.500,33316932,loop
1001.605,33316932,loop
1001.711,33316932,loop
1001.816,33316932,loop
1001.921,33316932,loop
1002.026,33316932,loop
1002.131,33316932,loop
1002.237,33316932,loop
1002.342,33316932,loop
1002.447,33316932,loop
1002.552,33316932,loop
1002.657,33316932,loop
1002.762,33316932,loop
1002.867,33316932,loop
1002.973,33316932,loop
1003.078,33316932,loop
1003.183,33316932,loop
1003.288,33316932,loop
1003.393,33316932,loop
1003.498,33316932,loop
1003.604,33316932,loop
1003.709,33316932,loop
1003.814,33316932,loop
1003.919,33316932,loop
1004.024,33316932,loop
1004.129,33316932,loop
1004.235,33316932,loop
1004.340,33316932,loop
1004.445,33316932,loop
1004.550,33316932,loop
1004.661,33316932,loop
1004.766,33316932,loop
1004.871,33316932,loop
1004.976,33316932,loop
1005.081,33316932,loop
1005.186,33316932,loop
1005.292,33316932,loop
1005.397,33316932,loop
1005.502,33316932,loop
1005.607,33316932,loop
1005.712,33316932,loop
1005.817,33316932,loop
1005.922,33316932,loop
1006.028,33316932,loop
1006.133,33317188,loop
1006.238,33317188,loop
1006.343,33317188,loop
1006.448,33317188,loop
1006.553,33317188,loop
1006.659,33317188,loop
1006.764,33317188,loop
1006.869,33317188,loop
1006.974,33317188,loop
1007.079,33317188,loop
1007.184,33317188,loop
1007.290,33317188,loop
1007.395,33317188,loop
1007.500,33317188,loop
1007.605,33317188,loop
1007.710,33317188,loop
1007.815,33317188,loop
1007.921,33317188,loop
1008.026,33317188,loop
1008.131,33317188,loop
1008.236,33317188,loop
1008.341,33317188,loop
1008.446,33317188,loop
1008.552,33317188,loop
1008.657,33317188,loop
1008.762,33317188,loop
1008.867,33317188,loop
1008.972,33317188,loop
1009.077,33317188,loop
1009.183,33317188,loop
1009.288,33317188,loop
1009.393,33317188,loop
1009.498,33317188,loop
1009.603,33317188,loop
1009.708,33317188,loop
1009.814,33317188,loop
1009.919,33317188,loop
1010.024,33317188,loop
1010.129,33317188,loop
1010.234,33317188,loop
1010.339,33317188,loop
1010.445,33317188,loop
1010.550,33317188,loop
1010.655,33317188,loop
1010.760,33317188,loop
1010.865,33317188,loop
1010.970,33317188,loop
1011.076,33317188,loop
1011.181,33317188,loop
1011.286,33317188,loop
1011.391,33317188,loop
1011.496,33317188,loop
1011.601,33317188,loop
1011.707,33317188,loop
1011.812,33317188,loop
1011.917,33317188,loop
1012.022,33317188,loop
1012.127,33317188,loop
1012.232,33317188,loop
1012.338,33317188,loop
1012.443,33317188,loop
1012.548,33317188,loop
1012.653,33317188,loop
1012.758,33317188,loop
1012.863,33317188,loop
1012.969,33317188,loop
1013.074,33317188,loop
1013.179,33317188,loop
1013.284,33317188,loop
1013.389,33317188,loop
1013.494,33317188,loop
1013.600,33317188,loop
1013.705,33317188,loop
1013.810,33317188,loop
1013.915,33317188,loop
1014.020,33317188,loop
1014.126,33317188,loop
1014.231,33317188,loop
1014.336,33317188,loop
1014.441,33317188,loop
1014.546,33317188,loop
1014.651,33317188,loop
1014.757,33317188,loop
1014.862,33317188,loop
1014.967,33317188,loop
1015.072,33317188,loop
1015.177,33317188,loop
1015.282,33317188,loop
1015.388,33317188,loop
1015.493,33317188,loop
1015.598,33317188,loop
1015.703,33317188,loop
1015.808,33317188,loop
1015.913,33317188,loop
1016.018,33317188,loop
1016.124,33317188,loop
1016.229,33317188,loop
1016.334,33317444,loop
1016.439,33317444,loop
1016.544,33317444,loop
1016.649,33317444,loop
1016.755,33317444,loop
1016.860,33317444,loop
1016.965,33317444,loop
1017.070,33317444,loop
1017.175,33317444,loop
1017.280,33317444,loop
1017.386,33317444,loop
1017.491,33317444,loop
1017.596,33317444,loop
1017.701,33317444,loop
1017.806,33317444,loop
1017.911,33317444,loop
1018.017,33317444,loop
1018.122,33317444,loop
1018.227,33317444,loop
1018.332,33317444,loop
1018.437,33317444,loop
1018.542,33317444,loop
1018.648,33317444,loop
1018.753,33317444,loop
1018.858,33317444,loop
1018.963,33317444,loop
1019.068,33317444,loop
1019.173,33317444,loop
1019.279,33317444,loop
1019.384,33317444,loop
1019.489,33317444,loop
1019.594,33317444,loop
1019.699,33317444,loop
1019.804,33317444,loop
1019.910,33317444,loop
1020.015,33317444,loop
1020.120,33317444,loop
1020.225,33317444,loop
1020.330,33317444,loop
1020.435,33317444,loop
1020.541,33317444,loop
1020.646,33317444,loop
1020.751,33317444,loop
1020.856,33317444,loop
1020.961,33317444,loop
1021.066,33317444,loop
1021.172,33317444,loop
1021.277,33317444,loop
1021.382,33317444,loop
1021.487,33317444,loop
1021.592,33317444,loop
1021.697,33317444,loop
1021.803,33317444,loop
1021.908,33317444,loop
1022.013,33317444,loop
1022.118,33317444,loop
1022.223,33317444,loop
1022.328,33317444,loop
1022.434,33317444,loop
1022.539,33317444,loop
1022.644,33317444,loop
1022.749,33317444,loop
1022.854,33317444,loop
1022.959,33317444,loop
1023.065,33317444,loop
1023.170,33317444,loop
1023.275,33317444,loop
1023.380,33317444,loop
1023.485,33317444,loop
1023.590,33317444,loop
1023.695,33317444,loop
1023.801,33317444,loop
1023.906,33317444,loop
1024.011,33317444,loop
1024.116,33317444,loop
1024.221,33317444,loop
1024.326,33317444,loop
1024.432,33317444,loop
1024.537,33317444,loop
1024.642,33317444,loop
1024.747,33317444,loop
1024.852,33317444,loop
1024.957,33317444,loop
1025.063,33317444,loop
1025.168,33317444,loop
1025.273,33317444,loop
1025.378,33317444,loop
1025.483,33317444,loop
1025.589,33317444,loop
1025.694,33317444,loop
1025.799,33317444,loop
1025.904,33317444,loop
1026.009,33317444,loop
1026.114,33317444,loop
1026.220,33317444,loop
1026.325,33317444,loop
1026.430,33317444,loop
1026.535,33317444,loop
1026.640,33317700,loop
1026.745,33317700,loop
1026.851,33317700,loop
1026.956,33317700,loop
1027.061,33317700,loop
1027.166,33317700,loop
1027.271,33317700,loop
1027.376,33317700,loop
1027.482,33317700,loop
1027.587,33317700,loop
1027.692,33319748,loop
1027.797,33319748,loop
1027.902,33319748,loop
1028.007,33319748,loop
1028.113,33319748,loop
1028.218,33319748,loop
1028.323,33319748,loop
1028.428,33319748,loop
1028.533,33319748,loop
1028.638,33319748,loop
1028.743,33319748,loop
1028.849,33319748,loop
1028.954,33319748,loop
1029.059,33319748,loop
1029.164,33319748,loop
1029.269,33319748,loop
1029.374,33319748,loop
1029.480,33319748,loop
1029.585,33319748,loop
1029.690,33319748,loop
1029.795,33319748,loop
1029.900,33319748,loop
1030.005,33319748,loop
1030.111,33319748,loop
1030.216,33319748,loop
1030.321,33319748,loop
1030.426,33319748,loop
1030.531,33319748,loop
1030.637,33319748,loop
1030.742,33319748,loop
1030.847,33319748,loop
1030.952,33319748,loop
1031.057,33319748,loop
1031.162,33319748,loop
1031.267,33319748,loop
1031.373,33319748,loop
1031.478,33319748,loop
1031.583,33319748,loop
1031.688,33319748,loop
1031.793,33319748,loop
1031.898,33319748,loop
1032.004,33319748,loop
1032.109,33319748,loop
1032.214,33319748,loop
1032.319,33319748,loop
1032.424,33319748,loop
1032.530,33319748,loop
1032.635,33319748,loop
1032.740,33319748,loop
1032.845,33319748,loop
1032.950,33319748,loop
1033.055,33319748,loop
1033.160,33319748,loop
1033.266,33319748,loop
1033.371,33319748,loop
1033.476,33319748,loop
1033.581,33319748,loop
1033.686,33319748,loop
1033.791,33319748,loop
1033.897,33319748,loop
1034.002,33319748,loop
1034.107,33319748,loop
1034.212,33319748,loop
1034.317,33319748,loop
1034.422,33319748,loop
1034.528,33319748,loop
1034.633,33319748,loop
1034.738,33319748,loop
1034.843,33316120,loop
1034.948,33316120,loop
1035.053,33316120,loop
1035.159,33316120,loop
1035.264,33316120,loop
1035.369,33316120,loop
1035.474,33316120,loop
1035.579,33316120,loop
1035.684,33316120,loop
1035.790,33316120,loop
1035.895,33316120,loop
1036.000,33316120,loop
1036.105,33316120,loop
1036.210,33316120,loop
1036.315,33316120,loop
1036.421,33316120,loop
1036.526,33316120,loop
1036.631,33316120,loop
1036.736,33316120,loop
1036.841,33316376,loop
1036.946,33316376,loop
1037.052,33316376,loop
1037.157,33316376,loop
1037.262,33316376,loop
1037.367,33316376,loop
1037.472,33316376,loop
1037.577,33316376,loop
1037.683,33316376,loop
1037.788,33316376,loop
1037.893,33316376,loop
1037.998,33316376,loop
1038.103,33316376,loop
1038.208,33316376,loop
1038.314,33316376,loop
1038.419,33316376,loop
1038.524,33316376,loop
1038.629,33316376,loop
1038.734,33316376,loop
1038.839,33316376,loop
1038.945,33316376,loop
1039.050,33316376,loop
1039.155,33316376,loop
1039.260,33316376,loop
1039.365,33316376,loop
1039.470,33316376,loop
1039.576,33316376,loop
1039.681,33316376,loop
1039.786,33316376,loop
1039.891,33316376,loop
1039.996,33316376,loop
1040.101,33316376,loop
1040.207,33316376,loop
1040.312,33316376,loop
1040.417,33316376,loop
1040.522,33316376,loop
1040.627,33316376,loop
1040.733,33316376,loop
1040.838,33316376,loop
1040.943,33316376,loop
1041.048,33316376,loop
1041.153,33316376,loop
1041.258,33316376,loop
1041.363,33316376,loop
1041.469,33316376,loop
1041.574,33316376,loop
1041.679,33316376,loop
1041.784,33316376,loop
1041.889,33316376,loop
1041.994,33316376,loop
1042.100,33316376,loop
1042.205,33316376,loop
1042.310,33316376,loop
1042.415,33316376,loop
1042.520,33316376,loop
1042.625,33316376,loop
1042.731,33316376,loop
1042.836,33316376,loop
1042.941,33316376,loop
1043.046,33316376,loop
1043.151,33316376,loop
1043.256,33316376,loop
1043.362,33316376,loop
1043.467,33316376,loop
1043.572,33316376,loop
1043.677,33316376,loop
1043.782,33316376,loop
1043.887,33316376,loop
1043.993,33316376,loop
1044.098,33316376,loop
1044.203,33316376,loop
1044.308,33316376,loop
1044.413,33316376,loop
1044.518,33316376,loop
1044.624,33316376,loop
1044.729,33316376,loop
1044.834,33316376,loop
1044.939,33316376,loop
1045.044,33316376,loop
1045.149,33316376,loop
1045.255,33316376,loop
1045.360,33316376,loop
1045.465,33316376,loop
1045.570,33316376,loop
1045.675,33316376,loop
1045.780,33316376,loop
1045.886,33316376,loop
1045.991,33316376,loop
1046.096,33316376,loop
1046.201,33316376,loop
1046.306,33316376,loop
1046.411,33316376,loop
1046.517,33316376,loop
1046.622,33316376,loop
1046.727,33316376,loop
1046.832,33316376,loop
1046.937,33316376,loop
1047.042,33316376,loop
1047.147,33316632,loop
1047.253,33316632,loop
1047.358,33316632,loop
1047.463,33316632,loop
1047.568,33316632,loop
1047.673,33316632,loop
1047.778,33316632,loop
1047.884,33316632,loop
1047.989,33316632,loop
1048.094,33316632,loop
1048.199,33316632,loop
1048.304,33316632,loop
1048.409,33316632,loop
1048.515,33316632,loop
1048.620,33316632,loop
1048.725,33316632,loop
1048.830,33316632,loop
1048.935,33316632,loop
1049.040,33316632,loop
1049.146,33316632,loop
1049.251,33316632,loop
1049.356,33316632,loop
1049.461,33316632,loop
1049.566,33316632,loop
1049.671,33316632,loop
1049.777,33316632,loop
1049.882,33316632,loop
1049.987,33316632,loop
1050.092,33316632,loop
1050.197,33316632,loop
1050.302,33316632,loop
1050.408,33316632,loop
1050.513,33316632,loop
1050.618,33316632,loop
1050.723,33316632,loop
1050.828,33316632,loop
1050.933,33316632,loop
1051.039,33316632,loop
1051.144,33316632,loop
1051.249,33316632,loop
1051.354,33316632,loop
1051.459,33316632,loop
1051.565,33316632,loop
1051.670,33316632,loop
1051.775,33316632,loop
1051.880,33316632,loop
1051.985,33316632,loop
1052.090,33316632,loop
1052.196,33316632,loop
1052.301,33316632,loop
1052.406,33316632,loop
1052.511,33316632,loop
1052.616,33316632,loop
1052.721,33316632,loop
1052.827,33316632,loop
1052.932,33316632,loop
1053.037,33316632,loop
1053.142,33316632,loop
1053.247,33316632,loop
1053.352,33316632,loop
1053.457,33316632,loop
1053.563,33316632,loop
1053.668,33316632,loop
1053.773,33316632,loop
1053.878,33316632,loop
1053.983,33316632,loop
1054.088,33316632,loop
1054.194,33316632,loop
1054.299,33316632,loop
1054.404,33316632,loop
1054.509,33316632,loop
1054.614,33316632,loop
1054.719,33316632,loop
1054.825,33316632,loop
1054.930,33316632,loop
1055.035,33316632,loop
1055.140,33316632,loop
1055.245,33316632,loop
1055.350,33316632,loop
1055.456,33316632,loop
1055.561,33316632,loop
1055.666,33316632,loop
1055.771,33316632,loop
1055.876,33316632,loop
1055.982,33316632,loop
1056.087,33316632,loop
1056.192,33316632,loop
1056.297,33316632,loop
1056.402,33316632,loop
1056.507,33316632,loop
1056.612,33316632,loop
1056.718,33316632,loop
1056.823,33316632,loop
1056.928,33316632,loop
1057.033,33316632,loop
1057.138,33316632,loop
1057.243,33316632,loop
1057.349,33316888,loop
1057.454,33316888,loop
1057.559,33316888,loop
1057.664,33316888,loop
1057.769,33316888,loop
1057.874,33316888,loop
1057.980,33316888,loop
1058.085,33316888,loop
1058.190,33316888,loop
1058.295,33316888,loop
1058.400,33316888,loop
1058.505,33316888,loop
1058.611,33316888,loop
1058.716,33316888,loop
1058.821,33316888,loop
1058.926,33316888,loop
1059.031,33316888,loop
1059.136,33316888,loop
1059.242,33316888,loop
1059.347,33316888,loop
1059.452,33316888,loop
1059.557,33316888,loop
1059.662,33316888,loop
1059.767,33316888,loop
1059.873,33316888,loop
1059.978,33316888,loop
1060.083,33316888,loop
1060.188,33316888,loop
1060.293,33316888,loop
1060.398,33316888,loop
1060.504,33316888,loop
1060.609,33316888,loop
1060.714,33316888,loop
1060.819,33316888,loop
1060.924,33316888,loop
1061.029,33316888,loop
1061.135,33316888,loop
1061.240,33316888,loop
1061.345,33316888,loop
1061.450,33316888,loop
1061.555,33316888,loop
1061.660,33316888,loop
1061.766,33316888,loop
1061.871,33316888,loop
1061.976,33316888,loop
1062.081,33316888,loop
1062.186,33316888,loop
1062.291,33316888,loop
1062.397,33316888,loop
1062.502,33316888,loop
1062.607,33316888,loop
1062.712,33316888,loop
1062.817,33316888,loop
1062.922,33316888,loop
1063.028,33316888,loop
1063.133,33316888,loop
1063.238,33316888,loop
1063.343,33316888,loop
1063.448,33316888,loop
1063.553,33316888,loop
1063.658,33316888,loop
1063.764,33316888,loop
1063.869,33316888,loop
1063.974,33316888,loop
1064.079,33316888,loop
1064.184,33316888,loop
1064.290,33316888,loop
1064.395,33316888,loop
1064.500,33316888,loop
1064.605,33316888,loop
1064.710,33316888,loop
1064.815,33316888,loop
1064.921,33316888,loop
1065.026,33316888,loop
1065.131,33316888,loop
1065.236,33316888,loop
1065.341,33316888,loop
1065.446,33316888,loop
1065.552,33316888,loop
1065.657,33316888,loop
1065.762,33316888,loop
1065.867,33316888,loop
1065.972,33316888,loop
1066.077,33316888,loop
1066.183,33316888,loop
1066.288,33316888,loop
1066.393,33316888,loop
1066.498,33316888,loop
1066.603,33316888,loop
1066.708,33316888,loop
1066.813,33316888,loop
1066.919,33316888,loop
1067.024,33316888,loop
1067.129,33316888,loop
1067.234,33316888,loop
1067.339,33316888,loop
1067.444,33316888,loop
1067.550,33317144,loop
1067.655,33317144,loop
1067.760,33317144,loop
1067.865,33317144,loop
1067.970,33317144,loop
1068.075,33317144,loop
1068.181,33317144,loop
1068.286,33317144,loop
1068.391,33317144,loop
1068.496,33317144,loop
1068.601,33317144,loop
1068.706,33317144,loop
1068.812,33317144,loop
1068.917,33317144,loop
1069.022,33317144,loop
1069.127,33317144,loop
1069.232,33317144,loop
1069.337,33317144,loop
1069.443,33317144,loop
1069.548,33317144,loop
1069.653,33317144,loop
1069.758,33317144,loop
1069.863,33317144,loop
1069.969,33317144,loop
1070.074,33317144,loop
1070.179,33317144,loop
1070.284,33317144,loop
1070.389,33317144,loop
1070.494,33317144,loop
1070.599,33317144,loop
1070.705,33317144,loop
1070.810,33317144,loop
1070.915,33317144,loop
1071.020,33317144,loop
1071.125,33317144,loop
1071.231,33317144,loop
1071.336,33317144,loop
1071.441,33317144,loop
1071.546,33317144,loop
1071.651,33317144,loop
1071.756,33317144,loop
1071.862,33317144,loop
1071.967,33317144,loop
1072.072,33317144,loop
1072.177,33317144,loop
1072.282,33317144,loop
1072.387,33317144,loop
1072.492,33317144,loop
1072.598,33317144,loop
1072.703,33317144,loop
1072.808,33317144,loop
1072.913,33317144,loop
1073.018,33317144,loop
1073.123,33317144,loop
1073.229,33317144,loop
1073.334,33317144,loop
1073.439,33317144,loop
1073.544,33317144,loop
1073.649,33317144,loop
1073.754,33317144,loop
1073.860,33317144,loop
1073.965,33317144,loop
1074.070,33317144,loop
1074.175,33317144,loop
1074.280,33317144,loop
1074.385,33317144,loop
1074.491,33317144,loop
1074.596,33317144,loop
1074.701,33292152,loop
1074.806,33292152,loop
1074.911,33292152,loop
1075.016,33292152,loop
1075.122,33292152,loop
1075.227,33292152,loop
1075.332,33292152,loop
1075.437,33292152,loop
1075.542,33292152,loop
1075.647,33292152,loop
1075.753,33292152,loop
1075.858,33292152,loop
1075.963,33292152,loop
1076.068,33292152,loop
1076.173,33292152,loop
1076.278,33292152,loop
1076.384,33292152,loop
1076.489,33292152,loop
1076.594,33292152,loop
1076.699,33292152,loop
1076.804,33292152,loop
1076.909,33292152,loop
1077.015,33292152,loop
1077.120,33292152,loop
1077.225,33292152,loop
1077.330,33292152,loop
1077.435,33292152,loop
1077.540,33292152,loop
1077.646,33292152,loop
1077.751,33292152,loop
1077.856,33292408,loop
1077.961,33292408,loop
1078.066,33292408,loop
1078.171,33292408,loop
1078.277,33292408,loop
1078.382,33292408,loop
1078.487,33292408,loop
1078.592,33292408,loop
1078.697,33292408,loop
1078.802,33292408,loop
1078.908,33292408,loop
1079.013,33292408,loop
1079.118,33292408,loop
1079.223,33292408,loop
1079.328,33292408,loop
1079.433,33292408,loop
1079.539,33292408,loop
1079.644,33292408,loop
1079.749,33292408,loop
1079.854,33292408,loop
1079.959,33292408,loop
1080.064,33292408,loop
1080.170,33292408,loop
1080.275,33292408,loop
1080.380,33292408,loop
1080.485,33292408,loop
1080.590,33292408,loop
1080.695,33292408,loop
1080.800,33292408,loop
1080.906,33292408,loop
1081.011,33292408,loop
1081.116,33292408,loop
1081.221,33292408,loop
1081.326,33292408,loop
1081.431,33292408,loop
1081.537,33292408,loop
1081.642,33292408,loop
1081.747,33292408,loop
1081.852,33292408,loop
1081.957,33292408,loop
1082.062,33292408,loop
1082.168,33292408,loop
1082.273,33292408,loop
1082.378,33292408,loop
1082.483,33292408,loop
1082.588,33292408,loop
1082.693,33292408,loop
1082.799,33292408,loop
1082.904,33292408,loop
1083.009,33292408,loop
1083.114,33292408,loop
1083.219,33292408,loop
1083.324,33292408,loop
1083.430,33292408,loop
1083.535,33292408,loop
1083.640,33292408,loop
1083.745,33292408,loop
1083.850,33292408,loop
1083.955,33292408,loop
1084.061,33292408,loop
1084.166,33292408,loop
1084.271,33292408,loop
1084.376,33292408,loop
1084.481,33292408,loop
1084.586,33292408,loop
1084.692,33292408,loop
1084.797,33292408,loop
1084.902,33292408,loop
1085.007,33292408,loop
1085.112,33292408,loop
1085.217,33292408,loop
1085.323,33292408,loop
1085.428,33292408,loop
1085.533,33292408,loop
1085.638,33292408,loop
1085.743,33292408,loop
1085.848,33292408,loop
1085.954,33292408,loop
1086.059,33292408,loop
1086.164,33292408,loop
1086.269,33292408,loop
1086.374,33292408,loop
1086.479,33292408,loop
1086.585,33292408,loop
1086.690,33292408,loop
1086.795,33292408,loop
1086.900,33292408,loop
1087.005,33292408,loop
1087.110,33292408,loop
1087.216,33292408,loop
1087.321,33292408,loop
1087.426,33292408,loop
1087.531,33292408,loop
1087.636,33292408,loop
1087.741,33292408,loop
1087.847,33292408,loop
1087.952,33292408,loop
1088.057,33292664,loop
1088.162,33292664,loop
1088.267,33292664,loop
1088.372,33292664,loop
1088.478,33292664,loop
1088.583,33294712,loop
1088.688,33294712,loop
1088.793,33294712,loop
1088.898,33294712,loop
1089.004,33294712,loop
1089.109,33294712,loop
1089.214,33294712,loop
1089.319,33294712,loop
1089.424,33294712,loop
1089.529,33294712,loop
1089.634,33294712,loop
1089.740,33294712,loop
1089.845,33294712,loop
1089.950,33294712,loop
1090.055,33294712,loop
1090.160,33294712,loop
1090.265,33294712,loop
1090.371,33294712,loop
1090.476,33294712,loop
1090.581,33294712,loop
1090.686,33294712,loop
1090.791,33294712,loop
1090.896,33294712,loop
1091.002,33294712,loop
1091.107,33294712,loop
1091.212,33294712,loop
1091.317,33294712,loop
1091.422,33294712,loop
1091.527,33294712,loop
1091.633,33294712,loop
1091.738,33294712,loop
1091.843,33294712,loop
1091.948,33294712,loop
1092.053,33294712,loop
1092.158,33294712,loop
1092.264,33294712,loop
1092.369,33294712,loop
1092.474,33294712,loop
1092.579,33294712,loop
1092.684,33294712,loop
1092.789,33294712,loop
1092.895,33294712,loop
1093.000,33294712,loop
1093.105,33294712,loop
1093.210,33294712,loop
1093.315,33294712,loop
1093.420,33294712,loop
1093.526,33294712,loop
1093.631,33294712,loop
1093.736,33294712,loop
1093.841,33294712,loop
1093.946,33294712,loop
1094.051,33294712,loop
1094.157,33294712,loop
1094.262,33294712,loop
1094.367,33294712,loop
1094.472,33294712,loop
1094.577,33294712,loop
1094.682,33294712,loop
1094.788,33294712,loop
1094.893,33294712,loop
1094.998,33294712,loop
1095.103,33294712,loop
1095.208,33294712,loop
1095.313,33294712,loop
1095.418,33294712,loop
1095.524,33294712,loop
1095.629,33294712,loop
1095.734,33294712,loop
1095.839,33294712,loop
1095.944,33294712,loop
1096.049,33294712,loop
1096.155,33294712,loop
1096.260,33294712,loop
1096.365,33294712,loop
1096.470,33294712,loop
1096.575,33294712,loop
1096.680,33294712,loop
1096.786,33294712,loop
1096.891,33294712,loop
1096.996,33294712,loop
1097.101,33294712,loop
1097.206,33294712,loop
1097.311,33294712,loop
1097.417,33294712,loop
1097.522,33294712,loop
1097.627,33294712,loop
1097.732,33294712,loop
1097.837,33294712,loop
1097.942,33294712,loop
1098.048,33294712,loop
1098.153,33294712,loop
1098.258,33294968,loop
1098.363,33294968,loop
1098.468,33294968,loop
1098.573,33294968,loop
1098.679,33294968,loop
1098.784,33294968,loop
1098.889,33294968,loop
1098.994,33294968,loop
1099.099,33294968,loop
1099.204,33294968,loop
1099.310,33294968,loop
1099.415,33294968,loop
1099.520,33294968,loop
1099.625,33294968,loop
1099.730,33294968,loop
1099.835,33294968,loop
1099.941,33294968,loop
1100.046,33294968,loop
1100.151,33294968,loop
1100.256,33294968,loop
1100.361,33294968,loop
1100.466,33294968,loop
1100.572,33294968,loop
1100.677,33294968,loop
1100.782,33294968,loop
1100.887,33294968,loop
1100.992,33294968,loop
1101.097,33294968,loop
1101.203,33294968,loop
1101.308,33294968,loop
1101.413,33294968,loop
1101.518,33294968,loop
1101.623,33294968,loop
1101.728,33294968,loop
1101.833,33294968,loop
1101.939,33294968,loop
1102.044,33294968,loop
1102.149,33294968,loop
1102.254,33294968,loop
1102.359,33294968,loop
1102.465,33294968,loop
1102.570,33294968,loop
1102.675,33294968,loop
1102.780,33294968,loop
1102.885,33294968,loop
1102.990,33294968,loop
1103.096,33294968,loop
1103.201,33294968,loop
1103.306,33294968,loop
1103.411,33294968,loop
1103.516,33294968,loop
1103.621,33294968,loop
1103.726,33294968,loop
1103.832,33294968,loop
1103.937,33294968,loop
1104.042,33294968,loop
1104.147,33294968,loop
1104.252,33294968,loop
1104.357,33294968,loop
1104.463,33294968,loop
1104.568,33294968,loop
1104.673,33294968,loop
1104.778,33294968,loop
1104.883,33294968,loop
1104.988,33294968,loop
1105.094,33294968,loop
1105.199,33294968,loop
1105.304,33294968,loop
1105.409,33294968,loop
1105.514,33294968,loop
1105.619,33294968,loop
1105.725,33294968,loop
1105.830,33294968,loop
1105.935,33294968,loop
1106.040,33294968,loop
1106.145,33294968,loop
1106.250,33294968,loop
1106.356,33294968,loop
1106.461,33294968,loop
1106.566,33294968,loop
1106.671,33294968,loop
1106.776,33294968,loop
1106.881,33294968,loop
1106.987,33294968,loop
1107.092,33294968,loop
1107.197,33294968,loop
1107.302,33294968,loop
1107.407,33294968,loop
1107.512,33294968,loop
1107.618,33294968,loop
1107.723,33294968,loop
1107.828,33294968,loop
1107.933,33294968,loop
1108.038,33294968,loop
1108.143,33294968,loop
1108.249,33294968,loop
1108.354,33294968,loop
1108.459,33294968,loop
1108.564,33295224,loop
1108.669,33295224,loop
1108.774,33295224,loop
1108.880,33295224,loop
1108.985,33295224,loop
1109.090,33295224,loop
1109.195,33295224,loop
1109.300,33295224,loop
1109.405,33295224,loop
1109.511,33295224,loop
1109.616,33295224,loop
1109.721,33295224,loop
1109.826,33295224,loop
1109.931,33295224,loop
1110.036,33295224,loop
1110.142,33295224,loop
1110.247,33295224,loop
1110.352,33295224,loop
1110.457,33295224,loop
1110.562,33295224,loop
1110.667,33295224,loop
1110.773,33295224,loop
1110.878,33295224,loop
1110.983,33295224,loop
1111.088,33295224,loop
1111.193,33295224,loop
1111.298,33295224,loop
1111.404,33295224,loop
1111.509,33295224,loop
1111.614,33295224,loop
1111.719,33295224,loop
1111.824,33295224,loop
1111.929,33295224,loop
1112.035,33295224,loop
1112.140,33295224,loop
1112.245,33295224,loop
1112.350,33295224,loop
1112.455,33295224,loop
1112.560,33295224,loop
1112.666,33295224,loop
1112.771,33295224,loop
1112.876,33295224,loop
1112.981,33295224,loop
1113.086,33295224,loop
1113.191,33295224,loop
1113.297,33295224,loop
1113.402,33295224,loop
1113.507,33295224,loop
1113.612,33295224,loop
1113.717,33295224,loop
1113.822,33295224,loop
1113.928,33295224,loop
1114.033,33295224,loop
1114.138,33295224,loop
1114.243,33295224,loop
1114.348,33295224,loop
1114.454,33295224,loop
1114.559,33295224,loop
1114.664,33295224,loop
1114.769,33295224,loop
1114.874,33295224,loop
1114.979,33295224,loop
1115.084,33295224,loop
1115.190,33295224,loop
1115.295,33295224,loop
1115.400,33295224,loop
1115.505,33295224,loop
1115.610,33295224,loop
1115.715,33295224,loop
1115.821,33295224,loop
1115.926,33295224,loop
1116.031,33295224,loop
1116.136,33295224,loop
1116.241,33295224,loop
1116.346,33295224,loop
1116.452,33295224,loop
1116.557,33295224,loop
1116.662,33295224,loop
1116.767,33295224,loop
1116.872,33295224,loop
1116.977,33295224,loop
1117.083,33295224,loop
1117.188,33295224,loop
1117.293,33295224,loop
1117.398,33295224,loop
1117.503,33295224,loop
1117.609,33295224,loop
1117.714,33295224,loop
1117.819,33295224,loop
1117.924,33295224,loop
1118.029,33295224,loop
1118.134,33295224,loop
1118.239,33295224,loop
1118.345,33295224,loop
1118.450,33295224,loop
1118.555,33295224,loop
1118.660,33295224,loop
1118.765,33295480,loop
1118.870,33295480,loop
1118.976,33295480,loop
1119.081,33295480,loop
1119.186,33295480,loop
1119.291,33295480,loop
1119.396,33295480,loop
1119.501,33295480,loop
1119.607,33295480,loop
1119.712,33295480,loop
1119.817,33295480,loop
1119.922,33295480,loop
1120.027,33295480,loop
1120.132,33295480,loop
1120.238,33295480,loop
1120.343,33295480,loop
1120.448,33295480,loop
1120.553,33295480,loop
1120.658,33295480,loop
1120.763,33295480,loop
1120.869,33295480,loop
1120.974,33295480,loop
1121.079,33295480,loop
1121.184,33295480,loop
1121.289,33295480,loop
1121.394,33295480,loop
1121.500,33295480,loop
1121.605,33295480,loop
1121.710,33295480,loop
1121.815,33295480,loop
1121.920,33295480,loop
1122.025,33295480,loop
1122.131,33295480,loop
1122.236,33295480,loop
1122.341,33295480,loop
1122.446,33295480,loop
1122.551,33295480,loop
1122.656,33295480,loop
1122.762,33295480,loop
1122.867,33295480,loop
1122.972,33295480,loop
1123.077,33295480,loop
1123.182,33295480,loop
1123.287,33295480,loop
1123.393,33295480,loop
1123.498,33295480,loop
1123.603,33295480,loop
1123.708,33295480,loop
1123.813,33295480,loop
1123.918,33295480,loop
1124.023,33295480,loop
1124.129,33295480,loop
1124.234,33295480,loop
1124.339,33295480,loop
1124.444,33295480,loop
1124.549,33295480,loop
1124.654,33295480,loop
1124.760,33295480,loop
1124.865,33295480,loop
1124.970,33295480,loop
1125.075,33295480,loop
1125.180,33295480,loop
1125.285,33295480,loop
1125.391,33295480,loop
1125.496,33295480,loop
1125.601,33295480,loop
1125.706,33295480,loop
1125.811,33295480,loop
1125.916,33295480,loop
1126.022,33295480,loop
1126.127,33295480,loop
1126.232,33295480,loop
1126.337,33295480,loop
1126.442,33295480,loop
1126.548,33295480,loop
1126.653,33295480,loop
1126.758,33295480,loop
1126.863,33295480,loop
1126.968,33295480,loop
1127.073,33295480,loop
1127.179,33295480,loop
1127.284,33295480,loop
1127.389,33295480,loop
1127.494,33295480,loop
1127.599,33295480,loop
1127.704,33295480,loop
1127.810,33295480,loop
1127.915,33295480,loop
1128.020,33295480,loop
1128.125,33295480,loop
1128.230,33295480,loop
1128.335,33295480,loop
1128.440,33295480,loop
1128.546,33295480,loop
1128.651,33295480,loop
1128.756,33295480,loop
1128.861,33295480,loop
1128.966,33295496,loop
1129.071,33295736,loop
1129.177,33295736,loop
1129.282,33295736,loop
1129.387,33295736,loop
1129.492,33295736,loop
1129.597,33295736,loop
1129.702,33295736,loop
1129.808,33295736,loop
1129.913,33295736,loop
1130.018,33295736,loop
1130.123,33295736,loop
1130.228,33295736,loop
1130.333,33295736,loop
1130.439,33295736,loop
1130.544,33295736,loop
1130.649,33295736,loop
1130.754,33295736,loop
1130.859,33295736,loop
1130.964,33295736,loop
1131.070,33295736,loop
1131.175,33295736,loop
1131.280,33295736,loop
1131.385,33295736,loop
1131.490,33295736,loop
1131.595,33295736,loop
1131.701,33295736,loop
1131.806,33295736,loop
1131.911,33295736,loop
1132.016,33295736,loop
1132.121,33295736,loop
1132.226,33295736,loop
1132.332,33295736,loop
1132.437,33295736,loop
1132.542,33295736,loop
1132.647,33295736,loop
1132.752,33295736,loop
1132.857,33295736,loop
1132.963,33295736,loop
1133.068,33295736,loop
1133.173,33295736,loop
1133.278,33295736,loop
1133.383,33295736,loop
1133.488,33295736,loop
1133.594,33295736,loop
1133.699,33295736,loop
1133.804,33295736,loop
1133.909,33295736,loop
1134.014,33295736,loop
1134.119,33295736,loop
1134.225,33295736,loop
1134.330,33295736,loop
1134.435,33295736,loop
1134.540,33295736,loop
1134.645,33295736,loop
1134.750,33295736,loop
1134.856,33295736,loop
1134.961,33295736,loop
1135.066,33295736,loop
1135.171,33295736,loop
1135.276,33295736,loop
1135.381,33295736,loop
1135.487,33295736,loop
1135.592,33295736,loop
1135.697,33295736,loop
1135.802,33295736,loop
1135.907,33295736,loop
1136.012,33295736,loop
1136.118,33295736,loop
1136.223,33295736,loop
1136.328,33295736,loop
1136.433,33295736,loop
1136.538,33295736,loop
1136.643,33295736,loop
1136.749,33295736,loop
1136.854,33295736,loop
1136.959,33295736,loop
1137.064,33295736,loop
1137.169,33295736,loop
1137.274,33295736,loop
1137.380,33295736,loop
1137.485,33295736,loop
1137.590,33295736,loop
1137.695,33295736,loop
1137.800,33295736,loop
1137.905,33295736,loop
1138.011,33295736,loop
1138.116,33295736,loop
1138.221,33295736,loop
1138.326,33295736,loop
1138.431,33295736,loop
1138.536,33295736,loop
1138.642,33295736,loop
1138.747,33295736,loop
1138.852,33295736,loop
1138.957,33295736,loop
1139.062,33295736,loop
1139.167,33295736,loop
1139.273,33295992,loop
1139.378,33295992,loop
1139.483,33295992,loop
1139.588,33295992,loop
1139.693,33295992,loop
1139.798,33295992,loop
1139.904,33295992,loop
1140.009,33295992,loop
1140.114,33295992,loop
1140.219,33295992,loop
1140.324,33295992,loop
1140.429,33295992,loop
1140.535,33295992,loop
1140.640,33295992,loop
1140.745,33295992,loop
1140.850,33295992,loop
1140.955,33295992,loop
1141.060,33295992,loop
1141.166,33295992,loop
1141.271,33295992,loop
1141.376,33295992,loop
1141.481,33295992,loop
1141.586,33295992,loop
1141.691,33295992,loop
1141.797,33295992,loop
1141.902,33295992,loop
1142.007,33295992,loop
1142.112,33295992,loop
1142.217,33295992,loop
1142.322,33295992,loop
1142.428,33295992,loop
1142.533,33295992,loop
1142.638,33295992,loop
1142.743,33295992,loop
1142.848,33295992,loop
1142.953,33295992,loop
1143.059,33295992,loop
1143.164,33295992,loop
1143.269,33295992,loop
1143.374,33295992,loop
1143.479,33295992,loop
1143.584,33295992,loop
1143.690,33295992,loop
1143.795,33295992,loop
1143.900,33295992,loop
1144.005,33295992,loop
1144.110,33295992,loop
1144.215,33295992,loop
1144.321,33295992,loop
1144.426,33295992,loop
1144.531,33295992,loop
1144.636,33295992,loop
1144.741,33295992,loop
1144.846,33295992,loop
1144.952,33295992,loop
1145.057,33295992,loop
1145.162,33295992,loop
1145.267,33295992,loop
1145.372,33295992,loop
1145.477,33295992,loop
1145.583,33295992,loop
1145.688,33295992,loop
1145.793,33295992,loop
1145.898,33295992,loop
1146.003,33295992,loop
1146.108,33295992,loop
1146.214,33295992,loop
1146.319,33295992,loop
1146.424,33295992,loop
1146.529,33295992,loop
1146.634,33295992,loop
1146.739,33295992,loop
1146.844,33295992,loop
1146.950,33295992,loop
1147.055,33295992,loop
1147.160,33295992,loop
1147.265,33295992,loop
1147.370,33295992,loop
1147.475,33295992,loop
1147.581,33295992,loop
1147.686,33295992,loop
1147.791,33295992,loop
1147.896,33295992,loop
1148.001,33295992,loop
1148.107,33295992,loop
1148.212,33295992,loop
1148.317,33295992,loop
1148.422,33295992,loop
1148.527,33295992,loop
1148.632,33295992,loop
1148.737,33295992,loop
1148.843,33295992,loop
1148.948,33295992,loop
1149.053,33295992,loop
1149.158,33295992,loop
1149.263,33295992,loop
1149.368,33295992,loop
1149.474,33296248,loop
1149.579,33298296,loop
1149.684,33298296,loop
1149.789,33298296,loop
1149.894,33298296,loop
1149.999,33298296,loop
1150.105,33298296,loop
1150.210,33298296,loop
1150.315,33298296,loop
1150.420,33298296,loop
1150.525,33298296,loop
1150.630,33298296,loop
1150.736,33298296,loop
1150.841,33298296,loop
1150.946,33298296,loop
1151.051,33298296,loop
1151.156,33298296,loop
1151.261,33298296,loop
1151.367,33298296,loop
1151.472,33298296,loop
1151.577,33298296,loop
1151.682,33298296,loop
1151.787,33298296,loop
1151.892,33298296,loop
1151.998,33298296,loop
1152.103,33298296,loop
1152.208,33298296,loop
1152.313,33298296,loop
1152.418,33298296,loop
1152.523,33298296,loop
1152.629,33298296,loop
1152.734,33298296,loop
1152.839,33298296,loop
1152.944,33298296,loop
1153.049,33298296,loop
1153.155,33298296,loop
1153.260,33298296,loop
1153.365,33298296,loop
1153.470,33298296,loop
1153.575,33298296,loop
1153.680,33298296,loop
1153.785,33298296,loop
1153.891,33298296,loop
1153.996,33298296,loop
1154.101,33298296,loop
1154.206,33298296,loop
1154.311,33298296,loop
1154.416,33298296,loop
1154.522,33298296,loop
1154.627,33298296,loop
1154.732,33298296,loop
1154.837,33298296,loop
1154.942,33298296,loop
1155.047,33298296,loop
1155.153,33298296,loop
1155.258,33298296,loop
1155.363,33298296,loop
1155.468,33298296,loop
1155.573,33298296,loop
1155.678,33298296,loop
1155.784,33298296,loop
1155.889,33298296,loop
1155.994,33298296,loop
1156.099,33298296,loop
1156.204,33298296,loop
1156.309,33298296,loop
1156.415,33298296,loop
1156.520,33298296,loop
1156.625,33298296,loop
1156.730,33298296,loop
1156.835,33298296,loop
1156.940,33298296,loop
1157.046,33298296,loop
1157.151,33298296,loop
1157.256,33298296,loop
1157.361,33298296,loop
1157.466,33298296,loop
1157.571,33298296,loop
1157.677,33298296,loop
1157.782,33298296,loop
1157.887,33298296,loop
1157.992,33298296,loop
1158.097,33298296,loop
1158.202,33298296,loop
1158.308,33298296,loop
1158.413,33298296,loop
1158.518,33298296,loop
1158.623,33298296,loop
1158.728,33298296,loop
1158.833,33298296,loop
1158.939,33298296,loop
1159.044,33298296,loop
1159.149,33298296,loop
1159.254,33298296,loop
1159.359,33298296,loop
1159.464,33298296,loop
1159.570,33298296,loop
1159.675,33298296,loop
1159.780,33298552,loop
1159.885,33298552,loop
1159.990,33298552,loop
1160.095,33298552,loop
1160.201,33298552,loop
1160.306,33298552,loop
1160.411,33298552,loop
1160.516,33298552,loop
1160.621,33298552,loop
1160.726,33298552,loop
1160.831,33298552,loop
1160.937,33298552,loop
1161.042,33298552,loop
1161.147,33298552,loop
1161.252,33298552,loop
1161.357,33298552,loop
1161.462,33298552,loop
1161.568,33298552,loop
1161.673,33298552,loop
1161.778,33298552,loop
1161.883,33298552,loop
1161.988,33298552,loop
1162.093,33298552,loop
1162.199,33298552,loop
1162.304,33298552,loop
1162.409,33298552,loop
1162.514,33298552,loop
1162.619,33298552,loop
1162.724,33298552,loop
1162.830,33298552,loop
1162.935,33298552,loop
1163.040,33298552,loop
1163.145,33298552,loop
1163.250,33298552,loop
1163.356,33298552,loop
1163.461,33298552,loop
1163.566,33298552,loop
1163.671,33298552,loop
1163.776,33298552,loop
1163.881,33298552,loop
1163.986,33298552,loop
1164.092,33298552,loop
1164.197,33298552,loop
1164.302,33298552,loop
1164.407,33298552,loop
1164.512,33298552,loop
1164.617,33298552,loop
1164.723,33298552,loop
1164.828,33298552,loop
1164.933,33298552,loop
1165.038,33298552,loop
1165.143,33298552,loop
1165.248,33298552,loop
1165.354,33298552,loop
1165.459,33298552,loop
1165.564,33298552,loop
1165.669,33298552,loop
1165.774,33298552,loop
1165.879,33298552,loop
1165.985,33298552,loop
1166.090,33298552,loop
1166.195,33298552,loop
1166.300,33298552,loop
1166.405,33298552,loop
1166.510,33298552,loop
1166.616,33298552,loop
1166.721,33298552,loop
1166.826,33298552,loop
1166.931,33298552,loop
1167.036,33298552,loop
1167.141,33298552,loop
1167.247,33298552,loop
1167.352,33298552,loop
1167.457,33298552,loop
1167.562,33298552,loop
1167.667,33298552,loop
1167.772,33298552,loop
1167.878,33298552,loop
1167.983,33298552,loop
1168.088,33298552,loop
1168.193,33298552,loop
1168.298,33298552,loop
1168.403,33298552,loop
1168.509,33298552,loop
1168.614,33298552,loop
1168.719,33298552,loop
1168.824,33298552,loop
1168.929,33298552,loop
1169.034,33298552,loop
1169.140,33298552,loop
1169.245,33298552,loop
1169.350,33298552,loop
1169.455,33298552,loop
1169.560,33298552,loop
1169.665,33298552,loop
1169.771,33298552,loop
1169.876,33298552,loop
1169.981,33298808,loop
1170.086,33298808,loop
1170.191,33298808,loop
1170.296,33298808,loop
1170.402,33298808,loop
1170.507,33298808,loop
1170.612,33298808,loop
1170.717,33298808,loop
1170.822,33298808,loop
1170.927,33298808,loop
1171.033,33298808,loop
1171.138,33298808,loop
1171.243,33298808,loop
1171.348,33298808,loop
1171.453,33298808,loop
1171.558,33298808,loop
1171.664,33298808,loop
1171.769,33298808,loop
1171.874,33298808,loop
1171.979,33298808,loop
1172.084,33298808,loop
1172.189,33298808,loop
1172.295,33298808,loop
1172.400,33298808,loop
1172.505,33298808,loop
1172.610,33298808,loop
1172.715,33298808,loop
1172.820,33298808,loop
1172.926,33298808,loop
1173.031,33298808,loop
1173.136,33298808,loop
1173.241,33298808,loop
1173.346,33298808,loop
1173.451,33298808,loop
1173.557,33298808,loop
1173.662,33298808,loop
1173.767,33298808,loop
1173.872,33298808,loop
1173.977,33298808,loop
1174.082,33298808,loop
1174.188,33298808,loop
1174.293,33298808,loop
1174.398,33298808,loop
1174.503,33298808,loop
1174.608,33298808,loop
1174.713,33298808,loop
1174.819,33298808,loop
1174.924,33298808,loop
1175.029,33298808,loop
1175.134,33298808,loop
1175.239,33298808,loop
1175.344,33298808,loop
1175.450,33298808,loop
1175.555,33298808,loop
1175.660,33298808,loop
1175.765,33298808,loop
1175.870,33298808,loop
1175.976,33298808,loop
1176.081,33298808,loop
1176.186,33298808,loop
1176.291,33298808,loop
1176.396,33298808,loop
1176.501,33298808,loop
1176.606,33298808,loop
1176.712,33298808,loop
1176.817,33298808,loop
1176.922,33298808,loop
1177.027,33298808,loop
1177.132,33298808,loop
1177.237,33298808,loop
1177.343,33298808,loop
1177.448,33298808,loop
1177.553,33298808,loop
1177.658,33298808,loop
1177.763,33298808,loop
1177.868,33298808,loop
1177.974,33298808,loop
1178.079,33298808,loop
1178.184,33298808,loop
1178.289,33298808,loop
1178.394,33298808,loop
1178.499,33298808,loop
1178.605,33298808,loop
1178.710,33298808,loop
1178.815,33298808,loop
1178.920,33298808,loop
1179.025,33298808,loop
1179.130,33298808,loop
1179.236,33298808,loop
1179.341,33298808,loop
1179.446,33298808,loop
1179.551,33298808,loop
1179.656,33298808,loop
1179.761,33298808,loop
1179.867,33298808,loop
1179.972,33298808,loop
1180.077,33298808,loop
1180.182,33299064,loop
1180.287,33299064,loop
1180.392,33299064,loop
1180.498,33299064,loop
1180.603,33299064,loop
1180.708,33299064,loop
1180.813,33299064,loop
1180.918,33299064,loop
1181.023,33299064,loop
1181.129,33299064,loop
1181.234,33299064,loop
1181.339,33299064,loop
1181.444,33299064,loop
1181.549,33299064,loop
1181.654,33299064,loop
1181.760,33299064,loop
1181.865,33299064,loop
1181.970,33299064,loop
1182.075,33299064,loop
1182.180,33299064,loop
1182.285,33299064,loop
1182.391,33299064,loop
1182.496,33299064,loop
1182.602,33299064,loop
1182.707,33299064,loop
1182.813,33299064,loop
1182.918,33299064,loop
1183.023,33299064,loop
1183.128,33299064,loop
1183.233,33299064,loop
1183.338,33299064,loop
1183.444,33299064,loop
1183.549,33299064,loop
1183.654,33299064,loop
1183.759,33299064,loop
1183.864,33299064,loop
1183.969,33299064,loop
1184.075,33299064,loop
1184.180,33299064,loop
1184.285,33299064,loop
1184.390,33299064,loop
1184.495,33299064,loop
1184.600,33299064,loop
1184.706,33299064,loop
1184.811,33299064,loop
1184.916,33299064,loop
1185.021,33299064,loop
1185.126,33299064,loop
1185.231,33299064,loop
1185.336,33299064,loop
1185.442,33299064,loop
1185.547,33299064,loop
1185.652,33299064,loop
1185.757,33299064,loop
1185.862,33299064,loop
1185.967,33299064,loop
1186.073,33299064,loop
1186.178,33299064,loop
1186.283,33299064,loop
1186.388,33299064,loop
1186.493,33299064,loop
1186.598,33299064,loop
1186.704,33299064,loop
1186.809,33299064,loop
1186.914,33299064,loop
1187.019,33299064,loop
1187.124,33299064,loop
1187.230,33299064,loop
1187.335,33299064,loop
1187.440,33299064,loop
1187.545,33299064,loop
1187.650,33299064,loop
1187.755,33299064,loop
1187.861,33299064,loop
1187.966,33299064,loop
1188.071,33299064,loop
1188.176,33299064,loop
1188.281,33299064,loop
1188.386,33299064,loop
1188.491,33299064,loop
1188.597,33299064,loop
1188.702,33299064,loop
1188.807,33299064,loop
1188.912,33299064,loop
1189.017,33299064,loop
1189.123,33299064,loop
1189.228,33299064,loop
1189.333,33299064,loop
1189.438,33299064,loop
1189.543,33299064,loop
1189.648,33299064,loop
1189.753,33299064,loop
1189.859,33299064,loop
1189.964,33299064,loop
1190.069,33299064,loop
1190.174,33299064,loop
1190.279,33299064,loop
1190.384,33299064,loop
1190.490,33299320,loop
1190.595,33299320,loop
1190.700,33299320,loop
1190.805,33299320,loop
1190.910,33299320,loop
1191.015,33299320,loop
1191.121,33299320,loop
1191.226,33299320,loop
1191.331,33299320,loop
1191.436,33299320,loop
1191.541,33299320,loop
1191.646,33299320,loop
1191.752,33299320,loop
1191.857,33299320,loop
1191.962,33299320,loop
1192.067,33299320,loop
1192.172,33299320,loop
1192.277,33299320,loop
1192.383,33299320,loop
1192.488,33299320,loop
1192.593,33299320,loop
1192.698,33299320,loop
1192.803,33299320,loop
1192.908,33299320,loop
1193.014,33299320,loop
1193.119,33299320,loop
1193.224,33299320,loop
1193.329,33299320,loop
1193.434,33299320,loop
1193.539,33299320,loop
1193.645,33299320,loop
1193.750,33299320,loop
1193.855,33299320,loop
1193.960,33299320,loop
1194.065,33299320,loop
1194.171,33299320,loop
1194.276,33299320,loop
1194.381,33299320,loop
1194.486,33299320,loop
1194.591,33299320,loop
1194.696,33299320,loop
1194.802,33299320,loop
1194.907,33299320,loop
1195.012,33299320,loop
1195.117,33299320,loop
1195.222,33299320,loop
1195.327,33299320,loop
1195.432,33299320,loop
1195.538,33299320,loop
1195.643,33299320,loop
1195.748,33299320,loop
1195.853,33299320,loop
1195.958,33299320,loop
1196.063,33299320,loop
1196.169,33299320,loop
1196.274,33299320,loop
1196.379,33299320,loop
1196.484,33299320,loop
1196.589,33299320,loop
1196.694,33299320,loop
1196.800,33299320,loop
1196.905,33299320,loop
1197.010,33299320,loop
1197.115,33299320,loop
1197.220,33299320,loop
1197.325,33299320,loop
1197.431,33299320,loop
1197.536,33299320,loop
1197.641,33299320,loop
1197.746,33299320,loop
1197.851,33299320,loop
1197.956,33299320,loop
1198.062,33299320,loop
1198.167,33299320,loop
1198.272,33299320,loop
1198.377,33299320,loop
1198.482,33299320,loop
1198.587,33299320,loop
1198.693,33299320,loop
1198.798,33299320,loop
1198.903,33299320,loop
1199.008,33299320,loop
1199.113,33299320,loop
1199.218,33299320,loop
1199.324,33299320,loop
1199.429,33299320,loop
1199.534,33299320,loop
1199.639,33299320,loop
1199.744,33299320,loop
1199.849,33299320,loop
1199.955,33299320,loop
1200.060,33299320,loop
1200.165,33299320,loop
1200.270,33299320,loop
1200.375,33299320,loop
1200.480,33299320,loop
1200.586,33299320,loop
1200.691,33299576,loop
1200.796,33299576,loop
1200.902,33299576,loop
1201.007,33299576,loop
1201.112,33299576,loop
1201.217,33299576,loop
1201.323,33299576,loop
1201.428,33299576,loop
1201.533,33299576,loop
1201.638,33299576,loop
1201.743,33299576,loop
1201.849,33299576,loop
1201.954,33299576,loop
1202.060,33299576,loop
1202.165,33299576,loop
1202.270,33299576,loop
1202.375,33299576,loop
1202.480,33299576,loop
1202.585,33299576,loop
1202.691,33299576,loop
1202.796,33299576,loop
1202.901,33299576,loop
1203.006,33299576,loop
1203.111,33299576,loop
1203.216,33299576,loop
1203.321,33299576,loop
1203.427,33299576,loop
1203.532,33299576,loop
1203.637,33299576,loop
1203.742,33299576,loop
1203.847,33299576,loop
1203.952,33299576,loop
1204.058,33299576,loop
1204.163,33299576,loop
1204.268,33299576,loop
1204.373,33299576,loop
1204.478,33299576,loop
1204.584,33299576,loop
1204.689,33299576,loop
1204.794,33299576,loop
1204.899,33299576,loop
1205.004,33299576,loop
1205.109,33299576,loop
1205.215,33299576,loop
1205.320,33299576,loop
1205.425,33299576,loop
1205.530,33299576,loop
1205.635,33299576,loop
1205.740,33299576,loop
1205.845,33299576,loop
1205.951,33299576,loop
1206.056,33299576,loop
1206.161,33299576,loop
1206.266,33299576,loop
1206.371,33299576,loop
1206.476,33299576,loop
1206.582,33299576,loop
1206.687,33299576,loop
1206.792,33299576,loop
1206.897,33299576,loop
1207.002,33299576,loop
1207.107,33299576,loop
1207.213,33299576,loop
1207.318,33299576,loop
1207.423,33299576,loop
1207.528,33299576,loop
1207.633,33299576,loop
1207.738,33299576,loop
1207.844,33299576,loop
1207.949,33299576,loop
1208.054,33299576,loop
1208.159,33299576,loop
1208.264,33299576,loop
1208.369,33299576,loop
1208.475,33299576,loop
1208.580,33299576,loop
1208.685,33299576,loop
1208.790,33299576,loop
1208.895,33299576,loop
1209.000,33299576,loop
1209.106,33299576,loop
1209.211,33299576,loop
1209.316,33299576,loop
1209.421,33299576,loop
1209.526,33299576,loop
1209.631,33299576,loop
1209.737,33299576,loop
1209.842,33299576,loop
1209.947,33299576,loop
1210.052,33299576,loop
1210.157,33299576,loop
1210.262,33299576,loop
1210.368,33299576,loop
1210.473,33299576,loop
1210.578,33301624,loop
1210.683,33301624,loop
1210.788,33301624,loop
1210.893,33301880,loop
1210.999,33301880,loop
1211.104,33301880,loop
1211.209,33301880,loop
1211.314,33301880,loop
1211.419,33301880,loop
1211.525,33301880,loop
1211.630,33301880,loop
1211.735,33301880,loop
1211.840,33301880,loop
1211.945,33301880,loop
1212.050,33301880,loop
1212.156,33301880,loop
1212.261,33301880,loop
1212.366,33301880,loop
1212.471,33301880,loop
1212.576,33301880,loop
1212.681,33301880,loop
1212.787,33301880,loop
1212.892,33301880,loop
1212.997,33301880,loop
1213.102,33301880,loop
1213.207,33301880,loop
1213.312,33301880,loop
1213.417,33301880,loop
1213.523,33301880,loop
1213.628,33301880,loop
1213.733,33301880,loop
1213.838,33301880,loop
1213.943,33301880,loop
1214.048,33301880,loop
1214.154,33301880,loop
1214.259,33301880,loop
1214.364,33301880,loop
1214.469,33301880,loop
1214.574,33301880,loop
1214.680,33301880,loop
1214.785,33301880,loop
1214.890,33301880,loop
1214.995,33301880,loop
1215.100,33301880,loop
1215.205,33301880,loop
1215.310,33301880,loop
1215.416,33301880,loop
1215.521,33301880,loop
1215.626,33301880,loop
1215.731,33301880,loop
1215.836,33301880,loop
1215.941,33301880,loop
1216.047,33301880,loop
1216.152,33301880,loop
1216.257,33301880,loop
1216.362,33301880,loop
1216.467,33301880,loop
1216.572,33301880,loop
1216.678,33301880,loop
1216.783,33301880,loop
1216.888,33301880,loop
1216.993,33301880,loop
1217.098,33301880,loop
1217.203,33301880,loop
1217.309,33301880,loop
1217.414,33301880,loop
1217.519,33301880,loop
1217.624,33301880,loop
1217.729,33301880,loop
1217.834,33301880,loop
1217.940,33301880,loop
1218.045,33301880,loop
1218.150,33301880,loop
1218.255,33301880,loop
1218.360,33301880,loop
1218.465,33301880,loop
1218.571,33301880,loop
1218.676,33301880,loop
1218.781,33301880,loop
1218.886,33301880,loop
1218.991,33301880,loop
1219.096,33301880,loop
1219.202,33301880,loop
1219.307,33301880,loop
1219.412,33301880,loop
1219.517,33301880,loop
1219.622,33301880,loop
1219.727,33301880,loop
1219.833,33301880,loop
1219.938,33301880,loop
1220.043,33301880,loop
1220.148,33301880,loop
1220.253,33301880,loop
1220.359,33301880,loop
1220.464,33301880,loop
1220.569,33301880,loop
1220.674,33301880,loop
1220.779,33301880,loop
1220.884,33301880,loop
1220.989,33301880,loop
1221.095,33301880,loop
1221.200,33302136,loop
1221.305,33302136,loop
1221.410,33302136,loop
1221.515,33302136,loop
1221.620,33302136,loop
1221.726,33302136,loop
1221.831,33302136,loop
1221.936,33302136,loop
1222.041,33302136,loop
1222.146,33302136,loop
1222.251,33302136,loop
1222.357,33302136,loop
1222.462,33302136,loop
1222.567,33302136,loop
1222.672,33302136,loop
1222.777,33302136,loop
1222.883,33302136,loop
1222.988,33302136,loop
1223.093,33302136,loop
1223.198,33302136,loop
1223.303,33302136,loop
1223.408,33302136,loop
1223.514,33302136,loop
1223.619,33302136,loop
1223.724,33302136,loop
1223.829,33302136,loop
1223.934,33302136,loop
1224.039,33302136,loop
1224.144,33302136,loop
1224.250,33302136,loop
1224.355,33302136,loop
1224.460,33302136,loop
1224.565,33302136,loop
1224.670,33302136,loop
1224.775,33302136,loop
1224.881,33302136,loop
1224.986,33302136,loop
1225.091,33302136,loop
1225.196,33302136,loop
1225.301,33297888,loop
1225.407,33297888,loop
1225.512,33297888,loop
1225.617,33297888,loop
1225.722,33297888,loop
1225.827,33297888,loop
1225.932,33297888,loop
1226.037,33297888,loop
1226.143,33297888,loop
1226.248,33297888,loop
1226.353,33297888,loop
1226.458,33297888,loop
1226.563,33297888,loop
1226.668,33297888,loop
1226.774,33297888,loop
1226.879,33297888,loop
1226.984,33297888,loop
1227.089,33297888,loop
1227.194,33297888,loop
1227.299,33297888,loop
1227.405,33297888,loop
1227.510,33297888,loop
1227.615,33297888,loop
1227.720,33297888,loop
1227.825,33297888,loop
1227.930,33297888,loop
1228.036,33297888,loop
1228.141,33297888,loop
1228.246,33297888,loop
1228.351,33297888,loop
1228.456,33297888,loop
1228.561,33297888,loop
1228.667,33297888,loop
1228.772,33297888,loop
1228.877,33297888,loop
1228.982,33297888,loop
1229.087,33297888,loop
1229.192,33297888,loop
1229.298,33297888,loop
1229.403,33297888,loop
1229.508,33297888,loop
1229.613,33297888,loop
1229.718,33297888,loop
1229.823,33297888,loop
1229.929,33297888,loop
1230.034,33297888,loop
1230.139,33297888,loop
1230.244,33297888,loop
1230.349,33297888,loop
1230.454,33297888,loop
1230.560,33297888,loop
1230.665,33297888,loop
1230.770,33297888,loop
1230.875,33297888,loop
1230.980,33297888,loop
1231.085,33297888,loop
1231.191,33297888,loop
1231.296,33297888,loop
1231.401,33298144,loop
1231.506,33298144,loop
1231.611,33298144,loop
1231.716,33298144,loop
1231.822,33298144,loop
1231.927,33298144,loop
1232.032,33298144,loop
1232.137,33298144,loop
1232.242,33298144,loop
1232.347,33298144,loop
1232.453,33298144,loop
1232.558,33298144,loop
1232.663,33298144,loop
1232.768,33298144,loop
1232.873,33298144,loop
1232.978,33298144,loop
1233.084,33298144,loop
1233.189,33298144,loop
1233.294,33298144,loop
1233.399,33298144,loop
1233.504,33298144,loop
1233.609,33298144,loop
1233.715,33298144,loop
1233.820,33298144,loop
1233.925,33298144,loop
1234.030,33298144,loop
1234.135,33298144,loop
1234.241,33298144,loop
1234.346,33298144,loop
1234.451,33298144,loop
1234.556,33298144,loop
1234.661,33298144,loop
1234.766,33298144,loop
1234.872,33298144,loop
1234.977,33298144,loop
1235.082,33298144,loop
1235.187,33298144,loop
1235.292,33298144,loop
1235.397,33298144,loop
1235.503,33298144,loop
1235.608,33298144,loop
1235.713,33298144,loop
1235.818,33298144,loop
1235.923,33298144,loop
1236.028,33298144,loop
1236.134,33298144,loop
1236.239,33298144,loop
1236.344,33298144,loop
1236.449,33298144,loop
1236.554,33298144,loop
1236.659,33298144,loop
1236.765,33298144,loop
1236.870,33298144,loop
1236.975,33298144,loop
1237.080,33298144,loop
1237.185,33298144,loop
1237.290,33298144,loop
1237.395,33298144,loop
1237.501,33298144,loop
1237.606,33298144,loop
1237.711,33298144,loop
1237.816,33298144,loop
1237.921,33298144,loop
1238.026,33298144,loop
1238.132,33298144,loop
1238.237,33298144,loop
1238.342,33298144,loop
1238.447,33298144,loop
1238.552,33298144,loop
1238.658,33298144,loop
1238.763,33298144,loop
1238.868,33298144,loop
1238.973,33298144,loop
1239.078,33298144,loop
1239.183,33298144,loop
1239.289,33298144,loop
1239.394,33298144,loop
1239.499,33298144,loop
1239.604,33298144,loop
1239.709,33298144,loop
1239.814,33298144,loop
1239.920,33298144,loop
1240.025,33298144,loop
1240.130,33298144,loop
1240.235,33298144,loop
1240.340,33298144,loop
1240.445,33298144,loop
1240.550,33298144,loop
1240.656,33298144,loop
1240.761,33298144,loop
1240.866,33298144,loop
1240.971,33298144,loop
1241.076,33298144,loop
1241.181,33298144,loop
1241.287,33298144,loop
1241.392,33298144,loop
1241.497,33298144,loop
1241.602,33298144,loop
1241.707,33298400,loop
1241.812,33298400,loop
1241.918,33298400,loop
1242.023,33298400,loop
1242.128,33298400,loop
1242.233,33298400,loop
1242.338,33298400,loop
1242.443,33298400,loop
1242.549,33298400,loop
1242.654,33298400,loop
1242.759,33298400,loop
1242.864,33298400,loop
1242.969,33298400,loop
1243.074,33298400,loop
1243.180,33298400,loop
1243.285,33298400,loop
1243.390,33298400,loop
1243.495,33298400,loop
1243.600,33298400,loop
1243.705,33298400,loop
1243.811,33298400,loop
1243.916,33298400,loop
1244.021,33298400,loop
1244.126,33298400,loop
1244.231,33298400,loop
1244.336,33298400,loop
1244.442,33298400,loop
1244.547,33298400,loop
1244.652,33298400,loop
1244.757,33298400,loop
1244.862,33298400,loop
1244.967,33298400,loop
1245.073,33298400,loop
1245.178,33298400,loop
1245.283,33298400,loop
1245.388,33298400,loop
1245.493,33298400,loop
1245.598,33298400,loop
1245.704,33298400,loop
1245.809,33298400,loop
1245.914,33298400,loop
1246.019,33298400,loop
1246.124,33298400,loop
1246.229,33298400,loop
1246.335,33298400,loop
1246.440,33298400,loop
1246.545,33298400,loop
1246.650,33298400,loop
1246.755,33298400,loop
1246.860,33298400,loop
1246.966,33298400,loop
1247.071,33298400,loop
1247.176,33298400,loop
1247.281,33298400,loop
1247.386,33298400,loop
1247.491,33298400,loop
1247.597,33298400,loop
1247.702,33298400,loop
1247.807,33298400,loop
1247.912,33298400,loop
1248.017,33298400,loop
1248.122,33298400,loop
1248.228,33298400,loop
1248.333,33298400,loop
1248.438,33298400,loop
1248.543,33298400,loop
1248.648,33298400,loop
1248.753,33298400,loop
1248.859,33298400,loop
1248.964,33298400,loop
1249.069,33298400,loop
1249.174,33298400,loop
1249.279,33298400,loop
1249.384,33298400,loop
1249.490,33298400,loop
1249.595,33298400,loop
1249.700,33298400,loop
1249.805,33298400,loop
1249.910,33298400,loop
1250.015,33298400,loop
1250.121,33298400,loop
1250.226,33298400,loop
1250.331,33298400,loop
1250.436,33298400,loop
1250.541,33298400,loop
1250.646,33298400,loop
1250.752,33298400,loop
1250.857,33298400,loop
1250.962,33298400,loop
1251.067,33298400,loop
1251.172,33298400,loop
1251.277,33298400,loop
1251.383,33298400,loop
1251.488,33298400,loop
1251.593,33298400,loop
1251.698,33298400,loop
1251.803,33298400,loop
1251.908,33298656,loop
1252.014,33298656,loop
1252.119,33298656,loop
1252.224,33298656,loop
1252.329,33298656,loop
1252.434,33298656,loop
1252.539,33298656,loop
1252.645,33298656,loop
1252.750,33298656,loop
1252.855,33298656,loop
1252.960,33298656,loop
1253.065,33298656,loop
1253.170,33298656,loop
1253.276,33298656,loop
1253.381,33298656,loop
1253.486,33298656,loop
1253.591,33298656,loop
1253.696,33298656,loop
1253.801,33298656,loop
1253.907,33298656,loop
1254.012,33298656,loop
1254.117,33298656,loop
1254.222,33298656,loop
1254.327,33298656,loop
1254.432,33298656,loop
1254.538,33298656,loop
1254.643,33298656,loop
1254.748,33298656,loop
1254.853,33298656,loop
1254.958,33298656,loop
1255.063,33298656,loop
1255.169,33298656,loop
1255.274,33298656,loop
1255.379,33298656,loop
1255.484,33298656,loop
1255.589,33298656,loop
1255.694,33298656,loop
1255.800,33298656,loop
1255.905,33298656,loop
1256.010,33298656,loop
1256.115,33298656,loop
1256.220,33298656,loop
1256.325,33298656,loop
1256.431,33298656,loop
1256.536,33298656,loop
1256.641,33298656,loop
1256.746,33298656,loop
1256.851,33298656,loop
1256.956,33298656,loop
1257.062,33298656,loop
1257.167,33298656,loop
1257.272,33298656,loop
1257.377,33298656,loop
1257.482,33298656,loop
1257.588,33298656,loop
1257.693,33298656,loop
1257.798,33298656,loop
1257.903,33298656,loop
1258.008,33298656,loop
1258.113,33298656,loop
1258.219,33298656,loop
1258.324,33298656,loop
1258.429,33298656,loop
1258.534,33298656,loop
1258.639,33298656,loop
1258.744,33298656,loop
1258.850,33298656,loop
1258.955,33298656,loop
1259.060,33298656,loop
1259.165,33298656,loop
1259.270,33298656,loop
1259.375,33298656,loop
1259.481,33298656,loop
1259.586,33298656,loop
1259.691,33298656,loop
1259.796,33298656,loop
1259.901,33298656,loop
1260.006,33298656,loop
1260.111,33298656,loop
1260.217,33298656,loop
1260.322,33298656,loop
1260.427,33298656,loop
1260.532,33298656,loop
1260.637,33298656,loop
1260.743,33298656,loop
1260.848,33298656,loop
1260.953,33298656,loop
1261.058,33298656,loop
1261.163,33298656,loop
1261.268,33298656,loop
1261.373,33298656,loop
1261.479,33298656,loop
1261.584,33298656,loop
1261.689,33298656,loop
1261.794,33298656,loop
1261.899,33298656,loop
1262.004,33298656,loop
1262.110,33298912,loop
1262.215,33298912,loop
1262.320,33298912,loop
1262.425,33298912,loop
1262.530,33298912,loop
1262.635,33298912,loop
1262.741,33298912,loop
1262.846,33298912,loop
1262.951,33298912,loop
1263.056,33298912,loop
1263.161,33298912,loop
1263.266,33298912,loop
1263.372,33298912,loop
1263.477,33298912,loop
1263.582,33298912,loop
1263.687,33298912,loop
1263.792,33298912,loop
1263.897,33298912,loop
1264.003,33298912,loop
1264.108,33298912,loop
1264.213,33298912,loop
1264.318,33298912,loop
1264.423,33298912,loop
1264.528,33298912,loop
1264.634,33298912,loop
1264.739,33298912,loop
1264.844,33298912,loop
1264.949,33298912,loop
1265.054,33298912,loop
1265.159,33298912,loop
1265.265,33298912,loop
1265.370,33298912,loop
1265.475,33298912,loop
1265.580,33298912,loop
1265.685,33298912,loop
1265.790,33298912,loop
1265.896,33298912,loop
1266.001,33298912,loop
1266.106,33298912,loop
1266.211,33298912,loop
1266.316,33298912,loop
1266.421,33298912,loop
1266.527,33298912,loop
1266.632,33298912,loop
1266.737,33298912,loop
1266.842,33298912,loop
1266.947,33298912,loop
1267.052,33298912,loop
1267.158,33298912,loop
1267.263,33298912,loop
1267.368,33298912,loop
1267.473,33298912,loop
1267.578,33298912,loop
1267.683,33298912,loop
1267.788,33298912,loop
1267.894,33298912,loop
1267.999,33298912,loop
1268.104,33298912,loop
1268.209,33298912,loop
1268.314,33298912,loop
1268.419,33298912,loop
1268.525,33298912,loop
1268.630,33298912,loop
1268.735,33298912,loop
1268.840,33298912,loop
1268.945,33298912,loop
1269.050,33298912,loop
1269.156,33298912,loop
1269.261,33298912,loop
1269.366,33298912,loop
1269.471,33298912,loop
1269.576,33298912,loop
1269.681,33298912,loop
1269.787,33298912,loop
1269.892,33298912,loop
1269.997,33298912,loop
1270.102,33298912,loop
1270.207,33298912,loop
1270.313,33298912,loop
1270.418,33298912,loop
1270.523,33298912,loop
1270.628,33298912,loop
1270.733,33298912,loop
1270.838,33298912,loop
1270.944,33298912,loop
1271.049,33298912,loop
1271.154,33298912,loop
1271.259,33298912,loop
1271.364,33298912,loop
1271.469,33298912,loop
1271.575,33298916,loop
1271.680,33298916,loop
1271.785,33298920,loop
1271.890,33298924,loop
1271.995,33298928,loop
1272.100,33298932,loop
1272.205,33298936,loop
1272.311,33298940,loop
1272.416,33299200,loop
1272.521,33299200,loop
1272.626,33299204,loop
1272.731,33299208,loop
1272.836,33299212,loop
1272.942,33299216,loop
1273.047,33299220,loop
1273.152,33299224,loop
1273.257,33299228,loop
1273.362,33299232,loop
1273.467,33299232,loop
1273.573,33299236,loop
1273.678,33299240,loop
1273.783,33299244,loop
1273.888,33299248,loop
1273.993,33299252,loop
1274.098,33299256,loop
1274.204,33299260,loop
1274.309,33299260,loop
1274.414,33299264,loop
1274.519,33299268,loop
1274.624,33299272,loop
1274.729,33299276,loop
1274.835,33299280,loop
1274.940,33299284,loop
1275.045,33299288,loop
1275.150,33299288,loop
1275.255,33299292,loop
1275.360,33299296,loop
1275.466,33299300,loop
1275.571,33299304,loop
1275.676,33299308,loop
1275.781,33299312,loop
1275.886,33299316,loop
1275.991,33299320,loop
1276.097,33299320,loop
1276.202,33299324,loop
1276.307,33299328,loop
1276.412,33299332,loop
1276.517,33299336,loop
1276.622,33299340,loop
1276.728,33299344,loop
1276.833,33299348,loop
1276.938,33299348,loop
1277.043,33299352,loop
1277.148,33299356,loop
1277.253,33299360,loop
1277.359,33299364,loop
1277.464,33299368,loop
1277.569,33299372,loop
1277.674,33299376,loop
1277.779,33299376,loop
1277.884,33299380,loop
1277.990,33299384,loop
1278.095,33299388,loop
1278.200,33299392,loop
1278.305,33299396,loop
1278.410,33299400,loop
1278.515,33299404,loop
1278.621,33299404,loop
1278.726,33299412,loop
1278.831,33299412,loop
1278.936,33299416,loop
1279.041,33299420,loop
1279.146,33299424,loop
1279.252,33299428,loop
1279.357,33299432,loop
1279.462,33299432,loop
1279.567,33299440,loop
1279.672,33299440,loop
1279.777,33299444,loop
1279.883,33299448,loop
1279.988,33299452,loop
1280.093,33299456,loop
1280.198,33299460,loop
1280.303,33299464,loop
1280.408,33299468,loop
1280.514,33299468,loop
1280.619,33299476,loop
1280.724,33299476,loop
1280.829,33299480,loop
1280.934,33299484,loop
1281.039,33299488,loop
1281.145,33299492,loop
1281.250,33299496,loop
1281.355,33299500,loop
1281.460,33299504,loop
1281.565,33299504,loop
1281.670,33299508,loop
1281.776,33299512,loop
1281.881,33299516,loop
1281.986,33299520,loop
1282.091,33299524,loop
1282.196,33299528,loop
1282.302,33299532,loop
1282.407,33299532,loop
1282.512,33299536,loop
1282.617,33299796,loop
1282.722,33299800,loop
1282.827,33299804,loop
1282.933,33299808,loop
1283.038,33299812,loop
1283.143,33299816,loop
1283.248,33299816,loop
1283.353,33299820,loop
1283.458,33299824,loop
1283.563,33299828,loop
1284.142,33144408,loop
1284.840,33265360,loop
1284.945,33265368,loop
1285.050,33265368,loop
1285.155,33265368,loop
1285.261,33265368,loop
1285.366,33265368,loop
1285.471,33265368,loop
1285.576,33265368,loop
1285.681,33265368,loop
1285.786,33265368,loop
1285.891,33265368,loop
1285.997,33265368,loop
1286.102,33265368,loop
1286.207,33265368,loop
1286.312,33265368,loop
1286.417,33265368,loop
1286.523,33265368,loop
1286.628,33265368,loop
1286.733,33265368,loop
1286.838,33265368,loop
1286.943,33265368,loop
1287.048,33265368,loop
1287.153,33265368,loop
1287.259,33265368,loop
1287.364,33265368,loop
1287.469,33265368,loop
1287.574,33265368,loop
1287.679,33265368,loop
1287.784,33265368,loop
1287.890,33265368,loop
1287.995,33265368,loop
1288.100,33265368,loop
1288.205,33265368,loop
1288.310,33265368,loop
1288.415,33265368,loop
1288.520,33265368,loop
1288.626,33265368,loop
1288.731,33265368,loop
1288.836,33265368,loop
1288.941,33265368,loop
1289.046,33265368,loop
1289.151,33265368,loop
1289.257,33265368,loop
1289.362,33265368,loop
1289.467,33265368,loop
1289.572,33265368,loop
1289.677,33265368,loop
1289.782,33265368,loop
1289.888,33265368,loop
1289.993,33265368,loop
1290.098,33265368,loop
1290.203,33265368,loop
1290.308,33265368,loop
1290.413,33265368,loop
1290.518,33265368,loop
1290.624,33265368,loop
1290.729,33265368,loop
1290.834,33265368,loop
1290.939,33265368,loop
1291.044,33265368,loop
1291.149,33265368,loop
1291.255,33265368,loop
1291.360,33265368,loop
1291.465,33265368,loop
1291.570,33265368,loop
1291.675,33265368,loop
1291.780,33265368,loop
1291.886,33265368,loop
1291.991,33265368,loop
1292.096,33265368,loop
1292.201,33265368,loop
1292.306,33265368,loop
1292.411,33265368,loop
1292.516,33265368,loop
1292.622,33265368,loop
1292.727,33265368,loop
1292.832,33265624,loop
1292.937,33265624,loop
1293.042,33265624,loop
1293.147,33265624,loop
1293.253,33265624,loop
1293.358,33265624,loop
1293.463,33265624,loop
1293.568,33265624,loop
1293.673,33265624,loop
1293.778,33265624,loop
1293.884,33265624,loop
1293.989,33265624,loop
1294.094,33265624,loop
1294.199,33265624,loop
1294.304,33265624,loop
1294.409,33265624,loop
1294.514,33265624,loop
1294.620,33265624,loop
1294.725,33265624,loop
1294.830,33265624,loop
1294.935,33265624,loop
1295.040,33265624,loop
1295.145,33265624,loop
1295.251,33265624,loop
1295.356,33265624,loop
1295.461,33265624,loop
1295.566,33265624,loop
1295.671,33265624,loop
1295.776,33265624,loop
1295.882,33265624,loop
1295.987,33265624,loop
1296.092,33265624,loop
1296.197,33265624,loop
1296.302,33265624,loop
1296.407,33265624,loop
1296.513,33265624,loop
1296.618,33265624,loop
1296.723,33265624,loop
1296.828,33265624,loop
1296.933,33265624,loop
1297.038,33265624,loop
1297.143,33265624,loop
1297.249,33265624,loop
1297.354,33265624,loop
1297.459,33265624,loop
1297.564,33265624,loop
1297.669,33265624,loop
1297.774,33265624,loop
1297.880,33265624,loop
1297.985,33265624,loop
1298.090,33265624,loop
1298.195,33265624,loop
1298.300,33265624,loop
1298.405,33265624,loop
1298.510,33265624,loop
1298.616,33265624,loop
1298.721,33265624,loop
1298.826,33265624,loop
1298.931,33265624,loop
1299.036,33265624,loop
1299.141,33265624,loop
1299.247,33265624,loop
1299.352,33265624,loop
1299.457,33265624,loop
1299.562,33265624,loop
1299.667,33265624,loop
1299.772,33265624,loop
1299.878,33265624,loop
1299.983,33265624,loop
1300.088,33265624,loop
1300.193,33265624,loop
1300.298,33265624,loop
1300.403,33265624,loop
1300.508,33265624,loop
1300.614,33265624,loop
1300.719,33265624,loop
1300.824,33265624,loop
1300.929,33265624,loop
1301.034,33265624,loop
1301.139,33265624,loop
1301.245,33265624,loop
1301.350,33265624,loop
1301.455,33265624,loop
1301.560,33265624,loop
1301.665,33265624,loop
1301.770,33265624,loop
1301.875,33265624,loop
1301.981,33265624,loop
1302.086,33265624,loop
1302.191,33265624,loop
1302.296,33265624,loop
1302.401,33265624,loop
1302.506,33265624,loop
1302.612,33265624,loop
1302.717,33265624,loop
1302.822,33265624,loop
1302.927,33265624,loop
1303.032,33265624,loop
1303.137,33265880,loop
1303.243,33265880,loop
1303.348,33265880,loop
1303.453,33265880,loop
1303.558,33265880,loop
1303.663,33265880,loop
1303.768,33265880,loop
1303.873,33265880,loop
1303.979,33265880,loop
1304.084,33265880,loop
1304.189,33265880,loop
1304.294,33265880,loop
1304.399,33265880,loop
1304.504,33265880,loop
1304.610,33265880,loop
1304.715,33265880,loop
1304.820,33265880,loop
1304.925,33265880,loop
1305.030,33265880,loop
1305.135,33265880,loop
1305.241,33265880,loop
1305.346,33265880,loop
1305.451,33265880,loop
1305.556,33265880,loop
1305.661,33265880,loop
1305.766,33265880,loop
1305.871,33265880,loop
1305.977,33265880,loop
1306.082,33265880,loop
1306.187,33265880,loop
1306.292,33265880,loop
1306.397,33265880,loop
1306.502,33265880,loop
1306.608,33265880,loop
1306.713,33265880,loop
1306.818,33265880,loop
1306.923,33265880,loop
1307.028,33265880,loop
1307.133,33265880,loop
1307.238,33265880,loop
1307.344,33265880,loop
1307.449,33265880,loop
1307.554,33265880,loop
1307.659,33265880,loop
1307.764,33265880,loop
1307.869,33265880,loop
1307.975,33265880,loop
1308.080,33265880,loop
1308.185,33265880,loop
1308.290,33265880,loop
1308.395,33265880,loop
1308.500,33265880,loop
1308.605,33265880,loop
1308.711,33265880,loop
1308.816,33265880,loop
1308.921,33265880,loop
1309.026,33265880,loop
1309.131,33265880,loop
1309.236,33265880,loop
1309.342,33265880,loop
1309.447,33265880,loop
1309.552,33265880,loop
1309.657,33265880,loop
1309.762,33265880,loop
1309.867,33265880,loop
1309.972,33265880,loop
1310.078,33265880,loop
1310.183,33265880,loop
1310.288,33265880,loop
1310.393,33265880,loop
1310.498,33265880,loop
1310.603,33265880,loop
1310.709,33265880,loop
1310.814,33265880,loop
1310.919,33265880,loop
1311.024,33265880,loop
1311.129,33265880,loop
1311.234,33265880,loop
1311.339,33265880,loop
1311.445,33265880,loop
1311.550,33265880,loop
1311.655,33265880,loop
1311.760,33265880,loop
1311.865,33265880,loop
1311.970,33265880,loop
1312.076,33265880,loop
1312.181,33265880,loop
1312.286,33265880,loop
1312.391,33265880,loop
1312.496,33265880,loop
1312.601,33265880,loop
1312.706,33265880,loop
1312.812,33265880,loop
1312.917,33265880,loop
1313.022,33265880,loop
1313.127,33265880,loop
1313.232,33265880,loop
1313.337,33266136,loop
1313.443,33266136,loop
1313.548,33266136,loop
1313.653,33266136,loop
1313.758,33266136,loop
1313.863,33266136,loop
1313.968,33266136,loop
1314.073,33266136,loop
1314.179,33266136,loop
1314.284,33266136,loop
1314.389,33266136,loop
1314.494,33266136,loop
1314.599,33266136,loop
1314.704,33266136,loop
1314.810,33266136,loop
1314.915,33266136,loop
1315.020,33266136,loop
1315.125,33266136,loop
1315.230,33266136,loop
1315.335,33266136,loop
1315.440,33266136,loop
1315.546,33266136,loop
1315.651,33266136,loop
1315.756,33266136,loop
1315.861,33266136,loop
1315.966,33266136,loop
1316.071,33266136,loop
1316.177,33266136,loop
1316.282,33266136,loop
1316.387,33266136,loop
1316.492,33266136,loop
1316.597,33266136,loop
1316.702,33266136,loop
1316.807,33266136,loop
1316.913,33266136,loop
1317.018,33266136,loop
1317.123,33266136,loop
1317.228,33266136,loop
1317.333,33266136,loop
1317.438,33266136,loop
1317.544,33266136,loop
1317.649,33266136,loop
1317.754,33266136,loop
1317.859,33266136,loop
1317.964,33266136,loop
1318.069,33266136,loop
1318.175,33266136,loop
1318.280,33266136,loop
1318.385,33266136,loop
1318.490,33266136,loop
1318.595,33266136,loop
1318.700,33266136,loop
1318.805,33266136,loop
1318.911,33266136,loop
1319.016,33266136,loop
1319.121,33266136,loop
1319.226,33266136,loop
1319.331,33266136,loop
1319.436,33266136,loop
1319.542,33266136,loop
1319.647,33266136,loop
1319.752,33266136,loop
1319.857,33266136,loop
1319.962,33266136,loop
1320.067,33266136,loop
1320.172,33266136,loop
1320.278,33266136,loop
1320.383,33266136,loop
1320.488,33266136,loop
1320.593,33266136,loop
1320.698,33266136,loop
1320.803,33266136,loop
1320.909,33266136,loop
1321.014,33266136,loop
1321.119,33266136,loop
1321.224,33266136,loop
1321.329,33266136,loop
1321.434,33266136,loop
1321.539,33266136,loop
1321.645,33266136,loop
1321.750,33266136,loop
1321.855,33266136,loop
1321.960,33266136,loop
1322.065,33266136,loop
1322.170,33266136,loop
1322.276,33266136,loop
1322.381,33266136,loop
1322.486,33266136,loop
1322.591,33266136,loop
1322.696,33266136,loop
1322.801,33266136,loop
1322.906,33266136,loop
1323.012,33266136,loop
1323.117,33266136,loop
1323.222,33266136,loop
1323.327,33266136,loop
1323.432,33266136,loop
1323.537,33266392,loop
1323.643,33266392,loop
1323.748,33266392,loop
1323.853,33266392,loop
1323.958,33266392,loop
1324.063,33266392,loop
1324.168,33266392,loop
1324.274,33266392,loop
1324.379,33266392,loop
1324.484,33266392,loop
1324.589,33266392,loop
1324.694,33266392,loop
1324.799,33266392,loop
1324.905,33266392,loop
1325.010,33266392,loop
1325.115,33266392,loop
1325.220,33266392,loop
1325.325,33266392,loop
1325.430,33266392,loop
1325.535,33266392,loop
1325.641,33266392,loop
1325.746,33266392,loop
1325.851,33266392,loop
1325.956,33266392,loop
1326.061,33266392,loop
1326.166,33266392,loop
1326.272,33266392,loop
1326.377,33266392,loop
1326.482,33266392,loop
1326.587,33266392,loop
1326.692,33266392,loop
1326.797,33266392,loop
1326.902,33266392,loop
1327.008,33266392,loop
1327.113,33266392,loop
1327.218,33266392,loop
1327.323,33266392,loop
1327.428,33266392,loop
1327.533,33266392,loop
1327.639,33266392,loop
1327.744,33266392,loop
1327.849,33266392,loop
1327.954,33266392,loop
1328.059,33266392,loop
1328.164,33266392,loop
1328.270,33266392,loop
1328.375,33266392,loop
1328.480,33266392,loop
1328.585,33266392,loop
1328.690,33266392,loop
1328.795,33266392,loop
1328.900,33266392,loop
1329.006,33266392,loop
1329.111,33266392,loop
1329.216,33266392,loop
1329.321,33266392,loop
1329.426,33266392,loop
1329.531,33266392,loop
1329.637,33266392,loop
1329.742,33266392,loop
1329.847,33266392,loop
1329.952,33266392,loop
1330.057,33266392,loop
1330.162,33266392,loop
1330.268,33266392,loop
1330.373,33266392,loop
1330.478,33266392,loop
1330.583,33266392,loop
1330.688,33266392,loop
1330.793,33266392,loop
1330.898,33266392,loop
1331.004,33266392,loop
1331.109,33266392,loop
1331.214,33266392,loop
1331.319,33266392,loop
1331.424,33266392,loop
1331.529,33266392,loop
1331.635,33266392,loop
1331.740,33266392,loop
1331.845,33266392,loop
1331.950,33266392,loop
1332.055,33266392,loop
1332.160,33266392,loop
1332.265,33266392,loop
1332.371,33266392,loop
1332.476,33266392,loop
1332.581,33266392,loop
1332.686,33266392,loop
1332.791,33266392,loop
1332.896,33266392,loop
1333.002,33266392,loop
1333.107,33266392,loop
1333.212,33266392,loop
1333.317,33266392,loop
1333.422,33266392,loop
1333.527,33266392,loop
1333.633,33266392,loop
1333.738,33266392,loop
1333.843,33266648,loop
1333.948,33266648,loop
1334.053,33266648,loop
1334.158,33266648,loop
1334.263,33266648,loop
1334.369,33266648,loop
1334.474,33266648,loop
1334.579,33266648,loop
1334.684,33266648,loop
1334.789,33266648,loop
1334.894,33266648,loop
1335.000,33266648,loop
1335.105,33266648,loop
1335.210,33266648,loop
1335.315,33266648,loop
1335.420,33266648,loop
1335.525,33266648,loop
1335.631,33266648,loop
1335.736,33266648,loop
1335.841,33266648,loop
1335.946,33266648,loop
1336.051,33266648,loop
1336.156,33266648,loop
1336.261,33266648,loop
1336.367,33266648,loop
1336.472,33266648,loop
1336.577,33266648,loop
1336.682,33266648,loop
1336.787,33266648,loop
1336.892,33266648,loop
1336.998,33266648,loop
1337.103,33266648,loop
1337.208,33266648,loop
1337.313,33266648,loop
1337.418,33266648,loop
1337.523,33266648,loop
1337.629,33266648,loop
1337.734,33266648,loop
1337.839,33266648,loop
1337.944,33266648,loop
1338.049,33266648,loop
1338.154,33266648,loop
1338.259,33266648,loop
1338.365,33266648,loop
1338.470,33266648,loop
1338.575,33266648,loop
1338.680,33266648,loop
1338.785,33266648,loop
1338.890,33266648,loop
1338.996,33266648,loop
1339.101,33266648,loop
1339.206,33266648,loop
1339.311,33266648,loop
1339.416,33266648,loop
1339.521,33266648,loop
1339.626,33266648,loop
1339.732,33266648,loop
1339.837,33266648,loop
1339.942,33266648,loop
1340.047,33266648,loop
1340.152,33266648,loop
1340.257,33266648,loop
1340.363,33266648,loop
1340.468,33266648,loop
1340.573,33266648,loop
1340.678,33266648,loop
1340.783,33266648,loop
1340.888,33266648,loop
1340.994,33266648,loop
1341.099,33266648,loop
1341.204,33266648,loop
1341.309,33266648,loop
1341.414,33266648,loop
1341.519,33266648,loop
1341.624,33266648,loop
1341.730,33266648,loop
1341.835,33266648,loop
1341.940,33266648,loop
1342.045,33266648,loop
1342.150,33266648,loop
1342.255,33266648,loop
1342.361,33266648,loop
1342.466,33266648,loop
1342.571,33266648,loop
1342.676,33266648,loop
1342.781,33266648,loop
1342.886,33266648,loop
1342.991,33266648,loop
1343.097,33266648,loop
1343.202,33266648,loop
1343.307,33266648,loop
1343.412,33266648,loop
1343.517,33266648,loop
1343.622,33266648,loop
1343.728,33266648,loop
1343.833,33266648,loop
1343.938,33266648,loop
1344.043,33266904,loop
1344.148,33266904,loop
1344.253,33266904,loop
1344.358,33266904,loop
1344.464,33266904,loop
1344.569,33266904,loop
1344.674,33266904,loop
1344.779,33266904,loop
1344.884,33266904,loop
1344.989,33266904,loop
1345.095,33266904,loop
1345.200,33266904,loop
1345.305,33266904,loop
1345.410,33266904,loop
1345.515,33266904,loop
1345.620,33266904,loop
1345.726,33266904,loop
1345.831,33266904,loop
1345.936,33266904,loop
1346.041,33266904,loop
1346.146,33266904,loop
1346.251,33266904,loop
1346.356,33266904,loop
1346.462,33266904,loop
1346.567,33266904,loop
1346.672,33266904,loop
1346.777,33266904,loop
1346.882,33266904,loop
1346.987,33266904,loop
1347.093,33266904,loop
1347.198,33266904,loop
1347.303,33266904,loop
1347.408,33266904,loop
1347.513,33266904,loop
1347.618,33266904,loop
1347.806,33266904,loop
1347.911,33266904,loop
1348.016,33266904,loop
1348.121,33266904,loop
1348.226,33266904,loop
1348.331,33266904,loop
1348.437,33266904,loop
1348.542,33266904,loop
1348.647,33266904,loop
1348.752,33266904,loop
1348.857,33266904,loop
1348.962,33266904,loop
1349.068,33266904,loop
1349.173,33266904,loop
1349.278,33266904,loop
1349.383,33266904,loop
1349.488,33266904,loop
1349.593,33266904,loop
1349.698,33266904,loop
1349.804,33266904,loop
1349.909,33266904,loop
1350.014,33266904,loop
1350.119,33266904,loop
1350.224,33266904,loop
1350.329,33266904,loop
1350.435,33266904,loop
1350.540,33266904,loop
1350.645,33266904,loop
1350.750,33266904,loop
1350.855,33266904,loop
1350.960,33266904,loop
1351.066,33266904,loop
1351.171,33266904,loop
1351.276,33266904,loop
1351.381,33266904,loop
1351.486,33266904,loop
1351.591,33266904,loop
1351.696,33266904,loop
1351.802,33266904,loop
1351.907,33266904,loop
1352.012,33266904,loop
1352.117,33266904,loop
1352.222,33266904,loop
1352.327,33266904,loop
1352.433,33266904,loop
1352.538,33266904,loop
1352.643,33266904,loop
1352.748,33266904,loop
1352.853,33266904,loop
1352.958,33266904,loop
1353.064,33266904,loop
1353.169,33266904,loop
1353.274,33266904,loop
1353.379,33266904,loop
1353.484,33266904,loop
1353.589,33266904,loop
1353.694,33266904,loop
1353.800,33266904,loop
1353.905,33266904,loop
1354.010,33266904,loop
1354.115,33266904,loop
1354.220,33266904,loop
1354.325,33267160,loop
1354.431,33267160,loop
1354.536,33267160,loop
1354.641,33267160,loop
1354.746,33267160,loop
1354.851,33267160,loop
1354.956,33267160,loop
1355.062,33267160,loop
1355.167,33267160,loop
1355.272,33267160,loop
1355.377,33267160,loop
1355.482,33267160,loop
1355.587,33267160,loop
1355.692,33267160,loop
1355.798,33267160,loop
1355.903,33267160,loop
1356.008,33267160,loop
1356.113,33267160,loop
1356.218,33267160,loop
1356.323,33267160,loop
1356.429,33267160,loop
1356.534,33267160,loop
1356.639,33267160,loop
1356.744,33267160,loop
1356.849,33267160,loop
1356.954,33267160,loop
1357.060,33267160,loop
1357.165,33267160,loop
1357.270,33267160,loop
1357.375,33267160,loop
1357.480,33267160,loop
1357.585,33267160,loop
1357.690,33267160,loop
1357.796,33267160,loop
1357.901,33267160,loop
1358.006,33267160,loop
1358.111,33267160,loop
1358.216,33267160,loop
1358.321,33267160,loop
1358.427,33267160,loop
1358.532,33267160,loop
1358.637,33267160,loop
1358.742,33267160,loop
1358.847,33267160,loop
1358.952,33267160,loop
1359.058,33267160,loop
1359.163,33267160,loop
1359.268,33267160,loop
1359.373,33267160,loop
1359.478,33267160,loop
1359.583,33267160,loop
1359.688,33267160,loop
1359.794,33267160,loop
1359.899,33267160,loop
1360.004,33267160,loop
1360.109,33267160,loop
1360.214,33267160,loop
1360.319,33267160,loop
1360.425,33267160,loop
1360.530,33267160,loop
1360.635,33267160,loop
1360.740,33267160,loop
1360.845,33267160,loop
1360.950,33267160,loop
1361.055,33267160,loop
1361.161,33267160,loop
1361.266,33267160,loop
1361.371,33267160,loop
1361.476,33267160,loop
1361.581,33267160,loop
1361.686,33267160,loop
1361.792,33267160,loop
1361.897,33267160,loop
1362.002,33267160,loop
1362.107,33267160,loop
1362.212,33267160,loop
1362.317,33267160,loop
1362.422,33267160,loop
1362.528,33267160,loop
1362.633,33267160,loop
1362.738,33267160,loop
1362.843,33267160,loop
1362.948,33267160,loop
1363.053,33267160,loop
1363.159,33267160,loop
1363.264,33267160,loop
1363.369,33267160,loop
1363.474,33267160,loop
1363.579,33267160,loop
1363.684,33267160,loop
1363.790,33267160,loop
1363.895,33267160,loop
1364.000,33267160,loop
1364.105,33267160,loop
1364.210,33267160,loop
1364.315,33267160,loop
1364.420,33267160,loop
1364.526,33267416,loop
1364.631,33267416,loop
1364.736,33267416,loop
1364.841,33267416,loop
1364.946,33267416,loop
1365.051,33267416,loop
1365.157,33267416,loop
1365.262,33267416,loop
1365.367,33267416,loop
1365.472,33267416,loop
1365.577,33267416,loop
1365.682,33267416,loop
1365.787,33267416,loop
1365.893,33267416,loop
1365.998,33267416,loop
1366.103,33267416,loop
1366.208,33267416,loop
1366.313,33267416,loop
1366.418,33267416,loop
1366.524,33267416,loop
1366.629,33267416,loop
1366.734,33267416,loop
1366.839,33267416,loop
1366.944,33267416,loop
1367.049,33267416,loop
1367.154,33267416,loop
1367.260,33267416,loop
1367.365,33267416,loop
1367.470,33267416,loop
1367.575,33267416,loop
1367.680,33267416,loop
1367.785,33267416,loop
1367.891,33267416,loop
1367.996,33267416,loop
1368.101,33267416,loop
1368.206,33267416,loop
1368.311,33267416,loop
1368.416,33267416,loop
1368.521,33267416,loop
1368.627,33267416,loop
1368.732,33267416,loop
1368.837,33267416,loop
1368.942,33267416,loop
1369.047,33267416,loop
1369.152,33267416,loop
1369.258,33267416,loop
1369.363,33267416,loop
1369.468,33267416,loop
1369.573,33267416,loop
1369.678,33267416,loop
1369.783,33267416,loop
1369.888,33267416,loop
1369.994,33267416,loop
1370.099,33267416,loop
1370.204,33267416,loop
1370.309,33267416,loop
1370.414,33267416,loop
1370.519,33267416,loop
1370.625,33267416,loop
1370.730,33267416,loop
1370.835,33267416,loop
1370.940,33267416,loop
1371.045,33267416,loop
1371.150,33267416,loop
1371.255,33267416,loop
1371.361,33267416,loop
1371.466,33267416,loop
1371.571,33267416,loop
1371.676,33267416,loop
1371.781,33267416,loop
1371.886,33267416,loop
1371.992,33267416,loop
1372.097,33267416,loop
1372.202,33267416,loop
1372.307,33267416,loop
1372.412,33267416,loop
1372.517,33267416,loop
1372.622,33267416,loop
1372.728,33267416,loop
1372.833,33267416,loop
1372.938,33267416,loop
1373.043,33267416,loop
1373.148,33267416,loop
1373.253,33267416,loop
1373.359,33267416,loop
1373.464,33267416,loop
1373.569,33267416,loop
1373.674,33267416,loop
1373.779,33267416,loop
1373.884,33267416,loop
1373.989,33267416,loop
1374.095,33267416,loop
1374.200,33267416,loop
1374.305,33267416,loop
1374.410,33267416,loop
1374.515,33267416,loop
1374.620,33267416,loop
1374.726,33267416,loop
1374.831,33267672,loop
1374.936,33267672,loop
1375.041,33267672,loop
1375.146,33267672,loop
1375.251,33267672,loop
1375.356,33267672,loop
1375.462,33267672,loop
1375.567,33267672,loop
1375.672,33267672,loop
1375.777,33267672,loop
1375.882,33267672,loop
1375.987,33267672,loop
1376.093,33267672,loop
1376.198,33267672,loop
1376.303,33267672,loop
1376.408,33267672,loop
1376.513,33267672,loop
1376.618,33267672,loop
1376.724,33267672,loop
1376.829,33267672,loop
1376.934,33267672,loop
1377.039,33267672,loop
1377.144,33267672,loop
1377.249,33267672,loop
1377.354,33267672,loop
1377.460,33267672,loop
1377.565,33267672,loop
1377.670,33267672,loop
1377.775,33267672,loop
1377.880,33267672,loop
1377.985,33267672,loop
1378.091,33267672,loop
1378.196,33267672,loop
1378.301,33267672,loop
1378.406,33267672,loop
1378.511,33267672,loop
1378.616,33267672,loop
1378.722,33267672,loop
1378.827,33267672,loop
1378.932,33267672,loop
1379.037,33267672,loop
1379.142,33267672,loop
1379.247,33267672,loop
1379.352,33267672,loop
1379.458,33267672,loop
1379.563,33267672,loop
1379.668,33267672,loop
1379.773,33267672,loop
1379.878,33267672,loop
1379.983,33267672,loop
1380.089,33267672,loop
1380.194,33267672,loop
1380.299,33267672,loop
1380.404,33267672,loop
1380.509,33267672,loop
1380.614,33267672,loop
1380.719,33267672,loop
1380.825,33267672,loop
1380.930,33267672,loop
1381.035,33267672,loop
1381.140,33267672,loop
1381.245,33267672,loop
1381.350,33267672,loop
1381.456,33267672,loop
1381.561,33267672,loop
1381.666,33267672,loop
1381.771,33267672,loop
1381.876,33267672,loop
1381.981,33267672,loop
1382.086,33267672,loop
1382.192,33267672,loop
1382.297,33267672,loop
1382.402,33267672,loop
1382.507,33267672,loop
1382.612,33267672,loop
1382.717,33267672,loop
1382.823,33267672,loop
1382.928,33267672,loop
1383.033,33267672,loop
1383.138,33267672,loop
1383.243,33267672,loop
1383.348,33267672,loop
1383.453,33267672,loop
1383.559,33267672,loop
1383.664,33267672,loop
1383.769,33267672,loop
1383.874,33267672,loop
1383.979,33267672,loop
1384.084,33267672,loop
1384.190,33267672,loop
1384.295,33267672,loop
1384.400,33267672,loop
1384.505,33267672,loop
1384.610,33267672,loop
1384.715,33267672,loop
1384.821,33267672,loop
1384.926,33267672,loop
1385.031,33267928,loop
1385.136,33267928,loop
1385.241,33267928,loop
1385.346,33267928,loop
1385.451,33267928,loop
1385.557,33267928,loop
1385.662,33267928,loop
1385.767,33267928,loop
1385.872,33267928,loop
1385.977,33267928,loop
1386.082,33267928,loop
1386.188,33267928,loop
1386.293,33267928,loop
1386.398,33267928,loop
1386.503,33267928,loop
1386.608,33267928,loop
1386.713,33267928,loop
1386.819,33267928,loop
1386.924,33267928,loop
1387.029,33267928,loop
1387.134,33267928,loop
1387.239,33267928,loop
1387.344,33267928,loop
1387.449,33267928,loop
1387.555,33267928,loop
1387.660,33267928,loop
1387.765,33267928,loop
1387.870,33267928,loop
1387.975,33267928,loop
1388.080,33267928,loop
1388.186,33267928,loop
1388.291,33267928,loop
1388.396,33267928,loop
1388.501,33267928,loop
1388.606,33267928,loop
1388.711,33267928,loop
1388.817,33267928,loop
1388.922,33267928,loop
1389.027,33267928,loop
1389.132,33267928,loop
1389.237,33267928,loop
1389.342,33267928,loop
1389.448,33267928,loop
1389.553,33267928,loop
1389.658,33267928,loop
1389.763,33267928,loop
1389.868,33267928,loop
1389.973,33267928,loop
1390.079,33267928,loop
1390.184,33267928,loop
1390.289,33267928,loop
1390.394,33267928,loop
1390.499,33267928,loop
1390.604,33267928,loop
1390.709,33267928,loop
1390.815,33267928,loop
1390.920,33267928,loop
1391.025,33267928,loop
1391.130,33267928,loop
1391.235,33267928,loop
1391.340,33267928,loop
1391.446,33267928,loop
1391.551,33267928,loop
1391.656,33267928,loop
1391.761,33267928,loop
1391.866,33267928,loop
1391.971,33267928,loop
1392.076,33267928,loop
1392.182,33267928,loop
1392.287,33267928,loop
1392.392,33267928,loop
1392.497,33267928,loop
1392.602,33267928,loop
1392.707,33267928,loop
1392.813,33267928,loop
1392.918,33267928,loop
1393.023,33267928,loop
1393.128,33267928,loop
1393.233,33267928,loop
1393.338,33267928,loop
1393.443,33267928,loop
1393.549,33267928,loop
1393.654,33267928,loop
1393.759,33267928,loop
1393.864,33267928,loop
1393.969,33267928,loop
1394.074,33267928,loop
1394.180,33267928,loop
1394.285,33267928,loop
1394.390,33267928,loop
1394.495,33267928,loop
1394.600,33267928,loop
1394.705,33267928,loop
1394.811,33267928,loop
1394.916,33267928,loop
1395.021,33267928,loop
1395.126,33267928,loop
1395.231,33268184,loop
1395.336,33268184,loop
1395.441,33268184,loop
1395.547,33268184,loop
1395.652,33268184,loop
1395.757,33268184,loop
1395.862,33268184,loop
1395.967,33268184,loop
1396.072,33268184,loop
1396.178,33268184,loop
1396.283,33268184,loop
1396.388,33268184,loop
1396.493,33268184,loop
1396.598,33268184,loop
1396.703,33268184,loop
1396.808,33268184,loop
1396.914,33268184,loop
1397.019,33268184,loop
1397.124,33268184,loop
1397.229,33268184,loop
1397.334,33268184,loop
1397.439,33268184,loop
1397.545,33268184,loop
1397.650,33268184,loop
1397.755,33268184,loop
1397.860,33268184,loop
1397.965,33268184,loop
1398.070,33268184,loop
1398.175,33268184,loop
1398.281,33268184,loop
1398.386,33268184,loop
1398.491,33268184,loop
1398.596,33268184,loop
1398.701,33268184,loop
1398.806,33268184,loop
1398.912,33268184,loop
1399.017,33268184,loop
1399.122,33268184,loop
1399.227,33268184,loop
1399.332,33268184,loop
1399.437,33268184,loop
1399.543,33268184,loop
1399.648,33268184,loop
1399.753,33268184,loop
1399.858,33268184,loop
1399.963,33268184,loop
1400.068,33268184,loop
1400.173,33268184,loop
1400.279,33268184,loop
1400.384,33268184,loop
1400.489,33268184,loop
1400.594,33268184,loop
1400.699,33268184,loop
1400.804,33268184,loop
1400.910,33268184,loop
1401.015,33268184,loop
1401.120,33268184,loop
1401.225,33268184,loop
1401.330,33268184,loop
1401.435,33268184,loop
1401.541,33268184,loop
1401.646,33268184,loop
1401.751,33268184,loop
1401.856,33268184,loop
1401.961,33268184,loop
1402.066,33268184,loop
1402.171,33268184,loop
1402.277,33268184,loop
1402.382,33268184,loop
1402.487,33268184,loop
1402.592,33268184,loop
1402.697,33268184,loop
1402.802,33268184,loop
1402.908,33268184,loop
1403.013,33268184,loop
1403.118,33268184,loop
1403.223,33268184,loop
1403.328,33268184,loop
1403.433,33268184,loop
1403.539,33268184,loop
1403.644,33268184,loop
1403.749,33268184,loop
1403.854,33268184,loop
1403.959,33268184,loop
1404.064,33268184,loop
1404.169,33268184,loop
1404.275,33268184,loop
1404.380,33268184,loop
1404.485,33268184,loop
1404.590,33268184,loop
1404.695,33268184,loop
1404.800,33268184,loop
1404.906,33268184,loop
1405.011,33268184,loop
1405.116,33268184,loop
1405.221,33268184,loop
1405.326,33268184,loop
1405.431,33268184,loop
1405.537,33268184,loop
1405.642,33268184,loop
1405.747,33268184,loop
1405.852,33268184,loop
1405.957,33268184,loop
1406.062,33268184,loop
1406.167,33268184,loop
1406.273,33268184,loop
1406.378,33268184,loop
1406.483,33268184,loop
1406.588,33268184,loop
1406.693,33268184,loop
1406.798,33268184,loop
1406.904,33268184,loop
1407.009,33268184,loop
1407.114,33268184,loop
1407.219,33268184,loop
1407.324,33268184,loop
1407.429,33268184,loop
1407.534,33268184,loop
1407.640,33268184,loop
1407.745,33268184,loop
1407.850,33268184,loop
1407.955,33268184,loop
1408.060,33268184,loop
1408.165,33268184,loop
1408.271,33268184,loop
1408.376,33268184,loop
1408.481,33268184,loop
1408.586,33268184,loop
1408.691,33268184,loop
1408.796,33268184,loop
1408.901,33268184,loop
1409.007,33268184,loop
1409.112,33268184,loop
1409.217,33268184,loop
1409.322,33268184,loop
1409.427,33268184,loop
1409.532,33268184,loop
1409.638,33268184,loop
1409.743,33268184,loop
1409.848,33268184,loop
1409.953,33268184,loop
1410.058,33268184,loop
1410.163,33268184,loop
1410.269,33268184,loop
1410.374,33268184,loop
1410.479,33268184,loop
1410.584,33268184,loop
1410.689,33268184,loop
1410.794,33268184,loop
1410.899,33268184,loop
1411.005,33268184,loop
1411.110,33268184,loop
1411.215,33268184,loop
1411.320,33268184,loop
1411.425,33268184,loop
1411.530,33268184,loop
1411.636,33268184,loop
1411.741,33268184,loop
1411.846,33268184,loop
1411.951,33268184,loop
1412.056,33268184,loop
1412.161,33268184,loop
1412.266,33268184,loop
1412.372,33268184,loop
1412.477,33268184,loop
1412.582,33268184,loop
1412.687,33268184,loop
1412.792,33268184,loop
1412.897,33268184,loop
1413.003,33268184,loop
1413.108,33268184,loop
1413.213,33268184,loop
1413.318,33268184,loop
1413.423,33268184,loop
1413.528,33268184,loop
1413.634,33268184,loop
1413.739,33268184,loop
1413.844,33268184,loop
1413.949,33268184,loop
1414.054,33268184,loop
1414.159,33268184,loop
1414.265,33268184,loop
1414.370,33268184,loop
1414.475,33268184,loop
1414.580,33268184,loop
1414.685,33268184,loop
1414.790,33268184,loop
1414.895,33268184,loop
1415.001,33268184,loop
1415.106,33268184,loop
1415.211,33268184,loop
1415.316,33268184,loop
1415.421,33268184,loop
1415.526,33268184,loop
1415.632,33268184,loop
1415.737,33268184,loop
1415.842,33268184,loop
1415.947,33268184,loop
1416.052,33268184,loop
1416.157,33268184,loop
1416.262,33268184,loop
1416.368,33268184,loop
1416.473,33268184,loop
1416.578,33268184,loop
1416.683,33268184,loop
1416.788,33268184,loop
1416.893,33268184,loop
1416.999,33268184,loop
1417.104,33268184,loop
1417.209,33268184,loop
1417.314,33268184,loop
1417.419,33268184,loop
1417.524,33268184,loop
1417.630,33268184,loop
1417.735,33268184,loop
1417.840,33268184,loop
1417.945,33268184,loop
1418.050,33268184,loop
1418.155,33268184,loop
1418.260,33268184,loop
1418.366,33268184,loop
1418.471,33268184,loop
1418.576,33268184,loop
1418.681,33268184,loop
1418.786,33268184,loop
1418.891,33268184,loop
1418.997,33268184,loop
1419.102,33268184,loop
1419.207,33268184,loop
1419.312,33268184,loop
1419.417,33268184,loop
1419.522,33268184,loop
1419.628,33268184,loop
1419.733,33268184,loop
1419.838,33268184,loop
1419.943,33268184,loop
1420.048,33268184,loop
1420.153,33268184,loop
1420.258,33268184,loop
1420.364,33268184,loop
1420.469,33268184,loop
1420.574,33268184,loop
1420.679,33268184,loop
1420.784,33268184,loop
1420.889,33268184,loop
1420.995,33268184,loop
1421.100,33268184,loop
1421.205,33268184,loop
1421.310,33268184,loop
1421.415,33268184,loop
1421.520,33268184,loop
1421.625,33268184,loop
1421.731,33268184,loop
1421.836,33268184,loop
1421.941,33268184,loop
1422.046,33268184,loop
1422.151,33268184,loop
1422.256,33268184,loop
1422.362,33268184,loop
1422.467,33268184,loop
1422.572,33268184,loop
1422.677,33268184,loop
1422.782,33268184,loop
1422.887,33268184,loop
1422.993,33268184,loop
1423.098,33268184,loop
1423.203,33268184,loop
1423.308,33268184,loop
1423.413,33268184,loop
1423.518,33268184,loop
1423.623,33268184,loop
1423.729,33268184,loop
1423.834,33268184,loop
1423.939,33268184,loop
1424.044,33268184,loop
1424.149,33268184,loop
1424.254,33268184,loop
1424.360,33268184,loop
1424.465,33268184,loop
1424.570,33268184,loop
1424.675,33268184,loop
1424.780,33268184,loop
1424.885,33268184,loop
1424.991,33268184,loop
1425.096,33268184,loop
1425.201,33268184,loop
1425.306,33268184,loop
1425.411,33268184,loop
1425.516,33268184,loop
1425.621,33268184,loop
1425.727,33268184,loop
1425.832,33268184,loop
1425.937,33268184,loop
1426.042,33268184,loop
1426.147,33268184,loop
1426.252,33268184,loop
1426.358,33268184,loop
1426.463,33268184,loop
1426.568,33268184,loop
1426.673,33268184,loop
1426.778,33268184,loop
1426.883,33268184,loop
1426.989,33268184,loop
1427.094,33268184,loop
1427.199,33268184,loop
1427.304,33268184,loop
1427.409,33268184,loop
1427.514,33268184,loop
1427.619,33268184,loop
1427.725,33268184,loop
1427.830,33268184,loop
1427.935,33268184,loop
1428.040,33268184,loop
1428.145,33268184,loop
1428.250,33268184,loop
1428.356,33268184,loop
1428.461,33268184,loop
1428.566,33268184,loop
1428.671,33268184,loop
1428.776,33268184,loop
1428.881,33268184,loop
1428.987,33268184,loop
1429.092,33268184,loop
1429.197,33268184,loop
1429.302,33268184,loop
1429.407,33268184,loop
1429.512,33268184,loop
1429.617,33268184,loop
1429.723,33268184,loop
1429.828,33268184,loop
1429.933,33268184,loop
1430.038,33268184,loop
1430.143,33268184,loop
1430.248,33268184,loop
1430.354,33268184,loop
1430.459,33268184,loop
1430.564,33268184,loop
1430.669,33268184,loop
1430.774,33268184,loop
1430.879,33268184,loop
1430.985,33268184,loop
1431.090,33268184,loop
1431.195,33268184,loop
1431.300,33268184,loop
1431.405,33268184,loop
1431.510,33268184,loop
1431.615,33268184,loop
1431.721,33268184,loop
1431.826,33268184,loop
1431.931,33268184,loop
1432.036,33268184,loop
1432.141,33268184,loop
1432.246,33268184,loop
1432.352,33268184,loop
1432.457,33268184,loop
1432.562,33268184,loop
1432.667,33268184,loop
1432.772,33268184,loop
1432.877,33268184,loop
1432.982,33268184,loop
1433.088,33268184,loop
1433.193,33268184,loop
1433.298,33268184,loop
1433.403,33268184,loop
1433.508,33268184,loop
1433.613,33268184,loop
1433.719,33268184,loop
1433.824,33268184,loop
1433.929,33268184,loop
1434.034,33268184,loop
1434.139,33268184,loop
1434.244,33268184,loop
1434.349,33268184,loop
1434.455,33268184,loop
1434.560,33268184,loop
1434.665,33268184,loop
1434.770,33268184,loop
1434.875,33268184,loop
1434.980,33268184,loop
1435.086,33268184,loop
1435.191,33268184,loop
1435.296,33268184,loop
1435.401,33268184,loop
1435.506,33268184,loop
1435.611,33268184,loop
1435.717,33268184,loop
1435.822,33268184,loop
1435.927,33268184,loop
1436.032,33268184,loop
1436.137,33268184,loop
1436.242,33268184,loop
1436.347,33268184,loop
1436.453,33268184,loop
1436.558,33268184,loop
1436.663,33268184,loop
1436.768,33268184,loop
1436.873,33268184,loop
1436.978,33268184,loop
1437.084,33268184,loop
1437.189,33268184,loop
1437.294,33268184,loop
1437.399,33268184,loop
1437.504,33268184,loop
1437.609,33268184,loop
1437.714,33268184,loop
1437.820,33268184,loop
1437.925,33268184,loop
1438.030,33268184,loop
1438.135,33268184,loop
1438.240,33268184,loop
1438.345,33268184,loop
1438.451,33268184,loop
1438.556,33268184,loop
1438.661,33268184,loop
1438.766,33268184,loop
1438.871,33268184,loop
1438.976,33268184,loop
1439.082,33268184,loop
1439.187,33268184,loop
1439.292,33268184,loop
1439.397,33268184,loop
1439.502,33268184,loop
1439.607,33268184,loop
1439.712,33268184,loop
1439.818,33268184,loop
1439.923,33268184,loop
1440.028,33268184,loop
1440.133,33268184,loop
1440.238,33268184,loop
1440.343,33268184,loop
1440.449,33268184,loop
1440.554,33268184,loop
1440.659,33268184,loop
1440.764,33268184,loop
1440.869,33268184,loop
1440.974,33268184,loop
1441.080,33268184,loop
1441.185,33268184,loop
1441.290,33268184,loop
1441.395,33268184,loop
1441.500,33268184,loop
1441.605,33268184,loop
1441.710,33268184,loop
1441.816,33268184,loop
1441.921,33268184,loop
1442.026,33268184,loop
1442.131,33268184,loop
1442.236,33268184,loop
1442.341,33268184,loop
1442.447,33268184,loop
1442.552,33268184,loop
1442.657,33268184,loop
1442.762,33268184,loop
1442.867,33268184,loop
1442.972,33268184,loop
1443.077,33268184,loop
1443.183,33268184,loop
1443.288,33268184,loop
1443.393,33268184,loop
1443.498,33268184,loop
1443.603,33268184,loop
1443.708,33268184,loop
1443.814,33268184,loop
1443.919,33268184,loop
1444.024,33268184,loop
1444.129,33268184,loop
1444.234,33268184,loop
1444.339,33268184,loop
1444.445,33268184,loop
1444.550,33268184,loop
1444.655,33268184,loop
1444.760,33268184,loop
1444.865,33268184,loop
1444.970,33268184,loop
1445.076,33268184,loop
1445.181,33268184,loop
1445.286,33268184,loop
1445.391,33268184,loop
1445.496,33268184,loop
1445.601,33268184,loop
1445.706,33268184,loop
1445.812,33268184,loop
1445.917,33268184,loop
1446.022,33268184,loop
1446.127,33268184,loop
1446.232,33268184,loop
1446.337,33268184,loop
1446.443,33268184,loop
1446.548,33268184,loop
1446.653,33268184,loop
1446.758,33268184,loop
1446.863,33268184,loop
1446.968,33268184,loop
1447.074,33268184,loop
1447.179,33268184,loop
1447.284,33268184,loop
1447.389,33268184,loop
1447.494,33268184,loop
1447.599,33268184,loop
1447.704,33268184,loop
1447.810,33268184,loop
1447.915,33268184,loop
1448.020,33268184,loop
1448.125,33268184,loop
1448.230,33268184,loop
1448.335,33268184,loop
1448.441,33268184,loop
1448.546,33268184,loop
1448.651,33268184,loop
1448.756,33268184,loop
1448.861,33268184,loop
1448.966,33268184,loop
1449.072,33268184,loop
1449.177,33268184,loop
1449.282,33268184,loop
1449.387,33268184,loop
1449.492,33268184,loop
1449.597,33268184,loop
1449.702,33268184,loop
1449.808,33268184,loop
1449.913,33268184,loop
1450.018,33268184,loop
1450.123,33268184,loop
1450.228,33268184,loop
1450.333,33268184,loop
1450.439,33268184,loop
1450.544,33268184,loop
1450.649,33268184,loop
1450.754,33268184,loop
1450.859,33268184,loop
1450.964,33268184,loop
1451.070,33268184,loop
1451.175,33268184,loop
1451.280,33268184,loop
1451.385,33268184,loop
1451.490,33268184,loop
1451.595,33268184,loop
1451.701,33268184,loop
1451.806,33268184,loop
1451.911,33268184,loop
1452.016,33268184,loop
1452.121,33268184,loop
1452.226,33268184,loop
1452.331,33268184,loop
1452.437,33268184,loop
1452.542,33268184,loop
1452.647,33268184,loop
1452.752,33268184,loop
1452.857,33268184,loop
1452.962,33268184,loop
1453.068,33268184,loop
1453.173,33268184,loop
1453.278,33268184,loop
1453.383,33268184,loop
1453.488,33268184,loop
1453.593,33268184,loop
1453.699,33268184,loop
1453.804,33268184,loop
1453.909,33268184,loop
1454.014,33268184,loop
1454.119,33268184,loop
1454.224,33268184,loop
1454.329,33268184,loop
1454.435,33268184,loop
1454.540,33268184,loop
1454.645,33268184,loop
1454.750,33268184,loop
1454.855,33268184,loop
1454.960,33268184,loop
1455.066,33268184,loop
1455.171,33268184,loop
1455.276,33268184,loop
1455.381,33268184,loop
1455.486,33268184,loop
1455.591,33268184,loop
1455.696,33268184,loop
1455.802,33268184,loop
1455.907,33268184,loop
1456.012,33268184,loop
1456.117,33268184,loop
1456.222,33268184,loop
1456.327,33268184,loop
1456.433,33268184,loop
1456.538,33268184,loop
1456.643,33268184,loop
1456.748,33268184,loop
1456.853,33268184,loop
1456.958,33268184,loop
1457.064,33268184,loop
1457.169,33268184,loop
1457.274,33268184,loop
1457.379,33268184,loop
1457.484,33268184,loop
1457.589,33268184,loop
1457.694,33268184,loop
1457.800,33268184,loop
1457.905,33268184,loop
1458.010,33268184,loop
1458.115,33268184,loop
1458.220,33268184,loop
1458.325,33268184,loop
1458.431,33268184,loop
1458.536,33268184,loop
1458.641,33268184,loop
1458.746,33268184,loop
1458.851,33268184,loop
1458.956,33268184,loop
1459.062,33268184,loop
1459.167,33268184,loop
1459.272,33268184,loop
1459.377,33268184,loop
1459.482,33268184,loop
1459.587,33268184,loop
1459.692,33268184,loop
1459.798,33268184,loop
1459.903,33268184,loop
1460.008,33268184,loop
1460.113,33268184,loop
1460.218,33268184,loop
1460.323,33268184,loop
1460.429,33268184,loop
1460.534,33268184,loop
1460.639,33268184,loop
1460.744,33268184,loop
1460.849,33268184,loop
1460.954,33268184,loop
1461.059,33268184,loop
1461.165,33268184,loop
1461.270,33268184,loop
1461.375,33268184,loop
1461.480,33268184,loop
1461.585,33268184,loop
1461.690,33268184,loop
1461.796,33268184,loop
1461.901,33268184,loop
1462.006,33268184,loop
1462.112,33268184,loop
1462.217,33268184,loop
1462.322,33268184,loop
1462.427,33268184,loop
1462.532,33268184,loop
1462.637,33268184,loop
1462.743,33268184,loop
1462.848,33268184,loop
1462.953,33268184,loop
1463.058,33268184,loop
1463.163,33268184,loop
1463.268,33268184,loop
1463.373,33268184,loop
1463.479,33268184,loop
1463.584,33268184,loop
1463.689,33268184,loop
1463.794,33268184,loop
1463.899,33268184,loop
1464.004,33268184,loop
1464.110,33268184,loop
1464.215,33268184,loop
1464.320,33268184,loop
1464.425,33268184,loop
1464.530,33268184,loop
1464.635,33268184,loop
1464.740,33268184,loop
1464.846,33268184,loop
1464.951,33268184,loop
1465.056,33268184,loop
1465.161,33268184,loop
1465.266,33268184,loop
1465.371,33268184,loop
1465.477,33268184,loop
1465.582,33268184,loop
1465.687,33268184,loop
1465.792,33268184,loop
1465.897,33268184,loop
1466.002,33268184,loop
1466.107,33268184,loop
1466.213,33268184,loop
1466.318,33268184,loop
1466.423,33268184,loop
1466.528,33268184,loop
1466.633,33268184,loop
1466.738,33268184,loop
1466.844,33268184,loop
1466.949,33268184,loop
1467.054,33268184,loop
1467.159,33268184,loop
1467.264,33268184,loop
1467.369,33268184,loop
1467.474,33268184,loop
1467.580,33268184,loop
1467.685,33268184,loop
1467.790,33268184,loop
1467.895,33268184,loop
1468.000,33268184,loop
1468.105,33268184,loop
1468.211,33268184,loop
1468.316,33268184,loop
1468.421,33268184,loop
1468.526,33268184,loop
1468.631,33268184,loop
1468.736,33268184,loop
1468.841,33268184,loop
1468.947,33268184,loop
1469.052,33268184,loop
1469.157,33268184,loop
1469.262,33268184,loop
1469.368,33268184,loop
1469.474,33268184,loop
1469.579,33268184,loop
1469.684,33268184,loop
1469.789,33268184,loop
1469.894,33268184,loop
1469.999,33268184,loop
1470.104,33268184,loop
1470.210,33268184,loop
1470.315,33268184,loop
1470.420,33268184,loop
1470.525,33268184,loop
1470.630,33268184,loop
1470.735,33268184,loop
1470.841,33268184,loop
1470.946,33268184,loop
1471.051,33268184,loop
1471.156,33268184,loop
1471.261,33268184,loop
1471.366,33268184,loop
1471.471,33268184,loop
1471.577,33268184,loop
1471.682,33268184,loop
1471.787,33268184,loop
1471.892,33268184,loop
1471.997,33268184,loop
1472.102,33268184,loop
1472.208,33268184,loop
1472.313,33268184,loop
1472.418,33268184,loop
1472.523,33268184,loop
1472.628,33268184,loop
1472.733,33268184,loop
1472.838,33268184,loop
1472.944,33268184,loop
1473.049,33268184,loop
1473.154,33268184,loop
1473.259,33268184,loop
1473.364,33268184,loop
1473.469,33268184,loop
1473.575,33268184,loop
1473.680,33268184,loop
1473.785,33268184,loop
1473.890,33268184,loop
1473.995,33268184,loop
1474.100,33268184,loop
1474.205,33268184,loop
1474.311,33268184,loop
1474.416,33268184,loop
1474.521,33268184,loop
1474.626,33268184,loop
1474.731,33268184,loop
1474.836,33268184,loop
1474.942,33268184,loop
1475.047,33268184,loop
1475.152,33268184,loop
1475.257,33268184,loop
1475.362,33268184,loop
1475.467,33268184,loop
1475.573,33268184,loop
1475.678,33268184,loop
1475.783,33268184,loop
1475.888,33268184,loop
1475.993,33268184,loop
1476.098,33268184,loop
1476.204,33268184,loop
1476.309,33268184,loop
1476.414,33268184,loop
1476.519,33268184,loop
1476.624,33268184,loop
1476.729,33268184,loop
1476.834,33268184,loop
1476.940,33268184,loop
1477.045,33268184,loop
1477.150,33268184,loop
1477.255,33268184,loop
1477.360,33268184,loop
1477.465,33268184,loop
1477.571,33268184,loop
1477.676,33268184,loop
1477.781,33268184,loop
1477.886,33268184,loop
1477.991,33268184,loop
1478.096,33268184,loop
1478.202,33268184,loop
1478.307,33268184,loop
1478.412,33268184,loop
1478.517,33268184,loop
1478.622,33268184,loop
1478.727,33268184,loop
1478.832,33268184,loop
1478.938,33268184,loop
1479.043,33268184,loop
1479.148,33268184,loop
1479.253,33268184,loop
1479.358,33268184,loop
1479.463,33268184,loop
1479.569,33268184,loop
1479.674,33268184,loop
1479.779,33268184,loop
1479.884,33268184,loop
1479.989,33268184,loop
1480.094,33268184,loop
1480.200,33268184,loop
1480.305,33268184,loop
1480.410,33268184,loop
1480.515,33268184,loop
1480.620,33268184,loop
1480.725,33268184,loop
1480.830,33268184,loop
1480.936,33268184,loop
1481.041,33268184,loop
1481.146,33268184,loop
1481.251,33268184,loop
1481.356,33268184,loop
1481.461,33268184,loop
1481.567,33268184,loop
1481.672,33268184,loop
1481.777,33268184,loop
1481.882,33268184,loop
1481.987,33268184,loop
1482.092,33268184,loop
1482.198,33268184,loop
1482.303,33268184,loop
1482.408,33268184,loop
1482.513,33268184,loop
1482.618,33268184,loop
1482.723,33268184,loop
1482.828,33268184,loop
1482.934,33268184,loop
1483.039,33268184,loop
1483.144,33268184,loop
1483.249,33268184,loop
1483.354,33268184,loop
1483.459,33268184,loop
1483.565,33268184,loop
1483.670,33268184,loop
1483.775,33268184,loop
1483.880,33268184,loop
1483.985,33268184,loop
1484.090,33268184,loop
1484.196,33268184,loop
1484.301,33268184,loop
1484.406,33268184,loop
1484.511,33268184,loop
1484.616,33268184,loop
1484.721,33268184,loop
1484.826,33268184,loop
1484.932,33268184,loop
1485.037,33268184,loop
1485.142,33268184,loop
1485.247,33268184,loop
1485.352,33268184,loop
1485.457,33268184,loop
1485.563,33268184,loop
1485.668,33268184,loop
1485.773,33268184,loop
1485.878,33268184,loop
1485.983,33268184,loop
1486.088,33268184,loop
1486.194,33268184,loop
1486.299,33268184,loop
1486.404,33268184,loop
1486.509,33268184,loop
1486.614,33268184,loop
1486.719,33268184,loop
1486.825,33268184,loop
1486.930,33268184,loop
1487.035,33268184,loop
1487.140,33268184,loop
1487.245,33268184,loop
1487.350,33268184,loop
1487.455,33268184,loop
1487.561,33268184,loop
1487.666,33268184,loop
1487.771,33268184,loop
1487.876,33268184,loop
1487.981,33268184,loop
1488.086,33268184,loop
1488.192,33268184,loop
1488.297,33268184,loop
1488.402,33268184,loop
1488.507,33268184,loop
1488.612,33268184,loop
1488.717,33268184,loop
1488.822,33268184,loop
1488.928,33268184,loop
1489.033,33268184,loop
1489.138,33268184,loop
1489.243,33268184,loop
1489.348,33268184,loop
1489.453,33268184,loop
1489.559,33268184,loop
1489.664,33268184,loop
1489.769,33268184,loop
1489.874,33268184,loop
1489.979,33268184,loop
1490.084,33268184,loop
1490.189,33268184,loop
1490.295,33268184,loop
1490.400,33268184,loop
1490.505,33268184,loop
1490.610,33268184,loop
1490.715,33268184,loop
1490.820,33268184,loop
1490.926,33268184,loop
1491.031,33268184,loop
1491.136,33268184,loop
1491.241,33268184,loop
1491.346,33268184,loop
1491.451,33268184,loop
1491.556,33268184,loop
1491.662,33268184,loop
1491.767,33268184,loop
1491.872,33268184,loop
1491.977,33268184,loop
1492.082,33268184,loop
1492.187,33268184,loop
1492.293,33268184,loop
1492.398,33268184,loop
1492.503,33268184,loop
1492.608,33268184,loop
1492.713,33268184,loop
1492.818,33268184,loop
1492.923,33268184,loop
1493.029,33268184,loop
1493.134,33268184,loop
1493.239,33268184,loop
1493.344,33268184,loop
1493.449,33268184,loop
1493.554,33268184,loop
1493.660,33268184,loop
1493.765,33268184,loop
1493.870,33268184,loop
1493.975,33268184,loop
1494.080,33268184,loop
1494.185,33268184,loop
1494.290,33268184,loop
1494.396,33268184,loop
1494.501,33268184,loop
1494.606,33268184,loop
1494.711,33268184,loop
1494.816,33268184,loop
1494.921,33268184,loop
1495.027,33268184,loop
1495.132,33268184,loop
1495.237,33268184,loop
1495.342,33268184,loop
1495.447,33268184,loop
1495.552,33268184,loop
1495.657,33268184,loop
1495.763,33268184,loop
1495.868,33268184,loop
1495.973,33268184,loop
1496.078,33268184,loop
1496.183,33268184,loop
1496.288,33268184,loop
1496.394,33268184,loop
1496.499,33268184,loop
1496.604,33268184,loop
1496.709,33268184,loop
1496.814,33268184,loop
1496.919,33268184,loop
1497.024,33268184,loop
1497.130,33268184,loop
1497.235,33268184,loop
1497.340,33268184,loop
1497.445,33268184,loop
1497.550,33268184,loop
1497.655,33268184,loop
1497.761,33268184,loop
1497.866,33268184,loop
1497.971,33268184,loop
1498.076,33268184,loop
1498.181,33268184,loop
1498.286,33268184,loop
1498.391,33268184,loop
1498.497,33268184,loop
1498.602,33268184,loop
1498.707,33268184,loop
1498.812,33268184,loop
1498.917,33268184,loop
1499.022,33268184,loop
1499.128,33268184,loop
1499.233,33268184,loop
1499.338,33268184,loop
1499.443,33268184,loop
1499.548,33268184,loop
1499.653,33268184,loop
1499.759,33268184,loop
1499.864,33268184,loop
1499.969,33268184,loop
1500.074,33268184,loop
1500.179,33268184,loop
1500.284,33268184,loop
1500.389,33268184,loop
1500.495,33268184,loop
1500.600,33268184,loop
1500.705,33268184,loop
1500.810,33268184,loop
1500.915,33268184,loop
1501.020,33268184,loop
1501.126,33268184,loop
1501.231,33268184,loop
1501.336,33268184,loop
1501.441,33268184,loop
1501.546,33268184,loop
1501.651,33268184,loop
1501.756,33268184,loop
1501.862,33268184,loop
1501.967,33268184,loop
1502.072,33268184,loop
1502.177,33268184,loop
1502.282,33268184,loop
1502.387,33268184,loop
1502.493,33268184,loop
1502.598,33268184,loop
1502.703,33268184,loop
1502.808,33268184,loop
1502.913,33268184,loop
1503.018,33268184,loop
1503.124,33268184,loop
1503.229,33268184,loop
1503.334,33268184,loop
1503.439,33268184,loop
1503.544,33268184,loop
1503.649,33268184,loop
1503.754,33268184,loop
1503.860,33268184,loop
1503.965,33268184,loop
1504.070,33268184,loop
1504.175,33268184,loop
1504.280,33268184,loop
1504.385,33268184,loop
1504.491,33268184,loop
1504.596,33268184,loop
1504.701,33268184,loop
1504.806,33268184,loop
1504.911,33268184,loop
1505.016,33268184,loop
1505.121,33268184,loop
1505.227,33268184,loop
1505.332,33268184,loop
1505.437,33268184,loop
1505.542,33268184,loop
1505.647,33268184,loop
1505.752,33268184,loop
1505.858,33268184,loop
1505.963,33268184,loop
1506.068,33268184,loop
1506.173,33268184,loop
1506.278,33268184,loop
1506.383,33268184,loop
1506.488,33268184,loop
1506.594,33268184,loop
1506.699,33268184,loop
1506.804,33268184,loop
1506.909,33268184,loop
1507.014,33268184,loop
1507.119,33268184,loop
1507.225,33268184,loop
1507.330,33268184,loop
1507.435,33268184,loop
1507.540,33268184,loop
1507.645,33268184,loop
1507.750,33268184,loop
1507.856,33268184,loop
1507.961,33268184,loop
1508.066,33268184,loop
1508.171,33268184,loop
1508.276,33268184,loop
1508.381,33268184,loop
1508.486,33268184,loop
1508.592,33268184,loop
1508.697,33268184,loop
1508.802,33268184,loop
1508.907,33268184,loop
1509.012,33268184,loop
1509.117,33268184,loop
1509.223,33268184,loop
1509.328,33268184,loop
1509.433,33268184,loop
1509.538,33268184,loop
1509.643,33268184,loop
1509.748,33268184,loop
1509.853,33268184,loop
1509.959,33268184,loop
1510.064,33268184,loop
1510.169,33268184,loop
1510.274,33268184,loop
1510.379,33268184,loop
1510.484,33268184,loop
1510.590,33268184,loop
1510.695,33268184,loop
1510.800,33268184,loop
1510.905,33268184,loop
1511.010,33268184,loop
1511.115,33268184,loop
1511.221,33268184,loop
1511.326,33268184,loop
1511.431,33268184,loop
1511.536,33268184,loop
1511.641,33268184,loop
1511.746,33268184,loop
1511.851,33268184,loop
1511.957,33268184,loop
1512.062,33268184,loop
1512.167,33268184,loop
1512.272,33268184,loop
1512.377,33268184,loop
1512.482,33268184,loop
1512.588,33268184,loop
1512.693,33268184,loop
1512.798,33268184,loop
1512.903,33268184,loop
1513.008,33268184,loop
1513.113,33268184,loop
1513.219,33268184,loop
1513.324,33268184,loop
1513.429,33268184,loop
1513.534,33268184,loop
1513.639,33268184,loop
1513.744,33268184,loop
1513.849,33268184,loop
1513.955,33268184,loop
1514.060,33268184,loop
1514.165,33268184,loop
1514.270,33268184,loop
1514.375,33268184,loop
1514.480,33268184,loop
1514.586,33268184,loop
1514.691,33268184,loop
1514.796,33268184,loop
1514.901,33268184,loop
1515.006,33268184,loop
1515.111,33268184,loop
1515.216,33268184,loop
1515.322,33268184,loop
1515.427,33268184,loop
1515.532,33268184,loop
1515.637,33268184,loop
1515.742,33268184,loop
1515.847,33268184,loop
1515.953,33268184,loop
1516.058,33268184,loop
1516.163,33268184,loop
1516.269,33268184,loop
1516.374,33268184,loop
1516.479,33268184,loop
1516.584,33268184,loop
1516.689,33268184,loop
1516.794,33268184,loop
1516.900,33268184,loop
1517.005,33268184,loop
1517.110,33268184,loop
1517.215,33268184,loop
1517.320,33268184,loop
1517.425,33268184,loop
1517.530,33268184,loop
1517.636,33268184,loop
1517.741,33268184,loop
1517.846,33268184,loop
1517.951,33268184,loop
1518.056,33268184,loop
1518.161,33268184,loop
1518.267,33268184,loop
1518.372,33268184,loop
1518.477,33268184,loop
1518.582,33268184,loop
1518.687,33268184,loop
1518.792,33268184,loop
1518.897,33268184,loop
1519.003,33268184,loop
1519.108,33268184,loop
1519.213,33268184,loop
1519.318,33268184,loop
1519.423,33268184,loop
1519.528,33268184,loop
1519.634,33268184,loop
1519.739,33268184,loop
1519.844,33268184,loop
1519.949,33268184,loop
1520.054,33268184,loop
1520.159,33268184,loop
1520.264,33268184,loop
1520.370,33268184,loop
1520.475,33268184,loop
1520.580,33268184,loop
1520.685,33268184,loop
1520.790,33268184,loop
1520.895,33268184,loop
1521.001,33268184,loop
1521.106,33268184,loop
1521.211,33268184,loop
1521.316,33268184,loop
1521.421,33268184,loop
1521.526,33268184,loop
1521.632,33268184,loop
1521.737,33268184,loop
1521.842,33268184,loop
1521.947,33268184,loop
1522.052,33268184,loop
1522.157,33268184,loop
1522.263,33268184,loop
1522.368,33268184,loop
1522.473,33268184,loop
1522.578,33268184,loop
1522.683,33268184,loop
1522.788,33268184,loop
1522.893,33268184,loop
1522.999,33268184,loop
1523.104,33268184,loop
1523.209,33268184,loop
1523.314,33268184,loop
1523.419,33268184,loop
1523.524,33268184,loop
1523.630,33268184,loop
1523.735,33268184,loop
1523.840,33268184,loop
1523.945,33268184,loop
1524.050,33268184,loop
1524.155,33268184,loop
1524.260,33268184,loop
1524.366,33268184,loop
1524.471,33268184,loop
1524.576,33268184,loop
1524.681,33268184,loop
1524.786,33268184,loop
1524.891,33268184,loop
1524.997,33268184,loop
1525.102,33268184,loop
1525.207,33268184,loop
1525.312,33268184,loop
1525.417,33268184,loop
1525.522,33268184,loop
1525.628,33268184,loop
1525.733,33268184,loop
1525.838,33268184,loop
1525.943,33268184,loop
1526.048,33268184,loop
1526.153,33268184,loop
1526.258,33268184,loop
1526.364,33268184,loop
1526.469,33268184,loop
1526.574,33268184,loop
1526.679,33268184,loop
1526.784,33268184,loop
1526.889,33268184,loop
1526.995,33268184,loop
1527.100,33268184,loop
1527.205,33268184,loop
1527.310,33268184,loop
1527.415,33268184,loop
1527.520,33268184,loop
1527.625,33268184,loop
1527.731,33268184,loop
1527.836,33268184,loop
1527.941,33268184,loop
1528.046,33268184,loop
1528.151,33268184,loop
1528.256,33268184,loop
1528.362,33268184,loop
1528.467,33268184,loop
1528.572,33268184,loop
1528.677,33268184,loop
1528.782,33268184,loop
1528.887,33268184,loop
1528.992,33268184,loop
1529.098,33268184,loop
1529.203,33268184,loop
1529.308,33268184,loop
1529.413,33268184,loop
1529.518,33268184,loop
1529.623,33268184,loop
1529.729,33268184,loop
1529.834,33268184,loop
1529.939,33268184,loop
1530.044,33268184,loop
1530.149,33268184,loop
1530.254,33268184,loop
1530.359,33268184,loop
1530.465,33268184,loop
1530.570,33268184,loop
1530.675,33268184,loop
1530.780,33268184,loop
1530.885,33268184,loop
1530.990,33268184,loop
1531.096,33268184,loop
1531.201,33268184,loop
1531.306,33268184,loop
1531.411,33268184,loop
1531.516,33268184,loop
1531.621,33268184,loop
1531.726,33268184,loop
1531.832,33268184,loop
1531.937,33268184,loop
1532.042,33268184,loop
1532.147,33268184,loop
1532.252,33268184,loop
1532.357,33268184,loop
1532.463,33268184,loop
1532.568,33268184,loop
1532.673,33268184,loop
1532.778,33268184,loop
1532.883,33268184,loop
1532.988,33268184,loop
1533.094,33268184,loop
1533.199,33268184,loop
1533.304,33268184,loop
1533.409,33268184,loop
1533.514,33268184,loop
1533.619,33268184,loop
1533.724,33268184,loop
1533.830,33268184,loop
1533.935,33268184,loop
1534.040,33268184,loop
1534.145,33268184,loop
1534.250,33268184,loop
1534.355,33268184,loop
1534.461,33268184,loop
1534.566,33268184,loop
1534.671,33268184,loop
1534.776,33268184,loop
1534.881,33268184,loop
1534.986,33268184,loop
1535.091,33268184,loop
1535.197,33268184,loop
1535.302,33268184,loop
1535.407,33268184,loop
1535.512,33268184,loop
1535.617,33268184,loop
1535.722,33268184,loop
1535.828,33268184,loop
1535.933,33268184,loop
1536.038,33268184,loop
1536.143,33268184,loop
1536.248,33268184,loop
1536.353,33268184,loop
1536.458,33268184,loop
1536.564,33268184,loop
1536.669,33268184,loop
1536.774,33268184,loop
1536.879,33268184,loop
1536.984,33268184,loop
1537.089,33268184,loop
1537.195,33268184,loop
1537.300,33268184,loop
1537.405,33268184,loop
1537.510,33268184,loop
1537.615,33268184,loop
1537.720,33268184,loop
1537.826,33268184,loop
1537.931,33268184,loop
1538.036,33268184,loop
1538.141,33268184,loop
1538.246,33268184,loop
1538.351,33268184,loop
1538.456,33268184,loop
1538.562,33268184,loop
1538.667,33268184,loop
1538.772,33268184,loop
1538.877,33268184,loop
1538.982,33268184,loop
1539.087,33268184,loop
1539.193,33268184,loop
1539.298,33268184,loop
1539.403,33268184,loop
1539.508,33268184,loop
1539.613,33268184,loop
1539.718,33268184,loop
1539.823,33268184,loop
1539.929,33268184,loop
1540.034,33268184,loop
1540.139,33268184,loop
1540.244,33268184,loop
1540.349,33268184,loop
1540.454,33268184,loop
1540.560,33268184,loop
1540.665,33268184,loop
1540.770,33268184,loop
1540.875,33268184,loop
1540.980,33268184,loop
1541.085,33268184,loop
1541.190,33268184,loop
1541.296,33268184,loop
1541.401,33268184,loop
1541.506,33268184,loop
1541.611,33268184,loop
1541.716,33268184,loop
1541.821,33268184,loop
1541.927,33268184,loop
1542.032,33268184,loop
1542.137,33268184,loop
1542.242,33268184,loop
1542.347,33268184,loop
1542.452,33268184,loop
1542.558,33268184,loop
1542.663,33268184,loop
1542.768,33268184,loop
1542.873,33268184,loop
1542.978,33268184,loop
1543.083,33268184,loop
1543.188,33268184,loop
1543.294,33268184,loop
1543.399,33268184,loop
1543.504,33268184,loop
1543.609,33268184,loop
1543.714,33268184,loop
1543.819,33268184,loop
1543.925,33268184,loop
1544.030,33268184,loop
1544.135,33268184,loop
1544.240,33268184,loop
1544.345,33268184,loop
1544.450,33268184,loop
1544.555,33268184,loop
1544.661,33268184,loop
1544.766,33268184,loop
1544.871,33268184,loop
1544.976,33268184,loop
1545.081,33268184,loop
1545.186,33268184,loop
1545.292,33268184,loop
1545.397,33268184,loop
1545.502,33268184,loop
1545.607,33268184,loop
1545.712,33268184,loop
1545.817,33268184,loop
1545.922,33268184,loop
1546.028,33268184,loop
1546.133,33268184,loop
1546.238,33268184,loop
1546.343,33268184,loop
1546.448,33268184,loop
1546.553,33268184,loop
1546.659,33268184,loop
1546.764,33268184,loop
1546.869,33268184,loop
1546.974,33268184,loop
1547.079,33268184,loop
1547.184,33268184,loop
1547.289,33268184,loop
1547.395,33268184,loop
1547.500,33268184,loop
1547.605,33268184,loop
1547.710,33268184,loop
1547.815,33268184,loop
1547.920,33268184,loop
1548.026,33268184,loop
1548.131,33268184,loop
1548.236,33268184,loop
1548.341,33268184,loop
1548.446,33268184,loop
1548.551,33268184,loop
1548.657,33268184,loop
1548.762,33268184,loop
1548.867,33268184,loop
1548.972,33268184,loop
1549.077,33268184,loop
1549.182,33268184,loop
1549.287,33268184,loop
1549.393,33268184,loop
1549.498,33268184,loop
1549.603,33268184,loop
1549.708,33268184,loop
1549.813,33268184,loop
1549.918,33268184,loop
1550.024,33268184,loop
1550.129,33268184,loop
1550.234,33268184,loop
1550.339,33268184,loop
1550.444,33268184,loop
1550.549,33268184,loop
1550.655,33268184,loop
1550.760,33268184,loop
1550.865,33268184,loop
1550.970,33268184,loop
1551.075,33268184,loop
1551.180,33268184,loop
1551.286,33268184,loop
1551.391,33268184,loop
1551.496,33268184,loop
1551.601,33268184,loop
1551.706,33268184,loop
1551.811,33268184,loop
1551.916,33268184,loop
1552.022,33268184,loop
1552.127,33268184,loop
1552.232,33268184,loop
1552.337,33268184,loop
1552.442,33268184,loop
1552.547,33268184,loop
1552.653,33268184,loop
1552.758,33268184,loop
1552.863,33268184,loop
1552.968,33268184,loop
1553.073,33268184,loop
1553.178,33268184,loop
1553.283,33268184,loop
1553.389,33268184,loop
1553.494,33268184,loop
1553.599,33268184,loop
1553.704,33268184,loop
1553.809,33268184,loop
1553.914,33268184,loop
1554.020,33268184,loop
1554.125,33268184,loop
1554.230,33268184,loop
1554.335,33268184,loop
1554.440,33268184,loop
1554.545,33268184,loop
1554.650,33268184,loop
1554.756,33268184,loop
1554.861,33268184,loop
1554.966,33268184,loop
1555.071,33268184,loop
1555.176,33268184,loop
1555.281,33268184,loop
1555.387,33268184,loop
1555.492,33268184,loop
1555.597,33268184,loop
1555.702,33268184,loop
1555.807,33268184,loop
1555.912,33268184,loop
1556.017,33268184,loop
1556.123,33268184,loop
1556.228,33268184,loop
1556.333,33268184,loop
1556.438,33268184,loop
1556.543,33268184,loop
1556.648,33268184,loop
1556.754,33268184,loop
1556.859,33268184,loop
1556.964,33268184,loop
1557.069,33268184,loop
1557.174,33268184,loop
1557.279,33268184,loop
1557.384,33268184,loop
1557.490,33268184,loop
1557.595,33268184,loop
1557.700,33268184,loop
1557.805,33268184,loop
1557.910,33268184,loop
1558.015,33268184,loop
1558.121,33268184,loop
1558.226,33268184,loop
1558.331,33268184,loop
1558.436,33268184,loop
1558.541,33268184,loop
1558.646,33268184,loop
1558.752,33268184,loop
1558.857,33268184,loop
1558.962,33268184,loop
1559.067,33268184,loop
1559.172,33268184,loop
1559.277,33268184,loop
1559.382,33268184,loop
1559.488,33268184,loop
1559.593,33268184,loop
1559.698,33268184,loop
1559.803,33268184,loop
1559.908,33268184,loop
1560.013,33268184,loop
1560.119,33268184,loop
1560.224,33268184,loop
1560.329,33268184,loop
1560.434,33268184,loop
1560.539,33268184,loop
1560.644,33268184,loop
1560.750,33268184,loop
1560.855,33268184,loop
1560.960,33268184,loop
1561.065,33268184,loop
1561.170,33268184,loop
1561.275,33268184,loop
1561.380,33268184,loop
1561.486,33268184,loop
1561.591,33268184,loop
1561.696,33268184,loop
1561.801,33268184,loop
1561.906,33268184,loop
1562.011,33268184,loop
1562.117,33268184,loop
1562.222,33268184,loop
1562.327,33268184,loop
1562.432,33268184,loop
1562.537,33268184,loop
1562.642,33268184,loop
1562.748,33268184,loop
1562.853,33268184,loop
1562.958,33268184,loop
1563.063,33268184,loop
1563.168,33268184,loop
1563.273,33268184,loop
1563.378,33268184,loop
1563.484,33268184,loop
1563.589,33268184,loop
1563.694,33268184,loop
1563.799,33268184,loop
1563.904,33268184,loop
1564.009,33268184,loop
1564.115,33268184,loop
1564.220,33268184,loop
1564.325,33268184,loop
1564.430,33268184,loop
1564.535,33268184,loop
1564.640,33268184,loop
1564.745,33268184,loop
1564.851,33268184,loop
1564.956,33268184,loop
1565.061,33268184,loop
1565.166,33268184,loop
1565.271,33268184,loop
1565.376,33268184,loop
1565.482,33268184,loop
1565.587,33268184,loop
1565.692,33268184,loop
1565.797,33268184,loop
1565.902,33268184,loop
1566.007,33268184,loop
1566.112,33268184,loop
1566.218,33268184,loop
1566.323,33268184,loop
1566.428,33268184,loop
1566.533,33268184,loop
1566.638,33268184,loop
1566.743,33268184,loop
1566.849,33268184,loop
1566.954,33268184,loop
1567.059,33268184,loop
1567.164,33268184,loop
1567.269,33268184,loop
1567.374,33268184,loop
1567.479,33268184,loop
1567.585,33268184,loop
1567.690,33268184,loop
1567.795,33268184,loop
1567.900,33268184,loop
1568.005,33268184,loop
1568.110,33268184,loop
1568.216,33268184,loop
1568.321,33268184,loop
1568.426,33268184,loop
1568.531,33268184,loop
1568.636,33268184,loop
1568.741,33268184,loop
1568.847,33268184,loop
1568.952,33268184,loop
1569.057,33268184,loop
1569.162,33268184,loop
1569.267,33268184,loop
1569.372,33268184,loop
1569.477,33268184,loop
1569.583,33268184,loop
1569.688,33268184,loop
1569.793,33268184,loop
1569.898,33268184,loop
1570.003,33268184,loop
1570.108,33268184,loop
1570.214,33268184,loop
1570.319,33268184,loop
1570.424,33268184,loop
1570.529,33268184,loop
1570.634,33268184,loop
1570.739,33268184,loop
1570.844,33268184,loop
1570.950,33268184,loop
1571.055,33268184,loop
1571.160,33268184,loop
1571.265,33268184,loop
1571.370,33268184,loop
1571.475,33268184,loop
1571.581,33268184,loop
1571.686,33268184,loop
1571.791,33268184,loop
1571.896,33268184,loop
1572.001,33268184,loop
1572.106,33268184,loop
1572.212,33268184,loop
1572.317,33268184,loop
1572.422,33268184,loop
1572.527,33268184,loop
1572.632,33268184,loop
1572.737,33268184,loop
1572.842,33268184,loop
1572.948,33268184,loop
1573.053,33268184,loop
1573.158,33268184,loop
1573.263,33268184,loop
1573.368,33268184,loop
1573.473,33268184,loop
1573.579,33268184,loop
1573.684,33268184,loop
1573.789,33268184,loop
1573.894,33268184,loop
1573.999,33268184,loop
1574.104,33268184,loop
1574.210,33268184,loop
1574.315,33268184,loop
1574.420,33268184,loop
1574.525,33268184,loop
1574.630,33268184,loop
1574.735,33268184,loop
1574.840,33268184,loop
1574.946,33268184,loop
1575.051,33268184,loop
1575.156,33268184,loop
1575.261,33268184,loop
1575.366,33268184,loop
1575.471,33268184,loop
1575.577,33268184,loop
1575.682,33268184,loop
1575.787,33268184,loop
1575.892,33268184,loop
1575.997,33268184,loop
1576.102,33268184,loop
1576.208,33268184,loop
1576.313,33268184,loop
1576.418,33268184,loop
1576.523,33268184,loop
1576.628,33268184,loop
1576.733,33268184,loop
1576.839,33268184,loop
1576.944,33268184,loop
1577.049,33268184,loop
1577.154,33268184,loop
1577.259,33268184,loop
1577.364,33268184,loop
1577.469,33268184,loop
1577.575,33268184,loop
1577.680,33268184,loop
1577.785,33268184,loop
1577.890,33268184,loop
1577.995,33268184,loop
1578.100,33268184,loop
1578.206,33268184,loop
1578.311,33268184,loop
1578.416,33268184,loop
1578.521,33268184,loop
1578.626,33268184,loop
1578.731,33268184,loop
1578.836,33268184,loop
1578.942,33268184,loop
1579.047,33268184,loop
1579.152,33268184,loop
1579.257,33268184,loop
1579.362,33268184,loop
1579.467,33268184,loop
1579.573,33268184,loop
1579.678,33268184,loop
1579.783,33268184,loop
1579.888,33268184,loop
1579.993,33268184,loop
1580.098,33268184,loop
1580.203,33268184,loop
1580.309,33268184,loop
1580.414,33268184,loop
1580.519,33268184,loop
1580.624,33268184,loop
1580.729,33268184,loop
1580.834,33268184,loop
1580.940,33268184,loop
1581.045,33268184,loop
1581.150,33268184,loop
1581.255,33268184,loop
1581.360,33268184,loop
1581.465,33268184,loop
1581.570,33268184,loop
1581.676,33268184,loop
1581.781,33268184,loop
1581.886,33268184,loop
1581.991,33268184,loop
1582.096,33268184,loop
1582.201,33268184,loop
1582.307,33268184,loop
1582.412,33268184,loop
1582.517,33268184,loop
1582.622,33268184,loop
1582.727,33268184,loop
1582.832,33268184,loop
1582.937,33268184,loop
1583.043,33268184,loop
1583.148,33268184,loop
1583.253,33268184,loop
1583.358,33268184,loop
1583.463,33268184,loop
1583.568,33268184,loop
1583.674,33268184,loop
1583.779,33268184,loop
1583.884,33268184,loop
1583.989,33268184,loop
1584.094,33268184,loop
1584.199,33268184,loop
1584.305,33268184,loop
1584.410,33268184,loop
1584.515,33268184,loop
1584.620,33268184,loop
1584.725,33268184,loop
1584.830,33268184,loop
1584.935,33268184,loop
1585.041,33268184,loop
1585.146,33268184,loop
1585.251,33268184,loop
1585.356,33268184,loop
1585.461,33268184,loop
1585.566,33268184,loop
1585.672,33268184,loop
1585.777,33268184,loop
1585.882,33268184,loop
1585.987,33268184,loop
1586.092,33268184,loop
1586.197,33268184,loop
1586.302,33268184,loop
1586.408,33268184,loop
1586.513,33268184,loop
1586.618,33268184,loop
1586.723,33268184,loop
1586.828,33268184,loop
1586.933,33268184,loop
1587.039,33268184,loop
1587.144,33268184,loop
1587.249,33268184,loop
1587.354,33268184,loop
1587.459,33268184,loop
1587.564,33268184,loop
1587.670,33268184,loop
1587.775,33268184,loop
1587.880,33268184,loop
1587.985,33268184,loop
1588.090,33268184,loop
1588.195,33268184,loop
1588.300,33268184,loop
1588.406,33268184,loop
1588.511,33268184,loop
1588.616,33268184,loop
1588.721,33268184,loop
1588.826,33268184,loop
1588.931,33268184,loop
1589.037,33268184,loop
1589.142,33268184,loop
1589.247,33268184,loop
1589.352,33268184,loop
1589.457,33268184,loop
1589.562,33268184,loop
1589.668,33268184,loop
1589.773,33268184,loop
1589.878,33268184,loop
1589.983,33268184,loop
1590.088,33268184,loop
1590.193,33268184,loop
1590.298,33268184,loop
1590.404,33268184,loop
1590.509,33268184,loop
1590.614,33268184,loop
1590.719,33268184,loop
1590.824,33268184,loop
1590.929,33268184,loop
1591.035,33268184,loop
1591.140,33268184,loop
1591.245,33268184,loop
1591.350,33268184,loop
1591.455,33268184,loop
1591.560,33268184,loop
1591.666,33268184,loop
1591.771,33268184,loop
1591.876,33268184,loop
1591.981,33268184,loop
1592.086,33268184,loop
1592.191,33268184,loop
1592.296,33268184,loop
1592.402,33268184,loop
1592.507,33268184,loop
1592.612,33268184,loop
1592.717,33268184,loop
1592.822,33268184,loop
1592.927,33268184,loop
1593.033,33268184,loop
1593.138,33268184,loop
1593.243,33268184,loop
1593.348,33268184,loop
1593.453,33268184,loop
1593.558,33268184,loop
1593.664,33268184,loop
1593.769,33268184,loop
1593.874,33268184,loop
1593.979,33268184,loop
1594.084,33268184,loop
1594.189,33268184,loop
1594.294,33268184,loop
1594.400,33268184,loop
1594.505,33268184,loop
1594.610,33268184,loop
1594.715,33268184,loop
1594.820,33268184,loop
1594.925,33268184,loop
1595.031,33268184,loop
1595.136,33268184,loop
1595.241,33268184,loop
1595.346,33268184,loop
1595.451,33268184,loop
1595.556,33268184,loop
1595.662,33268184,loop
1595.767,33268184,loop
1595.872,33268184,loop
1595.977,33268184,loop
1596.082,33268184,loop
1596.187,33268184,loop
1596.292,33268184,loop
1596.398,33268184,loop
1596.503,33268184,loop
1596.608,33268184,loop
1596.713,33268184,loop
1596.818,33268184,loop
1596.923,33268184,loop
1597.029,33268184,loop
1597.134,33268184,loop
1597.239,33268184,loop
1597.344,33268184,loop
1597.449,33268184,loop
1597.554,33268184,loop
1597.659,33268184,loop
1597.765,33268184,loop
1597.870,33268184,loop
1597.975,33268184,loop
1598.080,33268184,loop
1598.185,33268184,loop
1598.290,33268184,loop
1598.396,33268184,loop
1598.501,33268184,loop
1598.606,33268184,loop
1598.711,33268184,loop
1598.816,33268184,loop
1598.921,33268184,loop
1599.026,33268184,loop
1599.132,33268184,loop
1599.237,33268184,loop
1599.342,33268184,loop
1599.447,33268184,loop
1599.552,33268184,loop
1599.657,33268184,loop
1599.763,33268184,loop
1599.868,33268184,loop
1599.973,33268184,loop
1600.078,33268184,loop
1600.183,33268184,loop
1600.288,33268184,loop
1600.394,33268184,loop
1600.499,33268184,loop
1600.604,33268184,loop
1600.709,33268184,loop
1600.814,33268184,loop
1600.919,33268184,loop
1601.024,33268184,loop
1601.130,33268184,loop
1601.235,33268184,loop
1601.340,33268184,loop
1601.445,33268184,loop
1601.550,33268184,loop
1601.655,33268184,loop
1601.761,33268184,loop
1601.866,33268184,loop
1601.971,33268184,loop
1602.076,33268184,loop
1602.181,33268184,loop
1602.286,33268184,loop
1602.391,33268184,loop
1602.497,33268184,loop
1602.602,33268184,loop
1602.707,33268184,loop
1602.812,33268184,loop
1602.917,33268184,loop
1603.022,33268184,loop
1603.128,33268184,loop
1603.233,33268184,loop
1603.338,33268184,loop
1603.443,33268184,loop
1603.548,33268184,loop
1603.653,33268184,loop
1603.759,33268184,loop
1603.864,33268184,loop
1603.969,33268184,loop
1604.074,33268184,loop
1604.179,33268184,loop
1604.284,33268184,loop
1604.389,33268184,loop
1604.495,33268184,loop
1604.600,33268184,loop
1604.705,33268184,loop
1604.810,33268184,loop
1604.915,33268184,loop
1605.020,33268184,loop
1605.126,33268184,loop
1605.231,33268184,loop
1605.336,33268184,loop
1605.441,33268184,loop
1605.546,33268184,loop
1605.651,33268184,loop
1605.756,33268184,loop
1605.862,33268184,loop
1605.967,33268184,loop
1606.072,33268184,loop
1606.177,33268184,loop
1606.282,33268184,loop
1606.387,33268184,loop
1606.493,33268184,loop
1606.598,33268184,loop
1606.703,33268184,loop
1606.808,33268184,loop
1606.913,33268184,loop
1607.018,33268184,loop
1607.124,33268184,loop
1607.229,33268184,loop
1607.334,33268184,loop
1607.439,33268184,loop
1607.544,33268184,loop
1607.649,33268184,loop
1607.754,33268184,loop
1607.860,33268184,loop
1607.965,33268184,loop
1608.070,33268184,loop
1608.175,33268184,loop
1608.280,33268184,loop
1608.385,33268184,loop
1608.491,33268184,loop
1608.596,33268184,loop
1608.701,33268184,loop
1608.806,33268184,loop
1608.911,33268184,loop
1609.016,33268184,loop
1609.122,33268184,loop
1609.227,33268184,loop
1609.332,33268184,loop
1609.437,33268184,loop
1609.542,33268184,loop
1609.647,33268184,loop
1609.752,33268184,loop
1609.858,33268184,loop
1609.963,33268184,loop
1610.068,33268184,loop
1610.173,33268184,loop
1610.278,33268184,loop
1610.383,33268184,loop
1610.489,33268184,loop
1610.594,33268184,loop
1610.699,33268184,loop
1610.804,33268184,loop
1610.909,33268184,loop
1611.014,33268184,loop
1611.119,33268184,loop
1611.225,33268184,loop
1611.330,33268184,loop
1611.435,33268184,loop
1611.540,33268184,loop
1611.645,33268184,loop
1611.750,33268184,loop
1611.856,33268184,loop
1611.961,33268184,loop
1612.066,33268184,loop
1612.171,33268184,loop
1612.276,33268184,loop
1612.381,33268184,loop
1612.487,33268184,loop
1612.592,33268184,loop
1612.697,33268184,loop
1612.802,33268184,loop
1612.907,33268184,loop
1613.012,33268184,loop
1613.117,33268184,loop
1613.223,33268184,loop
1613.328,33268184,loop
1613.433,33268184,loop
1613.538,33268184,loop
1613.643,33268184,loop
1613.748,33268184,loop
1613.854,33268184,loop
1613.959,33268184,loop
1614.064,33268184,loop
1614.169,33268184,loop
1614.274,33268184,loop
1614.380,33268184,loop
1614.485,33268184,loop
1614.590,33268184,loop
1614.695,33268184,loop
1614.800,33268184,loop
1614.905,33268184,loop
1615.010,33268184,loop
1615.116,33268184,loop
1615.221,33268184,loop
1615.326,33268184,loop
1615.431,33268184,loop
1615.536,33268184,loop
1615.641,33268184,loop
1615.747,33268184,loop
1615.852,33268184,loop
1615.957,33268184,loop
1616.062,33268184,loop
1616.167,33268184,loop
1616.272,33268184,loop
1616.377,33268184,loop
1616.483,33268184,loop
1616.588,33268184,loop
1616.693,33268184,loop
1616.798,33268184,loop
1616.903,33268184,loop
1617.008,33268184,loop
1617.114,33268184,loop
1617.219,33268184,loop
1617.324,33268184,loop
1617.429,33268184,loop
1617.534,33268184,loop
1617.639,33268184,loop
1617.745,33268184,loop
1617.850,33268184,loop
1617.955,33268184,loop
1618.060,33268184,loop
1618.165,33268184,loop
1618.270,33268184,loop
1618.375,33268184,loop
1618.481,33268184,loop
1618.586,33268184,loop
1618.691,33268184,loop
1618.796,33268184,loop
1618.901,33268184,loop
1619.006,33268184,loop
1619.112,33268184,loop
1619.217,33268184,loop
1619.322,33268184,loop
1619.427,33268184,loop
1619.532,33268184,loop
1619.637,33268184,loop
1619.743,33268184,loop
1619.848,33268184,loop
1619.953,33268184,loop
1620.058,33268184,loop
1620.163,33268184,loop
1620.268,33268184,loop
1620.373,33268184,loop
1620.479,33268184,loop
1620.584,33268184,loop
1620.689,33268184,loop
1620.794,33268184,loop
1620.899,33268184,loop
1621.004,33268184,loop
1621.110,33268184,loop
1621.215,33268184,loop
1621.320,33268184,loop
1621.425,33268184,loop
1621.530,33268184,loop
1621.635,33268184,loop
1621.741,33268184,loop
1621.846,33268184,loop
1621.951,33268184,loop
1622.056,33268184,loop
1622.161,33268184,loop
1622.266,33268184,loop
1622.371,33268184,loop
1622.477,33268184,loop
1622.582,33268184,loop
1622.687,33268184,loop
1622.792,33268184,loop
1622.897,33268184,loop
1623.002,33268184,loop
1623.108,33268184,loop
1623.213,33268184,loop
1623.318,33268184,loop
1623.423,33268184,loop
1623.528,33268184,loop
1623.633,33268184,loop
1623.738,33268184,loop
1623.844,33268184,loop
1623.949,33268184,loop
1624.054,33268184,loop
1624.159,33268184,loop
1624.264,33268184,loop
1624.369,33268184,loop
1624.475,33268184,loop
1624.580,33268184,loop
1624.685,33268184,loop
1624.790,33268184,loop
1624.895,33268184,loop
1625.000,33268184,loop
1625.105,33268184,loop
1625.211,33268184,loop
1625.316,33268184,loop
1625.421,33268184,loop
1625.526,33268184,loop
1625.631,33268184,loop
1625.736,33268184,loop
1625.842,33268184,loop
1625.947,33268184,loop
1626.052,33268184,loop
1626.157,33268184,loop
1626.262,33268184,loop
1626.367,33268184,loop
1626.472,33268184,loop
1626.578,33268184,loop
1626.683,33268184,loop
1626.788,33268184,loop
1626.893,33268184,loop
1626.998,33268184,loop
1627.103,33268184,loop
1627.209,33268184,loop
1627.314,33268184,loop
1627.419,33268184,loop
1627.524,33268184,loop
1627.629,33268184,loop
1627.734,33268184,loop
1627.840,33268184,loop
1627.945,33268184,loop
1628.050,33268184,loop
1628.155,33268184,loop
1628.260,33268184,loop
1628.365,33268184,loop
1628.470,33268184,loop
1628.576,33268184,loop
1628.681,33268184,loop
1628.786,33268184,loop
1628.891,33268184,loop
1628.996,33268184,loop
1629.101,33268184,loop
1629.207,33268184,loop
1629.312,33268184,loop
1629.417,33268184,loop
1629.522,33268184,loop
1629.627,33268184,loop
1629.732,33268184,loop
1629.837,33268184,loop
1629.943,33268184,loop
1630.048,33268184,loop
1630.153,33268184,loop
1630.258,33268184,loop
1630.363,33268184,loop
1630.468,33268184,loop
1630.574,33268184,loop
1630.679,33268184,loop
1630.784,33268184,loop
1630.889,33268184,loop
1630.994,33268184,loop
1631.099,33268184,loop
1631.205,33268184,loop
1631.310,33268184,loop
1631.415,33268184,loop
1631.520,33268184,loop
1631.625,33268184,loop
1631.730,33268184,loop
1631.835,33268184,loop
1631.941,33268184,loop
1632.046,33268184,loop
1632.151,33268184,loop
1632.256,33268184,loop
1632.361,33268184,loop
1632.466,33268184,loop
1632.572,33268184,loop
1632.677,33268184,loop
1632.782,33268184,loop
1632.887,33268184,loop
1632.992,33268184,loop
1633.097,33268184,loop
1633.203,33268184,loop
1633.308,33268184,loop
1633.413,33268184,loop
1633.518,33268184,loop
1633.623,33268184,loop
1633.728,33268184,loop
1633.833,33268184,loop
1633.939,33268184,loop
1634.044,33268184,loop
1634.149,33268184,loop
1634.254,33268184,loop
1634.359,33268184,loop
1634.464,33268184,loop
1634.570,33268184,loop
1634.675,33268184,loop
1634.780,33268184,loop
1634.885,33268184,loop
1634.990,33268184,loop
1635.095,33268184,loop
1635.200,33268184,loop
1635.306,33268184,loop
1635.411,33268184,loop
1635.516,33268184,loop
1635.621,33268184,loop
1635.726,33268184,loop
1635.831,33268184,loop
1635.937,33268184,loop
1636.042,33268184,loop
1636.147,33268184,loop
1636.252,33268184,loop
1636.357,33268184,loop
1636.462,33268184,loop
1636.567,33268184,loop
1636.673,33268184,loop
1636.778,33268184,loop
1636.883,33268184,loop
1636.988,33268184,loop
1637.093,33268184,loop
1637.198,33268184,loop
1637.304,33268184,loop
1637.409,33268184,loop
1637.514,33268184,loop
1637.619,33268184,loop
1637.724,33268184,loop
1637.829,33268184,loop
1637.934,33268184,loop
1638.040,33268184,loop
1638.145,33268184,loop
1638.250,33268184,loop
1638.355,33268184,loop
1638.460,33268184,loop
1638.565,33268184,loop
1638.671,33268184,loop
1638.776,33268184,loop
1638.881,33268184,loop
1638.986,33268184,loop
1639.091,33268184,loop
1639.196,33268184,loop
1639.302,33268184,loop
1639.407,33268184,loop
1639.512,33268184,loop
1639.617,33268184,loop
1639.722,33268184,loop
1639.827,33268184,loop
1639.932,33268184,loop
1640.038,33268184,loop
1640.143,33268184,loop
1640.248,33268184,loop
1640.353,33268184,loop
1640.458,33268184,loop
1640.563,33268184,loop
1640.669,33268184,loop
1640.774,33268184,loop
1640.879,33268184,loop
1640.984,33268184,loop
1641.089,33268184,loop
1641.194,33268184,loop
1641.299,33268184,loop
1641.405,33268184,loop
1641.510,33268184,loop
1641.615,33268184,loop
1641.720,33268184,loop
1641.825,33268184,loop
1641.930,33268184,loop
1642.036,33268184,loop
1642.141,33268184,loop
1642.246,33268184,loop
1642.351,33268184,loop
1642.456,33268184,loop
1642.561,33268184,loop
1642.667,33268184,loop
1642.772,33268184,loop
1642.877,33268184,loop
1642.982,33268184,loop
1643.087,33268184,loop
1643.192,33268184,loop
1643.297,33268184,loop
1643.403,33268184,loop
1643.508,33268184,loop
1643.613,33268184,loop
1643.718,33268184,loop
1643.823,33268184,loop
1643.928,33268184,loop
1644.034,33268184,loop
1644.139,33268184,loop
1644.244,33268184,loop
1644.349,33268184,loop
1644.454,33268184,loop
1644.559,33268184,loop
1644.665,33268184,loop
1644.770,33268184,loop
1644.875,33268184,loop
1644.980,33268184,loop
1645.085,33268184,loop
1645.190,33268184,loop
1645.295,33268184,loop
1645.401,33268184,loop
1645.506,33268184,loop
1645.611,33268184,loop
1645.716,33268184,loop
1645.821,33268184,loop
1645.926,33268184,loop
1646.032,33268184,loop
1646.137,33268184,loop
1646.242,33268184,loop
1646.347,33268184,loop
1646.452,33268184,loop
1646.557,33268184,loop
1646.662,33268184,loop
1646.768,33268184,loop
1646.873,33268184,loop
1646.978,33268184,loop
1647.083,33268184,loop
1647.188,33268184,loop
1647.293,33268184,loop
1647.399,33268184,loop
1647.504,33268184,loop
1647.609,33268184,loop
1647.714,33268184,loop
1647.819,33268184,loop
1647.924,33268184,loop
1648.029,33268184,loop
1648.135,33268184,loop
1648.240,33268184,loop
1648.345,33268184,loop
1648.450,33268184,loop
1648.555,33268184,loop
1648.660,33268184,loop
1648.766,33268184,loop
1648.871,33268184,loop
1648.976,33268184,loop
1649.081,33268184,loop
1649.186,33268184,loop
1649.291,33268184,loop
1649.396,33268184,loop
1649.502,33268184,loop
1649.607,33268184,loop
1649.712,33268184,loop
1649.817,33268184,loop
1649.922,33268184,loop
1650.027,33268184,loop
1650.133,33268184,loop
1650.238,33268184,loop
1650.343,33268184,loop
1650.448,33268184,loop
1650.553,33268184,loop
1650.658,33268184,loop
1650.764,33268184,loop
1650.869,33268184,loop
1650.974,33268184,loop
1651.079,33268184,loop
1651.184,33268184,loop
1651.289,33268184,loop
1651.394,33268184,loop
1651.500,33268184,loop
1651.605,33268184,loop
1651.710,33268184,loop
1651.815,33268184,loop
1651.920,33268184,loop
1652.025,33268184,loop
1652.131,33268184,loop
1652.236,33268184,loop
1652.341,33268184,loop
1652.446,33268184,loop
1652.551,33268184,loop
1652.656,33268184,loop
1652.762,33268184,loop
1652.867,33268184,loop
1652.972,33268184,loop
1653.077,33268184,loop
1653.182,33268184,loop
1653.287,33268184,loop
1653.392,33268184,loop
1653.498,33268184,loop
1653.603,33268184,loop
1653.708,33268184,loop
1653.813,33268184,loop
1653.918,33268184,loop
1654.023,33268184,loop
1654.129,33268184,loop
1654.234,33268184,loop
1654.339,33268184,loop
1654.444,33268184,loop
1654.549,33268184,loop
1654.654,33268184,loop
1654.760,33268184,loop
1654.865,33268184,loop
1654.970,33268184,loop
1655.075,33268184,loop
1655.180,33268184,loop
1655.285,33268184,loop
1655.390,33268184,loop
1655.496,33268184,loop
1655.601,33268184,loop
1655.706,33268184,loop
1655.811,33268184,loop
1655.916,33268184,loop
1656.021,33268184,loop
1656.127,33268184,loop
1656.232,33268184,loop
1656.337,33268184,loop
1656.442,33268184,loop
1656.547,33268184,loop
1656.652,33268184,loop
1656.757,33268184,loop
1656.863,33268184,loop
1656.968,33268184,loop
1657.073,33268184,loop
1657.178,33268184,loop
1657.283,33268184,loop
1657.388,33268184,loop
1657.494,33268184,loop
1657.599,33268184,loop
1657.704,33268184,loop
1657.809,33268184,loop
1657.914,33268184,loop
1658.019,33268184,loop
1658.124,33268184,loop
1658.230,33268184,loop
1658.335,33268184,loop
1658.440,33268184,loop
1658.545,33268184,loop
1658.650,33268184,loop
1658.755,33268184,loop
1658.861,33268184,loop
1658.966,33268184,loop
1659.071,33268184,loop
1659.176,33268184,loop
1659.281,33268184,loop
1659.386,33268184,loop
1659.491,33268184,loop
1659.597,33268184,loop
1659.702,33268184,loop
1659.807,33268184,loop
1659.912,33268184,loop
1660.017,33268184,loop
1660.122,33268184,loop
1660.228,33268184,loop
1660.333,33268184,loop
1660.438,33268184,loop
1660.543,33268184,loop
1660.648,33268184,loop
1660.754,33268184,loop
1660.859,33268184,loop
1660.964,33268184,loop
1661.069,33268184,loop
1661.174,33268184,loop
1661.279,33268184,loop
1661.385,33268184,loop
1661.490,33268184,loop
1661.595,33268184,loop
1661.700,33268184,loop
1661.805,33268184,loop
1661.910,33268184,loop
1662.015,33268184,loop
1662.121,33268184,loop
1662.226,33268184,loop
1662.331,33268184,loop
1662.436,33268184,loop
1662.541,33268184,loop
1662.646,33268184,loop
1662.752,33268184,loop
1662.857,33268184,loop
1662.962,33268184,loop
1663.067,33268184,loop
1663.172,33268184,loop
1663.277,33268184,loop
1663.382,33268184,loop
1663.488,33268184,loop
1663.593,33268184,loop
1663.698,33268184,loop
1663.803,33268184,loop
1663.908,33268184,loop
1664.013,33268184,loop
1664.119,33268184,loop
1664.224,33268184,loop
1664.329,33268184,loop
1664.434,33268184,loop
1664.539,33268184,loop
1664.644,33268184,loop
1664.750,33268184,loop
1664.855,33268184,loop
1664.960,33268184,loop
1665.065,33268184,loop
1665.170,33268184,loop
1665.275,33268184,loop
1665.381,33268184,loop
1665.486,33268184,loop
1665.591,33268184,loop
1665.696,33268184,loop
1665.801,33268184,loop
1665.906,33268184,loop
1666.011,33268184,loop
1666.117,33268184,loop
1666.222,33268184,loop
1666.327,33268184,loop
1666.432,33268184,loop
1666.537,33268184,loop
1666.642,33268184,loop
1666.748,33268184,loop
1666.853,33268184,loop
1666.958,33268184,loop
1667.063,33268184,loop
1667.168,33268184,loop
1667.273,33268184,loop
1667.378,33268184,loop
1667.484,33268184,loop
1667.589,33268184,loop
1667.694,33268184,loop
1667.799,33268184,loop
1667.904,33268184,loop
1668.009,33268184,loop
1668.115,33268184,loop
1668.220,33268184,loop
1668.325,33268184,loop
1668.430,33268184,loop
1668.535,33268184,loop
1668.640,33268184,loop
1668.745,33268184,loop
1668.851,33268184,loop
1668.956,33268184,loop
1669.061,33268184,loop
1669.166,33268184,loop
1669.271,33268184,loop
1669.376,33268184,loop
1669.482,33268184,loop
1669.587,33268184,loop
1669.692,33268184,loop
1669.797,33268184,loop
1669.902,33268184,loop
1670.007,33268184,loop
1670.112,33268184,loop
1670.218,33268184,loop
1670.323,33268184,loop
1670.428,33268184,loop
1670.533,33268184,loop
1670.638,33268184,loop
1670.743,33268184,loop
1670.849,33268184,loop
1670.954,33268184,loop
1671.059,33268184,loop
1671.164,33268184,loop
1671.269,33268184,loop
1671.374,33268184,loop
1671.480,33268184,loop
1671.585,33268184,loop
1671.690,33268184,loop
1671.795,33268184,loop
1671.900,33268184,loop
1672.005,33268184,loop
1672.110,33268184,loop
1672.216,33268184,loop
1672.321,33268184,loop
1672.426,33268184,loop
1672.531,33268184,loop
1672.636,33268184,loop
1672.741,33268184,loop
1672.847,33268184,loop
1672.952,33268184,loop
1673.057,33268184,loop
1673.162,33268184,loop
1673.267,33268184,loop
1673.372,33268184,loop
1673.478,33268184,loop
1673.583,33268184,loop
1673.688,33268184,loop
1673.793,33268184,loop
1673.898,33268184,loop
1674.003,33268184,loop
1674.108,33268184,loop
1674.214,33268184,loop
1674.319,33268184,loop
1674.424,33268184,loop
1674.529,33268184,loop
1674.634,33268184,loop
1674.739,33268184,loop
1674.845,33268184,loop
1674.950,33268184,loop
1675.055,33268184,loop
1675.160,33268184,loop
1675.265,33268184,loop
1675.370,33268184,loop
1675.476,33268184,loop
1675.581,33268184,loop
1675.686,33268184,loop
1675.791,33268184,loop
1675.896,33268184,loop
1676.001,33268184,loop
1676.106,33268184,loop
1676.212,33268184,loop
1676.317,33268184,loop
1676.422,33268184,loop
1676.527,33268184,loop
1676.632,33268184,loop
1676.737,33268184,loop
1676.843,33268184,loop
1676.948,33268184,loop
1677.053,33268184,loop
1677.158,33268184,loop
1677.263,33268184,loop
1677.368,33268184,loop
1677.474,33268184,loop
1677.579,33268184,loop
1677.684,33268184,loop
1677.789,33268184,loop
1677.894,33268184,loop
1677.999,33268184,loop
1678.104,33268184,loop
1678.210,33268184,loop
1678.315,33268184,loop
1678.420,33268184,loop
1678.525,33268184,loop
1678.630,33268184,loop
1678.735,33268184,loop
1678.841,33268184,loop
1678.946,33268184,loop
1679.051,33268184,loop
1679.156,33268184,loop
1679.261,33268184,loop
1679.366,33268184,loop
1679.471,33268184,loop
1679.577,33268184,loop
1679.682,33268184,loop
1679.787,33268184,loop
1679.892,33268184,loop
1679.997,33268184,loop
1680.102,33268184,loop
1680.208,33268184,loop
1680.313,33268184,loop
1680.418,33268184,loop
1680.523,33268184,loop
1680.628,33268184,loop
1680.733,33268184,loop
1680.838,33268184,loop
1680.944,33268184,loop
1681.049,33268184,loop
1681.154,33268184,loop
1681.259,33268184,loop
1681.364,33268184,loop
1681.469,33268184,loop
1681.575,33268184,loop
1681.680,33268184,loop
1681.785,33268184,loop
1681.890,33268184,loop
1681.995,33268184,loop
1682.100,33268184,loop
1682.206,33268184,loop
1682.311,33268184,loop
1682.416,33268184,loop
1682.521,33268184,loop
1682.626,33268184,loop
1682.731,33268184,loop
1682.836,33268184,loop
1682.942,33268184,loop
1683.047,33268184,loop
1683.152,33268184,loop
1683.257,33268184,loop
1683.362,33268184,loop
1683.467,33268184,loop
1683.573,33268184,loop
1683.678,33268184,loop
1683.783,33268184,loop
1683.888,33268184,loop
1683.993,33268184,loop
1684.098,33268184,loop
1684.204,33268184,loop
1684.309,33268184,loop
1684.414,33268184,loop
1684.519,33268184,loop
1684.624,33268184,loop
1684.729,33268184,loop
1684.834,33268184,loop
1684.940,33268184,loop
1685.045,33268184,loop
1685.150,33268184,loop
1685.255,33268184,loop
1685.360,33268184,loop
1685.465,33268184,loop
1685.571,33268184,loop
1685.676,33268184,loop
1685.781,33268184,loop
1685.886,33268184,loop
1685.991,33268184,loop
1686.096,33268184,loop
1686.202,33268184,loop
1686.307,33268184,loop
1686.412,33268184,loop
1686.517,33268184,loop
1686.622,33268184,loop
1686.727,33268184,loop
1686.832,33268184,loop
1686.938,33268184,loop
1687.043,33268184,loop
1687.148,33268184,loop
1687.253,33268184,loop
1687.358,33268184,loop
1687.463,33268184,loop
1687.569,33268184,loop
1687.674,33268184,loop
1687.779,33268184,loop
1687.884,33268184,loop
1687.989,33268184,loop
1688.094,33268184,loop
1688.200,33268184,loop
1688.305,33268184,loop
1688.410,33268184,loop
1688.515,33268184,loop
1688.620,33268184,loop
1688.725,33268184,loop
1688.830,33268184,loop
1688.936,33268184,loop
1689.041,33268184,loop
1689.146,33268184,loop
1689.251,33268184,loop
1689.356,33268184,loop
1689.461,33268184,loop
1689.567,33268184,loop
1689.672,33268184,loop
1689.777,33268184,loop
1689.882,33268184,loop
1689.987,33268184,loop
1690.092,33268184,loop
1690.198,33268184,loop
1690.303,33268184,loop
1690.408,33268184,loop
1690.513,33268184,loop
1690.618,33268184,loop
1690.723,33268184,loop
1690.829,33268184,loop
1690.934,33268184,loop
1691.039,33268184,loop
1691.144,33268184,loop
1691.249,33268184,loop
1691.354,33268184,loop
1691.459,33268184,loop
1691.565,33268184,loop
1691.670,33268184,loop
1691.775,33268184,loop
1691.880,33268184,loop
1691.985,33268184,loop
1692.090,33268184,loop
1692.196,33268184,loop
1692.301,33268184,loop
1692.406,33268184,loop
1692.511,33268184,loop
1692.616,33268184,loop
1692.721,33268184,loop
1692.827,33268184,loop
1692.932,33268184,loop
1693.037,33268184,loop
1693.142,33268184,loop
1693.247,33268184,loop
1693.352,33268184,loop
1693.457,33268184,loop
1693.563,33268184,loop
1693.668,33268184,loop
1693.773,33268184,loop
1693.878,33268184,loop
1693.983,33268184,loop
1694.088,33268184,loop
1694.194,33268184,loop
1694.299,33268184,loop
1694.404,33268184,loop
1694.509,33268184,loop
1694.614,33268184,loop
1694.719,33268184,loop
1694.825,33268184,loop
1694.930,33268184,loop
1695.035,33268184,loop
1695.140,33268184,loop
1695.245,33268184,loop
1695.350,33268184,loop
1695.455,33268184,loop
1695.561,33268184,loop
1695.666,33268184,loop
1695.771,33268184,loop
1695.876,33268184,loop
1695.981,33268184,loop
1696.086,33268184,loop
1696.192,33268184,loop
1696.297,33268184,loop
1696.402,33268184,loop
1696.507,33268184,loop
1696.612,33268184,loop
1696.717,33268184,loop
1696.823,33268184,loop
1696.928,33268184,loop
1697.033,33268184,loop
1697.138,33268184,loop
1697.243,33268184,loop
1697.348,33268184,loop
1697.453,33268184,loop
1697.559,33268184,loop
1697.664,33268184,loop
1697.769,33268184,loop
1697.874,33268184,loop
1697.979,33268184,loop
1698.084,33268184,loop
1698.190,33268184,loop
1698.295,33268184,loop
1698.400,33268184,loop
1698.505,33268184,loop
1698.610,33268184,loop
1698.715,33268184,loop
1698.820,33268184,loop
1698.926,33268184,loop
1699.031,33268184,loop
1699.136,33268184,loop
1699.241,33268184,loop
1699.346,33268184,loop
1699.451,33268184,loop
1699.557,33268184,loop
1699.662,33268184,loop
1699.767,33268184,loop
1699.872,33268184,loop
1699.977,33268184,loop
1700.082,33268184,loop
1700.188,33268184,loop
1700.293,33268184,loop
1700.398,33268184,loop
1700.503,33268184,loop
1700.608,33268184,loop
1700.713,33268184,loop
1700.818,33268184,loop
1700.924,33268184,loop
1701.029,33268184,loop
1701.134,33268184,loop
1701.239,33268184,loop
1701.344,33268184,loop
1701.449,33268184,loop
1701.555,33268184,loop
1701.660,33268184,loop
1701.765,33268184,loop
1701.870,33268184,loop
1701.975,33268184,loop
1702.080,33268184,loop
1702.186,33268184,loop
1702.291,33268184,loop
1702.396,33268184,loop
1702.501,33268184,loop
1702.606,33268184,loop
1702.711,33268184,loop
1702.817,33268184,loop
1702.922,33268184,loop
1703.027,33268184,loop
1703.132,33268184,loop
1703.237,33268184,loop
1703.342,33268184,loop
1703.447,33268184,loop
1703.553,33268184,loop
1703.658,33268184,loop
1703.763,33268184,loop
1703.868,33268184,loop
1703.973,33268184,loop
1704.078,33268184,loop
1704.184,33268184,loop
1704.289,33268184,loop
1704.394,33268184,loop
1704.499,33268184,loop
1704.604,33268184,loop
1704.709,33268184,loop
1704.815,33268184,loop
1704.920,33268184,loop
1705.025,33268184,loop
1705.130,33268184,loop
1705.235,33268184,loop
1705.340,33268184,loop
1705.445,33268184,loop
1705.551,33268184,loop
1705.656,33268184,loop
1705.761,33268184,loop
1705.866,33268184,loop
1705.971,33268184,loop
1706.076,33268184,loop
1706.182,33268184,loop
1706.287,33268184,loop
1706.392,33268184,loop
1706.497,33268184,loop
1706.602,33268184,loop
1706.707,33268184,loop
1706.812,33268184,loop
1706.918,33268184,loop
1707.023,33268184,loop
1707.128,33268184,loop
1707.233,33268184,loop
1707.338,33268184,loop
1707.443,33268184,loop
1707.549,33268184,loop
1707.654,33268184,loop
1707.759,33268184,loop
1707.864,33268184,loop
1707.969,33268184,loop
1708.074,33268184,loop
1708.179,33268184,loop
1708.285,33268184,loop
1708.390,33268184,loop
1708.495,33268184,loop
1708.600,33268184,loop
1708.705,33268184,loop
1708.810,33268184,loop
1708.916,33268184,loop
1709.021,33268184,loop
1709.126,33268184,loop
1709.231,33268184,loop
1709.336,33268184,loop
1709.441,33268184,loop
1709.546,33268184,loop
1709.652,33268184,loop
1709.757,33268184,loop
1709.862,33268184,loop
1709.967,33268184,loop
1710.072,33268184,loop
1710.177,33268184,loop
1710.283,33268184,loop
1710.388,33268184,loop
1710.493,33268184,loop
1710.598,33268184,loop
1710.703,33268184,loop
1710.808,33268184,loop
1710.913,33268184,loop
1711.019,33268184,loop
1711.124,33268184,loop
1711.229,33268184,loop
1711.334,33268184,loop
1711.439,33268184,loop
1711.544,33268184,loop
1711.650,33268184,loop
1711.755,33268184,loop
1711.860,33268184,loop
1711.965,33268184,loop
1712.070,33268184,loop
1712.175,33268184,loop
1712.281,33268184,loop
1712.386,33268184,loop
1712.491,33268184,loop
1712.596,33268184,loop
1712.701,33268184,loop
1712.806,33268184,loop
1712.911,33268184,loop
1713.017,33268184,loop
1713.122,33268184,loop
1713.227,33268184,loop
1713.332,33268184,loop
1713.437,33268184,loop
1713.542,33268184,loop
1713.648,33268184,loop
1713.753,33268184,loop
1713.858,33268184,loop
1713.963,33268184,loop
1714.068,33268184,loop
1714.173,33268184,loop
1714.278,33268184,loop
1714.384,33268184,loop
1714.489,33268184,loop
1714.594,33268184,loop
1714.699,33268184,loop
1714.804,33268184,loop
1714.909,33268184,loop
1715.015,33268184,loop
1715.120,33268184,loop
1715.225,33268184,loop
1715.330,33268184,loop
1715.435,33268184,loop
1715.540,33268184,loop
1715.646,33268184,loop
1715.751,33268184,loop
1715.856,33268184,loop
1715.961,33268184,loop
1716.066,33268184,loop
1716.171,33268184,loop
1716.276,33268184,loop
1716.382,33268184,loop
1716.487,33268184,loop
1716.592,33268184,loop
1716.697,33268184,loop
1716.802,33268184,loop
1716.907,33268184,loop
1717.013,33268184,loop
1717.118,33268184,loop
1717.223,33268184,loop
1717.328,33268184,loop
1717.433,33268184,loop
1717.538,33268184,loop
1717.644,33268184,loop
1717.749,33268184,loop
1717.854,33268184,loop
1717.959,33268184,loop
1718.064,33268184,loop
1718.169,33268184,loop
1718.274,33268184,loop
1718.380,33268184,loop
1718.485,33268184,loop
1718.590,33268184,loop
1718.695,33268184,loop
1718.800,33268184,loop
1718.905,33268184,loop
1719.011,33268184,loop
1719.116,33268184,loop
1719.221,33268184,loop
1719.326,33268184,loop
1719.431,33268184,loop
1719.536,33268184,loop
1719.641,33268184,loop
1719.747,33268184,loop
1719.852,33268184,loop
1719.957,33268184,loop
1720.062,33268184,loop
1720.167,33268184,loop
1720.272,33268184,loop
1720.378,33268184,loop
1720.483,33268184,loop
1720.588,33268184,loop
1720.693,33268184,loop
1720.798,33268184,loop
1720.903,33268184,loop
1721.009,33268184,loop
1721.114,33268184,loop
1721.219,33268184,loop
1721.324,33268184,loop
1721.429,33268184,loop
1721.534,33268184,loop
1721.640,33268184,loop
1721.745,33268184,loop
1721.850,33268184,loop
1721.955,33268184,loop
1722.060,33268184,loop
1722.165,33268184,loop
1722.270,33268184,loop
1722.376,33268184,loop
1722.481,33268184,loop
1722.586,33268184,loop
1722.691,33268184,loop
1722.796,33268184,loop
1722.901,33268184,loop
1723.007,33268184,loop
1723.112,33268184,loop
1723.217,33268184,loop
1723.322,33268184,loop
1723.427,33268184,loop
1723.532,33268184,loop
1723.637,33268184,loop
1723.743,33268184,loop
1723.848,33268184,loop
1723.953,33268184,loop
1724.058,33268184,loop
1724.163,33268184,loop
1724.268,33268184,loop
1724.374,33268184,loop
1724.479,33268184,loop
1724.584,33268184,loop
1724.689,33268184,loop
1724.794,33268184,loop
1724.899,33268184,loop
1725.005,33268184,loop
1725.110,33268184,loop
1725.215,33268184,loop
1725.320,33268184,loop
1725.425,33268184,loop
1725.530,33268184,loop
1725.635,33268184,loop
1725.741,33268184,loop
1725.846,33268184,loop
1725.951,33268184,loop
1726.056,33268184,loop
1726.161,33268184,loop
1726.266,33268184,loop
1726.372,33268184,loop
1726.477,33268184,loop
1726.582,33268184,loop
1726.687,33268184,loop
1726.792,33268184,loop
1726.897,33268184,loop
1727.003,33268184,loop
1727.108,33268184,loop
1727.213,33268184,loop
1727.318,33268184,loop
1727.423,33268184,loop
1727.528,33268184,loop
1727.633,33268184,loop
1727.739,33268184,loop
1727.844,33268184,loop
1727.949,33268184,loop
1728.054,33268184,loop
1728.159,33268184,loop
1728.264,33268184,loop
1728.370,33268184,loop
1728.475,33268184,loop
1728.580,33268184,loop
1728.685,33268184,loop
1728.790,33268184,loop
1728.895,33268184,loop
1729.001,33268184,loop
1729.106,33268184,loop
1729.211,33268184,loop
1729.316,33268184,loop
1729.421,33268184,loop
1729.526,33268184,loop
1729.632,33268184,loop
1729.737,33268184,loop
1729.842,33268184,loop
1729.947,33268184,loop
1730.052,33268184,loop
1730.157,33268184,loop
1730.262,33268184,loop
1730.368,33268184,loop
1730.473,33268184,loop
1730.578,33268184,loop
1730.683,33268184,loop
1730.788,33268184,loop
1730.893,33268184,loop
1730.999,33268184,loop
1731.104,33268184,loop
1731.209,33268184,loop
1731.314,33268184,loop
1731.419,33268184,loop
1731.524,33268184,loop
1731.630,33268184,loop
1731.735,33268184,loop
1731.840,33268184,loop
1731.945,33268184,loop
1732.050,33268184,loop
1732.155,33268184,loop
1732.260,33268184,loop
1732.366,33268184,loop
1732.471,33268184,loop
1732.576,33268184,loop
1732.681,33268184,loop
1732.786,33268184,loop
1732.891,33268184,loop
1732.997,33268184,loop
1733.102,33268184,loop
1733.207,33268184,loop
1733.312,33268184,loop
1733.417,33268184,loop
1733.522,33268184,loop
1733.627,33268184,loop
1733.733,33268184,loop
1733.838,33268184,loop
1733.943,33268184,loop
1734.048,33268184,loop
1734.153,33268184,loop
1734.258,33268184,loop
1734.364,33268184,loop
1734.469,33268184,loop
1734.574,33268184,loop
1734.679,33268184,loop
1734.784,33268184,loop
1734.889,33268184,loop
1734.995,33268184,loop
1735.100,33268184,loop
1735.205,33268184,loop
1735.310,33268184,loop
1735.415,33268184,loop
1735.520,33268184,loop
1735.625,33268184,loop
1735.731,33268184,loop
1735.836,33268184,loop
1735.941,33268184,loop
1736.046,33268184,loop
1736.151,33268184,loop
1736.256,33268184,loop
1736.362,33268184,loop
1736.467,33268184,loop
1736.572,33268184,loop
1736.677,33268184,loop
1736.782,33268184,loop
1736.887,33268184,loop
1736.993,33268184,loop
1737.098,33268184,loop
1737.203,33268184,loop
1737.309,33268184,loop
1737.414,33268184,loop
1737.519,33268184,loop
1737.625,33268184,loop
1737.730,33268184,loop
1737.835,33268184,loop
1737.940,33268184,loop
1738.045,33268184,loop
1738.150,33268184,loop
1738.256,33268184,loop
1738.361,33268184,loop
1738.466,33268184,loop
1738.571,33268184,loop
1738.676,33268184,loop
1738.781,33268184,loop
1738.886,33268184,loop
1738.992,33268184,loop
1739.097,33268184,loop
1739.202,33268184,loop
1739.307,33268184,loop
1739.412,33268184,loop
1739.517,33268184,loop
1739.623,33268184,loop
1739.728,33268184,loop
1739.833,33268184,loop
1739.938,33268184,loop
1740.043,33268184,loop
1740.148,33268184,loop
1740.254,33268184,loop
1740.359,33268184,loop
1740.464,33268184,loop
1740.569,33268184,loop
1740.674,33268184,loop
1740.779,33268184,loop
1740.885,33268184,loop
1740.990,33268184,loop
1741.095,33268184,loop
1741.200,33268184,loop
1741.305,33268184,loop
1741.410,33268184,loop
1741.515,33268184,loop
1741.621,33268184,loop
1741.726,33268184,loop
1741.831,33268184,loop
1741.936,33268184,loop
1742.041,33268184,loop
1742.146,33268184,loop
1742.252,33268184,loop
1742.357,33268184,loop
1742.462,33268184,loop
1742.567,33268184,loop
1742.672,33268184,loop
1742.777,33268184,loop
1742.883,33268184,loop
1742.988,33268184,loop
1743.093,33268184,loop
1743.198,33268184,loop
1743.303,33268184,loop
1743.408,33268184,loop
1743.513,33268184,loop
1743.619,33268184,loop
1743.724,33268184,loop
1743.829,33268184,loop
1743.934,33268184,loop
1744.039,33268184,loop
1744.144,33268184,loop
1744.250,33268184,loop
1744.355,33268184,loop
1744.460,33268184,loop
1744.565,33268184,loop
1744.670,33268184,loop
1744.775,33268184,loop
1744.880,33268184,loop
1744.986,33268184,loop
1745.091,33268184,loop
1745.196,33268184,loop
1745.301,33268184,loop
1745.406,33268184,loop
1745.511,33268184,loop
1745.617,33268184,loop
1745.722,33268184,loop
1745.827,33268184,loop
1745.932,33268184,loop
1746.037,33268184,loop
1746.142,33268184,loop
1746.248,33268184,loop
1746.353,33268184,loop
1746.458,33268184,loop
1746.563,33268184,loop
1746.668,33268184,loop
1746.773,33268184,loop
1746.878,33268184,loop
1746.984,33268184,loop
1747.089,33268184,loop
1747.194,33268184,loop
1747.299,33268184,loop
1747.404,33268184,loop
1747.509,33268184,loop
1747.615,33268184,loop
1747.720,33268184,loop
1747.825,33268184,loop
1747.930,33268184,loop
1748.035,33268184,loop
1748.140,33268184,loop
1748.246,33268184,loop
1748.351,33268184,loop
1748.456,33268184,loop
1748.561,33268184,loop
1748.666,33268184,loop
1748.771,33268184,loop
1748.876,33268184,loop
1748.982,33268184,loop
1749.087,33268184,loop
1749.192,33268184,loop
1749.297,33268184,loop
1749.402,33268184,loop
1749.507,33268184,loop
1749.613,33268184,loop
1749.718,33268184,loop
1749.823,33268184,loop
1749.928,33268184,loop
1750.033,33268184,loop
1750.138,33268184,loop
1750.243,33268184,loop
1750.349,33268184,loop
1750.454,33268184,loop
1750.559,33268184,loop
1750.664,33268184,loop
1750.769,33268184,loop
1750.874,33268184,loop
1750.980,33268184,loop
1751.085,33268184,loop
1751.190,33268184,loop
1751.295,33268184,loop
1751.400,33268184,loop
1751.505,33268184,loop
1751.610,33268184,loop
1751.716,33268184,loop
1751.821,33268184,loop
1751.926,33268184,loop
1752.031,33268184,loop
1752.136,33268184,loop
1752.241,33268184,loop
1752.347,33268184,loop
1752.452,33268184,loop
1752.557,33268184,loop
1752.662,33268184,loop
1752.767,33268184,loop
1752.872,33268184,loop
1752.978,33268184,loop
1753.083,33268184,loop
1753.188,33268184,loop
1753.293,33268184,loop
1753.398,33268184,loop
1753.503,33268184,loop
1753.608,33268184,loop
1753.714,33268184,loop
1753.819,33268184,loop
1753.924,33268184,loop
1754.029,33268184,loop
1754.134,33268184,loop
1754.239,33268184,loop
1754.345,33268184,loop
1754.450,33268184,loop
1754.555,33268184,loop
1754.660,33268184,loop
1754.765,33268184,loop
1754.870,33268184,loop
1754.975,33268184,loop
1755.081,33268184,loop
1755.186,33268184,loop
1755.291,33268184,loop
1755.396,33268184,loop
1755.501,33268184,loop
1755.606,33268184,loop
1755.712,33268184,loop
1755.817,33268184,loop
1755.922,33268184,loop
1756.027,33268184,loop
1756.132,33268184,loop
1756.237,33268184,loop
1756.342,33268184,loop
1756.448,33268184,loop
1756.553,33268184,loop
1756.658,33268184,loop
1756.763,33268184,loop
1756.868,33268184,loop
1756.973,33268184,loop
1757.079,33268184,loop
1757.184,33268184,loop
1757.289,33268184,loop
1757.394,33268184,loop
1757.499,33268184,loop
1757.604,33268184,loop
1757.709,33268184,loop
1757.815,33268184,loop
1757.920,33268184,loop
1758.025,33268184,loop
1758.130,33268184,loop
1758.235,33268184,loop
1758.340,33268184,loop
1758.446,33268184,loop
1758.551,33268184,loop
1758.656,33268184,loop
1758.761,33268184,loop
1758.866,33268184,loop
1758.971,33268184,loop
1759.076,33268184,loop
1759.182,33268184,loop
1759.287,33268184,loop
1759.392,33268184,loop
1759.497,33268184,loop
1759.602,33268184,loop
1759.707,33268184,loop
1759.813,33268184,loop
1760.323,33129812,loop
1760.870,33029080,loop
1760.975,33029080,loop
1761.080,33029080,loop
1761.185,33029080,loop
1761.291,33029080,loop
1761.396,33029080,loop
1761.501,33029080,loop
1761.606,33029080,loop
1761.711,33029080,loop
1761.816,33029080,loop
1761.922,33029080,loop
1762.027,33029080,loop
1762.132,33029080,loop
1762.237,33029080,loop
1762.342,33029080,loop
1762.447,33029080,loop
1762.553,33029080,loop
1762.658,33029080,loop
1762.763,33029080,loop
1762.868,33029080,loop
1762.973,33029080,loop
1763.078,33029080,loop
1763.183,33029080,loop
1763.289,33029080,loop
1763.394,33029080,loop
1763.499,33029080,loop
1763.604,33029080,loop
1763.709,33029080,loop
1763.814,33029080,loop
1763.920,33029080,loop
1764.025,33029080,loop
1764.130,33029080,loop
1764.235,33029080,loop
1764.340,33029080,loop
1764.445,33029080,loop
1764.551,33029080,loop
1764.656,33029080,loop
1764.761,33029080,loop
1764.866,33029080,loop
1764.971,33029080,loop
1765.076,33029080,loop
1765.182,33029080,loop
1765.287,33029080,loop
1765.392,33029080,loop
1765.497,33029080,loop
1765.602,33029080,loop
1765.707,33029080,loop
1765.813,33029080,loop
1765.918,33029080,loop
1766.023,33029080,loop
1766.128,33029080,loop
1766.233,33029080,loop
1766.338,33029080,loop
1766.444,33029080,loop
1766.549,33029080,loop
1766.654,33029080,loop
1766.759,33029080,loop
1766.864,33029080,loop
1766.969,33029080,loop
1767.075,33029080,loop
1767.180,33029080,loop
1767.285,33029080,loop
1767.390,33029080,loop
1767.495,33029080,loop
1767.600,33029080,loop
1767.706,33029080,loop
1767.811,33029080,loop
1767.916,33029080,loop
1768.021,33029080,loop
1768.126,33029080,loop
1768.231,33029080,loop
1768.336,33029080,loop
1768.442,33029080,loop
1768.547,33029080,loop
1768.652,33029080,loop
1768.757,33029080,loop
1768.862,33029080,loop
1768.967,33029080,loop
1769.073,33029080,loop
1769.178,33029080,loop
1769.283,33029080,loop
1769.388,33029080,loop
1769.493,33029080,loop
1769.598,33029080,loop
1769.704,33029080,loop
1769.809,33029080,loop
1769.914,33029080,loop
1770.019,33029080,loop
1770.124,33029080,loop
1770.229,33029080,loop
1770.334,33029080,loop
1770.440,33029080,loop
1770.545,33029080,loop
1770.650,33029080,loop
1770.755,33029080,loop
1770.860,33029080,loop
1770.965,33029080,loop
1771.071,33029080,loop
1771.176,33029080,loop
1771.281,33029080,loop
1771.386,33029080,loop
1771.491,33029080,loop
1771.596,33029080,loop
1771.702,33029080,loop
1771.807,33029080,loop
1771.912,33029080,loop
1772.017,33029080,loop
1772.122,33029080,loop
1772.227,33029080,loop
1772.332,33029080,loop
1772.438,33029080,loop
1772.543,33029080,loop
1772.648,33029080,loop
1772.753,33029080,loop
1772.858,33029080,loop
1772.963,33029080,loop
1773.069,33029080,loop
1773.174,33029080,loop
1773.279,33029080,loop
1773.384,33029080,loop
1773.489,33029080,loop
1773.594,33029080,loop
1773.700,33029080,loop
1773.805,33029080,loop
1773.910,33029080,loop
1774.015,33029080,loop
1774.120,33029080,loop
1774.225,33029080,loop
1774.330,33029080,loop
1774.436,33029080,loop
1774.541,33029080,loop
1774.646,33029080,loop
1774.751,33029080,loop
1774.856,33029080,loop
1774.961,33029080,loop
1775.067,33029080,loop
1775.172,33029080,loop
1775.277,33029080,loop
1775.382,33029080,loop
1775.487,33029080,loop
1775.592,33029080,loop
1775.698,33029080,loop
1775.803,33029080,loop
1775.908,33029080,loop
1776.013,33029080,loop
1776.118,33029080,loop
1776.223,33029080,loop
1776.328,33029080,loop
1776.434,33029080,loop
1776.539,33029080,loop
1776.644,33029080,loop
1776.749,33029080,loop
1776.854,33029080,loop
1776.959,33029080,loop
1777.065,33029080,loop
1777.170,33029080,loop
1777.275,33029080,loop
1777.380,33029080,loop
1777.485,33029080,loop
1777.590,33029080,loop
1777.696,33029080,loop
1777.801,33029080,loop
1777.906,33029080,loop
1778.011,33029080,loop
1778.116,33029080,loop
1778.221,33029080,loop
1778.326,33029080,loop
1778.432,33029080,loop
1778.537,33029080,loop
1778.642,33029080,loop
1778.747,33029080,loop
1778.852,33029080,loop
1778.957,33029080,loop
1779.063,33029080,loop
1779.168,33029080,loop
1779.273,33029080,loop
1779.378,33029080,loop
1779.483,33029080,loop
1779.588,33029080,loop
1779.694,33029080,loop
1779.799,33029080,loop
1779.904,33029080,loop
1780.009,33029080,loop
1780.114,33029080,loop
1780.219,33029080,loop
1780.324,33029080,loop
1780.430,33029080,loop
1780.535,33029080,loop
1780.640,33029080,loop
1780.745,33029080,loop
1780.850,33029080,loop
1780.955,33029080,loop
1781.061,33029080,loop
1781.166,33029080,loop
1781.271,33029080,loop
1781.376,33029080,loop
1781.481,33029080,loop
1781.586,33029080,loop
1781.692,33029080,loop
1781.797,33029080,loop
1781.902,33029080,loop
1782.007,33029080,loop
1782.112,33029080,loop
1782.217,33029080,loop
1782.322,33029080,loop
1782.428,33029080,loop
1782.533,33029080,loop
1782.638,33029080,loop
1782.743,33029080,loop
1782.848,33029080,loop
1782.953,33029080,loop
1783.059,33029080,loop
1783.164,33029080,loop
1783.269,33029080,loop
1783.374,33029080,loop
1783.479,33029080,loop
1783.584,33029080,loop
1783.690,33029080,loop
1783.795,33029080,loop
1783.900,33029080,loop
1784.005,33029080,loop
1784.110,33029080,loop
1784.215,33029080,loop
1784.321,33029080,loop
1784.426,33029080,loop
1784.531,33029080,loop
1784.636,33029080,loop
1784.741,33029080,loop
1784.846,33029080,loop
1784.951,33029080,loop
1785.057,33029080,loop
1785.162,33029080,loop
1785.267,33029080,loop
1785.372,33029080,loop
1785.477,33029080,loop
1785.582,33029080,loop
1785.688,33029080,loop
1785.793,33029080,loop
1785.898,33029080,loop
1786.003,33029080,loop
1786.108,33029080,loop
1786.213,33029080,loop
1786.319,33029080,loop
1786.424,33029080,loop
1786.529,33029080,loop
1786.634,33029080,loop
1786.739,33029080,loop
1786.845,33029080,loop
1786.950,33029080,loop
1787.055,33029080,loop
1787.160,33029080,loop
1787.265,33029080,loop
1787.370,33029080,loop
1787.475,33029080,loop
1787.581,33029080,loop
1787.686,33029080,loop
1787.791,33029080,loop
1787.896,33029080,loop
1788.001,33029080,loop
1788.106,33029080,loop
1788.212,33029080,loop
1788.317,33029080,loop
1788.422,33029080,loop
1788.527,33029080,loop
1788.632,33029080,loop
1788.737,33029080,loop
1788.843,33029080,loop
1788.948,33029080,loop
1789.053,33029080,loop
1789.158,33029080,loop
1789.263,33029080,loop
1789.368,33029080,loop
1789.473,33029080,loop
1789.579,33029080,loop
1789.684,33029080,loop
1789.789,33029080,loop
1789.894,33029080,loop
1789.999,33029080,loop
1790.104,33029080,loop
1790.210,33029080,loop
1790.315,33029080,loop
1790.420,33029080,loop
1790.525,33029080,loop
1790.630,33029080,loop
1790.735,33029080,loop
1790.841,33029080,loop
1790.946,33029080,loop
1791.051,33029080,loop
1791.156,33029080,loop
1791.261,33029080,loop
1791.366,33029080,loop
1791.471,33029080,loop
1791.577,33029080,loop
1791.682,33029080,loop
1791.787,33029080,loop
1791.892,33029080,loop
1791.997,33029080,loop
1792.102,33029080,loop
1792.208,33029080,loop
1792.313,33029080,loop
1792.418,33029080,loop
1792.523,33029080,loop
1792.628,33029080,loop
1792.733,33029080,loop
1792.839,33029080,loop
1792.944,33029080,loop
1793.049,33029080,loop
1793.154,33029080,loop
1793.259,33029080,loop
1793.364,33029080,loop
1793.469,33029080,loop
1793.575,33029080,loop
1793.680,33029080,loop
1793.785,33029080,loop
1793.890,33029080,loop
1793.995,33029080,loop
1794.100,33029080,loop
1794.206,33029080,loop
1794.311,33029080,loop
1794.416,33029080,loop
1794.521,33029080,loop
1794.626,33029080,loop
1794.731,33029080,loop
1794.837,33029080,loop
1794.942,33029080,loop
1795.047,33029080,loop
1795.152,33029080,loop
1795.257,33029080,loop
1795.362,33029080,loop
1795.467,33029080,loop
1795.573,33029080,loop
1795.678,33029080,loop
1795.783,33029080,loop
1795.888,33029080,loop
1795.993,33029080,loop
1796.098,33029080,loop
1796.204,33029080,loop
1796.309,33029080,loop
1796.414,33029080,loop
1796.519,33029080,loop
1796.624,33029080,loop
1796.729,33029080,loop
1796.835,33029080,loop
1796.940,33029080,loop
1797.045,33029080,loop
1797.150,33029080,loop
1797.255,33029080,loop
1797.360,33029080,loop
1797.465,33029080,loop
1797.571,33029080,loop
1797.676,33029080,loop
1797.781,33029080,loop
1797.886,33029080,loop
1797.991,33029080,loop
1798.096,33029080,loop
1798.202,33029080,loop
1798.307,33029080,loop
1798.412,33029080,loop
1798.517,33029080,loop
1798.622,33029080,loop
1798.727,33029080,loop
1798.833,33029080,loop
1798.938,33029080,loop
1799.043,33029080,loop
1799.148,33029080,loop
1799.253,33029080,loop
1799.358,33029080,loop
1799.463,33029080,loop
1799.569,33029080,loop
1799.674,33029080,loop
1799.779,33029080,loop
1799.884,33029080,loop
1799.989,33029080,loop
1800.094,33029080,loop
1800.200,33029080,loop
1800.305,33029080,loop
1800.410,33029080,loop
1800.515,33029080,loop
1800.620,33029080,loop
1800.725,33029080,loop
1800.831,33029080,loop
1800.936,33029080,loop
1801.041,33029080,loop
1801.146,33029080,loop
1801.251,33029080,loop
1801.356,33029080,loop
1801.461,33029080,loop
1801.567,33029080,loop
1801.672,33029080,loop
1801.777,33029080,loop
1801.882,33029080,loop
1801.987,33029080,loop
1802.092,33029080,loop
1802.198,33029080,loop
1802.303,33029080,loop
1802.408,33029080,loop
1802.513,33029080,loop
1802.618,33029080,loop
1802.723,33029080,loop
1802.828,33029080,loop
1802.934,33029080,loop
1803.039,33029080,loop
1803.144,33029080,loop
1803.249,33029080,loop
1803.354,33029080,loop
1803.459,33029080,loop
1803.565,33029080,loop
1803.670,33029080,loop
1803.775,33029080,loop
1803.880,33029080,loop
1803.985,33029080,loop
1804.090,33029080,loop
1804.196,33029080,loop
1804.301,33029080,loop
1804.406,33029080,loop
1804.511,33029080,loop
1804.616,33029080,loop
1804.721,33029080,loop
1804.826,33029080,loop
1804.932,33029080,loop
1805.037,33029080,loop
1805.142,33029080,loop
1805.247,33029080,loop
1805.352,33029080,loop
1805.457,33029080,loop
1805.563,33029080,loop
1805.668,33029080,loop
1805.773,33029080,loop
1805.878,33029080,loop
1805.983,33029080,loop
1806.088,33029080,loop
1806.194,33029080,loop
1806.299,33029080,loop
1806.404,33029080,loop
1806.509,33029080,loop
1806.614,33029080,loop
1806.719,33029080,loop
1806.824,33029080,loop
1806.930,33029080,loop
1807.035,33029080,loop
1807.140,33029080,loop
1807.245,33029080,loop
1807.350,33029080,loop
1807.455,33029080,loop
1807.561,33029080,loop
1807.666,33029080,loop
1807.771,33029080,loop
1807.876,33029080,loop
1807.981,33029080,loop
1808.086,33029080,loop
1808.191,33029080,loop
1808.297,33029080,loop
1808.402,33029080,loop
1808.507,33029080,loop
1808.612,33029080,loop
1808.717,33029080,loop
1808.822,33029080,loop
1808.928,33029080,loop
1809.033,33029080,loop
1809.138,33029080,loop
1809.243,33029080,loop
1809.348,33029080,loop
1809.453,33029080,loop
1809.559,33029080,loop
1809.664,33029080,loop
1809.769,33029080,loop
1809.874,33029080,loop
1809.979,33029080,loop
1810.084,33029080,loop
1810.190,33029080,loop
1810.295,33029080,loop
1810.400,33029080,loop
1810.505,33029080,loop
1810.610,33029080,loop
1810.715,33029080,loop
1810.820,33029080,loop
1810.926,33029080,loop
1811.031,33029080,loop
1811.136,33029080,loop
1811.241,33029080,loop
1811.346,33029080,loop
1811.451,33029080,loop
1811.557,33029080,loop
1811.662,33029080,loop
1811.767,33029080,loop
1811.872,33029080,loop
1811.977,33029080,loop
1812.082,33029080,loop
1812.188,33029080,loop
1812.293,33029080,loop
1812.398,33029080,loop
1812.503,33029080,loop
1812.608,33029080,loop
1812.713,33029080,loop
1812.818,33029080,loop
1812.924,33029080,loop
1813.029,33029080,loop
1813.134,33029080,loop
1813.239,33029080,loop
1813.344,33029080,loop
1813.449,33029080,loop
1813.555,33029080,loop
1813.660,33029080,loop
1813.765,33029080,loop
1813.870,33029080,loop
1813.975,33029080,loop
1814.080,33029080,loop
1814.186,33029080,loop
1814.291,33029080,loop
1814.396,33029080,loop
1814.501,33029080,loop
1814.606,33029080,loop
1814.711,33029080,loop
1814.816,33029080,loop
1814.922,33029080,loop
1815.027,33029080,loop
1815.132,33029080,loop
1815.237,33029080,loop
1815.342,33029080,loop
1815.447,33029080,loop
1815.553,33029080,loop
1815.658,33029080,loop
1815.763,33029080,loop
1815.868,33029080,loop
1815.973,33029080,loop
1816.078,33029080,loop
1816.184,33029080,loop
1816.289,33029080,loop
1816.394,33029080,loop
1816.499,33029080,loop
1816.604,33029080,loop
1816.709,33029080,loop
1816.814,33029080,loop
1816.920,33029080,loop
1817.025,33029080,loop
1817.130,33029080,loop
1817.235,33029080,loop
1817.340,33029080,loop
1817.445,33029080,loop
1817.551,33029080,loop
1817.656,33029080,loop
1817.761,33029080,loop
1817.866,33029080,loop
1817.971,33029080,loop
1818.076,33029080,loop
1818.182,33029080,loop
1818.287,33029080,loop
1818.392,33029080,loop
1818.497,33029080,loop
1818.602,33029080,loop
1818.707,33029080,loop
1818.813,33029080,loop
1818.918,33029080,loop
1819.023,33029080,loop
1819.128,33029080,loop
1819.233,33029080,loop
1819.338,33029080,loop
1819.443,33029080,loop
1819.549,33029080,loop
1819.654,33029080,loop
1819.759,33029080,loop
1819.864,33029080,loop
1819.969,33029080,loop
1820.074,33029080,loop
1820.180,33029080,loop
1820.285,33029080,loop
1820.390,33029080,loop
1820.495,33029080,loop
1820.600,33029080,loop
1820.705,33029080,loop
1820.810,33029080,loop
1820.916,33029080,loop
1821.021,33029080,loop
1821.126,33029080,loop
1821.231,33029080,loop
1821.336,33029080,loop
1821.441,33029080,loop
1821.547,33029080,loop
1821.652,33029080,loop
1821.757,33029080,loop
1821.862,33029080,loop
1821.967,33029080,loop
1822.072,33029080,loop
1822.178,33029080,loop
1822.283,33029080,loop
1822.388,33029080,loop
1822.493,33029080,loop
1822.598,33029080,loop
1822.703,33029080,loop
1822.809,33029080,loop
1822.914,33029080,loop
1823.019,33029080,loop
1823.124,33029080,loop
1823.229,33029080,loop
1823.334,33029080,loop
1823.439,33029080,loop
1823.545,33029080,loop
1823.650,33029080,loop
1823.755,33029080,loop
1823.860,33029080,loop
1823.965,33029080,loop
1824.071,33029080,loop
1824.176,33029080,loop
1824.281,33029080,loop
1824.386,33029080,loop
1824.491,33029080,loop
1824.596,33029080,loop
1824.701,33029080,loop
1824.807,33029080,loop
1824.912,33029080,loop
1825.017,33029080,loop
1825.122,33029080,loop
1825.227,33029080,loop
1825.332,33029080,loop
1825.438,33029080,loop
1825.543,33029080,loop
1825.648,33029080,loop
1825.753,33029080,loop
1825.858,33029080,loop
1825.963,33029080,loop
1826.068,33029080,loop
1826.174,33029080,loop
1826.279,33029080,loop
1826.384,33029080,loop
1826.489,33029080,loop
1826.594,33029080,loop
1826.699,33029080,loop
1826.805,33029080,loop
1826.910,33029080,loop
1827.015,33029080,loop
1827.120,33029080,loop
1827.225,33029080,loop
1827.330,33029080,loop
1827.436,33029080,loop
1827.541,33029080,loop
1827.646,33029080,loop
1827.751,33029080,loop
1827.856,33029080,loop
1827.961,33029080,loop
1828.066,33029080,loop
1828.172,33029080,loop
1828.277,33029080,loop
1828.382,33029080,loop
1828.487,33029080,loop
1828.592,33029080,loop
1828.697,33029080,loop
1828.803,33029080,loop
1828.908,33029080,loop
1829.013,33029080,loop
1829.118,33029080,loop
1829.223,33029080,loop
1829.328,33029080,loop
1829.434,33029080,loop
1829.539,33029080,loop
1829.644,33029080,loop
1829.749,33029080,loop
1829.854,33029080,loop
1829.959,33029080,loop
1830.064,33029080,loop
1830.170,33029080,loop
1830.275,33029080,loop
1830.380,33029080,loop
1830.485,33029080,loop
1830.590,33029080,loop
1830.695,33029080,loop
1830.801,33029080,loop
1830.906,33029080,loop
1831.011,33029080,loop
1831.116,33029080,loop
1831.221,33029080,loop
1831.326,33029080,loop
1831.431,33029080,loop
1831.537,33029080,loop
1831.642,33029080,loop
1831.747,33029080,loop
1831.852,33029080,loop
1831.957,33029080,loop
1832.062,33029080,loop
1832.168,33029080,loop
1832.273,33029080,loop
1832.378,33029080,loop
1832.483,33029080,loop
1832.588,33029080,loop
1832.693,33029080,loop
1832.799,33029080,loop
1832.904,33029080,loop
1833.009,33029080,loop
1833.114,33029080,loop
1833.219,33029080,loop
1833.324,33029080,loop
1833.429,33029080,loop
1833.535,33029080,loop
1833.640,33029080,loop
1833.745,33029080,loop
1833.850,33029080,loop
1833.955,33029080,loop
1834.060,33029080,loop
1834.166,33029080,loop
1834.271,33029080,loop
1834.376,33029080,loop
1834.481,33029080,loop
1834.586,33029080,loop
1834.691,33029080,loop
1834.797,33029080,loop
1834.902,33029080,loop
1835.007,33029080,loop
1835.112,33029080,loop
1835.217,33029080,loop
1835.322,33029080,loop
1835.427,33029080,loop
1835.533,33029080,loop
1835.638,33029080,loop
1835.743,33029080,loop
1835.848,33029080,loop
1835.953,33029080,loop
1836.058,33029080,loop
1836.164,33029080,loop
1836.269,33029080,loop
1836.374,33029080,loop
1836.479,33029080,loop
1836.584,33029080,loop
1836.689,33029080,loop
1836.795,33029080,loop
1836.900,33029080,loop
1837.005,33029080,loop
1837.110,33029080,loop
1837.215,33029080,loop
1837.320,33029080,loop
1837.425,33029080,loop
1837.531,33029080,loop
1837.636,33029080,loop
1837.741,33029080,loop
1837.846,33029080,loop
1837.951,33029080,loop
1838.056,33029080,loop
1838.162,33029080,loop
1838.267,33029080,loop
1838.372,33029080,loop
1838.477,33029080,loop
1838.582,33029080,loop
1838.687,33029080,loop
1838.793,33029080,loop
1838.898,33029080,loop
1839.003,33029080,loop
1839.108,33029080,loop
1839.213,33029080,loop
1839.318,33029080,loop
1839.424,33029080,loop
1839.529,33029080,loop
1839.634,33029080,loop
1839.739,33029080,loop
1839.844,33029080,loop
1839.949,33029080,loop
1840.055,33029080,loop
1840.160,33029080,loop
1840.265,33029080,loop
1840.370,33029080,loop
1840.475,33029080,loop
1840.580,33029080,loop
1840.685,33029080,loop
1840.791,33029080,loop
1840.896,33029080,loop
1841.001,33029080,loop
1841.106,33029080,loop
1841.211,33029080,loop
1841.316,33029080,loop
1841.422,33029080,loop
1841.527,33029080,loop
1841.632,33029080,loop
1841.737,33029080,loop
1841.842,33029080,loop
1841.947,33029080,loop
1842.052,33029080,loop
1842.158,33029080,loop
1842.263,33029080,loop
1842.368,33029080,loop
1842.473,33029080,loop
1842.578,33029080,loop
1842.683,33029080,loop
1842.789,33029080,loop
1842.894,33029080,loop
1842.999,33029080,loop
1843.104,33029080,loop
1843.209,33029080,loop
1843.314,33029080,loop
1843.419,33029080,loop
1843.525,33029080,loop
1843.630,33029080,loop
1843.735,33029080,loop
1843.840,33029080,loop
1843.945,33029080,loop
1844.050,33029080,loop
1844.156,33029080,loop
1844.261,33029080,loop
1844.366,33029080,loop
1844.471,33029080,loop
1844.576,33029080,loop
1844.681,33029080,loop
1844.787,33029080,loop
1844.892,33029080,loop
1844.997,33029080,loop
1845.102,33029080,loop
1845.207,33029080,loop
1845.312,33029080,loop
1845.418,33029080,loop
1845.523,33029080,loop
1845.628,33029080,loop
1845.733,33029080,loop
1845.838,33029080,loop
1845.943,33029080,loop
1846.048,33029080,loop
1846.154,33029080,loop
1846.259,33029080,loop
1846.364,33029080,loop
1846.469,33029080,loop
1846.574,33029080,loop
1846.679,33029080,loop
1846.785,33029080,loop
1846.890,33029080,loop
1846.995,33029080,loop
1847.100,33029080,loop
1847.205,33029080,loop
1847.310,33029080,loop
1847.416,33029080,loop
1847.521,33029080,loop
1847.626,33029080,loop
1847.731,33029080,loop
1847.836,33029080,loop
1847.941,33029080,loop
1848.046,33029080,loop
1848.152,33029080,loop
1848.257,33029080,loop
1848.362,33029080,loop
1848.467,33029080,loop
1848.572,33029080,loop
1848.677,33029080,loop
1848.783,33029080,loop
1848.888,33029080,loop
1848.993,33029080,loop
1849.098,33029080,loop
1849.203,33029080,loop
1849.308,33029080,loop
1849.414,33029080,loop
1849.519,33029080,loop
1849.624,33029080,loop
1849.729,33029080,loop
1849.834,33029080,loop
1849.939,33029080,loop
1850.044,33029080,loop
1850.150,33029080,loop
1850.255,33029080,loop
1850.360,33029080,loop
1850.465,33029080,loop
1850.570,33029080,loop
1850.675,33029080,loop
1850.781,33029080,loop
1850.886,33029080,loop
1850.991,33029080,loop
1851.096,33029080,loop
1851.201,33029080,loop
1851.306,33029080,loop
1851.412,33029080,loop
1851.517,33029080,loop
1851.622,33029080,loop
1851.727,33029080,loop
1851.832,33029080,loop
1851.937,33029080,loop
1852.042,33029080,loop
1852.148,33029080,loop
1852.253,33029080,loop
1852.358,33029080,loop
1852.463,33029080,loop
1852.568,33029080,loop
1852.673,33029080,loop
1852.779,33029080,loop
1852.884,33029080,loop
1852.989,33029080,loop
1853.094,33029080,loop
1853.199,33029080,loop
1853.304,33029080,loop
1853.410,33029080,loop
1853.515,33029080,loop
1853.620,33029080,loop
1853.725,33029080,loop
1853.830,33029080,loop
1853.935,33029080,loop
1854.041,33029080,loop
1854.146,33029080,loop
1854.251,33029080,loop
1854.356,33029080,loop
1854.461,33029080,loop
1854.566,33029080,loop
1854.672,33029080,loop
1854.777,33029080,loop
1854.882,33029080,loop
1854.987,33029080,loop
1855.092,33029080,loop
1855.197,33029080,loop
1855.302,33029080,loop
1855.408,33029080,loop
1855.513,33029080,loop
1855.618,33029080,loop
1855.723,33029080,loop
1855.828,33029080,loop
1855.933,33029080,loop
1856.039,33029080,loop
1856.144,33029080,loop
1856.249,33029080,loop
1856.354,33029080,loop
1856.459,33029080,loop
1856.564,33029080,loop
1856.669,33029080,loop
1856.775,33029080,loop
1856.880,33029080,loop
1856.985,33029080,loop
1857.090,33029080,loop
1857.195,33029080,loop
1857.300,33029080,loop
1857.406,33029080,loop
1857.511,33029080,loop
1857.616,33029080,loop
1857.721,33029080,loop
1857.826,33029080,loop
1857.931,33029080,loop
1858.037,33029080,loop
1858.142,33029080,loop
1858.247,33029080,loop
1858.352,33029080,loop
1858.457,33029080,loop
1858.562,33029080,loop
1858.668,33029080,loop
1858.773,33029080,loop
1858.878,33029080,loop
1858.983,33029080,loop
1859.088,33029080,loop
1859.193,33029080,loop
1859.298,33029080,loop
1859.404,33029080,loop
1859.509,33029080,loop
1859.614,33029080,loop
1859.719,33029080,loop
1859.824,33029080,loop
1859.929,33029080,loop
1860.035,33029080,loop
1860.140,33029080,loop
1860.245,33029080,loop
1860.350,33029080,loop
1860.455,33029080,loop
1860.560,33029080,loop
1860.666,33029080,loop
1860.771,33029080,loop
1860.876,33029080,loop
1860.981,33029080,loop
1861.086,33029080,loop
1861.191,33029080,loop
1861.296,33029080,loop
1861.402,33029080,loop
1861.507,33029080,loop
1861.612,33029080,loop
1861.717,33029080,loop
1861.822,33029080,loop
1861.927,33029080,loop
1862.033,33029080,loop
1862.138,33029080,loop
1862.243,33029080,loop
1862.348,33029080,loop
1862.453,33029080,loop
1862.558,33029080,loop
1862.664,33029080,loop
1862.769,33029080,loop
1862.874,33029080,loop
1862.979,33029080,loop
1863.084,33029080,loop
1863.189,33029080,loop
1863.294,33029080,loop
1863.400,33029080,loop
1863.505,33029080,loop
1863.610,33029080,loop
1863.715,33029080,loop
1863.820,33029080,loop
1863.925,33029080,loop
1864.031,33029080,loop
1864.136,33029080,loop
1864.241,33029080,loop
1864.346,33029080,loop
1864.451,33029080,loop
1864.556,33029080,loop
1864.662,33029080,loop
1864.767,33029080,loop
1864.872,33029080,loop
1864.977,33029080,loop
1865.082,33029080,loop
1865.187,33029080,loop
1865.292,33029080,loop
1865.398,33029080,loop
1865.503,33029080,loop
1865.608,33029080,loop
1865.713,33029080,loop
1865.818,33029080,loop
1865.923,33029080,loop
1866.029,33029080,loop
1866.134,33029080,loop
1866.239,33029080,loop
1866.344,33029080,loop
1866.449,33029080,loop
1866.554,33029080,loop
1866.660,33029080,loop
1866.765,33029080,loop
1866.870,33029080,loop
1866.975,33029080,loop
1867.080,33029080,loop
1867.185,33029080,loop
1867.291,33029080,loop
1867.396,33029080,loop
1867.501,33029080,loop
1867.606,33029080,loop
1867.711,33029080,loop
1867.816,33029080,loop
1867.921,33029080,loop
1868.027,33029080,loop
1868.132,33029080,loop
1868.237,33029080,loop
1868.342,33029080,loop
1868.447,33029080,loop
1868.552,33029080,loop
1868.658,33029080,loop
1868.763,33029080,loop
1868.868,33029080,loop
1868.973,33029080,loop
1869.078,33029080,loop
1869.183,33029080,loop
1869.289,33029080,loop
1869.394,33029080,loop
1869.499,33029080,loop
1869.604,33029080,loop
1869.709,33029080,loop
1869.814,33029080,loop
1869.919,33029080,loop
1870.025,33029080,loop
1870.130,33029080,loop
1870.235,33029080,loop
1870.340,33029080,loop
1870.445,33029080,loop
1870.550,33029080,loop
1870.656,33029080,loop
1870.761,33029080,loop
1870.866,33029080,loop
1870.971,33029080,loop
1871.076,33029080,loop
1871.181,33029080,loop
1871.287,33029080,loop
1871.392,33029080,loop
1871.497,33029080,loop
1871.602,33029080,loop
1871.707,33029080,loop
1871.812,33029080,loop
1871.918,33029080,loop
1872.023,33029080,loop
1872.128,33029080,loop
1872.233,33029080,loop
1872.338,33029080,loop
1872.443,33029080,loop
1872.548,33029080,loop
1872.654,33029080,loop
1872.759,33029080,loop
1872.864,33029080,loop
1872.969,33029080,loop
1873.074,33029080,loop
1873.179,33029080,loop
1873.285,33029080,loop
1873.390,33029080,loop
1873.495,33029080,loop
1873.600,33029080,loop
1873.705,33029080,loop
1873.810,33029080,loop
1873.916,33029080,loop
1874.021,33029080,loop
1874.126,33029080,loop
1874.231,33029080,loop
1874.336,33029080,loop
1874.441,33029080,loop
1874.546,33029080,loop
1874.652,33029080,loop
1874.757,33029080,loop
1874.862,33029080,loop
1874.967,33029080,loop
1875.072,33029080,loop
1875.177,33029080,loop
1875.283,33029080,loop
1875.388,33029080,loop
1875.493,33029080,loop
1875.598,33029080,loop
1875.703,33029080,loop
1875.808,33029080,loop
1875.914,33029080,loop
1876.019,33029080,loop
1876.124,33029080,loop
1876.229,33029080,loop
1876.334,33029080,loop
1876.439,33029080,loop
1876.544,33029080,loop
1876.650,33029080,loop
1876.755,33029080,loop
1876.860,33029080,loop
1876.965,33029080,loop
1877.070,33029080,loop
1877.175,33029080,loop
1877.281,33029080,loop
1877.386,33029080,loop
1877.491,33029080,loop
1877.596,33029080,loop
1877.701,33029080,loop
1877.806,33029080,loop
1877.912,33029080,loop
1878.017,33029080,loop
1878.122,33029080,loop
1878.227,33029080,loop
1878.332,33029080,loop
1878.437,33029080,loop
1878.543,33029080,loop
1878.648,33029080,loop
1878.753,33029080,loop
1878.858,33029080,loop
1878.963,33029080,loop
1879.068,33029080,loop
1879.174,33029080,loop
1879.279,33029080,loop
1879.384,33029080,loop
1879.489,33029080,loop
1879.594,33029080,loop
1879.699,33029080,loop
1879.804,33029080,loop
1879.910,33029080,loop
1880.015,33029080,loop
1880.120,33029080,loop
1880.225,33029080,loop
1880.330,33029080,loop
1880.435,33029080,loop
1880.541,33029080,loop
1880.646,33029080,loop
1880.751,33029080,loop
1880.856,33029080,loop
1880.961,33029080,loop
1881.066,33029080,loop
1881.172,33029080,loop
1881.277,33029080,loop
1881.382,33029080,loop
1881.487,33029080,loop
1881.592,33029080,loop
1881.697,33029080,loop
1881.802,33029080,loop
1881.908,33029080,loop
1882.013,33029080,loop
1882.118,33029080,loop
1882.223,33029080,loop
1882.328,33029080,loop
1882.433,33029080,loop
1882.539,33029080,loop
1882.644,33029080,loop
1882.749,33029080,loop
1882.854,33029080,loop
1882.959,33029080,loop
1883.064,33029080,loop
1883.169,33029080,loop
1883.275,33029080,loop
1883.380,33029080,loop
1883.485,33029080,loop
1883.590,33029080,loop
1883.695,33029080,loop
1883.800,33029080,loop
1883.906,33029080,loop
1884.011,33029080,loop
1884.116,33029080,loop
1884.221,33029080,loop
1884.326,33029080,loop
1884.431,33029080,loop
1884.537,33029080,loop
1884.642,33029080,loop
1884.747,33029080,loop
1884.852,33029080,loop
1884.957,33029080,loop
1885.062,33029080,loop
1885.167,33029080,loop
1885.273,33029080,loop
1885.378,33029080,loop
1885.483,33029080,loop
1885.588,33029080,loop
1885.693,33029080,loop
1885.798,33029080,loop
1885.904,33029080,loop
1886.009,33029080,loop
1886.114,33029080,loop
1886.219,33029080,loop
1886.324,33029080,loop
1886.429,33029080,loop
1886.535,33029080,loop
1886.640,33029080,loop
1886.745,33029080,loop
1886.850,33029080,loop
1886.955,33029080,loop
1887.060,33029080,loop
1887.165,33029080,loop
1887.271,33029080,loop
1887.376,33029080,loop
1887.481,33029080,loop
1887.586,33029080,loop
1887.691,33029080,loop
1887.796,33029080,loop
1887.902,33029080,loop
1888.007,33029080,loop
1888.112,33029080,loop
1888.217,33029080,loop
1888.322,33029080,loop
1888.427,33029080,loop
1888.533,33029080,loop
1888.638,33029080,loop
1888.743,33029080,loop
1888.848,33029080,loop
1888.953,33029080,loop
1889.058,33029080,loop
1889.163,33029080,loop
1889.269,33029080,loop
1889.374,33029080,loop
1889.479,33029080,loop
1889.584,33029080,loop
1889.689,33029080,loop
1889.794,33029080,loop
1889.900,33029080,loop
1890.005,33029080,loop
1890.110,33029080,loop
1890.215,33029080,loop
1890.320,33029080,loop
1890.425,33029080,loop
1890.531,33029080,loop
1890.636,33029080,loop
1890.741,33029080,loop
1890.846,33029080,loop
1890.951,33029080,loop
1891.056,33029080,loop
1891.161,33029080,loop
1891.267,33029080,loop
1891.372,33029080,loop
1891.477,33029080,loop
1891.582,33029080,loop
1891.687,33029080,loop
1891.792,33029080,loop
1891.898,33029080,loop
1892.003,33029080,loop
1892.108,33029080,loop
1892.213,33029080,loop
1892.318,33029080,loop
1892.423,33029080,loop
1892.529,33029080,loop
1892.634,33029080,loop
1892.739,33029080,loop
1892.844,33029080,loop
1892.949,33029080,loop
1893.054,33029080,loop
1893.160,33029080,loop
1893.265,33029080,loop
1893.370,33029080,loop
1893.475,33029080,loop
1893.580,33029080,loop
1893.685,33029080,loop
1893.790,33029080,loop
1893.896,33029080,loop
1894.001,33029080,loop
1894.106,33029080,loop
1894.211,33029080,loop
1894.316,33029080,loop
1894.421,33029080,loop
1894.527,33029080,loop
1894.632,33029080,loop
1894.737,33029080,loop
1894.842,33029080,loop
1894.947,33029080,loop
1895.052,33029080,loop
1895.157,33029080,loop
1895.263,33029080,loop
1895.368,33029080,loop
1895.473,33029080,loop
1895.578,33029080,loop
1895.683,33029080,loop
1895.788,33029080,loop
1895.894,33029080,loop
1895.999,33029080,loop
1896.104,33029080,loop
1896.209,33029080,loop
1896.314,33029080,loop
1896.419,33029080,loop
1896.525,33029080,loop
1896.630,33029080,loop
1896.735,33029080,loop
1896.840,33029080,loop
1896.945,33029080,loop
1897.050,33029080,loop
1897.156,33029080,loop
1897.261,33029080,loop
1897.366,33029080,loop
1897.471,33029080,loop
1897.576,33029080,loop
1897.681,33029080,loop
1897.786,33029080,loop
1897.892,33029080,loop
1897.997,33029080,loop
1898.102,33029080,loop
1898.207,33029080,loop
1898.312,33029080,loop
1898.417,33029080,loop
1898.523,33029080,loop
1898.628,33029080,loop
1898.733,33029080,loop
1898.838,33029080,loop
1898.943,33029080,loop
1899.048,33029080,loop
1899.154,33029080,loop
1899.259,33029080,loop
1899.364,33029080,loop
1899.469,33029080,loop
1899.574,33029080,loop
1899.679,33029080,loop
1899.784,33029080,loop
1899.890,33029080,loop
1899.995,33029080,loop
1900.100,33029080,loop
1900.205,33029080,loop
1900.310,33029080,loop
1900.415,33029080,loop
1900.521,33029080,loop
1900.626,33029080,loop
1900.731,33029080,loop
1900.836,33029080,loop
1900.941,33029080,loop
1901.046,33029080,loop
1901.152,33029080,loop
1901.257,33029080,loop
1901.362,33029080,loop
1901.467,33029080,loop
1901.572,33029080,loop
1901.677,33029080,loop
1901.782,33029080,loop
1901.888,33029080,loop
1901.993,33029080,loop
1902.379,33029080,loop
1902.773,33021412,loop
1902.879,33022472,loop
1902.984,33022472,loop
1903.089,33022472,loop
1903.194,33022472,loop
1903.299,33022472,loop
1903.404,33022472,loop
1903.509,33022472,loop
1903.615,33022472,loop
1903.720,33022472,loop
1903.825,33022472,loop
1903.930,33022472,loop
1904.035,33022472,loop
1904.140,33022472,loop
1904.246,33022472,loop
1904.351,33022472,loop
1904.456,33022472,loop
1904.561,33022472,loop
1904.666,33022472,loop
1904.771,33022472,loop
1904.877,33022472,loop
1904.982,33022472,loop
1905.087,33022472,loop
1905.192,33022472,loop
1905.297,33022472,loop
1905.402,33022472,loop
1905.507,33022472,loop
1905.613,33022472,loop
1905.718,33022472,loop
1905.823,33022472,loop
1905.928,33022472,loop
1906.033,33022472,loop
1906.138,33022472,loop
1906.244,33022472,loop
1906.349,33022472,loop
1906.454,33022472,loop
1906.559,33022472,loop
1906.664,33022472,loop
1906.769,33022472,loop
1906.875,33022472,loop
1906.980,33022472,loop
1907.085,33022472,loop
1907.190,33022472,loop
1907.295,33022472,loop
1907.400,33022472,loop
1907.505,33022472,loop
1907.611,33022472,loop
1907.716,33022472,loop
1907.821,33022472,loop
1907.926,33022472,loop
1908.031,33022472,loop
1908.136,33022472,loop
1908.242,33022472,loop
1908.347,33022472,loop
1908.452,33022472,loop
1908.557,33022472,loop
1908.662,33022472,loop
1908.767,33022472,loop
1908.873,33022472,loop
1908.978,33022472,loop
1909.083,33022472,loop
1909.188,33022472,loop
1909.293,33022472,loop
1909.398,33022472,loop
1909.503,33022472,loop
1909.609,33022472,loop
1909.714,33022472,loop
1909.819,33022472,loop
1909.924,33022472,loop
1910.029,33022472,loop
1910.134,33022472,loop
1910.240,33022472,loop
1910.345,33022472,loop
1910.450,33022472,loop
1910.555,33022472,loop
1910.660,33022472,loop
1910.765,33022472,loop
1910.871,33022472,loop
1910.976,33022472,loop
1911.081,33022472,loop
1911.186,33022472,loop
1911.291,33022472,loop
1911.396,33022472,loop
1911.501,33022472,loop
1911.607,33022472,loop
1911.712,33022472,loop
1911.817,33022472,loop
1911.922,33022472,loop
1912.027,33022472,loop
1912.132,33022472,loop
1912.238,33022472,loop
1912.343,33022472,loop
1912.448,33022472,loop
1912.553,33022472,loop
1912.658,33022472,loop
1912.763,33022472,loop
1912.869,33022472,loop
1912.974,33022472,loop
1913.079,33022472,loop
1913.184,33022472,loop
1913.289,33022472,loop
1913.394,33022472,loop
1913.499,33022472,loop
1913.605,33022472,loop
1913.710,33022472,loop
1913.815,33022472,loop
1913.920,33022472,loop
1914.025,33022472,loop
1914.130,33022472,loop
1914.236,33022472,loop
1914.341,33022472,loop
1914.446,33022472,loop
1914.551,33022472,loop
1914.656,33022472,loop
1914.761,33022472,loop
1914.866,33022472,loop
1914.972,33022472,loop
1915.077,33022472,loop
1915.182,33022472,loop
1915.287,33022472,loop
1915.392,33022472,loop
1915.497,33022472,loop
1915.603,33022472,loop
1915.708,33022472,loop
1915.813,33022472,loop
1915.918,33022472,loop
1916.023,33022472,loop
1916.128,33022472,loop
1916.234,33022472,loop
1916.339,33022472,loop
1916.444,33022472,loop
1916.549,33022472,loop
1916.654,33022472,loop
1916.759,33022472,loop
1916.864,33022472,loop
1916.970,33022472,loop
1917.075,33022472,loop
1917.180,33022472,loop
1917.285,33022472,loop
1917.390,33022472,loop
1917.495,33022472,loop
1917.601,33022472,loop
1917.706,33022472,loop
1917.811,33022472,loop
1917.916,33022472,loop
1918.021,33022472,loop
1918.126,33022472,loop
1918.232,33022472,loop
1918.337,33022472,loop
1918.442,33022472,loop
1918.548,33022472,loop
1918.653,33022472,loop
1918.758,33022472,loop
1918.863,33022472,loop
1918.968,33022472,loop
1919.074,33022472,loop
1919.179,33022472,loop
1919.284,33022472,loop
1919.389,33022472,loop
1919.494,33022472,loop
1919.599,33022472,loop
1919.705,33022472,loop
1919.810,33022472,loop
1919.915,33022472,loop
1920.020,33022472,loop
1920.125,33022472,loop
1920.230,33022472,loop
1920.335,33022472,loop
1920.441,33022472,loop
1920.546,33022472,loop
1920.651,33022472,loop
1920.756,33022472,loop
1920.861,33022472,loop
1920.966,33022472,loop
1921.072,33022472,loop
1921.177,33022472,loop
1921.282,33022472,loop
1921.387,33022472,loop
1921.492,33022472,loop
1921.597,33022472,loop
1921.703,33022472,loop
1921.808,33022472,loop
1921.913,33022472,loop
1922.018,33022472,loop
1922.123,33022472,loop
1922.228,33022472,loop
1922.334,33022472,loop
1922.439,33022472,loop
1922.544,33022472,loop
1922.649,33022472,loop
1922.754,33022472,loop
1922.859,33022472,loop
1922.964,33022472,loop
1923.070,33022472,loop
1923.175,33022472,loop
1923.280,33022472,loop
1923.385,33022472,loop
1923.490,33022472,loop
1923.595,33022472,loop
1923.701,33022472,loop
1923.806,33022472,loop
1923.911,33022472,loop
1924.016,33022472,loop
1924.121,33022472,loop
1924.226,33022472,loop
1924.332,33022472,loop
1924.437,33022472,loop
1924.542,33022472,loop
1924.647,33022472,loop
1924.752,33022472,loop
1924.857,33022472,loop
1924.962,33022472,loop
1925.068,33022472,loop
1925.173,33022472,loop
1925.278,33022472,loop
1925.383,33022472,loop
1925.488,33022472,loop
1925.593,33022472,loop
1925.699,33022472,loop
1925.804,33022472,loop
1925.909,33022472,loop
1926.014,33022472,loop
1926.119,33022472,loop
1926.224,33022472,loop
1926.330,33022472,loop
1926.435,33022472,loop
1926.540,33022472,loop
1926.645,33022472,loop
1926.750,33022472,loop
1926.855,33022472,loop
1926.961,33022472,loop
1927.066,33022472,loop
1927.171,33022472,loop
1927.276,33022472,loop
1927.381,33022472,loop
1927.486,33022472,loop
1927.591,33022472,loop
1927.697,33022472,loop
1927.802,33022472,loop
1927.907,33022472,loop
1928.012,33022472,loop
1928.117,33022472,loop
1928.222,33022472,loop
1928.328,33022472,loop
1928.433,33022472,loop
1928.538,33022472,loop
1928.643,33022472,loop
1928.748,33022472,loop
1928.853,33022472,loop
1928.959,33022472,loop
1929.064,33022472,loop
1929.169,33022472,loop
1929.274,33022472,loop
1929.380,33022472,loop
1929.485,33022472,loop
1929.590,33022472,loop
1929.696,33022472,loop
1929.801,33022472,loop
1929.906,33022472,loop
1930.011,33022472,loop
1930.116,33022472,loop
1930.221,33022472,loop
1930.327,33022472,loop
1930.432,33022472,loop
1930.537,33022472,loop
1930.642,33022472,loop
1930.747,33022472,loop
1930.852,33022472,loop
1930.957,33022472,loop
1931.063,33022472,loop
1931.168,33022472,loop
1931.273,33022472,loop
1931.378,33022472,loop
1931.483,33022472,loop
1931.588,33022472,loop
1931.694,33022472,loop
1931.799,33022472,loop
1931.904,33022472,loop
1932.009,33022472,loop
1932.114,33022472,loop
1932.219,33022472,loop
1932.325,33022472,loop
1932.430,33022472,loop
1932.535,33022472,loop
1932.640,33022472,loop
1932.745,33022472,loop
1932.850,33022472,loop
1932.956,33022472,loop
1933.061,33022472,loop
1933.166,33022472,loop
1933.271,33022472,loop
1933.376,33022472,loop
1933.481,33022472,loop
1933.586,33022472,loop
1933.692,33022472,loop
1933.797,33022472,loop
1933.902,33022472,loop
1934.007,33022472,loop
1934.112,33022472,loop
1934.217,33022472,loop
1934.323,33022472,loop
1934.428,33022472,loop
1934.533,33022472,loop
1934.638,33022472,loop
1934.743,33022472,loop
1934.848,33022472,loop
1934.954,33022472,loop
1935.059,33022472,loop
1935.164,33022472,loop
1935.269,33022472,loop
1935.374,33022472,loop
1935.479,33022472,loop
1935.584,33022472,loop
1935.690,33022472,loop
1935.795,33022472,loop
1935.900,33022472,loop
1936.005,33022472,loop
1936.110,33022472,loop
1936.215,33022472,loop
1936.321,33022472,loop
1936.426,33022472,loop
1936.531,33022472,loop
1936.636,33022472,loop
1936.741,33022472,loop
1936.846,33022472,loop
1936.952,33022472,loop
1937.057,33022472,loop
1937.162,33022472,loop
1937.267,33022472,loop
1937.372,33022472,loop
1937.477,33022472,loop
1937.582,33022472,loop
1937.688,33022472,loop
1937.793,33022472,loop
1937.898,33022472,loop
1938.003,33022472,loop
1938.108,33022472,loop
1938.213,33022472,loop
1938.319,33022472,loop
1938.424,33022472,loop
1938.529,33022472,loop
1938.634,33022472,loop
1938.739,33022472,loop
1938.844,33022472,loop
1938.950,33022472,loop
1939.055,33022472,loop
1939.160,33022472,loop
1939.265,33022472,loop
1939.370,33022472,loop
1939.475,33022472,loop
1939.580,33022472,loop
1939.686,33022472,loop
1939.791,33022472,loop
1939.896,33022472,loop
1940.001,33022472,loop
1940.106,33022472,loop
1940.212,33022472,loop
1940.317,33022472,loop
1940.423,33022472,loop
1940.528,33022472,loop
1940.633,33022472,loop
1940.738,33022472,loop
1940.843,33022472,loop
1940.948,33022472,loop
1941.054,33022472,loop
1941.159,33022472,loop
1941.264,33022472,loop
1941.369,33022472,loop
1941.474,33022472,loop
1941.579,33022472,loop
1941.685,33022472,loop
1941.790,33022472,loop
1941.895,33022472,loop
1942.000,33022472,loop
1942.105,33022472,loop
1942.210,33022472,loop
1942.315,33022472,loop
1942.421,33022472,loop
1942.526,33022472,loop
1942.631,33022472,loop
1942.736,33022472,loop
1942.841,33022472,loop
1942.946,33022472,loop
1943.052,33022472,loop
1943.157,33022472,loop
1943.262,33022472,loop
1943.367,33022472,loop
1943.472,33022472,loop
1943.577,33022472,loop
1943.682,33022472,loop
1943.788,33022472,loop
1943.893,33022472,loop
1943.998,33022472,loop
1944.103,33022472,loop
1944.208,33022472,loop
1944.313,33022472,loop
1944.419,33022472,loop
1944.524,33022472,loop
1944.629,33022472,loop
1944.734,33022472,loop
1944.839,33022472,loop
1944.944,33022472,loop
1945.049,33022472,loop
1945.155,33022472,loop
1945.260,33022472,loop
1945.365,33022472,loop
1945.470,33022472,loop
1945.575,33022472,loop
1945.680,33022472,loop
1945.786,33022472,loop
1945.891,33022472,loop
1945.996,33022472,loop
1946.101,33022472,loop
1946.206,33022472,loop
1946.311,33022472,loop
1946.416,33022472,loop
1946.522,33022472,loop
1946.627,33022472,loop
1946.732,33022472,loop
1946.837,33022472,loop
1946.942,33022472,loop
1947.047,33022472,loop
1947.153,33022472,loop
1947.258,33022472,loop
1947.363,33022472,loop
1947.468,33022472,loop
1947.573,33022472,loop
1947.678,33022472,loop
1947.784,33022472,loop
1947.889,33022472,loop
1947.994,33022472,loop
1948.099,33022472,loop
1948.204,33022472,loop
1948.309,33022472,loop
1948.414,33022472,loop
1948.520,33022472,loop
1948.625,33022472,loop
1948.730,33022472,loop
1948.835,33022472,loop
1948.940,33022472,loop
1949.045,33022472,loop
1949.151,33022472,loop
1949.256,33022472,loop
1949.361,33022472,loop
1949.466,33022472,loop
1949.571,33022472,loop
1949.676,33022472,loop
1949.782,33022472,loop
1949.887,33022472,loop
1949.992,33022472,loop
1950.097,33022472,loop
1950.202,33022472,loop
1950.307,33022472,loop
1950.412,33022472,loop
1950.518,33022472,loop
1950.623,33022472,loop
1950.728,33022472,loop
1950.833,33022472,loop
1950.938,33022472,loop
1951.043,33022472,loop
1951.149,33022472,loop
1951.254,33022472,loop
1951.359,33022472,loop
1951.464,33022472,loop
1951.569,33022472,loop
1951.674,33022472,loop
1951.780,33022472,loop
1951.885,33022472,loop
1951.990,33022472,loop
1952.095,33022472,loop
1952.200,33022472,loop
1952.305,33022472,loop
1952.411,33022472,loop
1952.516,33022472,loop
1952.621,33022472,loop
1952.726,33022472,loop
1952.831,33022472,loop
1952.936,33022472,loop
1953.042,33022472,loop
1953.147,33022472,loop
1953.252,33022472,loop
1953.357,33022472,loop
1953.462,33022472,loop
1953.567,33022472,loop
1953.672,33022472,loop
1953.778,33022472,loop
1953.883,33022472,loop
1953.988,33022472,loop
1954.093,33022472,loop
1954.198,33022472,loop
1954.303,33022472,loop
1954.409,33022472,loop
1954.514,33022472,loop
1954.619,33022472,loop
1954.724,33022472,loop
1954.829,33022472,loop
1954.934,33022472,loop
1955.040,33022472,loop
1955.145,33022472,loop
1955.250,33022472,loop
1955.355,33022472,loop
1955.460,33022472,loop
1955.565,33022472,loop
1955.670,33022472,loop
1955.776,33022472,loop
1955.881,33022472,loop
1955.986,33022472,loop
1956.091,33022472,loop
1956.196,33022472,loop
1956.301,33022472,loop
1956.407,33022472,loop
1956.512,33022472,loop
1956.617,33022472,loop
1956.722,33022472,loop
1956.827,33022472,loop
1956.932,33022472,loop
1957.038,33022472,loop
1957.143,33022472,loop
1957.248,33022472,loop
1957.353,33022472,loop
1957.458,33022472,loop
1957.563,33022472,loop
1957.668,33022472,loop
1957.774,33022472,loop
1957.879,33022472,loop
1957.984,33022472,loop
1958.089,33022472,loop
1958.194,33022472,loop
1958.299,33022472,loop
1958.405,33022472,loop
1958.510,33022472,loop
1958.615,33022472,loop
1958.720,33022472,loop
1958.825,33022472,loop
1958.930,33022472,loop
1959.036,33022472,loop
1959.141,33022472,loop
1959.246,33022472,loop
1959.351,33022472,loop
1959.456,33022472,loop
1959.561,33022472,loop
1959.666,33022472,loop
1959.772,33022472,loop
1959.877,33022472,loop
1959.982,33022472,loop
1960.087,33022472,loop
1960.192,33022472,loop
1960.297,33022472,loop
1960.403,33022472,loop
1960.508,33022472,loop
1960.613,33022472,loop
1960.718,33022472,loop
1960.823,33022472,loop
1960.928,33022472,loop
1961.034,33022472,loop
1961.139,33022472,loop
1961.244,33022472,loop
1961.349,33022472,loop
1961.454,33022472,loop
1961.800,32992496,loop
1973.464,1255964,loop
