t_s,rss_kb,phase
0.000,347692,start
0.112,356612,setup
0.662,504240,setup
1.121,523364,setup
1.555,523380,setup
1.992,523428,setup
2.200,533324,setup
2.478,538336,setup
3.045,562836,setup
3.572,570800,loop
5.080,633488,loop
6.050,647048,loop
7.013,661512,loop
62.301,9893968,loop
62.513,10241036,loop
62.631,10288236,loop
62.754,10326252,loop
62.859,10369284,loop
62.964,10399908,loop
63.073,10417596,loop
63.236,10464060,loop
63.441,10522668,loop
63.697,10594740,loop
63.802,10685820,loop
64.017,10685820,loop
64.122,10776868,loop
64.417,10799308,loop
64.522,10890388,loop
64.917,10941868,loop
65.022,11032420,loop
65.543,11118484,loop
65.649,11209816,loop
65.754,11301108,loop
66.324,11339916,loop
66.430,11431260,loop
66.535,11521812,loop
66.640,11612364,loop
67.303,11616324,loop
67.409,11707140,loop
67.514,11798220,loop
67.619,11889036,loop
68.527,11962956,loop
68.632,12053244,loop
68.738,12144060,loop
68.843,12234876,loop
68.948,12325332,loop
70.058,12395292,loop
70.164,12486636,loop
70.269,12577188,loop
70.374,12668288,loop
70.480,12758840,loop
70.585,12849920,loop
71.969,12935984,loop
72.075,13026536,loop
72.180,13116560,loop
72.285,13206848,loop
72.390,13297400,loop
72.496,13388216,loop
72.601,13479296,loop
72.706,13570112,loop
74.365,13611880,loop
74.470,13702960,loop
74.575,13793912,loop
74.680,13884992,loop
74.786,13976072,loop
74.891,14066624,loop
74.996,14157440,loop
75.101,14248256,loop
75.207,14339336,loop
75.312,14430296,loop
77.353,14457752,loop
77.458,14548568,loop
77.564,14639384,loop
77.669,14729408,loop
77.774,14819696,loop
77.879,14910248,loop
77.985,15000272,loop
78.090,15090824,loop
78.195,15180848,loop
78.300,15270872,loop
78.406,15361424,loop
78.511,15451448,loop
81.097,15514544,loop
81.202,15605624,loop
81.308,15696440,loop
81.413,15787256,loop
81.518,15877544,loop
81.623,15968096,loop
81.728,16059440,loop
81.834,16150520,loop
81.939,16241864,loop
82.044,16332944,loop
82.149,16424024,loop
82.255,16515632,loop
82.360,16606184,loop
82.465,16697528,loop
82.570,16788608,loop
85.760,16839344,loop
85.865,16931216,loop
85.970,17022824,loop
86.076,17115224,loop
86.181,17206568,loop
86.286,17298440,loop
86.391,17390576,loop
86.496,17482184,loop
86.602,17573792,loop
86.707,17665928,loop
86.812,17757800,loop
86.917,17849672,loop
87.023,17941808,loop
87.128,18033680,loop
87.233,18125816,loop
87.338,18217952,loop
87.444,18309824,loop
87.549,18401960,loop
91.571,18489608,loop
91.676,18582152,loop
91.781,18673760,loop
91.886,18765632,loop
91.991,18858032,loop
92.097,18949640,loop
92.202,19041512,loop
92.307,19133912,loop
92.412,19226312,loop
92.518,19318712,loop
92.623,19410584,loop
92.728,19501928,loop
92.833,19594328,loop
92.939,19686992,loop
93.044,19779656,loop
93.149,19872320,loop
93.255,19964984,loop
93.360,20053788,loop
93.465,20145132,loop
93.571,20237004,loop
93.676,20328876,loop
93.781,20420748,loop
93.886,20512884,loop
98.841,20553540,loop
98.946,20645148,loop
99.051,20737020,loop
99.156,20829420,loop
99.262,20920500,loop
99.367,21012108,loop
99.472,21103716,loop
99.577,21195588,loop
99.683,21287724,loop
99.788,21380124,loop
99.893,21471996,loop
99.998,21563868,loop
100.104,21656268,loop
100.209,21748140,loop
100.314,21840012,loop
100.419,21932148,loop
100.525,22023756,loop
100.630,22115892,loop
100.735,22207500,loop
100.840,22299636,loop
100.946,22391772,loop
101.051,22483380,loop
101.156,22575516,loop
101.261,22667388,loop
101.367,22759524,loop
101.472,22851660,loop
101.577,22943796,loop
101.682,23035404,loop
101.787,23126748,loop
107.923,23133612,loop
108.029,23225748,loop
108.134,23317092,loop
108.239,23408964,loop
108.344,23500572,loop
108.450,23592444,loop
108.555,23684052,loop
108.660,23775924,loop
108.765,23868060,loop
108.871,23960196,loop
108.976,24051804,loop
109.081,24143940,loop
109.186,24236604,loop
109.291,24327948,loop
109.397,24419820,loop
109.502,24511956,loop
109.607,24604092,loop
109.712,24696228,loop
109.818,24788628,loop
109.923,24880764,loop
110.028,24972636,loop
110.133,25064508,loop
110.238,25155852,loop
110.344,25247724,loop
110.449,25339596,loop
110.554,25431468,loop
110.660,25523076,loop
110.765,25615212,loop
110.870,25707348,loop
110.975,25799484,loop
111.081,25891884,loop
111.186,25984284,loop
111.291,26075892,loop
111.396,26167500,loop
111.502,26259372,loop
111.607,26351244,loop
119.330,26358712,loop
119.435,26450428,loop
119.540,26542036,loop
119.646,26634172,loop
119.751,26725780,loop
119.856,26817148,loop
119.961,26907172,loop
120.066,26999044,loop
120.172,27090916,loop
120.277,27183316,loop
120.382,27275188,loop
120.488,27366796,loop
120.593,27458140,loop
120.698,27549748,loop
120.803,27641356,loop
120.909,27733228,loop
121.014,27825100,loop
121.119,27917500,loop
121.224,28008844,loop
121.330,28100188,loop
121.435,28190740,loop
121.540,28282612,loop
121.746,28697284,loop
121.851,28788100,loop
121.956,28879708,loop
122.061,28971052,loop
122.166,29062132,loop
122.272,29153476,loop
122.377,29244556,loop
122.482,29335636,loop
122.587,29426980,loop
122.693,29518060,loop
122.798,29609140,loop
122.903,29698636,loop
123.008,29789716,loop
123.114,29881060,loop
123.219,29972668,loop
123.324,30063748,loop
123.429,30154828,loop
123.535,30245908,loop
123.640,30336988,loop
123.745,30428068,loop
123.850,30519412,loop
123.956,30611284,loop
124.061,30698404,loop
134.084,30736800,loop
134.190,30828180,loop
134.295,30914244,loop
134.400,31005588,loop
134.505,31097460,loop
134.611,31188804,loop
134.716,31280412,loop
134.821,31371492,loop
134.926,31462836,loop
135.031,31554972,loop
135.137,31646580,loop
135.242,31738452,loop
135.347,31830588,loop
135.452,31922460,loop
135.558,32014596,loop
135.663,32105676,loop
135.768,32196756,loop
135.873,32288892,loop
135.978,32380500,loop
136.084,32472108,loop
136.189,32563452,loop
136.294,32654532,loop
136.399,32745876,loop
136.505,32837220,loop
136.610,32928828,loop
136.715,33019908,loop
136.820,33111252,loop
136.926,33203388,loop
137.031,33295260,loop
137.136,33386340,loop
137.241,33478212,loop
137.347,33570348,loop
137.452,33662220,loop
137.557,33753564,loop
137.662,33844908,loop
137.767,33936516,loop
137.873,34028388,loop
137.978,34120524,loop
138.083,34212396,loop
138.188,34304532,loop
138.294,34395612,loop
138.399,34486956,loop
138.504,34577572,loop
138.609,34669180,loop
138.714,34760524,loop
138.820,34851868,loop
138.925,34942948,loop
139.030,35034556,loop
139.135,35125636,loop
139.241,35217772,loop
139.346,35309908,loop
139.451,35401780,loop
139.556,35493124,loop
139.662,35584468,loop
139.767,35675548,loop
139.872,35766892,loop
152.431,35775224,loop
152.537,35866100,loop
152.642,35956116,loop
152.747,36047720,loop
152.852,36139588,loop
152.958,36231200,loop
153.063,36322276,loop
153.168,36411768,loop
153.273,36503368,loop
153.378,36594704,loop
153.484,36685780,loop
153.589,36775800,loop
153.694,36866876,loop
153.799,36958212,loop
153.905,37049288,loop
154.010,37140628,loop
154.115,37230648,loop
154.220,37321988,loop
154.326,37413328,loop
154.431,37505192,loop
154.536,37595212,loop
154.641,37686816,loop
154.746,37778156,loop
154.852,37864744,loop
154.957,37956084,loop
155.062,38045572,loop
155.167,38137176,loop
155.273,38228776,loop
155.378,38320380,loop
155.483,38410400,loop
155.588,38502264,loop
155.694,38593340,loop
155.799,38684944,loop
155.904,38776672,loop
156.009,38866164,loop
156.114,38957240,loop
156.220,39048316,loop
156.325,39139392,loop
156.430,39229412,loop
156.535,39320488,loop
156.641,39411564,loop
156.746,39503432,loop
156.851,39594508,loop
156.957,39684264,loop
157.062,39775076,loop
157.235,39796456,loop
157.340,39887532,loop
157.445,39978344,loop
157.550,40068100,loop
157.656,40159176,loop
157.761,40250252,loop
157.866,40341328,loop
157.971,40431084,loop
158.077,40522688,loop
158.182,40613764,loop
158.287,40704840,loop
158.392,40795916,loop
158.498,40885144,loop
158.603,40976220,loop
158.708,41067556,loop
158.813,41159160,loop
158.918,41249972,loop
159.024,41341048,loop
159.129,41432124,loop
159.234,41523200,loop
159.339,41614012,loop
159.444,41704812,loop
159.550,41795624,loop
159.655,41886696,loop
159.760,41977504,loop
159.865,42067256,loop
176.703,42072480,loop
176.808,42163348,loop
176.913,42252836,loop
177.018,42344700,loop
177.124,42435776,loop
177.229,42526848,loop
177.334,42616860,loop
177.439,42707932,loop
177.544,42799268,loop
177.650,42890604,loop
177.755,42982468,loop
177.860,43072488,loop
177.966,43164088,loop
178.071,43255424,loop
178.176,43346760,loop
178.281,43435984,loop
178.386,43527320,loop
178.492,43617324,loop
178.597,43708664,loop
178.702,43799740,loop
178.807,43889760,loop
178.913,43981364,loop
179.018,44072440,loop
179.123,44163780,loop
179.229,44253540,loop
179.334,44344616,loop
179.439,44436220,loop
179.544,44527296,loop
179.649,44618636,loop
179.755,44708392,loop
179.860,44799468,loop
179.965,44890812,loop
180.070,44982152,loop
180.175,45071908,loop
180.281,45163248,loop
180.386,45254324,loop
180.491,45345664,loop
180.596,45437272,loop
180.702,45527292,loop
180.807,45618896,loop
180.912,45710236,loop
181.017,45801312,loop
181.122,45890804,loop
181.228,45981880,loop
181.333,46073752,loop
181.438,46164828,loop
181.543,46256168,loop
181.648,46345924,loop
181.754,46437264,loop
181.859,46528604,loop
181.964,46619944,loop
182.069,46709704,loop
182.175,46800324,loop
182.344,47149960,loop
182.449,47239276,loop
182.555,47331676,loop
182.660,47425396,loop
182.765,47518852,loop
182.870,47612836,loop
182.976,47706556,loop
183.081,47798692,loop
183.186,47892412,loop
183.291,47985868,loop
183.397,48079588,loop
183.502,48171460,loop
183.607,48265180,loop
183.712,48359164,loop
183.818,48452620,loop
183.923,48546604,loop
184.028,48639004,loop
184.133,48732460,loop
184.239,48826180,loop
184.344,48920164,loop
184.449,49012036,loop
184.554,49105756,loop
184.660,49199740,loop
184.765,49293196,loop
184.870,49386916,loop
184.975,49479316,loop
185.081,49572772,loop
185.186,49666492,loop
185.291,49760644,loop
185.396,49852780,loop
185.502,49941748,loop
185.607,50035468,loop
185.712,50128924,loop
185.817,50222644,loop
207.081,50291500,loop
207.186,50383928,loop
207.292,50477904,loop
207.397,50571880,loop
207.502,50664540,loop
207.607,50758516,loop
207.713,50852492,loop
207.818,50946728,loop
207.923,51039120,loop
208.028,51132828,loop
208.134,51226804,loop
208.239,51319460,loop
208.344,51413172,loop
208.449,51507412,loop
208.554,51599804,loop
208.660,51693780,loop
208.765,51788020,loop
208.870,51881996,loop
208.975,51974384,loop
209.081,52068360,loop
209.186,52162644,loop
209.291,52255032,loop
209.396,52349008,loop
209.502,52442984,loop
209.607,52535372,loop
209.712,52629348,loop
209.817,52723852,loop
209.923,52818092,loop
210.028,52910488,loop
210.133,53004196,loop
210.238,53098172,loop
210.344,53190564,loop
210.449,53284800,loop
210.554,53379040,loop
210.659,53471432,loop
210.764,53565140,loop
210.870,53659384,loop
210.975,53753360,loop
211.080,53845752,loop
211.185,53939992,loop
211.291,54034228,loop
211.396,54126884,loop
211.502,54221388,loop
211.607,54315096,loop
211.712,54407492,loop
211.817,54501468,loop
211.922,54595176,loop
212.028,54687832,loop
212.133,54782072,loop
212.238,54875520,loop
212.344,54969232,loop
212.449,55061620,loop
212.554,55155336,loop
212.659,55249020,loop
212.765,55341412,loop
212.870,55435384,loop
212.975,55529096,loop
213.080,55621224,loop
213.186,55715464,loop
213.291,55808912,loop
213.396,55902628,loop
213.502,55995020,loop
213.607,56088996,loop
213.712,56182444,loop
213.817,56274572,loop
213.923,56368812,loop
214.028,56462260,loop
214.133,56554648,loop
214.238,56648628,loop
214.343,56742076,loop
214.449,56835788,loop
214.554,56928180,loop
214.659,57022156,loop
214.764,57115868,loop
214.870,57207996,loop
214.975,57301972,loop
215.080,57395424,loop
215.185,57487552,loop
215.290,57581528,loop
215.396,57675236,loop
215.501,57767628,loop
215.606,57861340,loop
215.711,57955316,loop
215.817,58049028,loop
215.922,58141160,loop
216.027,58235400,loop
216.132,58329376,loop
216.238,58416776,loop
216.343,58510488,loop
216.448,58604200,loop
216.553,58696328,loop
216.659,58790040,loop
216.764,58883752,loop
216.869,58977728,loop
216.974,59069856,loop
217.080,59163568,loop
217.320,59170432,loop
217.425,59264408,loop
217.530,59356536,loop
217.636,59450248,loop
217.741,59544228,loop
217.846,59636620,loop
217.952,59730332,loop
218.057,59824040,loop
218.163,59916696,loop
218.268,60010672,loop
218.373,60104648,loop
245.873,60134276,loop
245.978,60227816,loop
246.083,60320208,loop
246.189,60413656,loop
246.294,60507900,loop
246.399,60601344,loop
246.504,60695056,loop
246.610,60789032,loop
246.715,60882744,loop
246.820,60976456,loop
246.925,61065680,loop
247.030,61159656,loop
247.328,61210076,loop
247.433,61304052,loop
247.538,61398028,loop
247.644,61491476,loop
247.749,61585452,loop
247.854,61679432,loop
247.959,61772880,loop
248.065,61866592,loop
248.170,61960568,loop
248.275,62052432,loop
248.380,62146140,loop
248.485,62240380,loop
248.591,62332244,loop
248.696,62425960,loop
248.801,62519936,loop
248.906,62612064,loop
249.012,62705512,loop
249.117,62799752,loop
249.222,62893200,loop
249.327,62985328,loop
249.432,63079304,loop
249.538,63173020,loop
249.643,63265144,loop
249.748,63359120,loop
249.854,63453096,loop
249.959,63545224,loop
250.064,63638936,loop
250.169,63732912,loop
250.274,63826624,loop
250.380,63918756,loop
250.485,64012468,loop
250.590,64106708,loop
250.695,64198572,loop
250.801,64292284,loop
250.906,64386256,loop
251.011,64478648,loop
251.116,64572360,loop
251.222,64666076,loop
251.327,64760316,loop
251.432,64852180,loop
251.537,64946156,loop
251.643,65040132,loop
251.748,65132524,loop
251.853,65225984,loop
251.953,65545576,loop
252.053,65772964,loop
252.154,65784216,loop
253.021,65880368,loop
253.126,65880636,loop
253.231,65880640,loop
253.336,65880748,loop
253.441,65880752,loop
253.547,65880760,loop
253.652,65880760,loop
253.757,65880768,loop
253.862,65880768,loop
253.967,65880772,loop
254.073,65880776,loop
254.178,65880780,loop
254.283,65880784,loop
254.388,65880788,loop
254.493,65880792,loop
254.598,65880796,loop
254.704,65880800,loop
254.809,65880800,loop
254.914,65880808,loop
255.019,65880808,loop
255.124,65880812,loop
255.229,65880816,loop
255.335,65880820,loop
255.440,65880824,loop
255.545,65880828,loop
255.650,65880832,loop
255.755,65880836,loop
255.860,65880840,loop
255.966,65880840,loop
256.071,65880844,loop
256.176,65880848,loop
256.281,65880852,loop
256.386,65880856,loop
256.491,65880860,loop
256.597,65880864,loop
256.702,65880868,loop
256.807,65880872,loop
256.912,65880876,loop
257.017,65880876,loop
257.122,65880880,loop
257.228,65880884,loop
257.333,65880888,loop
257.438,65880892,loop
257.543,65880896,loop
257.648,65880900,loop
257.753,65880904,loop
257.859,65880908,loop
257.964,65880912,loop
258.069,65880912,loop
258.174,65880916,loop
258.279,65880920,loop
258.384,65880924,loop
258.490,65880928,loop
258.595,65880932,loop
258.700,65880936,loop
258.805,65880940,loop
258.910,65880940,loop
259.015,65880948,loop
259.121,65880948,loop
259.226,65880952,loop
259.331,65880956,loop
259.436,65880960,loop
259.541,65880964,loop
259.646,65880968,loop
259.752,65880972,loop
259.857,65880976,loop
259.962,65880976,loop
260.067,65880980,loop
260.172,65880984,loop
260.277,65880988,loop
260.383,65880992,loop
260.488,65880996,loop
260.593,65881000,loop
260.698,65881004,loop
260.803,65881008,loop
260.908,65881012,loop
261.014,65881012,loop
261.119,65881016,loop
261.224,65881020,loop
261.329,65881024,loop
261.434,65881028,loop
261.539,65881032,loop
261.645,65881036,loop
261.750,65881040,loop
261.855,65881040,loop
261.960,65881048,loop
262.065,65881048,loop
262.170,65881052,loop
262.276,65881056,loop
262.381,65881060,loop
262.486,65881064,loop
262.591,65881068,loop
262.696,65881072,loop
262.801,65881076,loop
262.907,65881076,loop
263.012,65881084,loop
263.117,65881084,loop
263.222,65881088,loop
263.327,65881092,loop
263.432,65881096,loop
263.538,65881100,loop
263.643,65881104,loop
263.748,65881108,loop
263.853,65881112,loop
263.958,65881112,loop
264.063,65881120,loop
264.169,65881120,loop
264.274,65881124,loop
264.379,65881128,loop
264.484,65881132,loop
264.589,65881136,loop
264.694,65881140,loop
264.800,65881140,loop
264.905,65881148,loop
265.010,65881148,loop
265.115,65881152,loop
265.220,65881156,loop
265.325,65881160,loop
265.431,65881164,loop
265.536,65881168,loop
265.641,65881172,loop
265.746,65881176,loop
265.851,65881176,loop
265.956,65881184,loop
266.062,65881184,loop
266.167,65881188,loop
266.272,65881192,loop
266.377,65881196,loop
266.482,65881200,loop
266.587,65881204,loop
266.693,65881208,loop
266.798,65881212,loop
266.903,65881212,loop
267.008,65881216,loop
267.113,65881220,loop
267.218,65881224,loop
267.324,65881228,loop
267.429,65881232,loop
267.534,65881236,loop
267.639,65881240,loop
267.744,65881244,loop
267.849,65881248,loop
267.955,65881248,loop
268.060,65881252,loop
268.165,65881256,loop
268.270,65881260,loop
268.375,65881264,loop
268.480,65881268,loop
268.586,65881272,loop
268.691,65881276,loop
268.796,65881280,loop
268.901,65881280,loop
269.006,65881284,loop
269.111,65881288,loop
269.217,65881292,loop
269.323,65881296,loop
269.428,65881300,loop
269.533,65881304,loop
269.638,65881308,loop
269.743,65881312,loop
269.848,65881312,loop
269.954,65881316,loop
270.059,65881320,loop
270.164,65881324,loop
270.269,65881328,loop
270.374,65881332,loop
270.479,65881336,loop
270.585,65881340,loop
270.690,65881344,loop
270.795,65881348,loop
270.900,65881348,loop
271.005,65881352,loop
271.110,65881356,loop
271.216,65881360,loop
271.321,65881364,loop
271.426,65881368,loop
271.531,65881372,loop
271.636,65881376,loop
271.741,65881380,loop
271.847,65881380,loop
271.952,65881384,loop
272.057,65881388,loop
272.162,65881392,loop
272.267,65881396,loop
272.372,65881400,loop
272.478,65881404,loop
272.583,65881408,loop
272.688,65881412,loop
272.793,65881412,loop
272.898,65881420,loop
273.003,65881420,loop
273.109,65881424,loop
273.214,65881428,loop
273.319,65881432,loop
273.424,65881436,loop
273.529,65881440,loop
273.634,65881444,loop
273.740,65881448,loop
273.845,65881448,loop
273.950,65881452,loop
274.055,65881456,loop
274.160,65881460,loop
274.265,65881464,loop
274.371,65881468,loop
274.476,65881472,loop
274.581,65881476,loop
274.686,65881476,loop
274.791,65881484,loop
274.896,65881484,loop
275.002,65881488,loop
275.107,65881492,loop
275.212,65881496,loop
275.317,65881500,loop
275.422,65881504,loop
275.527,65881508,loop
275.633,65881512,loop
275.738,65881516,loop
275.843,65881520,loop
275.948,65881520,loop
276.053,65881524,loop
276.158,65881528,loop
276.264,65881532,loop
276.369,65881536,loop
276.474,65881540,loop
276.579,65881544,loop
276.684,65881548,loop
276.789,65881548,loop
276.895,65881552,loop
277.000,65881556,loop
277.105,65881560,loop
277.210,65881564,loop
277.315,65881568,loop
277.420,65881572,loop
277.526,65881572,loop
277.631,65881576,loop
277.736,65881584,loop
277.841,65881584,loop
277.946,65881588,loop
278.051,65881592,loop
278.157,65881596,loop
278.262,65881600,loop
278.367,65881604,loop
278.472,65881608,loop
278.577,65881608,loop
278.682,65881612,loop
278.788,65881616,loop
278.893,65881620,loop
278.998,65881624,loop
279.103,65881628,loop
279.208,65881632,loop
279.313,65881636,loop
279.419,65881640,loop
279.524,65881644,loop
279.629,65881648,loop
279.734,65881648,loop
279.839,65881652,loop
279.944,65881660,loop
280.050,65881660,loop
280.155,65881664,loop
280.260,65881668,loop
280.365,65881672,loop
280.470,65881672,loop
280.575,65881680,loop
280.681,65881684,loop
280.786,65881684,loop
280.891,65881688,loop
280.996,65881692,loop
281.101,65881696,loop
281.206,65881700,loop
281.312,65881704,loop
281.417,65881708,loop
281.522,65881708,loop
281.628,65881712,loop
281.733,65881720,loop
281.838,65881720,loop
281.943,65881724,loop
282.048,65881728,loop
282.153,65881732,loop
282.259,65881736,loop
282.364,65881740,loop
282.469,65881744,loop
282.574,65881744,loop
282.679,65881748,loop
282.784,65881756,loop
282.890,65881756,loop
282.995,65881760,loop
283.100,65881764,loop
283.205,65881768,loop
283.310,65881768,loop
283.415,65881776,loop
283.521,65881780,loop
283.626,65881784,loop
283.731,65881784,loop
283.836,65881788,loop
283.941,65881792,loop
284.046,65881796,loop
284.152,65881800,loop
284.257,65881804,loop
284.362,65881808,loop
284.467,65881808,loop
284.572,65881816,loop
284.677,65881820,loop
284.783,65881820,loop
284.888,65881824,loop
284.993,65881828,loop
285.098,65881832,loop
285.203,65881836,loop
285.308,65881840,loop
285.414,65881844,loop
285.519,65881844,loop
285.624,65881848,loop
285.729,65881856,loop
285.834,65881856,loop
285.939,65881860,loop
286.045,65881864,loop
286.150,65881868,loop
286.255,65881872,loop
286.360,65881876,loop
286.465,65881880,loop
286.570,65881880,loop
286.676,65881884,loop
286.781,65881888,loop
286.886,65881896,loop
286.991,65881896,loop
287.096,65881900,loop
287.201,65881904,loop
287.307,65881908,loop
287.412,65881908,loop
287.517,65881916,loop
287.622,65881920,loop
287.727,65881920,loop
287.832,65881924,loop
287.938,65881928,loop
288.043,65881932,loop
288.148,65883980,loop
288.253,65883980,loop
288.358,65883980,loop
288.463,65883980,loop
288.569,65883980,loop
288.674,65883980,loop
288.779,65883980,loop
288.884,65883980,loop
288.989,65883980,loop
289.094,65883980,loop
289.200,65883980,loop
289.305,65883980,loop
289.410,65883980,loop
289.515,65883980,loop
289.620,65883980,loop
289.725,65883980,loop
289.831,65883980,loop
289.936,65883980,loop
290.041,65883980,loop
290.146,65883980,loop
290.251,65883980,loop
290.356,65883980,loop
290.462,65883980,loop
290.567,65883980,loop
290.672,65883980,loop
290.777,65883980,loop
290.882,65883980,loop
290.987,65883980,loop
291.093,65883980,loop
291.198,65883980,loop
291.303,65883980,loop
291.408,65883980,loop
291.513,65883980,loop
291.618,65883980,loop
291.724,65883980,loop
291.829,65883980,loop
291.934,65883980,loop
292.039,65883980,loop
292.144,65883980,loop
292.249,65883980,loop
292.355,65883980,loop
292.460,65883980,loop
292.565,65883980,loop
292.670,65883980,loop
292.775,65883980,loop
292.880,65883980,loop
292.986,65883980,loop
293.091,65883980,loop
293.196,65883980,loop
293.301,65883980,loop
293.406,65883980,loop
293.511,65883980,loop
293.617,65883980,loop
293.722,65883980,loop
293.827,65883980,loop
293.932,65883980,loop
294.037,65883980,loop
294.142,65883980,loop
294.248,65883980,loop
294.353,65883980,loop
294.458,65883980,loop
294.563,65883980,loop
294.668,65883980,loop
294.773,65883980,loop
294.879,65883980,loop
294.984,65883980,loop
295.089,65883980,loop
295.194,65883980,loop
295.299,65883980,loop
295.404,65883980,loop
295.510,65883980,loop
295.615,65883980,loop
295.720,65883980,loop
295.825,65883980,loop
295.930,65883980,loop
296.035,65883980,loop
296.141,65883980,loop
296.246,65883980,loop
296.351,65883980,loop
296.456,65883980,loop
296.561,65883980,loop
296.666,65883980,loop
296.772,65883980,loop
296.877,65883980,loop
296.982,65883980,loop
297.087,65883980,loop
297.192,65883980,loop
297.297,65883980,loop
297.403,65883980,loop
297.508,65883980,loop
297.613,65883980,loop
297.718,65883980,loop
297.823,65883980,loop
297.928,65883980,loop
298.034,65883980,loop
298.139,65883980,loop
298.244,65883980,loop
298.349,65883980,loop
298.454,65883980,loop
298.559,65883980,loop
298.665,65883980,loop
298.770,65883980,loop
298.875,65883980,loop
298.980,65883980,loop
299.085,65883980,loop
299.190,65883980,loop
299.296,65883980,loop
299.401,65883980,loop
299.506,65883980,loop
299.611,65883980,loop
299.716,65883980,loop
299.821,65883980,loop
299.927,65883980,loop
300.032,65883980,loop
300.137,65883980,loop
300.242,65883980,loop
300.347,65883980,loop
300.452,65883980,loop
300.558,65883980,loop
300.663,65883980,loop
300.768,65883980,loop
300.873,65883980,loop
300.978,65883980,loop
301.083,65883980,loop
301.189,65883980,loop
301.294,65883980,loop
301.399,65883980,loop
301.504,65883980,loop
301.609,65883980,loop
301.714,65883980,loop
301.820,65883980,loop
301.925,65883980,loop
302.030,65883980,loop
302.135,65883980,loop
302.240,65883980,loop
302.345,65883980,loop
302.451,65883980,loop
302.556,65883980,loop
302.661,65883980,loop
302.766,65883980,loop
302.871,65883980,loop
302.976,65883980,loop
303.082,65883980,loop
303.187,65883980,loop
303.292,65883980,loop
303.397,65883980,loop
303.502,65883980,loop
303.607,65883980,loop
303.713,65883980,loop
303.818,65883980,loop
303.923,65883980,loop
304.028,65883980,loop
304.133,65883980,loop
304.238,65883980,loop
304.344,65883980,loop
304.449,65883980,loop
304.554,65883980,loop
304.659,65883980,loop
304.764,65883980,loop
304.869,65883980,loop
304.975,65883980,loop
305.080,65883980,loop
305.185,65883980,loop
305.290,65883980,loop
305.395,65883980,loop
305.500,65883980,loop
305.606,65883980,loop
305.711,65883980,loop
305.816,65883980,loop
305.921,65883980,loop
306.026,65883980,loop
306.131,65883980,loop
306.237,65883980,loop
306.342,65883980,loop
306.447,65883980,loop
306.552,65883980,loop
306.657,65883980,loop
306.762,65883980,loop
306.868,65883980,loop
306.973,65883980,loop
307.078,65883980,loop
307.183,65883980,loop
307.288,65883980,loop
307.393,65883980,loop
307.499,65883980,loop
307.604,65883980,loop
307.709,65883980,loop
307.814,65883980,loop
307.919,65883980,loop
308.024,65883980,loop
308.130,65883980,loop
308.235,65883980,loop
308.340,65883980,loop
308.445,65883980,loop
308.550,65883980,loop
308.655,65883980,loop
308.761,65883980,loop
308.866,65883980,loop
308.971,65883980,loop
309.076,65883980,loop
309.181,65883980,loop
309.286,65883980,loop
309.392,65883980,loop
309.497,65883980,loop
309.602,65883980,loop
309.707,65883980,loop
309.812,65883980,loop
309.917,65883980,loop
310.023,65883980,loop
310.128,65883980,loop
310.233,65883980,loop
310.338,65883980,loop
310.443,65883980,loop
310.548,65883980,loop
310.654,65883980,loop
310.759,65883980,loop
310.864,65883980,loop
310.969,65883980,loop
311.074,65883980,loop
311.179,65883980,loop
311.285,65883980,loop
311.390,65883980,loop
311.495,65883980,loop
311.600,65883980,loop
311.705,65883980,loop
311.810,65883980,loop
311.916,65883980,loop
312.021,65883980,loop
312.126,65883980,loop
312.231,65883980,loop
312.336,65883980,loop
312.441,65883980,loop
312.547,65883980,loop
312.652,65883980,loop
312.757,65883980,loop
312.862,65883980,loop
312.967,65883980,loop
313.072,65883980,loop
313.178,65883980,loop
313.283,65883980,loop
313.388,65883980,loop
313.493,65883980,loop
313.598,65883980,loop
313.703,65883980,loop
313.809,65883980,loop
313.914,65883980,loop
314.019,65883980,loop
314.124,65883980,loop
314.229,65883980,loop
314.334,65883980,loop
314.440,65883980,loop
314.545,65883980,loop
314.650,65883980,loop
314.755,65883980,loop
314.860,65883980,loop
314.965,65883980,loop
315.071,65883980,loop
315.176,65883980,loop
315.281,65883980,loop
315.386,65883980,loop
315.491,65883980,loop
315.596,65883980,loop
315.702,65883980,loop
315.807,65883980,loop
315.912,65883980,loop
316.017,65883980,loop
316.122,65883980,loop
316.227,65883980,loop
316.333,65883980,loop
316.438,65883980,loop
316.543,65883980,loop
316.648,65883980,loop
316.753,65883980,loop
316.858,65883980,loop
316.964,65883980,loop
317.069,65883980,loop
317.174,65883980,loop
317.279,65883980,loop
317.384,65883980,loop
317.489,65883980,loop
317.595,65883980,loop
317.700,65883980,loop
317.805,65883980,loop
317.910,65883980,loop
318.015,65883980,loop
318.120,65883980,loop
318.226,65883980,loop
318.331,65883980,loop
318.436,65883980,loop
318.541,65883980,loop
318.646,65883980,loop
318.751,65883980,loop
318.857,65883980,loop
318.962,65883980,loop
319.067,65883980,loop
319.172,65883980,loop
319.277,65883980,loop
319.382,65883980,loop
319.488,65883980,loop
319.593,65883980,loop
319.698,65883980,loop
319.803,65883980,loop
319.908,65883980,loop
320.013,65883980,loop
320.119,65883980,loop
320.224,65883980,loop
320.329,65883980,loop
320.434,65883980,loop
320.539,65883980,loop
320.644,65883980,loop
320.750,65883980,loop
320.855,65883980,loop
320.960,65883980,loop
321.065,65883980,loop
321.170,65883980,loop
321.275,65883980,loop
321.381,65883980,loop
321.486,65883980,loop
321.591,65883980,loop
321.696,65883980,loop
321.801,65883980,loop
321.906,65883980,loop
322.012,65883980,loop
322.117,65883980,loop
322.222,65883980,loop
322.327,65883980,loop
322.432,65883980,loop
322.537,65883980,loop
322.643,65883980,loop
322.748,65883980,loop
322.853,65883980,loop
322.958,65883980,loop
323.063,65883980,loop
323.168,65883980,loop
323.274,65883980,loop
323.379,65883980,loop
323.484,65883980,loop
323.589,65883980,loop
323.694,65883980,loop
323.799,65883980,loop
323.905,65883980,loop
324.010,65883980,loop
324.115,65883980,loop
324.220,65883980,loop
324.325,65883980,loop
324.430,65883980,loop
324.536,65883980,loop
324.641,65883980,loop
324.746,65883980,loop
324.851,65883980,loop
324.956,65883980,loop
325.061,65883980,loop
325.167,65883980,loop
325.272,65883980,loop
325.377,65883980,loop
325.482,65883980,loop
325.587,65883980,loop
325.692,65883980,loop
325.798,65883980,loop
325.903,65883980,loop
326.008,65883980,loop
326.113,65883980,loop
326.218,65883980,loop
326.323,65883980,loop
326.429,65883980,loop
326.534,65883980,loop
326.639,65883980,loop
326.744,65883980,loop
326.849,65883980,loop
326.954,65883980,loop
327.060,65883980,loop
327.165,65883980,loop
327.270,65883980,loop
327.375,65883980,loop
327.480,65883980,loop
327.585,65883980,loop
327.691,65883980,loop
327.796,65883980,loop
327.901,65883980,loop
328.006,65883980,loop
328.111,65883980,loop
328.216,65883980,loop
328.322,65883980,loop
328.427,65883980,loop
328.532,65883980,loop
328.637,65883980,loop
328.742,65883980,loop
328.847,65883980,loop
328.953,65883980,loop
329.058,65883980,loop
329.163,65883980,loop
329.268,65883980,loop
329.373,65883980,loop
329.478,65883980,loop
329.584,65883980,loop
329.689,65883980,loop
329.794,65883980,loop
329.899,65883980,loop
330.004,65883980,loop
330.109,65883980,loop
330.215,65883980,loop
330.320,65883980,loop
330.425,65883980,loop
330.530,65883980,loop
330.635,65883980,loop
330.740,65883980,loop
330.846,65883980,loop
330.951,65883980,loop
331.056,65883980,loop
331.161,65883980,loop
331.266,65883980,loop
331.371,65883980,loop
331.477,65883980,loop
331.582,65883980,loop
331.687,65883980,loop
331.792,65883980,loop
331.897,65883980,loop
332.002,65883980,loop
332.108,65883980,loop
332.213,65883980,loop
332.318,65883980,loop
332.423,65883980,loop
332.528,65883980,loop
332.633,65883980,loop
332.739,65883980,loop
332.844,65883980,loop
332.949,65883980,loop
333.054,65883980,loop
333.159,65883980,loop
333.264,65883980,loop
333.370,65883980,loop
333.475,65883980,loop
333.580,65883980,loop
333.685,65883980,loop
333.791,65883980,loop
333.896,65883980,loop
334.001,65883980,loop
334.106,65883980,loop
334.211,65883980,loop
334.316,65883980,loop
334.422,65883980,loop
334.527,65883980,loop
334.632,65883980,loop
334.737,65883980,loop
334.842,65883980,loop
334.947,65883980,loop
335.053,65883980,loop
335.158,65883980,loop
335.263,65883980,loop
335.368,65883980,loop
335.473,65883980,loop
335.578,65883980,loop
335.684,65883980,loop
335.789,65883980,loop
335.894,65883980,loop
335.999,65883980,loop
336.104,65883980,loop
336.209,65883980,loop
336.315,65883980,loop
336.420,65883980,loop
336.525,65883980,loop
336.630,65883980,loop
336.735,65883980,loop
336.840,65883980,loop
336.946,65883980,loop
337.051,65883980,loop
337.156,65883980,loop
337.261,65883980,loop
337.366,65883980,loop
337.471,65883980,loop
337.577,65883980,loop
337.682,65883980,loop
337.787,65883980,loop
337.892,65883980,loop
337.997,65883980,loop
338.102,65883980,loop
338.208,65883980,loop
338.313,65883980,loop
338.418,65883980,loop
338.523,65883980,loop
338.628,65883980,loop
338.733,65883980,loop
338.839,65883980,loop
338.944,65883980,loop
339.049,65883980,loop
339.154,65883980,loop
339.259,65883980,loop
339.364,65883980,loop
339.470,65883980,loop
339.575,65883980,loop
339.680,65883980,loop
339.785,65883980,loop
339.890,65883980,loop
339.995,65883980,loop
340.101,65883980,loop
340.206,65883980,loop
340.311,65883980,loop
340.416,65883980,loop
340.521,65883980,loop
340.626,65883980,loop
340.732,65883980,loop
340.837,65883980,loop
340.942,65883980,loop
341.047,65883980,loop
341.152,65883980,loop
341.257,65883980,loop
341.363,65883980,loop
341.468,65883980,loop
341.573,65883980,loop
341.678,65883980,loop
341.783,65883980,loop
341.888,65883980,loop
341.994,65883980,loop
342.099,65883980,loop
342.204,65883980,loop
342.309,65883980,loop
342.414,65883980,loop
342.519,65883980,loop
342.625,65883980,loop
342.730,65883980,loop
342.835,65883980,loop
342.940,65883980,loop
343.045,65883980,loop
343.150,65883980,loop
343.256,65883980,loop
343.361,65883980,loop
343.466,65883980,loop
343.571,65883980,loop
343.676,65883980,loop
343.781,65883980,loop
343.887,65883980,loop
343.992,65883980,loop
344.097,65883980,loop
344.202,65883980,loop
344.307,65883980,loop
344.412,65883980,loop
344.518,65883980,loop
344.623,65883980,loop
344.728,65883980,loop
344.833,65883980,loop
344.938,65883980,loop
345.043,65883980,loop
345.149,65883980,loop
345.254,65883980,loop
345.359,65883980,loop
345.464,65883980,loop
345.569,65883980,loop
345.674,65883980,loop
345.780,65883980,loop
345.885,65883980,loop
345.990,65883980,loop
346.095,65883980,loop
346.200,65883980,loop
346.305,65883980,loop
346.411,65883980,loop
346.516,65883980,loop
346.621,65883980,loop
346.726,65883980,loop
346.831,65883980,loop
346.936,65883980,loop
347.042,65883980,loop
347.147,65883980,loop
347.252,65883980,loop
347.357,65883980,loop
347.462,65883980,loop
347.567,65883980,loop
347.673,65883980,loop
347.778,65883980,loop
347.883,65883980,loop
347.988,65883980,loop
348.093,65883980,loop
348.198,65886028,loop
348.304,65886028,loop
348.409,65886028,loop
348.514,65886028,loop
348.619,65886028,loop
348.724,65886028,loop
348.829,65886028,loop
348.935,65886028,loop
349.040,65886028,loop
349.145,65886028,loop
349.250,65886028,loop
349.355,65886028,loop
349.460,65886028,loop
349.566,65886028,loop
349.671,65886028,loop
349.776,65886028,loop
349.881,65886028,loop
349.986,65886028,loop
350.091,65886028,loop
350.197,65886028,loop
350.302,65886028,loop
350.407,65886028,loop
350.512,65886028,loop
350.617,65886028,loop
350.722,65886028,loop
350.828,65886028,loop
350.933,65886028,loop
351.038,65886028,loop
351.143,65886028,loop
351.248,65886028,loop
351.353,65886028,loop
351.459,65886028,loop
351.564,65886028,loop
351.669,65886028,loop
351.774,65886028,loop
351.879,65886028,loop
351.984,65886028,loop
352.090,65886028,loop
352.195,65886028,loop
352.300,65886028,loop
352.405,65886028,loop
352.510,65886028,loop
352.615,65886028,loop
352.721,65886028,loop
352.826,65886028,loop
352.931,65886028,loop
353.036,65886028,loop
353.141,65886028,loop
353.246,65886028,loop
353.352,65886028,loop
353.457,65886028,loop
353.562,65886028,loop
353.667,65886028,loop
353.772,65886028,loop
353.877,65886028,loop
353.983,65886028,loop
354.088,65886028,loop
354.193,65886028,loop
354.298,65886028,loop
354.403,65886028,loop
354.508,65886028,loop
354.614,65886028,loop
354.719,65886028,loop
354.824,65886028,loop
354.929,65886028,loop
355.034,65886028,loop
355.139,65886028,loop
355.245,65886028,loop
355.350,65886028,loop
355.455,65886028,loop
355.560,65886028,loop
355.665,65886028,loop
355.770,65886028,loop
355.876,65886028,loop
355.981,65886028,loop
356.086,65886028,loop
356.191,65886028,loop
356.296,65886028,loop
356.401,65886028,loop
356.507,65886028,loop
356.612,65886028,loop
356.717,65886028,loop
356.822,65886028,loop
356.927,65886028,loop
357.032,65886028,loop
357.138,65886028,loop
357.243,65886028,loop
357.348,65886028,loop
357.453,65886028,loop
357.558,65886028,loop
357.663,65886028,loop
357.769,65886028,loop
357.874,65886028,loop
357.979,65886028,loop
358.084,65886028,loop
358.189,65886028,loop
358.294,65886028,loop
358.400,65886028,loop
358.505,65886028,loop
358.610,65886028,loop
358.715,65886028,loop
358.820,65886028,loop
358.925,65886028,loop
359.031,65886028,loop
359.136,65886028,loop
359.241,65886028,loop
359.346,65886028,loop
359.451,65886028,loop
359.556,65886028,loop
359.662,65886028,loop
359.767,65886028,loop
359.872,65886028,loop
359.977,65886028,loop
360.082,65886028,loop
360.187,65886028,loop
360.293,65886028,loop
360.398,65886028,loop
360.503,65886028,loop
360.608,65886028,loop
360.713,65886028,loop
360.818,65886028,loop
360.924,65886028,loop
361.029,65886028,loop
361.134,65886028,loop
361.239,65886028,loop
361.344,65886028,loop
361.449,65886028,loop
361.555,65886028,loop
361.660,65886028,loop
361.765,65886028,loop
361.870,65886028,loop
361.975,65886028,loop
362.080,65886028,loop
362.186,65886028,loop
362.291,65886028,loop
362.396,65886028,loop
362.501,65886028,loop
362.606,65886028,loop
362.711,65886028,loop
362.817,65886028,loop
362.922,65886028,loop
363.027,65886028,loop
363.132,65886028,loop
363.237,65886028,loop
363.342,65886028,loop
363.448,65886028,loop
363.553,65886028,loop
363.658,65886028,loop
363.763,65886028,loop
363.868,65886028,loop
363.973,65886028,loop
364.079,65886028,loop
364.184,65886028,loop
364.289,65886028,loop
364.394,65886028,loop
364.499,65886028,loop
364.604,65886028,loop
364.710,65886028,loop
364.815,65886028,loop
364.920,65886028,loop
365.025,65886028,loop
365.130,65886028,loop
365.235,65886028,loop
365.341,65886028,loop
365.446,65886028,loop
365.551,65886028,loop
365.656,65886028,loop
365.761,65886028,loop
365.866,65886028,loop
365.972,65886028,loop
366.077,65886028,loop
366.182,65886028,loop
366.287,65886028,loop
366.392,65886028,loop
366.497,65886028,loop
366.603,65886028,loop
366.708,65886028,loop
366.813,65886028,loop
366.918,65886028,loop
367.023,65886028,loop
367.128,65886028,loop
367.234,65886028,loop
367.339,65886028,loop
367.444,65886028,loop
367.549,65886028,loop
367.654,65886028,loop
367.759,65886028,loop
367.865,65886028,loop
367.970,65886028,loop
368.075,65886028,loop
368.180,65886028,loop
368.285,65886028,loop
368.390,65886028,loop
368.496,65886028,loop
368.601,65886028,loop
368.706,65886028,loop
368.811,65886028,loop
368.916,65886028,loop
369.021,65886028,loop
369.127,65886028,loop
369.232,65886028,loop
369.337,65886028,loop
369.442,65886028,loop
369.547,65886028,loop
369.652,65886028,loop
369.758,65886028,loop
369.863,65886028,loop
369.968,65886028,loop
370.073,65886028,loop
370.178,65886028,loop
370.283,65886028,loop
370.389,65886028,loop
370.494,65886028,loop
370.599,65886028,loop
370.704,65886028,loop
370.809,65886028,loop
370.914,65886028,loop
371.020,65886028,loop
371.125,65886028,loop
371.230,65886028,loop
371.335,65886028,loop
371.440,65886028,loop
371.545,65886028,loop
371.651,65886028,loop
371.756,65886028,loop
371.861,65886028,loop
371.966,65886028,loop
372.071,65886028,loop
372.176,65886028,loop
372.282,65886028,loop
372.387,65886028,loop
372.492,65886028,loop
372.597,65886028,loop
372.702,65886028,loop
372.807,65886028,loop
372.913,65886028,loop
373.018,65886028,loop
373.123,65886028,loop
373.228,65886028,loop
373.333,65886028,loop
373.438,65886028,loop
373.544,65886028,loop
373.649,65886028,loop
373.754,65886028,loop
373.859,65886028,loop
373.964,65886028,loop
374.069,65886028,loop
374.175,65886028,loop
374.280,65886028,loop
374.385,65886028,loop
374.490,65886028,loop
374.595,65886028,loop
374.700,65886028,loop
374.806,65886028,loop
374.911,65886028,loop
375.016,65886028,loop
375.121,65886028,loop
375.226,65886028,loop
375.331,65886028,loop
375.437,65886028,loop
375.542,65886028,loop
375.647,65886028,loop
375.752,65886028,loop
375.857,65886028,loop
375.962,65886028,loop
376.068,65886028,loop
376.173,65886028,loop
376.278,65886028,loop
376.383,65886028,loop
376.488,65886028,loop
376.593,65886028,loop
376.699,65886028,loop
376.804,65886028,loop
376.909,65886028,loop
377.014,65886028,loop
377.119,65886028,loop
377.224,65886028,loop
377.330,65886028,loop
377.435,65886028,loop
377.540,65886028,loop
377.646,65886028,loop
377.751,65886028,loop
377.856,65886028,loop
377.962,65886028,loop
378.067,65886028,loop
378.172,65886028,loop
378.277,65886028,loop
378.382,65886028,loop
378.487,65886028,loop
378.593,65886028,loop
378.698,65886028,loop
378.803,65886028,loop
378.908,65886028,loop
379.013,65886028,loop
379.118,65886028,loop
379.224,65886028,loop
379.329,65886028,loop
379.434,65886028,loop
379.539,65886028,loop
379.644,65886028,loop
379.749,65886028,loop
379.855,65886028,loop
379.960,65886028,loop
380.065,65886028,loop
380.170,65886028,loop
380.275,65886028,loop
380.380,65886028,loop
380.486,65886028,loop
380.591,65886028,loop
380.696,65886028,loop
380.801,65886028,loop
380.906,65886028,loop
381.011,65886028,loop
381.117,65886028,loop
381.222,65886028,loop
381.327,65886028,loop
381.432,65886028,loop
381.537,65886028,loop
381.642,65886028,loop
381.748,65886028,loop
381.853,65886028,loop
381.958,65886028,loop
382.063,65886028,loop
382.168,65886028,loop
382.273,65886028,loop
382.379,65886028,loop
382.484,65886028,loop
382.589,65886028,loop
382.694,65886028,loop
382.799,65886028,loop
382.904,65886028,loop
383.010,65886028,loop
383.115,65886028,loop
383.220,65886028,loop
383.325,65886028,loop
383.430,65886028,loop
383.535,65886028,loop
383.641,65886028,loop
383.746,65886028,loop
383.851,65886028,loop
383.956,65886028,loop
384.061,65886028,loop
384.166,65886028,loop
384.272,65886028,loop
384.377,65886028,loop
384.482,65886028,loop
384.587,65886028,loop
384.692,65886028,loop
384.797,65886028,loop
384.903,65886028,loop
385.008,65886028,loop
385.113,65886028,loop
385.218,65886028,loop
385.323,65886028,loop
385.428,65886028,loop
385.534,65886028,loop
385.639,65886028,loop
385.744,65886028,loop
385.849,65886028,loop
385.954,65886028,loop
386.059,65886028,loop
386.165,65886028,loop
386.270,65886028,loop
386.375,65886028,loop
386.480,65886028,loop
386.585,65886028,loop
386.690,65886028,loop
386.796,65886028,loop
386.901,65886028,loop
387.006,65886028,loop
387.111,65886028,loop
387.216,65886028,loop
387.321,65886028,loop
387.427,65886028,loop
387.532,65886028,loop
387.637,65886028,loop
387.742,65886028,loop
387.847,65886028,loop
387.952,65886028,loop
388.058,65886028,loop
388.163,65886028,loop
388.268,65886028,loop
388.373,65886028,loop
388.478,65886028,loop
388.583,65886028,loop
388.689,65886028,loop
388.794,65886028,loop
388.899,65886028,loop
389.004,65886028,loop
389.109,65886028,loop
389.214,65886028,loop
389.320,65886028,loop
389.425,65886028,loop
389.530,65886028,loop
389.635,65886028,loop
389.740,65886028,loop
389.845,65886028,loop
389.951,65886028,loop
390.056,65886028,loop
390.161,65886028,loop
390.266,65886028,loop
390.371,65886028,loop
390.476,65886028,loop
390.582,65886028,loop
390.687,65886028,loop
390.792,65886028,loop
390.897,65886028,loop
391.002,65886028,loop
391.107,65886028,loop
391.213,65886028,loop
391.318,65886028,loop
391.423,65886028,loop
391.528,65886028,loop
391.633,65886028,loop
391.738,65886028,loop
391.844,65886028,loop
391.949,65886028,loop
392.054,65886028,loop
392.159,65886028,loop
392.264,65886028,loop
392.369,65886028,loop
392.475,65886028,loop
392.580,65886028,loop
392.685,65886028,loop
392.790,65886028,loop
392.895,65886028,loop
393.000,65886028,loop
393.106,65886028,loop
393.211,65886028,loop
393.316,65886028,loop
393.421,65886028,loop
393.526,65886028,loop
393.631,65886028,loop
393.737,65886028,loop
393.842,65886028,loop
393.947,65886028,loop
394.052,65886028,loop
394.157,65886028,loop
394.262,65886028,loop
394.368,65886028,loop
394.473,65886028,loop
394.578,65886028,loop
394.683,65886028,loop
394.788,65886028,loop
394.893,65886028,loop
394.999,65886028,loop
395.104,65886028,loop
395.209,65886028,loop
395.314,65886028,loop
395.419,65886028,loop
395.524,65886028,loop
395.630,65886028,loop
395.735,65886028,loop
395.840,65886028,loop
395.945,65886028,loop
396.050,65886028,loop
396.155,65886028,loop
396.261,65886028,loop
396.366,65886028,loop
396.471,65886028,loop
396.576,65886028,loop
396.682,65886028,loop
396.787,65886028,loop
396.892,65886028,loop
396.997,65886028,loop
397.103,65886028,loop
397.208,65886028,loop
397.313,65886028,loop
397.418,65886028,loop
397.523,65886028,loop
397.628,65886028,loop
397.734,65886028,loop
397.839,65886028,loop
397.944,65886028,loop
398.049,65886028,loop
398.154,65886028,loop
398.259,65886028,loop
398.365,65886028,loop
398.470,65886028,loop
398.575,65886028,loop
398.680,65886028,loop
398.785,65886028,loop
398.890,65886028,loop
398.996,65886028,loop
399.101,65886028,loop
399.206,65886028,loop
399.311,65886028,loop
399.416,65886028,loop
399.521,65886028,loop
399.627,65886028,loop
399.732,65886028,loop
399.837,65886028,loop
399.942,65886028,loop
400.047,65886028,loop
400.152,65886028,loop
400.258,65886028,loop
400.363,65886028,loop
400.468,65886028,loop
400.573,65886028,loop
400.678,65886028,loop
400.783,65886028,loop
400.889,65886028,loop
400.994,65886028,loop
401.099,65886028,loop
401.204,65886028,loop
401.309,65886028,loop
401.414,65886028,loop
401.520,65886028,loop
401.625,65886028,loop
401.730,65886028,loop
401.835,65886028,loop
401.940,65886028,loop
402.045,65886028,loop
402.151,65886028,loop
402.256,65886028,loop
402.361,65886028,loop
402.466,65886028,loop
402.571,65886028,loop
402.676,65886028,loop
402.782,65886028,loop
402.887,65886028,loop
402.992,65886028,loop
403.097,65886028,loop
403.202,65886028,loop
403.307,65886028,loop
403.413,65886028,loop
403.518,65886028,loop
403.623,65886028,loop
403.728,65886028,loop
403.833,65886028,loop
403.938,65886028,loop
404.044,65886028,loop
404.149,65886028,loop
404.254,65886028,loop
404.359,65886028,loop
404.464,65886028,loop
404.569,65886028,loop
404.675,65886028,loop
404.780,65886028,loop
404.885,65886028,loop
404.990,65886028,loop
405.095,65886028,loop
405.200,65886028,loop
405.306,65886028,loop
405.411,65886028,loop
405.516,65886028,loop
405.621,65886028,loop
405.726,65886028,loop
405.831,65886028,loop
405.937,65886028,loop
406.042,65886028,loop
406.147,65886028,loop
406.252,65886028,loop
406.357,65886028,loop
406.462,65886028,loop
406.568,65886028,loop
406.673,65886028,loop
406.778,65886028,loop
406.883,65886028,loop
406.988,65886028,loop
407.093,65886028,loop
407.199,65886028,loop
407.304,65886028,loop
407.409,65886028,loop
407.514,65886028,loop
407.619,65886028,loop
407.724,65886028,loop
407.830,65886028,loop
407.935,65886028,loop
408.040,65886028,loop
408.145,65888076,loop
408.250,65888076,loop
408.355,65888076,loop
408.461,65888076,loop
408.566,65888076,loop
408.671,65888076,loop
408.776,65888076,loop
408.881,65888076,loop
408.986,65888076,loop
409.092,65888076,loop
409.197,65888076,loop
409.302,65888076,loop
409.407,65888076,loop
409.512,65888076,loop
409.617,65888076,loop
409.723,65888076,loop
409.828,65888076,loop
409.933,65888076,loop
410.038,65888076,loop
410.143,65888076,loop
410.248,65888076,loop
410.354,65888076,loop
410.459,65888076,loop
410.564,65888076,loop
410.669,65888076,loop
410.774,65888076,loop
410.879,65888076,loop
410.985,65888076,loop
411.090,65888076,loop
411.195,65888076,loop
411.300,65888076,loop
411.405,65888076,loop
411.510,65888076,loop
411.616,65888076,loop
411.721,65888076,loop
411.826,65888076,loop
411.931,65888076,loop
412.036,65888076,loop
412.141,65888076,loop
412.247,65888076,loop
412.352,65888076,loop
412.457,65888076,loop
412.562,65888076,loop
412.667,65888076,loop
412.772,65888076,loop
412.878,65888076,loop
412.983,65888076,loop
413.088,65888076,loop
413.193,65888076,loop
413.298,65888076,loop
413.403,65888076,loop
413.509,65888076,loop
413.614,65888076,loop
413.719,65888076,loop
413.824,65888076,loop
413.929,65888076,loop
414.034,65888076,loop
414.140,65888076,loop
414.245,65888076,loop
414.350,65888076,loop
414.455,65888076,loop
414.560,65888076,loop
414.665,65888076,loop
414.771,65888076,loop
414.876,65888076,loop
414.981,65888076,loop
415.086,65888076,loop
415.191,65888076,loop
415.296,65888076,loop
415.402,65888076,loop
415.507,65888076,loop
415.612,65888076,loop
415.717,65888076,loop
415.822,65888076,loop
415.927,65888076,loop
416.033,65888076,loop
416.138,65888076,loop
416.243,65888076,loop
416.348,65888076,loop
416.453,65888076,loop
416.558,65888076,loop
416.664,65888076,loop
416.769,65888076,loop
416.874,65888076,loop
416.979,65888076,loop
417.084,65888076,loop
417.189,65888076,loop
417.295,65888076,loop
417.400,65888076,loop
417.505,65888076,loop
417.610,65888076,loop
417.715,65888076,loop
417.820,65888076,loop
417.926,65888076,loop
418.031,65888076,loop
418.136,65888076,loop
418.241,65888076,loop
418.346,65888076,loop
418.451,65888076,loop
418.557,65888076,loop
418.662,65888076,loop
418.767,65888076,loop
418.872,65888076,loop
418.977,65888076,loop
419.082,65888076,loop
419.188,65888076,loop
419.293,65888076,loop
419.398,65888076,loop
419.503,65888076,loop
419.608,65888076,loop
419.713,65888076,loop
419.819,65888076,loop
419.924,65888076,loop
420.029,65888076,loop
420.134,65888076,loop
420.239,65888076,loop
420.344,65888076,loop
420.450,65888076,loop
420.555,65888076,loop
420.660,65888076,loop
420.765,65888076,loop
420.870,65888076,loop
420.975,65888076,loop
421.081,65888076,loop
421.186,65888076,loop
421.291,65888076,loop
421.396,65888076,loop
421.501,65888076,loop
421.606,65888076,loop
421.712,65888076,loop
421.817,65888076,loop
421.922,65888076,loop
422.027,65888076,loop
422.132,65888076,loop
422.237,65888076,loop
422.343,65888076,loop
422.448,65888076,loop
422.553,65888076,loop
422.658,65888076,loop
422.763,65888076,loop
422.868,65888076,loop
422.974,65888076,loop
423.079,65888076,loop
423.184,65888076,loop
423.289,65888076,loop
423.394,65888076,loop
423.499,65888076,loop
423.605,65888076,loop
423.710,65888076,loop
423.815,65888076,loop
423.920,65888076,loop
424.025,65888076,loop
424.130,65888076,loop
424.236,65888076,loop
424.341,65888076,loop
424.446,65888076,loop
424.551,65888076,loop
424.656,65888076,loop
424.761,65888076,loop
424.867,65888076,loop
424.972,65888076,loop
425.077,65888076,loop
425.182,65888076,loop
425.287,65888076,loop
425.392,65888076,loop
425.498,65888076,loop
425.603,65888076,loop
425.708,65888076,loop
425.813,65888076,loop
425.918,65888076,loop
426.023,65888076,loop
426.129,65888076,loop
426.234,65888076,loop
426.339,65888076,loop
426.444,65888076,loop
426.549,65888076,loop
426.654,65888076,loop
426.760,65888076,loop
426.865,65888076,loop
426.970,65888076,loop
427.075,65888076,loop
427.180,65888076,loop
427.285,65888076,loop
427.391,65888076,loop
427.496,65888076,loop
427.601,65888076,loop
427.706,65888076,loop
427.811,65888076,loop
427.916,65888076,loop
428.022,65888076,loop
428.127,65888076,loop
428.232,65888076,loop
428.337,65888076,loop
428.442,65888076,loop
428.547,65888076,loop
428.653,65888076,loop
428.758,65888076,loop
428.863,65888076,loop
428.968,65888076,loop
429.073,65888076,loop
429.178,65888076,loop
429.284,65888076,loop
429.389,65888076,loop
429.494,65888076,loop
429.599,65888076,loop
429.704,65888076,loop
429.809,65888076,loop
429.915,65888076,loop
430.020,65888076,loop
430.125,65888076,loop
430.230,65888076,loop
430.335,65888076,loop
430.440,65888076,loop
430.546,65888076,loop
430.651,65888076,loop
430.756,65888076,loop
430.861,65888076,loop
430.966,65888076,loop
431.071,65888076,loop
431.177,65888076,loop
431.282,65888076,loop
431.387,65888076,loop
431.492,65888076,loop
431.597,65888076,loop
431.702,65888076,loop
431.808,65888076,loop
431.913,65888076,loop
432.018,65888076,loop
432.123,65888076,loop
432.228,65888076,loop
432.333,65888076,loop
432.439,65888076,loop
432.544,65888076,loop
432.649,65888076,loop
432.754,65888076,loop
432.859,65888076,loop
432.964,65888076,loop
433.070,65888076,loop
433.175,65888076,loop
433.280,65888076,loop
433.385,65888076,loop
433.490,65888076,loop
433.595,65888076,loop
433.701,65888076,loop
433.806,65888076,loop
433.911,65888076,loop
434.016,65888076,loop
434.121,65888076,loop
434.226,65888076,loop
434.332,65888076,loop
434.437,65888076,loop
434.542,65888076,loop
434.647,65888076,loop
434.752,65888076,loop
434.857,65888076,loop
434.963,65888076,loop
435.068,65888076,loop
435.173,65888076,loop
435.278,65888076,loop
435.383,65888076,loop
435.488,65888076,loop
435.594,65888076,loop
435.699,65888076,loop
435.804,65888076,loop
435.909,65888076,loop
436.014,65888076,loop
436.119,65888076,loop
436.225,65888076,loop
436.330,65888076,loop
436.435,65888076,loop
436.540,65888076,loop
436.645,65888076,loop
436.750,65888076,loop
436.856,65888076,loop
436.961,65888076,loop
437.066,65888076,loop
437.171,65888076,loop
437.276,65888076,loop
437.381,65888076,loop
437.487,65888076,loop
437.592,65888076,loop
437.697,65888076,loop
437.802,65888076,loop
437.907,65888076,loop
438.012,65888076,loop
438.118,65888076,loop
438.223,65888076,loop
438.328,65888076,loop
438.433,65888076,loop
438.538,65888076,loop
438.643,65888076,loop
438.749,65888076,loop
438.854,65888076,loop
438.959,65888076,loop
439.064,65888076,loop
439.169,65888076,loop
439.274,65888076,loop
439.380,65888076,loop
439.485,65888076,loop
439.590,65888076,loop
439.695,65888076,loop
439.800,65888076,loop
439.905,65888076,loop
440.011,65888076,loop
440.116,65888076,loop
440.221,65888076,loop
440.326,65888076,loop
440.431,65888076,loop
440.536,65888076,loop
440.642,65888076,loop
440.747,65888076,loop
440.852,65888076,loop
440.957,65888076,loop
441.062,65888076,loop
441.167,65888076,loop
441.273,65888076,loop
441.378,65888076,loop
441.483,65888076,loop
441.588,65888076,loop
441.693,65888076,loop
441.798,65888076,loop
441.904,65888076,loop
442.009,65888076,loop
442.114,65888076,loop
442.219,65888076,loop
442.324,65888076,loop
442.429,65888076,loop
442.535,65888076,loop
442.640,65888076,loop
442.745,65888076,loop
442.850,65888076,loop
442.955,65888076,loop
443.060,65888076,loop
443.166,65888076,loop
443.271,65888076,loop
443.376,65888076,loop
443.481,65888076,loop
443.586,65888076,loop
443.691,65888076,loop
443.797,65888076,loop
443.902,65888076,loop
444.007,65888076,loop
444.112,65888076,loop
444.217,65888076,loop
444.322,65888076,loop
444.428,65888076,loop
444.533,65888076,loop
444.638,65888076,loop
444.743,65888076,loop
444.848,65888076,loop
444.953,65888076,loop
445.059,65888076,loop
445.164,65888076,loop
445.269,65888076,loop
445.374,65888076,loop
445.479,65888076,loop
445.584,65888076,loop
445.690,65888076,loop
445.795,65888076,loop
445.900,65888076,loop
446.005,65888076,loop
446.110,65888076,loop
446.215,65888076,loop
446.321,65888076,loop
446.426,65888076,loop
446.531,65888076,loop
446.636,65888076,loop
446.741,65888076,loop
446.846,65888076,loop
446.952,65888076,loop
447.057,65888076,loop
447.162,65888076,loop
447.267,65888076,loop
447.372,65888076,loop
447.477,65888076,loop
447.583,65888076,loop
447.688,65888076,loop
447.793,65888076,loop
447.898,65888076,loop
448.003,65888076,loop
448.108,65888076,loop
448.214,65888076,loop
448.319,65888076,loop
448.424,65888076,loop
448.529,65888076,loop
448.634,65888076,loop
448.739,65888076,loop
448.844,65888076,loop
448.950,65888076,loop
449.055,65888076,loop
449.160,65888076,loop
449.265,65888076,loop
449.370,65888076,loop
449.475,65888076,loop
449.581,65888076,loop
449.686,65888076,loop
449.791,65888076,loop
449.896,65888076,loop
450.001,65888076,loop
450.106,65888076,loop
450.212,65888076,loop
450.317,65888076,loop
450.422,65888076,loop
450.527,65888076,loop
450.632,65888076,loop
450.737,65888076,loop
450.843,65888076,loop
450.948,65888076,loop
451.053,65888076,loop
451.158,65888076,loop
451.263,65888076,loop
451.368,65888076,loop
451.474,65888076,loop
451.579,65888076,loop
451.684,65888076,loop
451.789,65888076,loop
451.894,65888076,loop
451.999,65888076,loop
452.105,65888076,loop
452.210,65888076,loop
452.315,65888076,loop
452.420,65888076,loop
452.525,65888076,loop
452.630,65888076,loop
452.736,65888076,loop
452.841,65888076,loop
452.946,65888076,loop
453.051,65888076,loop
453.156,65888076,loop
453.261,65888076,loop
453.367,65888076,loop
453.472,65888076,loop
453.577,65888076,loop
453.682,65888076,loop
453.787,65888076,loop
453.892,65888076,loop
453.998,65888076,loop
454.103,65888076,loop
454.208,65888076,loop
454.313,65888076,loop
454.418,65888076,loop
454.523,65888076,loop
454.629,65888076,loop
454.734,65888076,loop
454.839,65888076,loop
454.944,65888076,loop
455.049,65888076,loop
455.154,65888076,loop
455.260,65888076,loop
455.365,65888076,loop
455.470,65888076,loop
455.576,65888076,loop
455.681,65888076,loop
455.786,65888076,loop
455.892,65888076,loop
455.997,65888076,loop
456.102,65888076,loop
456.207,65888076,loop
456.312,65888076,loop
456.417,65888076,loop
456.523,65888076,loop
456.628,65888076,loop
456.733,65888076,loop
456.838,65888076,loop
456.943,65888076,loop
457.048,65888076,loop
457.154,65888076,loop
457.259,65888076,loop
457.364,65888076,loop
457.469,65888076,loop
457.574,65888076,loop
457.679,65888076,loop
457.785,65888076,loop
457.890,65888076,loop
457.995,65888076,loop
458.100,65888076,loop
458.205,65888076,loop
458.310,65888076,loop
458.416,65888076,loop
458.521,65888076,loop
458.627,65888076,loop
458.732,65888076,loop
458.837,65888076,loop
458.942,65888076,loop
459.047,65888076,loop
459.152,65888076,loop
459.258,65888076,loop
459.363,65888076,loop
459.468,65888076,loop
459.573,65888076,loop
459.678,65888076,loop
459.783,65888076,loop
459.889,65888076,loop
459.994,65888076,loop
460.099,65888076,loop
460.204,65888076,loop
460.309,65888076,loop
460.414,65888076,loop
460.520,65888076,loop
460.625,65888076,loop
460.730,65888076,loop
460.835,65888076,loop
460.940,65888076,loop
461.045,65888076,loop
461.151,65888076,loop
461.256,65888076,loop
461.361,65888076,loop
461.466,65888076,loop
461.571,65888076,loop
461.676,65888076,loop
461.782,65888076,loop
461.887,65888076,loop
461.992,65888076,loop
462.097,65888076,loop
462.202,65888076,loop
462.307,65888076,loop
462.413,65888076,loop
462.518,65888076,loop
462.623,65888076,loop
462.728,65888076,loop
462.833,65888076,loop
462.938,65888076,loop
463.044,65888076,loop
463.149,65888076,loop
463.254,65888076,loop
463.359,65888076,loop
463.464,65888076,loop
463.569,65888076,loop
463.675,65888076,loop
463.780,65888076,loop
463.885,65888076,loop
463.990,65888076,loop
464.095,65888076,loop
464.200,65888076,loop
464.306,65888076,loop
464.411,65888076,loop
464.516,65888076,loop
464.621,65888076,loop
464.726,65888076,loop
464.831,65888076,loop
464.937,65888076,loop
465.042,65888076,loop
465.147,65888076,loop
465.252,65888076,loop
465.357,65888076,loop
465.462,65888076,loop
465.568,65888076,loop
465.673,65888076,loop
465.778,65888076,loop
465.883,65888076,loop
465.988,65888076,loop
466.093,65888076,loop
466.199,65888076,loop
466.304,65888076,loop
466.409,65888076,loop
466.514,65888076,loop
466.619,65888076,loop
466.724,65888076,loop
466.830,65888076,loop
466.935,65888076,loop
467.040,65888076,loop
467.145,65888076,loop
467.250,65888076,loop
467.355,65888076,loop
467.461,65888076,loop
467.566,65888076,loop
467.671,65888076,loop
467.776,65888076,loop
467.881,65888076,loop
467.986,65888076,loop
468.092,65890124,loop
468.197,65890124,loop
468.302,65890124,loop
468.407,65890124,loop
468.512,65890124,loop
468.617,65890124,loop
468.723,65890124,loop
468.828,65890124,loop
468.933,65890124,loop
469.038,65890124,loop
469.143,65890124,loop
469.248,65890124,loop
469.354,65890124,loop
469.459,65890124,loop
469.564,65890124,loop
469.669,65890124,loop
469.774,65890124,loop
469.879,65890124,loop
469.984,65890124,loop
470.090,65890124,loop
470.195,65890124,loop
470.300,65890124,loop
470.405,65890124,loop
470.510,65890124,loop
470.615,65890124,loop
470.721,65890124,loop
470.826,65890124,loop
470.931,65890124,loop
471.036,65890124,loop
471.141,65890124,loop
471.246,65890124,loop
471.352,65890124,loop
471.457,65890124,loop
471.562,65890124,loop
471.667,65890124,loop
471.772,65890124,loop
471.877,65890124,loop
471.983,65890124,loop
472.088,65890124,loop
472.193,65890124,loop
472.298,65890124,loop
472.403,65890124,loop
472.508,65890124,loop
472.614,65890124,loop
472.719,65890124,loop
472.824,65890124,loop
472.929,65890124,loop
473.034,65890124,loop
473.139,65890124,loop
473.245,65890124,loop
473.350,65890124,loop
473.455,65890124,loop
473.560,65890124,loop
473.665,65890124,loop
473.770,65890124,loop
473.876,65890124,loop
473.981,65890124,loop
474.086,65890124,loop
474.191,65890124,loop
474.296,65890124,loop
474.401,65890124,loop
474.507,65890124,loop
474.612,65890124,loop
474.717,65890124,loop
474.822,65890124,loop
474.927,65890124,loop
475.032,65890124,loop
475.138,65890124,loop
475.243,65890124,loop
475.348,65890124,loop
475.453,65890124,loop
475.558,65890124,loop
475.663,65890124,loop
475.769,65890124,loop
475.874,65890124,loop
475.979,65890124,loop
476.084,65890124,loop
476.189,65890124,loop
476.294,65890124,loop
476.400,65890124,loop
476.505,65890124,loop
476.610,65890124,loop
476.715,65890124,loop
476.820,65890124,loop
476.925,65890124,loop
477.031,65890124,loop
477.136,65890124,loop
477.241,65890124,loop
477.346,65890124,loop
477.451,65890124,loop
477.556,65890124,loop
477.662,65890124,loop
477.767,65890124,loop
477.872,65890124,loop
477.977,65890124,loop
478.082,65890124,loop
478.187,65890124,loop
478.293,65890124,loop
478.398,65890124,loop
478.503,65890124,loop
478.608,65890124,loop
478.713,65890124,loop
478.818,65890124,loop
478.924,65890124,loop
479.029,65890124,loop
479.134,65890124,loop
479.239,65890124,loop
479.344,65890124,loop
479.449,65890124,loop
479.555,65890124,loop
479.660,65890124,loop
479.765,65890124,loop
479.870,65890124,loop
479.975,65890124,loop
480.080,65890124,loop
480.186,65890124,loop
480.291,65890124,loop
480.396,65890124,loop
480.501,65890124,loop
480.606,65890124,loop
480.711,65890124,loop
480.817,65890124,loop
480.922,65890124,loop
481.027,65890124,loop
481.132,65890124,loop
481.237,65890124,loop
481.342,65890124,loop
481.447,65890124,loop
481.553,65890124,loop
481.658,65890124,loop
481.763,65890124,loop
481.868,65890124,loop
481.973,65890124,loop
482.079,65890124,loop
482.184,65890124,loop
482.289,65890124,loop
482.394,65890124,loop
482.499,65890124,loop
482.604,65890124,loop
482.710,65890124,loop
482.815,65890124,loop
482.920,65890124,loop
483.025,65890124,loop
483.130,65890124,loop
483.235,65890124,loop
483.341,65890124,loop
483.446,65890124,loop
483.551,65890124,loop
483.656,65890124,loop
483.761,65890124,loop
483.866,65890124,loop
483.972,65890124,loop
484.077,65890124,loop
484.182,65890124,loop
484.287,65890124,loop
484.392,65890124,loop
484.497,65890124,loop
484.603,65890124,loop
484.708,65890124,loop
484.813,65890124,loop
484.918,65890124,loop
485.023,65890124,loop
485.128,65890124,loop
485.233,65890124,loop
485.339,65890124,loop
485.444,65890124,loop
485.549,65890124,loop
485.654,65890124,loop
485.759,65890124,loop
485.864,65890124,loop
485.970,65890124,loop
486.075,65890124,loop
486.180,65890124,loop
486.285,65890124,loop
486.390,65890124,loop
486.495,65890124,loop
486.601,65890124,loop
486.735,65890124,loop
486.840,65890124,loop
486.945,65890124,loop
487.050,65890124,loop
487.156,65890124,loop
487.261,65890124,loop
487.366,65890124,loop
487.471,65890124,loop
487.576,65890124,loop
487.681,65890124,loop
487.787,65890124,loop
487.892,65890124,loop
487.997,65890124,loop
488.102,65890124,loop
488.207,65890124,loop
488.312,65890124,loop
488.418,65890124,loop
488.523,65890124,loop
488.628,65890124,loop
488.733,65890124,loop
488.838,65890124,loop
488.943,65890124,loop
489.049,65890124,loop
489.154,65890124,loop
489.259,65890124,loop
489.364,65890124,loop
489.469,65890124,loop
489.574,65890124,loop
489.680,65890124,loop
489.785,65890124,loop
489.890,65890124,loop
489.995,65890124,loop
490.100,65890124,loop
490.205,65890124,loop
490.311,65890124,loop
490.416,65890124,loop
490.521,65890124,loop
490.626,65890124,loop
490.731,65890124,loop
490.836,65890124,loop
490.942,65890124,loop
491.047,65890124,loop
491.152,65890124,loop
491.257,65890124,loop
491.362,65890124,loop
491.467,65890124,loop
491.573,65890124,loop
491.678,65890124,loop
491.783,65890124,loop
491.888,65890124,loop
491.993,65890124,loop
492.098,65890124,loop
492.204,65890124,loop
492.309,65890124,loop
492.414,65890124,loop
492.519,65890124,loop
492.624,65890124,loop
492.729,65890124,loop
492.835,65890124,loop
492.940,65890124,loop
493.045,65890124,loop
493.150,65890124,loop
493.255,65890124,loop
493.360,65890124,loop
493.466,65890124,loop
493.571,65890124,loop
493.676,65890124,loop
493.781,65890124,loop
493.886,65890124,loop
493.991,65890124,loop
494.097,65890124,loop
494.202,65890124,loop
494.307,65890124,loop
494.412,65890124,loop
494.517,65890124,loop
494.622,65890124,loop
494.728,65890124,loop
494.833,65890124,loop
494.938,65890124,loop
495.043,65890124,loop
495.148,65890124,loop
495.253,65890124,loop
495.359,65890124,loop
495.464,65890124,loop
495.569,65890124,loop
495.674,65890124,loop
495.779,65890124,loop
495.884,65890124,loop
495.990,65890124,loop
496.095,65890124,loop
496.200,65890124,loop
496.305,65890124,loop
496.410,65890124,loop
496.515,65890124,loop
496.620,65890124,loop
496.726,65890124,loop
496.831,65890124,loop
496.936,65890124,loop
497.041,65890124,loop
497.146,65890124,loop
497.252,65890124,loop
497.357,65890124,loop
497.462,65890124,loop
497.567,65890124,loop
497.672,65890124,loop
497.777,65890124,loop
497.883,65890124,loop
497.988,65890124,loop
498.093,65890124,loop
498.198,65890124,loop
498.303,65890124,loop
498.408,65890124,loop
498.514,65890124,loop
498.619,65890124,loop
498.724,65890124,loop
498.829,65890124,loop
498.934,65890124,loop
499.039,65890124,loop
499.145,65890124,loop
499.250,65890124,loop
499.355,65890124,loop
499.460,65890124,loop
499.565,65890124,loop
499.670,65890124,loop
499.776,65890124,loop
499.881,65890124,loop
499.986,65890124,loop
500.091,65890124,loop
500.196,65890124,loop
500.301,65890124,loop
500.407,65890124,loop
500.512,65890124,loop
500.617,65890124,loop
500.722,65890124,loop
500.827,65890124,loop
500.932,65890124,loop
501.038,65890124,loop
501.143,65890124,loop
501.248,65890124,loop
501.353,65890124,loop
501.458,65890124,loop
501.563,65890124,loop
501.669,65890124,loop
501.774,65890124,loop
501.879,65890124,loop
501.984,65890124,loop
502.089,65890124,loop
502.194,65890124,loop
502.300,65890124,loop
502.405,65890124,loop
502.510,65890124,loop
502.615,65890124,loop
502.720,65890124,loop
502.825,65890124,loop
502.931,65890124,loop
503.036,65890124,loop
503.141,65890124,loop
503.246,65890124,loop
503.351,65890124,loop
503.456,65890124,loop
503.562,65890124,loop
503.667,65890124,loop
503.772,65890124,loop
503.877,65890124,loop
503.982,65890124,loop
504.087,65890124,loop
504.193,65890124,loop
504.298,65890124,loop
504.403,65890124,loop
504.508,65890124,loop
504.613,65890124,loop
504.718,65890124,loop
504.824,65890124,loop
504.929,65890124,loop
505.034,65890124,loop
505.139,65890124,loop
505.244,65890124,loop
505.349,65890124,loop
505.455,65890124,loop
505.560,65890124,loop
505.665,65890124,loop
505.771,65890124,loop
505.876,65890124,loop
505.981,65890124,loop
506.087,65890124,loop
506.192,65890124,loop
506.297,65890124,loop
506.402,65890124,loop
506.507,65890124,loop
506.612,65890124,loop
506.718,65890124,loop
506.823,65890124,loop
506.928,65890124,loop
507.033,65890124,loop
507.138,65890124,loop
507.243,65890124,loop
507.349,65890124,loop
507.454,65890124,loop
507.559,65890124,loop
507.664,65890124,loop
507.769,65890124,loop
507.874,65890124,loop
507.980,65890124,loop
508.085,65890124,loop
508.190,65890124,loop
508.295,65890124,loop
508.400,65890124,loop
508.505,65890124,loop
508.611,65890124,loop
508.716,65890124,loop
508.821,65890124,loop
508.926,65890124,loop
509.031,65890124,loop
509.136,65890124,loop
509.242,65890124,loop
509.347,65890124,loop
509.452,65890124,loop
509.557,65890124,loop
509.662,65890124,loop
509.767,65890124,loop
509.873,65890124,loop
509.978,65890124,loop
510.083,65890124,loop
510.188,65890124,loop
510.293,65890124,loop
510.398,65890124,loop
510.504,65890124,loop
510.609,65890124,loop
510.714,65890124,loop
510.819,65890124,loop
510.924,65890124,loop
511.029,65890124,loop
511.134,65890124,loop
511.240,65890124,loop
511.345,65890124,loop
511.450,65890124,loop
511.555,65890124,loop
511.661,65890124,loop
511.766,65890124,loop
511.871,65890124,loop
511.976,65890124,loop
512.081,65890124,loop
512.186,65890124,loop
512.292,65890124,loop
512.397,65890124,loop
512.502,65890124,loop
512.607,65890124,loop
512.712,65890124,loop
512.817,65890124,loop
512.923,65890124,loop
513.028,65890124,loop
513.133,65890124,loop
513.238,65890124,loop
513.343,65890124,loop
513.448,65890124,loop
513.554,65890124,loop
513.659,65890124,loop
513.764,65890124,loop
513.869,65890124,loop
513.974,65890124,loop
514.079,65890124,loop
514.185,65890124,loop
514.290,65890124,loop
514.395,65890124,loop
514.500,65890124,loop
514.605,65890124,loop
514.710,65890124,loop
514.816,65890124,loop
514.921,65890124,loop
515.026,65890124,loop
515.131,65890124,loop
515.236,65890124,loop
515.341,65890124,loop
515.447,65890124,loop
515.552,65890124,loop
515.657,65890124,loop
515.762,65890124,loop
515.867,65890124,loop
515.972,65890124,loop
516.078,65890124,loop
516.183,65890124,loop
516.288,65890124,loop
516.393,65890124,loop
516.498,65890124,loop
516.603,65890124,loop
516.709,65890124,loop
516.814,65890124,loop
516.919,65890124,loop
517.024,65890124,loop
517.129,65890124,loop
517.234,65890124,loop
517.340,65890124,loop
517.445,65890124,loop
517.550,65890124,loop
517.655,65890124,loop
517.760,65890124,loop
517.865,65890124,loop
517.971,65890124,loop
518.076,65890124,loop
518.181,65890124,loop
518.286,65890124,loop
518.391,65890124,loop
518.496,65890124,loop
518.602,65890124,loop
518.707,65890124,loop
518.812,65890124,loop
518.917,65890124,loop
519.022,65890124,loop
519.127,65890124,loop
519.233,65890124,loop
519.338,65890124,loop
519.443,65890124,loop
519.548,65890124,loop
519.653,65890124,loop
519.758,65890124,loop
519.864,65890124,loop
519.969,65890124,loop
520.074,65890124,loop
520.179,65890124,loop
520.284,65890124,loop
520.389,65890124,loop
520.495,65890124,loop
520.600,65890124,loop
520.705,65890124,loop
520.810,65890124,loop
520.915,65890124,loop
521.020,65890124,loop
521.126,65890124,loop
521.231,65890124,loop
521.336,65890124,loop
521.441,65890124,loop
521.546,65890124,loop
521.651,65890124,loop
521.757,65890124,loop
521.862,65890124,loop
521.967,65890124,loop
522.072,65890124,loop
522.177,65890124,loop
522.282,65890124,loop
522.388,65890124,loop
522.493,65890124,loop
522.598,65890124,loop
522.703,65890124,loop
522.808,65890124,loop
522.913,65890124,loop
523.019,65890124,loop
523.124,65890124,loop
523.229,65890124,loop
523.334,65890124,loop
523.439,65890124,loop
523.544,65890124,loop
523.650,65890124,loop
523.755,65890124,loop
523.860,65890124,loop
523.965,65890124,loop
524.070,65890124,loop
524.175,65890124,loop
524.281,65890124,loop
524.386,65890124,loop
524.491,65890124,loop
524.596,65890124,loop
524.701,65890124,loop
524.806,65890124,loop
524.912,65890124,loop
525.017,65890124,loop
525.122,65890124,loop
525.227,65890124,loop
525.332,65890124,loop
525.437,65890124,loop
525.543,65890124,loop
525.648,65890124,loop
525.753,65890124,loop
525.858,65890124,loop
525.963,65890124,loop
526.068,65890124,loop
526.174,65890124,loop
526.279,65890124,loop
526.384,65890124,loop
526.489,65890124,loop
526.594,65890124,loop
526.699,65890124,loop
526.805,65890124,loop
526.910,65890124,loop
527.015,65890124,loop
527.120,65890124,loop
527.225,65890124,loop
527.330,65890124,loop
527.436,65890124,loop
527.541,65890124,loop
527.646,65890124,loop
527.751,65890124,loop
527.856,65890124,loop
527.961,65892172,loop
528.067,65892172,loop
528.172,65892172,loop
528.277,65892172,loop
528.382,65892172,loop
528.487,65892172,loop
528.592,65892172,loop
528.698,65892172,loop
528.803,65892172,loop
528.908,65892172,loop
529.013,65892172,loop
529.118,65892172,loop
529.223,65892172,loop
529.329,65892172,loop
529.434,65892172,loop
529.539,65892172,loop
529.644,65892172,loop
529.749,65892172,loop
529.854,65892172,loop
529.960,65892172,loop
530.065,65892172,loop
530.170,65892172,loop
530.275,65892172,loop
530.380,65892172,loop
530.485,65892172,loop
530.590,65892172,loop
530.696,65892172,loop
530.801,65892172,loop
530.906,65892172,loop
531.011,65892172,loop
531.116,65892172,loop
531.221,65892172,loop
531.327,65892172,loop
531.432,65892172,loop
531.537,65892172,loop
531.642,65892172,loop
531.747,65892172,loop
531.852,65892172,loop
531.958,65892172,loop
532.063,65892172,loop
532.168,65892172,loop
532.273,65892172,loop
532.378,65892172,loop
532.483,65892172,loop
532.589,65892172,loop
532.694,65892172,loop
532.799,65892172,loop
532.904,65892172,loop
533.009,65892172,loop
533.114,65892172,loop
533.220,65892172,loop
533.325,65892172,loop
533.430,65892172,loop
533.535,65892172,loop
533.641,65892172,loop
533.746,65892172,loop
533.851,65892172,loop
533.956,65892172,loop
534.061,65892172,loop
534.167,65892172,loop
534.272,65892172,loop
534.377,65892172,loop
534.482,65892172,loop
534.587,65892172,loop
534.692,65892172,loop
534.798,65892172,loop
534.903,65892172,loop
535.008,65892172,loop
535.113,65892172,loop
535.218,65892172,loop
535.323,65892172,loop
535.429,65892172,loop
535.534,65892172,loop
535.639,65892172,loop
535.744,65892172,loop
535.849,65892172,loop
535.954,65892172,loop
536.060,65892172,loop
536.165,65892172,loop
536.270,65892172,loop
536.375,65892172,loop
536.480,65892172,loop
536.585,65892172,loop
536.691,65892172,loop
536.796,65892172,loop
536.901,65892172,loop
537.006,65892172,loop
537.111,65892172,loop
537.216,65892172,loop
537.322,65892172,loop
537.427,65892172,loop
537.532,65892172,loop
537.637,65892172,loop
537.742,65892172,loop
537.847,65892172,loop
537.953,65892172,loop
538.058,65892172,loop
538.163,65892172,loop
538.268,65892172,loop
538.373,65892172,loop
538.478,65892172,loop
538.584,65892172,loop
538.689,65892172,loop
538.794,65892172,loop
538.899,65892172,loop
539.004,65892172,loop
539.109,65892172,loop
539.215,65892172,loop
539.320,65892172,loop
539.425,65892172,loop
539.530,65892172,loop
539.635,65892172,loop
539.740,65892172,loop
539.846,65892172,loop
539.951,65892172,loop
540.056,65892172,loop
540.161,65892172,loop
540.266,65892172,loop
540.371,65892172,loop
540.477,65892172,loop
540.582,65892172,loop
540.687,65892172,loop
540.792,65892172,loop
540.897,65892172,loop
541.002,65892172,loop
541.108,65892172,loop
541.213,65892172,loop
541.318,65892172,loop
541.423,65892172,loop
541.528,65892172,loop
541.633,65892172,loop
541.739,65892172,loop
541.844,65892172,loop
541.949,65892172,loop
542.054,65892172,loop
542.159,65892172,loop
542.264,65892172,loop
542.370,65892172,loop
542.475,65892172,loop
542.580,65892172,loop
542.685,65892172,loop
542.790,65892172,loop
542.895,65892172,loop
543.001,65892172,loop
543.106,65892172,loop
543.211,65892172,loop
543.316,65892172,loop
543.421,65892172,loop
543.526,65892172,loop
543.632,65892172,loop
543.737,65892172,loop
543.842,65892172,loop
543.947,65892172,loop
544.052,65892172,loop
544.157,65892172,loop
544.263,65892172,loop
544.368,65892172,loop
544.473,65892172,loop
544.578,65892172,loop
544.683,65892172,loop
544.788,65892172,loop
544.894,65892172,loop
544.999,65892172,loop
545.104,65892172,loop
545.209,65892172,loop
545.314,65892172,loop
545.419,65892172,loop
545.525,65892172,loop
545.630,65892172,loop
545.735,65892172,loop
545.840,65892172,loop
545.945,65892172,loop
546.050,65892172,loop
546.156,65892172,loop
546.261,65892172,loop
546.366,65892172,loop
546.471,65892172,loop
546.576,65892172,loop
546.681,65892172,loop
546.787,65892172,loop
546.892,65892172,loop
546.997,65892172,loop
547.102,65892172,loop
547.208,65892172,loop
547.313,65892172,loop
547.418,65892172,loop
547.523,65892172,loop
547.628,65892172,loop
547.733,65892172,loop
547.839,65892172,loop
547.944,65892172,loop
548.049,65892172,loop
548.154,65892172,loop
548.259,65892172,loop
548.364,65892172,loop
548.470,65892172,loop
548.575,65892172,loop
548.680,65892172,loop
548.785,65892172,loop
548.890,65892172,loop
548.995,65892172,loop
549.101,65892172,loop
549.206,65892172,loop
549.311,65892172,loop
549.416,65892172,loop
549.521,65892172,loop
549.626,65892172,loop
549.732,65892172,loop
549.837,65892172,loop
549.942,65892172,loop
550.047,65892172,loop
550.152,65892172,loop
550.257,65892172,loop
550.363,65892172,loop
550.468,65892172,loop
550.573,65892172,loop
550.678,65892172,loop
550.783,65892172,loop
550.888,65892172,loop
550.994,65892172,loop
551.099,65892172,loop
551.204,65892172,loop
551.309,65892172,loop
551.414,65892172,loop
551.519,65892172,loop
551.625,65892172,loop
551.730,65892172,loop
551.835,65892172,loop
551.940,65892172,loop
552.045,65892172,loop
552.150,65892172,loop
552.256,65892172,loop
552.361,65892172,loop
552.466,65892172,loop
552.571,65892172,loop
552.676,65892172,loop
552.781,65892172,loop
552.887,65892172,loop
552.992,65892172,loop
553.097,65892172,loop
553.202,65892172,loop
553.307,65892172,loop
553.412,65892172,loop
553.518,65892172,loop
553.623,65892172,loop
553.728,65892172,loop
553.833,65892172,loop
553.938,65892172,loop
554.043,65892172,loop
554.149,65892172,loop
554.254,65892172,loop
554.359,65892172,loop
554.464,65892172,loop
554.569,65892172,loop
554.674,65892172,loop
554.780,65892172,loop
554.885,65892172,loop
554.990,65892172,loop
555.095,65892172,loop
555.200,65892172,loop
555.305,65892172,loop
555.410,65892172,loop
555.516,65892172,loop
555.621,65892172,loop
555.726,65892172,loop
555.831,65892172,loop
555.936,65892172,loop
556.041,65892172,loop
556.147,65892172,loop
556.252,65892172,loop
556.357,65892172,loop
556.462,65892172,loop
556.567,65892172,loop
556.673,65892172,loop
556.778,65892172,loop
556.883,65892172,loop
556.988,65892172,loop
557.093,65892172,loop
557.198,65892172,loop
557.304,65892172,loop
557.409,65892172,loop
557.514,65892172,loop
557.619,65892172,loop
557.724,65892172,loop
557.829,65892172,loop
557.935,65892172,loop
558.040,65892172,loop
558.145,65892172,loop
558.250,65892172,loop
558.355,65892172,loop
558.460,65892172,loop
558.566,65892172,loop
558.671,65892172,loop
558.776,65892172,loop
558.881,65892172,loop
558.986,65892172,loop
559.091,65892172,loop
559.197,65892172,loop
559.302,65892172,loop
559.407,65892172,loop
559.512,65892172,loop
559.617,65892172,loop
559.722,65892172,loop
559.828,65892172,loop
559.933,65892172,loop
560.038,65892172,loop
560.143,65892172,loop
560.248,65892172,loop
560.353,65892172,loop
560.459,65892172,loop
560.564,65892172,loop
560.669,65892172,loop
560.774,65892172,loop
560.879,65892172,loop
560.984,65892172,loop
561.090,65892172,loop
561.195,65892172,loop
561.300,65892172,loop
561.405,65892172,loop
561.510,65892172,loop
561.615,65892172,loop
561.721,65892172,loop
561.826,65892172,loop
561.931,65892172,loop
562.036,65892172,loop
562.141,65892172,loop
562.246,65892172,loop
562.352,65892172,loop
562.457,65892172,loop
562.562,65892172,loop
562.667,65892172,loop
562.772,65892172,loop
562.877,65892172,loop
562.983,65892172,loop
563.088,65892172,loop
563.193,65892172,loop
563.298,65892172,loop
563.403,65892172,loop
563.508,65892172,loop
563.614,65892172,loop
563.719,65892172,loop
563.824,65892172,loop
563.929,65892172,loop
564.034,65892172,loop
564.139,65892172,loop
564.245,65892172,loop
564.350,65892172,loop
564.455,65892172,loop
564.560,65892172,loop
564.665,65892172,loop
564.770,65892172,loop
564.876,65892172,loop
564.981,65892172,loop
565.086,65892172,loop
565.191,65892172,loop
565.296,65892172,loop
565.401,65892172,loop
565.507,65892172,loop
565.612,65892172,loop
565.717,65892172,loop
565.822,65892172,loop
565.927,65892172,loop
566.032,65892172,loop
566.138,65892172,loop
566.243,65892172,loop
566.348,65892172,loop
566.453,65892172,loop
566.558,65892172,loop
566.663,65892172,loop
566.769,65892172,loop
566.874,65892172,loop
566.979,65892172,loop
567.084,65892172,loop
567.189,65892172,loop
567.294,65892172,loop
567.399,65892172,loop
567.505,65892172,loop
567.610,65892172,loop
567.715,65892172,loop
567.820,65892172,loop
567.925,65892172,loop
568.031,65892172,loop
568.136,65892172,loop
568.241,65892172,loop
568.346,65892172,loop
568.451,65892172,loop
568.556,65892172,loop
568.662,65892172,loop
568.767,65892172,loop
568.872,65892172,loop
568.977,65892172,loop
569.082,65892172,loop
569.187,65892172,loop
569.293,65892172,loop
569.398,65892172,loop
569.503,65892172,loop
569.608,65892172,loop
569.713,65892172,loop
569.818,65892172,loop
569.924,65892172,loop
570.029,65892172,loop
570.134,65892172,loop
570.239,65892172,loop
570.344,65892172,loop
570.449,65892172,loop
570.555,65892172,loop
570.660,65892172,loop
570.765,65892172,loop
570.870,65892172,loop
570.975,65892172,loop
571.080,65892172,loop
571.186,65892172,loop
571.291,65892172,loop
571.396,65892172,loop
571.501,65892172,loop
571.606,65892172,loop
571.711,65892172,loop
571.817,65892172,loop
571.922,65892172,loop
572.027,65892172,loop
572.132,65892172,loop
572.237,65892172,loop
572.342,65892172,loop
572.447,65892172,loop
572.553,65892172,loop
572.658,65892172,loop
572.763,65892172,loop
572.868,65892172,loop
572.973,65892172,loop
573.078,65892172,loop
573.184,65892172,loop
573.289,65892172,loop
573.394,65892172,loop
573.499,65892172,loop
573.604,65892172,loop
573.710,65892172,loop
573.815,65892172,loop
573.920,65892172,loop
574.025,65892172,loop
574.130,65892172,loop
574.235,65892172,loop
574.341,65892172,loop
574.446,65892172,loop
574.551,65892172,loop
574.656,65892172,loop
574.761,65892172,loop
574.866,65892172,loop
574.972,65892172,loop
575.077,65892172,loop
575.182,65892172,loop
575.287,65892172,loop
575.392,65892172,loop
575.497,65892172,loop
575.602,65892172,loop
575.708,65892172,loop
575.813,65892172,loop
575.918,65892172,loop
576.023,65892172,loop
576.128,65892172,loop
576.233,65892172,loop
576.339,65892172,loop
576.444,65892172,loop
576.549,65892172,loop
576.654,65892172,loop
576.759,65892172,loop
576.865,65892172,loop
576.970,65892172,loop
577.075,65892172,loop
577.180,65892172,loop
577.285,65892172,loop
577.390,65892172,loop
577.495,65892172,loop
577.601,65892172,loop
577.706,65892172,loop
577.811,65892172,loop
577.916,65892172,loop
578.021,65892172,loop
578.126,65892172,loop
578.232,65892172,loop
578.337,65892172,loop
578.442,65892172,loop
578.547,65892172,loop
578.652,65892172,loop
578.757,65892172,loop
578.863,65892172,loop
578.968,65892172,loop
579.073,65892172,loop
579.178,65892172,loop
579.283,65892172,loop
579.389,65892172,loop
579.494,65892172,loop
579.599,65892172,loop
579.704,65892172,loop
579.809,65892172,loop
579.914,65892172,loop
580.020,65892172,loop
580.125,65892172,loop
580.230,65892172,loop
580.335,65892172,loop
580.440,65892172,loop
580.545,65892172,loop
580.651,65892172,loop
580.756,65892172,loop
580.861,65892172,loop
580.966,65892172,loop
581.071,65892172,loop
581.176,65892172,loop
581.282,65892172,loop
581.387,65892172,loop
581.492,65892172,loop
581.597,65892172,loop
581.702,65892172,loop
581.807,65892172,loop
581.913,65892172,loop
582.018,65892172,loop
582.123,65892172,loop
582.228,65892172,loop
582.333,65892172,loop
582.438,65892172,loop
582.544,65892172,loop
582.649,65892172,loop
582.754,65892172,loop
582.859,65892172,loop
582.964,65892172,loop
583.069,65892172,loop
583.175,65892172,loop
583.280,65892172,loop
583.385,65892172,loop
583.490,65892172,loop
583.595,65892172,loop
583.700,65892172,loop
583.806,65892172,loop
583.911,65892172,loop
584.016,65892172,loop
584.121,65892172,loop
584.226,65892172,loop
584.331,65892172,loop
584.437,65892172,loop
584.542,65892172,loop
584.647,65892172,loop
584.752,65892172,loop
584.857,65892364,loop
584.962,65892364,loop
585.068,65892364,loop
585.173,65892364,loop
585.278,65892364,loop
585.383,65892364,loop
585.488,65892364,loop
585.593,65892364,loop
585.699,65892364,loop
585.804,65892364,loop
585.909,65892364,loop
586.014,65892364,loop
586.119,65892364,loop
586.224,65892364,loop
586.330,65892364,loop
586.435,65892364,loop
586.540,65892364,loop
586.645,65892364,loop
586.750,65892364,loop
586.855,65892364,loop
586.961,65892364,loop
587.066,65892364,loop
587.171,65892364,loop
587.276,65892364,loop
587.381,65892364,loop
587.486,65892364,loop
587.592,65892364,loop
587.697,65892364,loop
587.802,65892364,loop
587.907,65894412,loop
588.012,65894412,loop
588.117,65894412,loop
588.223,65894412,loop
588.328,65894412,loop
588.433,65894412,loop
588.538,65894412,loop
588.643,65894412,loop
588.748,65894412,loop
588.854,65894412,loop
588.959,65894412,loop
589.064,65894412,loop
589.169,65894412,loop
589.274,65894412,loop
589.379,65894412,loop
589.485,65894412,loop
589.590,65894412,loop
589.695,65894412,loop
589.800,65894412,loop
589.905,65894412,loop
590.010,65894412,loop
590.116,65894412,loop
590.221,65894412,loop
590.326,65894412,loop
590.431,65894412,loop
590.536,65894412,loop
590.641,65894412,loop
590.747,65894412,loop
590.852,65894412,loop
590.957,65894412,loop
591.062,65894412,loop
591.167,65894412,loop
591.272,65894412,loop
591.378,65894412,loop
591.483,65894412,loop
591.588,65894412,loop
591.693,65894412,loop
591.798,65894412,loop
591.903,65894412,loop
592.009,65894412,loop
592.114,65894412,loop
592.219,65894412,loop
592.324,65894412,loop
592.429,65894412,loop
592.534,65894412,loop
592.640,65894412,loop
592.745,65894412,loop
592.850,65894412,loop
592.955,65894412,loop
593.060,65894412,loop
593.165,65894412,loop
593.271,65894412,loop
593.376,65894412,loop
593.481,65894412,loop
593.586,65894412,loop
593.691,65894412,loop
593.796,65894412,loop
593.902,65894412,loop
594.007,65894412,loop
594.112,65894412,loop
594.217,65894412,loop
594.322,65894412,loop
594.427,65894412,loop
594.533,65894412,loop
594.638,65894412,loop
594.743,65894412,loop
594.848,65894412,loop
594.953,65894412,loop
595.058,65894412,loop
595.164,65894412,loop
595.269,65894412,loop
595.374,65894412,loop
595.479,65894412,loop
595.584,65894412,loop
595.689,65894412,loop
595.795,65894412,loop
595.900,65894412,loop
596.005,65894412,loop
596.110,65894412,loop
596.215,65894412,loop
596.320,65894412,loop
596.426,65894412,loop
596.531,65894412,loop
596.636,65894412,loop
596.741,65894412,loop
596.846,65894412,loop
596.951,65894412,loop
597.057,65894412,loop
597.162,65894412,loop
597.267,65894412,loop
597.372,65894412,loop
597.477,65894412,loop
597.582,65894412,loop
597.688,65894412,loop
597.793,65894412,loop
597.898,65894412,loop
598.003,65894412,loop
598.108,65894412,loop
598.213,65894412,loop
598.319,65894412,loop
598.424,65894412,loop
598.529,65894412,loop
598.634,65894412,loop
598.739,65894412,loop
598.844,65894412,loop
598.950,65894412,loop
599.055,65894412,loop
599.160,65894412,loop
599.265,65894412,loop
599.370,65894412,loop
599.475,65894412,loop
599.581,65894412,loop
599.686,65894412,loop
599.791,65894412,loop
599.896,65894412,loop
600.001,65894412,loop
600.106,65894412,loop
600.212,65894412,loop
600.317,65894412,loop
600.422,65894412,loop
600.527,65894412,loop
600.632,65894412,loop
600.737,65894412,loop
600.843,65894412,loop
600.948,65894412,loop
601.053,65894412,loop
601.158,65894412,loop
601.263,65894412,loop
601.368,65894412,loop
601.474,65894412,loop
601.579,65894412,loop
601.684,65894412,loop
601.789,65894412,loop
601.894,65894412,loop
601.999,65894412,loop
602.105,65894412,loop
602.210,65894412,loop
602.315,65894412,loop
602.420,65894412,loop
602.525,65894412,loop
602.630,65894412,loop
602.736,65894412,loop
602.841,65894412,loop
602.946,65894412,loop
603.051,65894412,loop
603.156,65894412,loop
603.261,65894412,loop
603.367,65894412,loop
603.472,65894412,loop
603.577,65894412,loop
603.682,65894412,loop
603.787,65894412,loop
603.892,65894412,loop
603.998,65894412,loop
604.103,65894412,loop
604.208,65894412,loop
604.313,65894412,loop
604.418,65894412,loop
604.523,65894412,loop
604.629,65894412,loop
604.734,65894412,loop
604.839,65894412,loop
604.944,65894412,loop
605.049,65894412,loop
605.154,65894412,loop
605.260,65894412,loop
605.365,65894412,loop
605.470,65894412,loop
605.575,65894412,loop
605.680,65894412,loop
605.785,65894412,loop
605.891,65894412,loop
605.996,65894412,loop
606.101,65894412,loop
606.206,65894412,loop
606.311,65894412,loop
606.416,65894412,loop
606.522,65894412,loop
606.627,65894412,loop
606.732,65894412,loop
606.837,65894412,loop
606.942,65894412,loop
607.047,65894412,loop
607.153,65894412,loop
607.258,65894412,loop
607.363,65894412,loop
607.468,65894412,loop
607.573,65894412,loop
607.678,65894412,loop
607.784,65894412,loop
607.889,65894412,loop
607.994,65894412,loop
608.099,65894412,loop
608.204,65894412,loop
608.309,65894412,loop
608.415,65894412,loop
608.520,65894412,loop
608.625,65894412,loop
608.730,65894412,loop
608.835,65894412,loop
608.940,65894412,loop
609.046,65894412,loop
609.151,65894412,loop
609.256,65894412,loop
609.361,65894412,loop
609.466,65894412,loop
609.571,65894412,loop
609.677,65894412,loop
609.782,65894412,loop
609.887,65894412,loop
609.992,65894412,loop
610.097,65894412,loop
610.202,65894412,loop
610.308,65894412,loop
610.413,65894412,loop
610.518,65894412,loop
610.623,65894412,loop
610.728,65894412,loop
610.833,65894412,loop
610.939,65894412,loop
611.044,65894412,loop
611.149,65894412,loop
611.254,65894412,loop
611.359,65894412,loop
611.464,65894412,loop
611.570,65894412,loop
611.675,65894412,loop
611.780,65894412,loop
611.885,65894412,loop
611.990,65894412,loop
612.095,65894412,loop
612.200,65894412,loop
612.306,65894412,loop
612.411,65894412,loop
612.516,65894412,loop
612.621,65894412,loop
612.726,65894412,loop
612.831,65894412,loop
612.937,65894412,loop
613.042,65894412,loop
613.147,65894412,loop
613.252,65894412,loop
613.357,65894412,loop
613.462,65894412,loop
613.568,65894412,loop
613.673,65894412,loop
613.778,65894412,loop
613.883,65894412,loop
613.988,65894412,loop
614.093,65894412,loop
614.199,65894412,loop
614.304,65894412,loop
614.409,65894412,loop
614.514,65894412,loop
614.619,65894412,loop
614.724,65894412,loop
614.830,65894412,loop
614.935,65894412,loop
615.040,65894412,loop
615.145,65894412,loop
615.250,65894412,loop
615.355,65894412,loop
615.461,65894412,loop
615.566,65894412,loop
615.671,65894412,loop
615.776,65894412,loop
615.881,65894412,loop
615.986,65894412,loop
616.092,65894412,loop
616.197,65894412,loop
616.302,65894412,loop
616.407,65894412,loop
616.512,65894412,loop
616.617,65894412,loop
616.723,65894412,loop
616.828,65894412,loop
616.933,65894412,loop
617.038,65894412,loop
617.143,65894412,loop
617.248,65894412,loop
617.354,65894412,loop
617.459,65894412,loop
617.564,65894412,loop
617.669,65894412,loop
617.774,65894412,loop
617.879,65894412,loop
617.985,65894412,loop
618.090,65894412,loop
618.195,65894412,loop
618.300,65894412,loop
618.405,65894412,loop
618.510,65894412,loop
618.616,65894412,loop
618.721,65894412,loop
618.826,65894412,loop
618.931,65894412,loop
619.036,65894412,loop
619.141,65894412,loop
619.247,65894412,loop
619.352,65894412,loop
619.457,65894412,loop
619.562,65894412,loop
619.667,65894412,loop
619.772,65894412,loop
619.878,65894412,loop
619.983,65894412,loop
620.088,65894412,loop
620.193,65894412,loop
620.298,65894412,loop
620.403,65894412,loop
620.509,65894412,loop
620.614,65894412,loop
620.719,65894412,loop
620.824,65894412,loop
620.929,65894412,loop
621.034,65894412,loop
621.140,65894412,loop
621.245,65894412,loop
621.350,65894412,loop
621.455,65894412,loop
621.560,65894412,loop
621.665,65894412,loop
621.771,65894412,loop
621.876,65894412,loop
621.981,65894412,loop
622.086,65894412,loop
622.191,65894412,loop
622.296,65894412,loop
622.402,65894412,loop
622.507,65894412,loop
622.612,65894412,loop
622.717,65894412,loop
622.822,65894412,loop
622.927,65894412,loop
623.033,65894412,loop
623.138,65894412,loop
623.243,65894412,loop
623.348,65894412,loop
623.453,65894412,loop
623.558,65894412,loop
623.664,65894412,loop
623.769,65894412,loop
623.874,65894412,loop
623.979,65894412,loop
624.084,65894412,loop
624.189,65894412,loop
624.295,65894412,loop
624.400,65894412,loop
624.505,65894412,loop
624.610,65894412,loop
624.715,65894412,loop
624.820,65894412,loop
624.926,65894412,loop
625.031,65894412,loop
625.136,65894412,loop
625.241,65894412,loop
625.346,65894412,loop
625.451,65894412,loop
625.557,65894412,loop
625.662,65894412,loop
625.767,65894412,loop
625.872,65894412,loop
625.977,65894412,loop
626.082,65894412,loop
626.188,65894412,loop
626.293,65894412,loop
626.398,65894412,loop
626.503,65894412,loop
626.608,65894412,loop
626.713,65894412,loop
626.819,65894412,loop
626.924,65894412,loop
627.029,65894412,loop
627.134,65894412,loop
627.239,65894412,loop
627.344,65894412,loop
627.450,65894412,loop
627.555,65894412,loop
627.660,65894412,loop
627.765,65894412,loop
627.870,65894412,loop
627.975,65894412,loop
628.081,65894412,loop
628.186,65894412,loop
628.291,65894412,loop
628.396,65894412,loop
628.501,65894412,loop
628.606,65894412,loop
628.712,65894412,loop
628.817,65894412,loop
628.922,65894412,loop
629.027,65894412,loop
629.132,65894412,loop
629.237,65894412,loop
629.343,65894412,loop
629.448,65894412,loop
629.553,65894412,loop
629.658,65894412,loop
629.763,65894412,loop
629.868,65894412,loop
629.974,65894412,loop
630.079,65894412,loop
630.184,65894412,loop
630.289,65894412,loop
630.394,65894412,loop
630.499,65894412,loop
630.605,65894412,loop
630.710,65894412,loop
630.815,65894412,loop
630.920,65894412,loop
631.025,65894412,loop
631.130,65894412,loop
631.236,65894412,loop
631.341,65894412,loop
631.446,65894412,loop
631.551,65894412,loop
631.656,65894412,loop
631.761,65894412,loop
631.867,65894412,loop
631.972,65894412,loop
632.077,65894412,loop
632.182,65894412,loop
632.287,65894412,loop
632.392,65894412,loop
632.497,65894412,loop
632.603,65894412,loop
632.708,65894412,loop
632.813,65894412,loop
632.918,65894412,loop
633.023,65894412,loop
633.128,65894412,loop
633.234,65894412,loop
633.339,65894412,loop
633.444,65894412,loop
633.549,65894412,loop
633.654,65894412,loop
633.759,65894412,loop
633.865,65894412,loop
633.970,65894412,loop
634.075,65894412,loop
634.180,65894412,loop
634.285,65894412,loop
634.390,65894412,loop
634.496,65894412,loop
634.601,65894412,loop
634.706,65894412,loop
634.811,65894412,loop
634.916,65894412,loop
635.021,65894412,loop
635.127,65894412,loop
635.232,65894412,loop
635.337,65894412,loop
635.442,65894412,loop
635.547,65894412,loop
635.652,65894412,loop
635.758,65894412,loop
635.863,65894412,loop
635.968,65894412,loop
636.073,65894412,loop
636.178,65894412,loop
636.283,65894412,loop
636.389,65894412,loop
636.494,65894412,loop
636.599,65894412,loop
636.704,65894412,loop
636.809,65894412,loop
636.914,65894412,loop
637.020,65894412,loop
637.125,65894412,loop
637.230,65894412,loop
637.335,65894412,loop
637.440,65894412,loop
637.545,65894412,loop
637.651,65894412,loop
637.756,65894412,loop
637.861,65894412,loop
637.966,65894412,loop
638.071,65894412,loop
638.176,65894412,loop
638.282,65894412,loop
638.387,65894412,loop
638.492,65894412,loop
638.597,65894412,loop
638.702,65894412,loop
638.807,65894412,loop
638.913,65894412,loop
639.018,65894412,loop
639.123,65894412,loop
639.228,65894412,loop
639.333,65894412,loop
639.438,65894412,loop
639.544,65894412,loop
639.649,65894412,loop
639.754,65894412,loop
639.859,65894412,loop
639.964,65894412,loop
640.069,65894412,loop
640.175,65894412,loop
640.280,65894412,loop
640.385,65894412,loop
640.490,65894412,loop
640.595,65894412,loop
640.700,65894412,loop
640.806,65894412,loop
640.911,65894412,loop
641.016,65894412,loop
641.121,65894412,loop
641.226,65894412,loop
641.331,65894412,loop
641.437,65894412,loop
641.542,65894412,loop
641.647,65894412,loop
641.752,65894412,loop
641.857,65894412,loop
641.962,65894412,loop
642.068,65894412,loop
642.173,65894412,loop
642.278,65894412,loop
642.383,65894412,loop
642.488,65894412,loop
642.593,65894412,loop
642.699,65894412,loop
642.804,65894412,loop
642.909,65894412,loop
643.014,65894412,loop
643.119,65894412,loop
643.224,65894412,loop
643.330,65894412,loop
643.435,65894412,loop
643.540,65894412,loop
643.645,65894412,loop
643.750,65894412,loop
643.855,65894412,loop
643.960,65894412,loop
644.066,65894412,loop
644.171,65894412,loop
644.276,65894412,loop
644.381,65894412,loop
644.486,65894412,loop
644.591,65894412,loop
644.697,65894412,loop
644.802,65894412,loop
644.907,65894412,loop
645.012,65894412,loop
645.117,65894412,loop
645.222,65894412,loop
645.328,65894412,loop
645.433,65894412,loop
645.538,65894412,loop
645.643,65894412,loop
645.748,65894412,loop
645.854,65894412,loop
645.959,65894412,loop
646.064,65894412,loop
646.169,65894412,loop
646.274,65894412,loop
646.379,65894412,loop
646.485,65894412,loop
646.590,65894412,loop
646.695,65894412,loop
646.800,65894412,loop
646.905,65894412,loop
647.010,65894412,loop
647.115,65894412,loop
647.221,65894412,loop
647.326,65894412,loop
647.431,65894412,loop
647.536,65894412,loop
647.641,65894412,loop
647.746,65894412,loop
647.852,65896460,loop
647.957,65896460,loop
648.062,65896460,loop
648.167,65896460,loop
648.272,65896460,loop
648.378,65896460,loop
648.483,65896460,loop
648.588,65896460,loop
648.693,65896460,loop
648.798,65896460,loop
648.903,65896460,loop
649.009,65896460,loop
649.114,65896460,loop
649.219,65896460,loop
649.324,65896460,loop
649.429,65896460,loop
649.534,65896460,loop
649.640,65896460,loop
649.745,65896460,loop
649.850,65896460,loop
649.955,65896460,loop
650.060,65896460,loop
650.165,65896460,loop
650.271,65896460,loop
650.376,65896460,loop
650.481,65896460,loop
650.586,65896460,loop
650.691,65896460,loop
650.796,65896460,loop
650.902,65896460,loop
651.007,65896460,loop
651.112,65896460,loop
651.217,65896460,loop
651.322,65896460,loop
651.427,65896460,loop
651.533,65896460,loop
651.638,65896460,loop
651.743,65896460,loop
651.848,65896460,loop
651.953,65896460,loop
652.058,65896460,loop
652.164,65896460,loop
652.269,65896460,loop
652.374,65896460,loop
652.479,65896460,loop
652.584,65896460,loop
652.689,65896460,loop
652.794,65896460,loop
652.900,65896460,loop
653.005,65896460,loop
653.110,65896460,loop
653.215,65896460,loop
653.320,65896460,loop
653.425,65896460,loop
653.531,65896460,loop
653.636,65896460,loop
653.741,65896460,loop
653.846,65896460,loop
653.951,65896460,loop
654.056,65896460,loop
654.162,65896460,loop
654.267,65896460,loop
654.372,65896460,loop
654.477,65896460,loop
654.582,65896460,loop
654.687,65896460,loop
654.793,65896460,loop
654.898,65896460,loop
655.003,65896460,loop
655.108,65896460,loop
655.213,65896460,loop
655.318,65896460,loop
655.424,65896460,loop
655.529,65896460,loop
655.634,65896460,loop
655.739,65896460,loop
655.844,65896460,loop
655.950,65896460,loop
656.055,65896460,loop
656.160,65896460,loop
656.265,65896460,loop
656.370,65896460,loop
656.475,65896460,loop
656.581,65896460,loop
656.686,65896460,loop
656.791,65896460,loop
656.896,65896460,loop
657.001,65896460,loop
657.106,65896460,loop
657.211,65896460,loop
657.317,65896460,loop
657.422,65896460,loop
657.527,65896460,loop
657.632,65896460,loop
657.737,65896460,loop
657.843,65896460,loop
657.948,65896460,loop
658.053,65896460,loop
658.158,65896460,loop
658.263,65896460,loop
658.368,65896460,loop
658.474,65896460,loop
658.579,65896460,loop
658.684,65896460,loop
658.789,65896460,loop
658.894,65896460,loop
658.999,65896460,loop
659.105,65896460,loop
659.210,65896460,loop
659.315,65896460,loop
659.420,65896460,loop
659.525,65896460,loop
659.630,65896460,loop
659.736,65896460,loop
659.841,65896460,loop
659.946,65896460,loop
660.051,65896460,loop
660.156,65896460,loop
660.261,65896460,loop
660.367,65896460,loop
660.472,65896460,loop
660.577,65896460,loop
660.682,65896460,loop
660.787,65896460,loop
660.892,65896460,loop
660.998,65896460,loop
661.103,65896460,loop
661.208,65896460,loop
661.313,65896460,loop
661.418,65896460,loop
661.523,65896460,loop
661.629,65896460,loop
661.734,65896460,loop
661.839,65896460,loop
661.944,65896460,loop
662.049,65896460,loop
662.154,65896460,loop
662.260,65896460,loop
662.365,65896460,loop
662.470,65896460,loop
662.575,65896460,loop
662.680,65875136,loop
662.785,65875140,loop
662.891,65875140,loop
662.996,65875140,loop
663.101,65875140,loop
663.206,65875140,loop
663.311,65875140,loop
663.416,65875140,loop
663.522,65875140,loop
663.627,65875140,loop
663.732,65875140,loop
663.837,65875140,loop
663.942,65875140,loop
664.047,65875140,loop
664.153,65875140,loop
664.258,65875140,loop
664.363,65875140,loop
664.468,65875140,loop
664.573,65875140,loop
664.678,65875140,loop
664.784,65875140,loop
664.889,65875140,loop
664.994,65875140,loop
665.099,65875140,loop
665.204,65875140,loop
665.309,65875140,loop
665.415,65875140,loop
665.520,65875140,loop
665.625,65875140,loop
665.730,65856160,loop
665.835,65856160,loop
665.940,65856160,loop
666.046,65856160,loop
666.151,65856160,loop
666.256,65856160,loop
666.361,65856160,loop
666.466,65856160,loop
666.571,65856160,loop
666.677,65856160,loop
666.782,65856160,loop
666.887,65856160,loop
666.992,65856160,loop
667.097,65856160,loop
667.202,65856160,loop
667.308,65856160,loop
667.413,65856160,loop
667.518,65856160,loop
667.623,65856160,loop
667.729,65829288,loop
667.834,65811424,loop
667.939,65811424,loop
668.044,65811424,loop
668.149,65811424,loop
668.255,65811424,loop
668.360,65811424,loop
668.465,65811424,loop
668.570,65811424,loop
668.675,65811424,loop
668.780,65811424,loop
668.886,65811424,loop
668.991,65811424,loop
669.096,65811424,loop
669.201,65811424,loop
669.306,65811424,loop
669.411,65811424,loop
669.517,65811424,loop
669.622,65811424,loop
669.727,65811424,loop
669.832,65802360,loop
669.937,65802360,loop
670.042,65802360,loop
670.148,65802360,loop
670.253,65802360,loop
670.358,65802360,loop
670.463,65802360,loop
670.568,65802360,loop
670.673,65802360,loop
670.779,65802360,loop
670.884,65802360,loop
670.989,65802360,loop
671.094,65802360,loop
671.199,65802360,loop
671.304,65802360,loop
671.410,65802360,loop
671.515,65802360,loop
671.620,65802360,loop
671.725,65802360,loop
671.830,65802360,loop
671.935,65802360,loop
672.041,65802360,loop
672.146,65802360,loop
672.251,65802360,loop
672.356,65802360,loop
672.461,65802360,loop
672.566,65802360,loop
672.672,65802360,loop
672.777,65802360,loop
672.882,65802360,loop
672.987,65802360,loop
673.092,65802360,loop
673.197,65802360,loop
673.303,65802360,loop
673.408,65802360,loop
673.513,65802360,loop
673.618,65802360,loop
673.723,65802360,loop
673.828,65802360,loop
673.934,65802360,loop
674.039,65802360,loop
674.144,65802360,loop
674.249,65802360,loop
674.354,65802360,loop
674.459,65802360,loop
674.565,65802360,loop
674.670,65802360,loop
674.775,65802360,loop
674.880,65802360,loop
674.985,65802360,loop
675.090,65802360,loop
675.196,65802360,loop
675.301,65802360,loop
675.406,65802360,loop
675.511,65802360,loop
675.616,65802360,loop
675.721,65802360,loop
675.826,65802360,loop
675.932,65802360,loop
676.037,65802360,loop
676.142,65802360,loop
676.247,65802360,loop
676.352,65802360,loop
676.458,65802360,loop
676.563,65802360,loop
676.668,65802360,loop
676.773,65802360,loop
676.878,65802360,loop
676.983,65802360,loop
677.089,65802360,loop
677.194,65802360,loop
677.299,65802360,loop
677.404,65802360,loop
677.509,65802360,loop
677.614,65802360,loop
677.720,65802360,loop
677.825,65802360,loop
677.930,65802360,loop
678.035,65802360,loop
678.140,65802360,loop
678.245,65802360,loop
678.351,65802360,loop
678.456,65802360,loop
678.561,65802360,loop
678.666,65802360,loop
678.771,65802360,loop
678.876,65802360,loop
678.982,65802360,loop
679.087,65802360,loop
679.192,65802360,loop
679.297,65802360,loop
679.402,65802360,loop
679.507,65802360,loop
679.613,65802360,loop
679.718,65802360,loop
679.823,65802360,loop
679.928,65802360,loop
680.033,65802360,loop
680.138,65802360,loop
680.244,65802360,loop
680.349,65802360,loop
680.454,65802360,loop
680.559,65802360,loop
680.664,65802360,loop
680.769,65802360,loop
680.875,65802360,loop
680.980,65802360,loop
681.085,65802360,loop
681.190,65802360,loop
681.295,65802360,loop
681.400,65802360,loop
681.506,65802360,loop
681.611,65802360,loop
681.716,65802360,loop
681.821,65802360,loop
681.926,65802360,loop
682.031,65802360,loop
682.137,65802360,loop
682.242,65802360,loop
682.347,65802360,loop
682.452,65802360,loop
682.557,65802360,loop
682.662,65802360,loop
682.768,65802360,loop
682.873,65802360,loop
682.978,65802360,loop
683.083,65802360,loop
683.188,65802360,loop
683.293,65802360,loop
683.399,65802360,loop
683.504,65802360,loop
683.609,65802360,loop
683.714,65802360,loop
683.819,65802360,loop
683.924,65802360,loop
684.030,65802360,loop
684.135,65802360,loop
684.240,65802360,loop
684.345,65802360,loop
684.450,65802360,loop
684.555,65802360,loop
684.661,65802360,loop
684.766,65802360,loop
684.871,65802360,loop
684.976,65802360,loop
685.081,65802360,loop
685.186,65802360,loop
685.292,65802360,loop
685.397,65802360,loop
685.502,65802360,loop
685.607,65802360,loop
685.713,65802360,loop
685.818,65802360,loop
685.923,65802360,loop
686.028,65802360,loop
686.133,65802360,loop
686.238,65802360,loop
686.344,65802360,loop
686.449,65802360,loop
686.554,65802360,loop
686.659,65802360,loop
686.764,65802360,loop
686.869,65802360,loop
686.975,65802360,loop
687.080,65802360,loop
687.185,65802360,loop
687.290,65802360,loop
687.395,65802360,loop
687.500,65802360,loop
687.606,65802360,loop
687.711,65802360,loop
687.816,65802360,loop
687.921,65802360,loop
688.026,65802360,loop
688.131,65802360,loop
688.237,65802360,loop
688.342,65802360,loop
688.447,65802360,loop
688.552,65802360,loop
688.657,65802360,loop
688.762,65802360,loop
688.868,65802360,loop
688.973,65802360,loop
689.078,65802360,loop
689.183,65802360,loop
689.288,65802360,loop
689.393,65802360,loop
689.499,65802360,loop
689.604,65802360,loop
689.709,65802360,loop
689.814,65802360,loop
689.919,65802360,loop
690.024,65802360,loop
690.130,65802360,loop
690.235,65802360,loop
690.340,65802360,loop
690.445,65802360,loop
690.550,65802360,loop
690.655,65802360,loop
690.761,65802360,loop
690.866,65802360,loop
690.971,65802360,loop
691.076,65802360,loop
691.181,65802360,loop
691.286,65802360,loop
691.392,65802360,loop
691.497,65802360,loop
691.602,65802360,loop
691.707,65802360,loop
691.812,65802360,loop
691.917,65802360,loop
692.023,65802360,loop
692.128,65802360,loop
692.233,65802360,loop
692.338,65802360,loop
692.443,65802360,loop
692.548,65802360,loop
692.654,65802360,loop
692.759,65802360,loop
692.864,65802360,loop
692.969,65802360,loop
693.074,65802360,loop
693.179,65802360,loop
693.285,65802360,loop
693.390,65802360,loop
693.495,65802360,loop
693.600,65802360,loop
693.705,65802360,loop
693.810,65802360,loop
693.916,65802360,loop
694.021,65802360,loop
694.126,65802360,loop
694.231,65802360,loop
694.336,65802360,loop
694.441,65802360,loop
694.547,65802360,loop
694.652,65802360,loop
694.757,65802360,loop
694.862,65802360,loop
694.967,65802360,loop
695.072,65802360,loop
695.178,65802360,loop
695.283,65802360,loop
695.388,65802360,loop
695.493,65802360,loop
695.598,65802360,loop
695.703,65802360,loop
695.809,65802360,loop
695.914,65802360,loop
696.019,65802360,loop
696.124,65802360,loop
696.229,65802360,loop
696.334,65802360,loop
696.440,65802360,loop
696.545,65802360,loop
696.650,65802360,loop
696.755,65802360,loop
696.860,65802360,loop
696.965,65802360,loop
697.071,65802360,loop
697.176,65802360,loop
697.281,65802360,loop
697.386,65802360,loop
697.491,65802360,loop
697.596,65802360,loop
697.702,65802360,loop
697.807,65802360,loop
697.912,65802360,loop
698.017,65802360,loop
698.122,65802360,loop
698.227,65802360,loop
698.333,65802360,loop
698.438,65802360,loop
698.543,65802360,loop
698.648,65802360,loop
698.753,65802360,loop
698.858,65802360,loop
698.964,65802360,loop
699.069,65802360,loop
699.174,65802360,loop
699.279,65802360,loop
699.384,65802360,loop
699.489,65802360,loop
699.595,65802360,loop
699.700,65802360,loop
699.805,65802360,loop
699.910,65802360,loop
700.015,65802360,loop
700.120,65802360,loop
700.226,65802360,loop
700.331,65802360,loop
700.436,65802360,loop
700.541,65802360,loop
700.646,65802360,loop
700.751,65802360,loop
700.857,65802360,loop
700.962,65802360,loop
701.067,65802360,loop
701.172,65802360,loop
701.277,65802360,loop
701.382,65802360,loop
701.488,65802360,loop
701.593,65802360,loop
701.698,65802360,loop
701.803,65802360,loop
701.908,65802360,loop
702.013,65802360,loop
702.119,65802360,loop
702.224,65802360,loop
702.329,65802360,loop
702.434,65802360,loop
702.539,65802360,loop
702.644,65802360,loop
702.750,65802360,loop
702.855,65802360,loop
702.960,65802360,loop
703.065,65802360,loop
703.170,65802360,loop
703.275,65802360,loop
703.381,65802360,loop
703.486,65802360,loop
703.591,65802360,loop
703.696,65802360,loop
703.801,65802360,loop
703.906,65802360,loop
704.012,65802360,loop
704.117,65802360,loop
704.222,65802360,loop
704.327,65802360,loop
704.432,65802360,loop
704.537,65802360,loop
704.643,65802360,loop
704.748,65802360,loop
704.853,65802360,loop
704.958,65802360,loop
705.063,65802360,loop
705.168,65802360,loop
705.274,65802360,loop
705.379,65802360,loop
705.484,65802360,loop
705.589,65802360,loop
705.694,65802360,loop
705.799,65802360,loop
705.905,65802360,loop
706.010,65802360,loop
706.115,65802360,loop
706.220,65802360,loop
706.325,65802360,loop
706.430,65802360,loop
706.536,65802360,loop
706.641,65802360,loop
706.746,65802360,loop
706.851,65802360,loop
706.956,65802360,loop
707.061,65802360,loop
707.167,65802360,loop
707.272,65802360,loop
707.377,65802360,loop
707.482,65802360,loop
707.587,65802360,loop
707.692,65802360,loop
707.798,65804408,loop
707.903,65804408,loop
708.008,65804408,loop
708.113,65804408,loop
708.218,65804408,loop
708.323,65804408,loop
708.429,65804408,loop
708.534,65804408,loop
708.639,65804408,loop
708.744,65804408,loop
708.849,65804408,loop
708.954,65804408,loop
709.060,65804408,loop
709.165,65804408,loop
709.270,65804408,loop
709.375,65804408,loop
709.480,65804408,loop
709.586,65804408,loop
709.691,65804408,loop
709.796,65804408,loop
709.901,65804408,loop
710.006,65804408,loop
710.111,65804408,loop
710.217,65804408,loop
710.322,65804408,loop
710.427,65804408,loop
710.532,65804408,loop
710.637,65804408,loop
710.742,65804408,loop
710.848,65804408,loop
710.953,65804408,loop
711.058,65804408,loop
711.163,65804408,loop
711.268,65804408,loop
711.373,65804408,loop
711.479,65804408,loop
711.584,65804408,loop
711.689,65804408,loop
711.794,65804408,loop
711.899,65804408,loop
712.004,65804408,loop
712.110,65804408,loop
712.215,65804408,loop
712.320,65804408,loop
712.425,65804408,loop
712.530,65804408,loop
712.635,65804408,loop
712.741,65804408,loop
712.846,65804408,loop
712.951,65804408,loop
713.056,65804408,loop
713.161,65804408,loop
713.267,65804408,loop
713.372,65804408,loop
713.477,65804408,loop
713.582,65804408,loop
713.687,65804408,loop
713.792,65804408,loop
713.898,65804408,loop
714.003,65804408,loop
714.108,65804408,loop
714.213,65804408,loop
714.318,65804408,loop
714.423,65804408,loop
714.529,65804408,loop
714.634,65804408,loop
714.739,65804408,loop
714.844,65804408,loop
714.949,65804408,loop
715.054,65804408,loop
715.160,65804408,loop
715.265,65804408,loop
715.370,65804408,loop
715.475,65804408,loop
715.580,65804408,loop
715.685,65804408,loop
715.791,65804408,loop
715.896,65804408,loop
716.001,65804408,loop
716.106,65804408,loop
716.211,65804408,loop
716.316,65804408,loop
716.421,65804408,loop
716.527,65804408,loop
716.632,65804408,loop
716.737,65804408,loop
716.842,65804408,loop
716.947,65804408,loop
717.053,65804408,loop
717.158,65804408,loop
717.263,65804408,loop
717.368,65804408,loop
717.473,65804408,loop
717.578,65804408,loop
717.684,65804408,loop
717.789,65804408,loop
717.894,65804408,loop
717.999,65804408,loop
718.104,65804408,loop
718.209,65804408,loop
718.315,65804408,loop
718.420,65804408,loop
718.525,65804408,loop
718.630,65804408,loop
718.735,65804408,loop
718.840,65804408,loop
718.946,65804408,loop
719.051,65804408,loop
719.156,65804408,loop
719.261,65804408,loop
719.366,65804408,loop
719.471,65804408,loop
719.577,65804408,loop
719.682,65804408,loop
719.787,65804408,loop
719.892,65804408,loop
719.997,65804408,loop
720.102,65804408,loop
720.208,65804408,loop
720.313,65804408,loop
720.418,65804408,loop
720.523,65804408,loop
720.628,65804408,loop
720.733,65804408,loop
720.839,65804408,loop
720.944,65804408,loop
721.049,65804408,loop
721.154,65804408,loop
721.259,65804408,loop
721.364,65804408,loop
721.470,65804408,loop
721.575,65804408,loop
721.680,65804408,loop
721.785,65804408,loop
721.890,65804408,loop
721.995,65804408,loop
722.101,65804408,loop
722.206,65804408,loop
722.311,65804408,loop
722.416,65804408,loop
722.521,65804408,loop
722.626,65804408,loop
722.732,65804408,loop
722.837,65804408,loop
722.942,65804408,loop
723.047,65804408,loop
723.152,65804408,loop
723.257,65804408,loop
723.363,65804408,loop
723.468,65804408,loop
723.573,65804408,loop
723.678,65804408,loop
723.783,65804408,loop
723.888,65804408,loop
723.994,65804408,loop
724.099,65804408,loop
724.204,65804408,loop
724.309,65804408,loop
724.414,65804408,loop
724.519,65804408,loop
724.625,65804408,loop
724.730,65804408,loop
724.835,65804408,loop
724.940,65804408,loop
725.045,65804408,loop
725.150,65804408,loop
725.256,65804408,loop
725.361,65804408,loop
725.466,65804408,loop
725.571,65804408,loop
725.676,65804408,loop
725.781,65804408,loop
725.887,65804408,loop
725.992,65804408,loop
726.097,65804408,loop
726.202,65804408,loop
726.307,65804408,loop
726.412,65804408,loop
726.518,65804408,loop
726.623,65804408,loop
726.728,65804408,loop
726.833,65804408,loop
726.938,65804408,loop
727.043,65804408,loop
727.148,65804408,loop
727.254,65804408,loop
727.359,65804408,loop
727.464,65804408,loop
727.569,65804408,loop
727.674,65804408,loop
727.780,65804408,loop
727.885,65804408,loop
727.990,65804408,loop
728.095,65804408,loop
728.200,65804408,loop
728.305,65804408,loop
728.411,65804408,loop
728.516,65804408,loop
728.621,65804408,loop
728.726,65804408,loop
728.831,65804408,loop
728.936,65804408,loop
729.042,65804408,loop
729.147,65804408,loop
729.252,65804408,loop
729.357,65804408,loop
729.462,65804408,loop
729.567,65804408,loop
729.673,65804408,loop
729.778,65804408,loop
729.883,65804408,loop
729.988,65804408,loop
730.093,65804408,loop
730.198,65804408,loop
730.304,65804408,loop
730.409,65804408,loop
730.514,65804408,loop
730.619,65804408,loop
730.724,65804408,loop
730.829,65804408,loop
730.935,65804408,loop
731.040,65804408,loop
731.145,65804408,loop
731.250,65804408,loop
731.355,65804408,loop
731.460,65804408,loop
731.566,65804408,loop
731.671,65804408,loop
731.776,65804408,loop
731.881,65804408,loop
731.986,65804408,loop
732.091,65804408,loop
732.197,65804408,loop
732.302,65804408,loop
732.407,65804408,loop
732.512,65804408,loop
732.617,65804408,loop
732.722,65804408,loop
732.828,65804408,loop
732.933,65804408,loop
733.038,65804408,loop
733.143,65804408,loop
733.248,65804408,loop
733.353,65804408,loop
733.459,65804408,loop
733.564,65804408,loop
733.669,65804408,loop
733.774,65804408,loop
733.879,65804408,loop
733.984,65804408,loop
734.090,65804408,loop
734.195,65804408,loop
734.300,65804408,loop
734.405,65804408,loop
734.510,65804408,loop
734.615,65804408,loop
734.721,65804408,loop
734.826,65804408,loop
734.931,65804408,loop
735.036,65804408,loop
735.141,65804408,loop
735.246,65804408,loop
735.352,65804408,loop
735.457,65804408,loop
735.562,65804408,loop
735.667,65804408,loop
735.772,65804408,loop
735.877,65804408,loop
735.982,65804408,loop
736.088,65804408,loop
736.193,65804408,loop
736.298,65804408,loop
736.403,65804408,loop
736.508,65804408,loop
736.614,65804408,loop
736.719,65804408,loop
736.824,65804408,loop
736.929,65804408,loop
737.034,65804408,loop
737.139,65804408,loop
737.245,65804408,loop
737.350,65804408,loop
737.455,65804408,loop
737.560,65804408,loop
737.665,65804408,loop
737.770,65804408,loop
737.876,65804408,loop
737.981,65804408,loop
738.086,65804408,loop
738.191,65804408,loop
738.296,65804408,loop
738.401,65804408,loop
738.507,65804408,loop
738.612,65804408,loop
738.717,65804408,loop
738.822,65804408,loop
738.927,65804408,loop
739.032,65804408,loop
739.138,65804408,loop
739.243,65804408,loop
739.348,65804408,loop
739.453,65804408,loop
739.558,65804408,loop
739.663,65804408,loop
739.769,65804408,loop
739.874,65804408,loop
739.979,65804408,loop
740.084,65804408,loop
740.189,65804408,loop
740.294,65804408,loop
740.400,65804408,loop
740.505,65804408,loop
740.610,65804408,loop
740.715,65804408,loop
740.820,65804408,loop
740.925,65804408,loop
741.031,65804408,loop
741.136,65804408,loop
741.241,65804408,loop
741.346,65804408,loop
741.451,65804408,loop
741.556,65804408,loop
741.662,65804408,loop
741.767,65804408,loop
741.872,65804408,loop
741.977,65804408,loop
742.082,65804408,loop
742.187,65804408,loop
742.293,65804408,loop
742.398,65804408,loop
742.503,65804408,loop
742.608,65804408,loop
742.713,65804408,loop
742.818,65804408,loop
742.924,65804408,loop
743.029,65804408,loop
743.134,65804408,loop
743.239,65804408,loop
743.344,65804408,loop
743.449,65804408,loop
743.555,65804408,loop
743.660,65804408,loop
743.765,65804408,loop
743.870,65804408,loop
743.975,65804408,loop
744.080,65800444,loop
744.186,65800460,loop
744.291,65800460,loop
744.396,65800460,loop
744.501,65800460,loop
744.606,65800460,loop
744.711,65800460,loop
744.817,65800460,loop
744.922,65800460,loop
745.027,65800460,loop
745.132,65800460,loop
745.237,65800460,loop
745.342,65800460,loop
745.448,65800460,loop
745.553,65800460,loop
745.658,65800460,loop
745.763,65800460,loop
745.868,65800460,loop
745.973,65800460,loop
746.079,65800460,loop
746.184,65800460,loop
746.289,65800460,loop
746.394,65800460,loop
746.499,65800460,loop
746.604,65800460,loop
746.709,65800460,loop
746.815,65800460,loop
746.920,65800460,loop
747.025,65800460,loop
747.130,65800460,loop
747.235,65800460,loop
747.340,65800460,loop
747.446,65800460,loop
747.551,65800460,loop
747.656,65800460,loop
747.761,65800460,loop
747.866,65800460,loop
747.972,65800460,loop
748.077,65800460,loop
748.182,65800460,loop
748.287,65800460,loop
748.392,65800460,loop
748.497,65800460,loop
748.603,65800460,loop
748.708,65800460,loop
748.813,65800460,loop
748.918,65800460,loop
749.023,65800460,loop
749.128,65800460,loop
749.234,65800460,loop
749.339,65800460,loop
749.444,65800460,loop
749.549,65800460,loop
749.654,65800460,loop
749.759,65800460,loop
749.865,65800460,loop
749.970,65800460,loop
750.075,65800460,loop
750.180,65800460,loop
750.285,65800460,loop
750.390,65800460,loop
750.495,65800460,loop
750.601,65800460,loop
750.706,65800460,loop
750.811,65800460,loop
750.916,65800460,loop
751.021,65800460,loop
751.126,65800460,loop
751.232,65800460,loop
751.337,65800460,loop
751.442,65800460,loop
751.547,65800460,loop
751.652,65800460,loop
751.757,65800460,loop
751.863,65800460,loop
751.968,65800460,loop
752.073,65800460,loop
752.178,65800460,loop
752.283,65800460,loop
752.388,65800460,loop
752.494,65800460,loop
752.599,65800460,loop
752.704,65800460,loop
752.809,65800460,loop
752.914,65800460,loop
753.020,65800460,loop
753.125,65800460,loop
753.230,65800460,loop
753.335,65800460,loop
753.440,65800460,loop
753.545,65800460,loop
753.651,65800460,loop
753.756,65800460,loop
753.861,65800460,loop
753.966,65800460,loop
754.071,65800460,loop
754.176,65800460,loop
754.281,65800460,loop
754.387,65800460,loop
754.492,65800460,loop
754.597,65800460,loop
754.702,65800460,loop
754.807,65800460,loop
754.912,65800460,loop
755.018,65800460,loop
755.123,65800460,loop
755.228,65800460,loop
755.333,65800460,loop
755.438,65800460,loop
755.543,65800460,loop
755.649,65800460,loop
755.754,65800460,loop
755.859,65800460,loop
755.964,65800460,loop
756.069,65800460,loop
756.175,65800460,loop
756.280,65800460,loop
756.385,65788952,loop
756.490,65788952,loop
756.595,65788952,loop
756.700,65788952,loop
756.806,65788952,loop
756.911,65788952,loop
757.016,65788952,loop
757.121,65788952,loop
757.226,65788952,loop
757.331,65788952,loop
757.437,65788952,loop
757.542,65788952,loop
757.647,65788952,loop
757.752,65788952,loop
757.857,65788952,loop
757.962,65788952,loop
758.068,65788952,loop
758.173,65788952,loop
758.278,65788952,loop
758.383,65788952,loop
758.488,65788952,loop
758.593,65788952,loop
758.699,65788952,loop
758.804,65788952,loop
758.909,65788952,loop
759.014,65788952,loop
759.119,65788952,loop
759.224,65788952,loop
759.330,65788952,loop
759.435,65788952,loop
759.540,65788952,loop
759.645,65788952,loop
759.750,65788952,loop
759.855,65788952,loop
759.961,65788952,loop
760.066,65788952,loop
760.171,65788952,loop
760.276,65788952,loop
760.381,65788952,loop
760.486,65788952,loop
760.592,65788952,loop
760.697,65788952,loop
760.802,65788952,loop
760.907,65788952,loop
761.012,65788952,loop
761.117,65788952,loop
761.223,65788952,loop
761.328,65788952,loop
761.433,65788952,loop
761.538,65788952,loop
761.643,65788952,loop
761.748,65788952,loop
761.854,65788952,loop
761.959,65788952,loop
762.064,65788952,loop
762.169,65788952,loop
762.274,65788952,loop
762.379,65788952,loop
762.484,65788952,loop
762.590,65788952,loop
762.695,65788952,loop
762.800,65788952,loop
762.905,65788952,loop
763.010,65788952,loop
763.115,65788952,loop
763.221,65788952,loop
763.326,65788952,loop
763.431,65788952,loop
763.536,65788952,loop
763.641,65788952,loop
763.747,65788952,loop
763.852,65788952,loop
763.957,65788952,loop
764.062,65788952,loop
764.167,65788952,loop
764.272,65788952,loop
764.378,65788952,loop
764.483,65788952,loop
764.588,65788952,loop
764.693,65788952,loop
764.798,65788952,loop
764.903,65788952,loop
765.009,65788952,loop
765.114,65788952,loop
765.219,65788952,loop
765.324,65788952,loop
765.429,65788952,loop
765.534,65788952,loop
765.639,65788952,loop
765.745,65788952,loop
765.850,65788952,loop
765.955,65788952,loop
766.060,65788952,loop
766.165,65788952,loop
766.270,65788952,loop
766.376,65788952,loop
766.481,65788952,loop
766.586,65788952,loop
766.691,65788952,loop
766.796,65788952,loop
766.901,65788952,loop
767.007,65788952,loop
767.112,65788952,loop
767.217,65788952,loop
767.322,65788952,loop
767.427,65788952,loop
767.532,65788952,loop
767.638,65791000,loop
767.743,65791000,loop
767.848,65791000,loop
767.953,65791000,loop
768.058,65791000,loop
768.163,65791000,loop
768.269,65791000,loop
768.374,65791000,loop
768.479,65791000,loop
768.584,65791000,loop
768.689,65791000,loop
768.794,65791000,loop
768.900,65791000,loop
769.005,65791000,loop
769.110,65791000,loop
769.215,65791000,loop
769.320,65791000,loop
769.425,65791000,loop
769.531,65791000,loop
769.636,65791000,loop
769.741,65791000,loop
769.846,65791000,loop
769.951,65791000,loop
770.056,65791000,loop
770.162,65791000,loop
770.267,65791000,loop
770.372,65791000,loop
770.477,65791000,loop
770.582,65791000,loop
770.687,65791000,loop
770.793,65791000,loop
770.898,65791000,loop
771.003,65791000,loop
771.108,65791000,loop
771.213,65791000,loop
771.318,65791000,loop
771.424,65791000,loop
771.529,65791000,loop
771.634,65791000,loop
771.739,65791000,loop
771.844,65791000,loop
771.949,65791000,loop
772.055,65791000,loop
772.160,65791000,loop
772.265,65791000,loop
772.370,65791000,loop
772.475,65791000,loop
772.580,65791000,loop
772.686,65791000,loop
772.791,65791000,loop
772.896,65791000,loop
773.001,65791000,loop
773.106,65791000,loop
773.211,65791000,loop
773.317,65791000,loop
773.422,65791000,loop
773.527,65791000,loop
773.632,65791000,loop
773.737,65791000,loop
773.842,65791000,loop
773.948,65791000,loop
774.053,65791000,loop
774.158,65791000,loop
774.263,65791000,loop
774.368,65791000,loop
774.473,65791000,loop
774.579,65791000,loop
774.684,65791000,loop
774.789,65791000,loop
774.894,65791000,loop
774.999,65791000,loop
775.104,65791000,loop
775.210,65791000,loop
775.315,65791000,loop
775.420,65791000,loop
775.525,65791000,loop
775.630,65791000,loop
775.735,65791000,loop
775.841,65791000,loop
775.946,65791000,loop
776.051,65791000,loop
776.156,65791000,loop
776.261,65791000,loop
776.366,65791000,loop
776.472,65791000,loop
776.577,65791000,loop
776.682,65791000,loop
776.787,65791000,loop
776.892,65791000,loop
776.997,65791000,loop
777.103,65791000,loop
777.208,65791000,loop
777.313,65791000,loop
777.418,65791000,loop
777.523,65791000,loop
777.628,65791000,loop
777.734,65791000,loop
777.839,65791000,loop
777.944,65791000,loop
778.049,65791000,loop
778.154,65791000,loop
778.260,65791000,loop
778.365,65791000,loop
778.470,65791000,loop
778.575,65791000,loop
778.680,65791000,loop
778.785,65791000,loop
778.891,65791000,loop
778.996,65791000,loop
779.101,65791000,loop
779.206,65791000,loop
779.311,65791000,loop
779.416,65791000,loop
779.522,65791000,loop
779.627,65791000,loop
779.732,65791000,loop
779.838,65791000,loop
779.943,65791000,loop
780.048,65791000,loop
780.153,65791000,loop
780.258,65791000,loop
780.363,65791000,loop
780.469,65791000,loop
780.574,65791000,loop
780.679,65791000,loop
780.784,65791000,loop
780.890,65791000,loop
780.995,65791000,loop
781.100,65791000,loop
781.206,65791000,loop
781.311,65791000,loop
781.416,65791000,loop
781.521,65791000,loop
781.626,65791000,loop
781.731,65791000,loop
781.837,65791000,loop
781.942,65791000,loop
782.047,65791000,loop
782.152,65791000,loop
782.257,65791000,loop
782.362,65791000,loop
782.468,65791000,loop
782.573,65791000,loop
782.678,65791000,loop
782.783,65791000,loop
782.888,65791000,loop
782.993,65791000,loop
783.099,65791000,loop
783.204,65791000,loop
783.309,65791000,loop
783.414,65791000,loop
783.519,65791000,loop
783.624,65791000,loop
783.730,65791000,loop
783.835,65791000,loop
783.940,65791000,loop
784.045,65791000,loop
784.150,65791000,loop
784.255,65791000,loop
784.361,65791000,loop
784.466,65791000,loop
784.571,65791000,loop
784.676,65791000,loop
784.781,65791000,loop
784.886,65791000,loop
784.992,65791000,loop
785.097,65791000,loop
785.202,65791000,loop
785.307,65791000,loop
785.412,65791000,loop
785.517,65791000,loop
785.622,65791000,loop
785.728,65791000,loop
785.833,65791000,loop
785.938,65791000,loop
786.043,65791000,loop
786.148,65791000,loop
786.254,65791000,loop
786.359,65791000,loop
786.464,65791000,loop
786.569,65791000,loop
786.674,65791000,loop
786.779,65791000,loop
786.885,65791000,loop
786.990,65791000,loop
787.095,65791000,loop
787.200,65791000,loop
787.305,65791000,loop
787.410,65791000,loop
787.516,65791000,loop
787.621,65791000,loop
787.726,65791000,loop
787.831,65791000,loop
787.936,65791000,loop
788.041,65791000,loop
788.147,65791000,loop
788.252,65791000,loop
788.357,65791000,loop
788.462,65791000,loop
788.567,65791000,loop
788.672,65791000,loop
788.778,65791000,loop
788.883,65791000,loop
788.988,65791000,loop
789.093,65791000,loop
789.198,65791000,loop
789.303,65791000,loop
789.409,65791000,loop
789.514,65791000,loop
789.619,65791000,loop
789.724,65791000,loop
789.829,65791000,loop
789.934,65791000,loop
790.040,65791000,loop
790.145,65791000,loop
790.250,65791000,loop
790.355,65791000,loop
790.460,65791000,loop
790.565,65791000,loop
790.671,65791000,loop
790.776,65791000,loop
790.881,65791000,loop
790.986,65791000,loop
791.091,65791000,loop
791.196,65791000,loop
791.302,65791000,loop
791.407,65791000,loop
791.512,65791000,loop
791.617,65791000,loop
791.722,65791000,loop
791.827,65791000,loop
791.933,65791000,loop
792.038,65791000,loop
792.143,65791000,loop
792.248,65791000,loop
792.353,65791000,loop
792.458,65791000,loop
792.564,65791000,loop
792.669,65791000,loop
792.774,65791000,loop
792.879,65791000,loop
792.984,65791000,loop
793.089,65791000,loop
793.195,65791000,loop
793.300,65791000,loop
793.405,65791000,loop
793.510,65791000,loop
793.615,65791000,loop
793.720,65791000,loop
793.825,65791000,loop
793.931,65791000,loop
794.036,65791000,loop
794.141,65791000,loop
794.246,65791000,loop
794.351,65791000,loop
794.457,65791000,loop
794.562,65791000,loop
794.667,65791000,loop
794.772,65791000,loop
794.877,65791000,loop
794.982,65791000,loop
795.088,65791000,loop
795.193,65791000,loop
795.298,65791000,loop
795.403,65791000,loop
795.508,65791000,loop
795.613,65791000,loop
795.719,65791000,loop
795.824,65791000,loop
795.929,65791000,loop
796.034,65791000,loop
796.139,65791000,loop
796.244,65791000,loop
796.350,65791000,loop
796.455,65791000,loop
796.560,65791000,loop
796.665,65791000,loop
796.770,65791000,loop
796.875,65791000,loop
796.981,65791000,loop
797.086,65791000,loop
797.191,65791000,loop
797.296,65791000,loop
797.401,65791000,loop
797.506,65791000,loop
797.612,65791000,loop
797.717,65791000,loop
797.822,65791000,loop
797.927,65791000,loop
798.032,65791000,loop
798.137,65791000,loop
798.243,65791000,loop
798.348,65791000,loop
798.453,65791000,loop
798.558,65791000,loop
798.663,65791000,loop
798.768,65791000,loop
798.874,65791000,loop
798.979,65791000,loop
799.084,65791000,loop
799.189,65791000,loop
799.294,65791000,loop
799.399,65791000,loop
799.505,65791000,loop
799.610,65791000,loop
799.715,65791000,loop
799.820,65791000,loop
799.925,65791000,loop
800.030,65791000,loop
800.136,65791000,loop
800.241,65791000,loop
800.346,65791000,loop
800.451,65791000,loop
800.556,65791000,loop
800.661,65791000,loop
800.767,65791000,loop
800.872,65791000,loop
800.977,65791000,loop
801.082,65791000,loop
801.187,65791000,loop
801.292,65791000,loop
801.398,65791000,loop
801.503,65791000,loop
801.608,65791000,loop
801.713,65791000,loop
801.818,65791000,loop
801.923,65791000,loop
802.029,65791000,loop
802.134,65791000,loop
802.239,65791000,loop
802.344,65791000,loop
802.449,65791000,loop
802.554,65791000,loop
802.660,65791000,loop
802.765,65791000,loop
802.870,65791000,loop
802.975,65791000,loop
803.080,65791000,loop
803.185,65791000,loop
803.290,65791000,loop
803.396,65791000,loop
803.501,65791000,loop
803.606,65791000,loop
803.711,65791000,loop
803.816,65791000,loop
803.921,65791000,loop
804.027,65791000,loop
804.132,65791000,loop
804.237,65791000,loop
804.342,65791000,loop
804.447,65791000,loop
804.553,65791000,loop
804.658,65791000,loop
804.763,65791000,loop
804.868,65791000,loop
804.973,65791000,loop
805.078,65791000,loop
805.183,65791000,loop
805.289,65791000,loop
805.394,65791000,loop
805.499,65791000,loop
805.604,65791000,loop
805.709,65791000,loop
805.814,65791000,loop
805.920,65791000,loop
806.025,65791000,loop
806.130,65791000,loop
806.235,65791000,loop
806.340,65791000,loop
806.445,65791000,loop
806.551,65791000,loop
806.656,65791000,loop
806.761,65791000,loop
806.866,65791000,loop
806.971,65791000,loop
807.076,65791000,loop
807.182,65791000,loop
807.287,65791000,loop
807.392,65791000,loop
807.497,65791000,loop
807.602,65791000,loop
807.707,65791000,loop
807.813,65791000,loop
807.918,65791000,loop
808.023,65791000,loop
808.128,65791000,loop
808.233,65791000,loop
808.338,65791000,loop
808.443,65791000,loop
808.549,65791000,loop
808.654,65791000,loop
808.759,65791000,loop
808.864,65791000,loop
808.969,65791000,loop
809.075,65791000,loop
809.180,65791000,loop
809.285,65791000,loop
809.390,65791000,loop
809.495,65791000,loop
809.600,65791000,loop
809.706,65791000,loop
809.811,65791000,loop
809.916,65791000,loop
810.021,65791000,loop
810.126,65791000,loop
810.231,65791000,loop
810.337,65791000,loop
810.442,65791000,loop
810.547,65791000,loop
810.652,65791000,loop
810.757,65791000,loop
810.862,65791000,loop
810.968,65791000,loop
811.073,65791000,loop
811.178,65791000,loop
811.283,65791000,loop
811.388,65791000,loop
811.493,65791000,loop
811.599,65791000,loop
811.704,65791000,loop
811.809,65791000,loop
811.914,65791000,loop
812.019,65791000,loop
812.124,65791000,loop
812.230,65791000,loop
812.335,65791000,loop
812.440,65791000,loop
812.545,65791000,loop
812.650,65791000,loop
812.755,65791000,loop
812.861,65791000,loop
812.966,65791000,loop
813.071,65791000,loop
813.176,65791000,loop
813.281,65791000,loop
813.386,65791000,loop
813.492,65791000,loop
813.597,65791000,loop
813.702,65791000,loop
813.807,65791000,loop
813.912,65791000,loop
814.017,65791000,loop
814.123,65791000,loop
814.228,65791000,loop
814.333,65791000,loop
814.438,65791000,loop
814.543,65791000,loop
814.648,65791000,loop
814.754,65791000,loop
814.859,65791000,loop
814.964,65791000,loop
815.069,65791000,loop
815.174,65791000,loop
815.279,65791000,loop
815.385,65791000,loop
815.490,65791000,loop
815.595,65791000,loop
815.700,65791000,loop
815.805,65791000,loop
815.910,65791000,loop
816.016,65791000,loop
816.121,65791000,loop
816.226,65791000,loop
816.331,65791000,loop
816.436,65791000,loop
816.541,65791000,loop
816.647,65791000,loop
816.752,65791000,loop
816.857,65791000,loop
816.962,65791000,loop
817.067,65791000,loop
817.172,65791000,loop
817.278,65791000,loop
817.383,65791000,loop
817.488,65791000,loop
817.593,65791000,loop
817.698,65791000,loop
817.803,65791000,loop
817.909,65791000,loop
818.014,65791000,loop
818.119,65791000,loop
818.224,65791000,loop
818.329,65791000,loop
818.434,65791000,loop
818.540,65791000,loop
818.645,65791000,loop
818.750,65791000,loop
818.855,65791000,loop
818.960,65791000,loop
819.065,65791000,loop
819.171,65791000,loop
819.276,65791000,loop
819.381,65791000,loop
819.486,65791000,loop
819.591,65791000,loop
819.696,65791000,loop
819.802,65791000,loop
819.907,65791000,loop
820.012,65791000,loop
820.117,65791000,loop
820.222,65791000,loop
820.327,65791000,loop
820.433,65791000,loop
820.538,65791000,loop
820.643,65791000,loop
820.748,65791000,loop
820.853,65791000,loop
820.958,65791000,loop
821.064,65791000,loop
821.169,65791000,loop
821.274,65791000,loop
821.379,65791000,loop
821.484,65791000,loop
821.589,65791000,loop
821.695,65791000,loop
821.800,65791000,loop
821.905,65791000,loop
822.010,65791000,loop
822.115,65791000,loop
822.220,65791000,loop
822.326,65791000,loop
822.431,65791000,loop
822.536,65791000,loop
822.641,65791000,loop
822.746,65791000,loop
822.851,65791000,loop
822.957,65791000,loop
823.062,65791000,loop
823.167,65791000,loop
823.272,65791000,loop
823.377,65791000,loop
823.482,65791000,loop
823.588,65791000,loop
823.693,65791000,loop
823.798,65791000,loop
823.903,65791000,loop
824.008,65791000,loop
824.113,65791000,loop
824.219,65791000,loop
824.324,65791000,loop
824.429,65791000,loop
824.534,65791000,loop
824.639,65791000,loop
824.744,65791000,loop
824.850,65791000,loop
824.955,65791000,loop
825.060,65791000,loop
825.165,65791000,loop
825.270,65791000,loop
825.375,65791000,loop
825.481,65791000,loop
825.586,65791000,loop
825.691,65791000,loop
825.796,65791000,loop
825.901,65791000,loop
826.006,65791000,loop
826.112,65791000,loop
826.217,65791000,loop
826.322,65791000,loop
826.427,65791000,loop
826.532,65791000,loop
826.637,65791000,loop
826.743,65791000,loop
826.848,65791000,loop
826.953,65791000,loop
827.058,65791000,loop
827.163,65791000,loop
827.268,65791000,loop
827.373,65791000,loop
827.479,65793048,loop
827.584,65793048,loop
827.689,65793048,loop
827.794,65793048,loop
827.899,65793048,loop
828.004,65793048,loop
828.110,65793048,loop
828.215,65793048,loop
828.320,65793048,loop
828.425,65793048,loop
828.530,65793048,loop
828.635,65793048,loop
828.741,65793048,loop
828.846,65793048,loop
828.951,65793048,loop
829.056,65793048,loop
829.161,65793048,loop
829.266,65793048,loop
829.372,65793048,loop
829.477,65793048,loop
829.582,65793048,loop
829.687,65793048,loop
829.792,65793048,loop
829.897,65793048,loop
830.003,65793048,loop
830.108,65793048,loop
830.213,65793048,loop
830.318,65793048,loop
830.423,65793048,loop
830.528,65793048,loop
830.634,65793048,loop
830.739,65793048,loop
830.844,65793048,loop
830.949,65793048,loop
831.054,65793048,loop
831.159,65793048,loop
831.265,65793048,loop
831.370,65793048,loop
831.475,65793048,loop
831.580,65793048,loop
831.685,65793048,loop
831.790,65793048,loop
831.896,65793048,loop
832.001,65793048,loop
832.106,65793048,loop
832.211,65793048,loop
832.316,65793048,loop
832.421,65793048,loop
832.527,65793048,loop
832.632,65793048,loop
832.737,65793048,loop
832.842,65793048,loop
832.947,65793048,loop
833.052,65793048,loop
833.158,65793048,loop
833.263,65793048,loop
833.368,65793048,loop
833.473,65793048,loop
833.578,65793048,loop
833.683,65793048,loop
833.789,65793048,loop
833.894,65793048,loop
833.999,65793048,loop
834.104,65793048,loop
834.209,65793048,loop
834.314,65793048,loop
834.420,65793048,loop
834.525,65793048,loop
834.630,65793048,loop
834.735,65793048,loop
834.840,65793048,loop
834.945,65793048,loop
835.051,65793048,loop
835.156,65793048,loop
835.261,65793048,loop
835.366,65793048,loop
835.471,65793048,loop
835.576,65793048,loop
835.682,65793048,loop
835.787,65793048,loop
835.892,65793048,loop
835.997,65793048,loop
836.102,65793048,loop
836.207,65793048,loop
836.313,65793048,loop
836.418,65793048,loop
836.523,65793048,loop
836.628,65793048,loop
836.733,65793048,loop
836.838,65793048,loop
836.944,65793048,loop
837.049,65793048,loop
837.154,65793048,loop
837.259,65793048,loop
837.364,65793048,loop
837.469,65793048,loop
837.575,65793048,loop
837.680,65793048,loop
837.785,65793048,loop
837.890,65793048,loop
837.995,65793048,loop
838.100,65793048,loop
838.206,65793048,loop
838.311,65793048,loop
838.416,65793048,loop
838.521,65793048,loop
838.626,65793048,loop
838.731,65793048,loop
838.837,65793048,loop
838.942,65793048,loop
839.047,65793048,loop
839.152,65793048,loop
839.257,65793048,loop
839.362,65793048,loop
839.468,65793048,loop
839.573,65793048,loop
839.678,65793048,loop
839.783,65793048,loop
839.888,65793048,loop
839.993,65793048,loop
840.099,65793048,loop
840.204,65793048,loop
840.309,65793048,loop
840.414,65793048,loop
840.519,65793048,loop
840.624,65793048,loop
840.730,65793048,loop
840.835,65793048,loop
840.940,65793048,loop
841.045,65793048,loop
841.150,65793048,loop
841.255,65793048,loop
841.361,65793048,loop
841.466,65793048,loop
841.571,65793048,loop
841.676,65793048,loop
841.781,65793048,loop
841.886,65793048,loop
841.992,65793048,loop
842.097,65793048,loop
842.202,65793048,loop
842.307,65793048,loop
842.412,65793048,loop
842.517,65793048,loop
842.623,65793048,loop
842.728,65793048,loop
842.833,65793048,loop
842.938,65793048,loop
843.043,65793048,loop
843.148,65793048,loop
843.254,65793048,loop
843.359,65793048,loop
843.464,65793048,loop
843.569,65793048,loop
843.674,65793048,loop
843.779,65793048,loop
843.885,65793048,loop
843.990,65793048,loop
844.095,65793048,loop
844.200,65793048,loop
844.305,65793048,loop
844.410,65793048,loop
844.516,65793048,loop
844.621,65793048,loop
844.726,65793048,loop
844.831,65793048,loop
844.936,65793048,loop
845.041,65793048,loop
845.147,65793048,loop
845.252,65793048,loop
845.357,65793048,loop
845.462,65793048,loop
845.567,65793048,loop
845.672,65793048,loop
845.778,65793048,loop
845.883,65793048,loop
845.988,65793048,loop
846.093,65793048,loop
846.198,65793048,loop
846.303,65793048,loop
846.409,65793048,loop
846.514,65793048,loop
846.619,65793048,loop
846.724,65793048,loop
846.829,65793048,loop
846.934,65793048,loop
847.040,65793048,loop
847.145,65793048,loop
847.250,65793048,loop
847.355,65793048,loop
847.460,65793048,loop
847.565,65793048,loop
847.671,65793048,loop
847.776,65793048,loop
847.881,65793048,loop
847.986,65793048,loop
848.091,65793048,loop
848.196,65793048,loop
848.302,65793048,loop
848.407,65793048,loop
848.512,65793048,loop
848.617,65793048,loop
848.722,65793048,loop
848.827,65793048,loop
848.933,65793048,loop
849.038,65793048,loop
849.143,65793048,loop
849.248,65793048,loop
849.353,65793048,loop
849.458,65793048,loop
849.564,65793048,loop
849.669,65793048,loop
849.774,65793048,loop
849.879,65793048,loop
849.984,65793048,loop
850.089,65793048,loop
850.195,65793048,loop
850.300,65793048,loop
850.405,65793048,loop
850.510,65793048,loop
850.615,65793048,loop
850.720,65793048,loop
850.826,65793048,loop
850.931,65793048,loop
851.036,65793048,loop
851.141,65793048,loop
851.246,65793048,loop
851.351,65793048,loop
851.457,65793048,loop
851.562,65793048,loop
851.667,65793048,loop
851.772,65793048,loop
851.877,65793048,loop
851.982,65793048,loop
852.088,65793048,loop
852.193,65793048,loop
852.298,65793048,loop
852.403,65793048,loop
852.508,65793048,loop
852.613,65793048,loop
852.719,65793048,loop
852.824,65793048,loop
852.929,65793048,loop
853.034,65793048,loop
853.139,65793048,loop
853.244,65793048,loop
853.350,65793048,loop
853.455,65793048,loop
853.560,65793048,loop
853.665,65793048,loop
853.770,65793048,loop
853.875,65793048,loop
853.981,65793048,loop
854.086,65793048,loop
854.191,65793048,loop
854.296,65793048,loop
854.401,65793048,loop
854.506,65793048,loop
854.612,65793048,loop
854.717,65793048,loop
854.822,65793048,loop
854.927,65793048,loop
855.032,65793048,loop
855.137,65793048,loop
855.243,65793048,loop
855.348,65793048,loop
855.453,65793048,loop
855.558,65793048,loop
855.663,65793048,loop
855.768,65793048,loop
855.874,65793048,loop
855.979,65793048,loop
856.084,65793048,loop
856.189,65793048,loop
856.294,65793048,loop
856.399,65793048,loop
856.505,65793048,loop
856.610,65793048,loop
856.715,65793048,loop
856.820,65793048,loop
856.925,65793048,loop
857.030,65793048,loop
857.136,65793048,loop
857.241,65793048,loop
857.346,65793048,loop
857.451,65793048,loop
857.556,65793048,loop
857.661,65793048,loop
857.767,65793048,loop
857.872,65793048,loop
857.977,65793048,loop
858.082,65793048,loop
858.187,65793048,loop
858.292,65793048,loop
858.398,65793048,loop
858.503,65793048,loop
858.608,65793048,loop
858.713,65793048,loop
858.818,65793048,loop
858.923,65793048,loop
859.029,65793048,loop
859.134,65793048,loop
859.239,65793048,loop
859.344,65793048,loop
859.449,65793048,loop
859.554,65793048,loop
859.660,65793048,loop
859.765,65793048,loop
859.870,65793048,loop
859.975,65793048,loop
860.080,65793048,loop
860.185,65793048,loop
860.291,65793048,loop
860.396,65793048,loop
860.501,65793048,loop
860.606,65793048,loop
860.711,65793048,loop
860.816,65793048,loop
860.922,65793048,loop
861.027,65793048,loop
861.132,65793048,loop
861.237,65793048,loop
861.342,65793048,loop
861.447,65793048,loop
861.553,65793048,loop
861.658,65793048,loop
861.763,65793048,loop
861.868,65793048,loop
861.973,65793048,loop
862.078,65793048,loop
862.184,65793048,loop
862.289,65793048,loop
862.394,65793048,loop
862.499,65793048,loop
862.604,65793048,loop
862.709,65793048,loop
862.815,65793048,loop
862.920,65793048,loop
863.025,65793048,loop
863.130,65793048,loop
863.235,65793048,loop
863.340,65793048,loop
863.446,65793048,loop
863.551,65793048,loop
863.656,65793048,loop
863.761,65793048,loop
863.866,65793048,loop
863.971,65793048,loop
864.077,65793048,loop
864.182,65793048,loop
864.287,65793048,loop
864.392,65793048,loop
864.497,65793048,loop
864.602,65793048,loop
864.708,65793048,loop
864.813,65793048,loop
864.918,65793048,loop
865.023,65793048,loop
865.128,65793048,loop
865.233,65793048,loop
865.339,65793048,loop
865.444,65793048,loop
865.549,65793048,loop
865.654,65793048,loop
865.759,65793048,loop
865.864,65793048,loop
865.970,65793048,loop
866.075,65793048,loop
866.180,65793048,loop
866.285,65793048,loop
866.390,65793048,loop
866.495,65793048,loop
866.601,65793048,loop
866.706,65793048,loop
866.811,65793048,loop
866.916,65793048,loop
867.021,65793048,loop
867.126,65793048,loop
867.232,65793048,loop
867.337,65793048,loop
867.442,65793048,loop
867.547,65793048,loop
867.652,65793048,loop
867.757,65793048,loop
867.863,65793048,loop
867.968,65793048,loop
868.073,65793048,loop
868.178,65793048,loop
868.283,65793048,loop
868.388,65793048,loop
868.494,65793048,loop
868.599,65793048,loop
868.704,65793048,loop
868.809,65793048,loop
868.914,65793048,loop
869.019,65793048,loop
869.125,65793048,loop
869.230,65793048,loop
869.335,65793048,loop
869.440,65793048,loop
869.545,65793048,loop
869.650,65793048,loop
869.755,65793048,loop
869.861,65793048,loop
869.966,65793048,loop
870.071,65793048,loop
870.176,65793048,loop
870.281,65793048,loop
870.386,65793048,loop
870.492,65793048,loop
870.597,65793048,loop
870.702,65793048,loop
870.807,65793048,loop
870.912,65793048,loop
871.018,65793048,loop
871.123,65793048,loop
871.228,65793048,loop
871.333,65793048,loop
871.438,65793048,loop
871.543,65793048,loop
871.649,65793048,loop
871.754,65793048,loop
871.859,65793048,loop
871.964,65793048,loop
872.069,65793048,loop
872.174,65793048,loop
872.279,65793048,loop
872.385,65793048,loop
872.490,65793048,loop
872.595,65793048,loop
872.700,65793048,loop
872.805,65793048,loop
872.910,65793048,loop
873.016,65793048,loop
873.121,65793048,loop
873.226,65793048,loop
873.331,65793048,loop
873.436,65793048,loop
873.542,65793048,loop
873.647,65793048,loop
873.752,65793048,loop
873.857,65793048,loop
873.962,65793048,loop
874.067,65793048,loop
874.173,65793048,loop
874.278,65793048,loop
874.383,65793048,loop
874.488,65793048,loop
874.593,65793048,loop
874.698,65793048,loop
874.804,65793048,loop
874.909,65793048,loop
875.014,65793048,loop
875.119,65793048,loop
875.224,65793048,loop
875.329,65793048,loop
875.435,65793048,loop
875.540,65793048,loop
875.645,65793048,loop
875.750,65793048,loop
875.855,65793048,loop
875.961,65793048,loop
876.066,65793048,loop
876.171,65793048,loop
876.276,65793048,loop
876.381,65793048,loop
876.486,65793048,loop
876.592,65793048,loop
876.697,65793048,loop
876.802,65793048,loop
876.907,65793048,loop
877.012,65793048,loop
877.117,65793048,loop
877.223,65793048,loop
877.328,65793048,loop
877.433,65793048,loop
877.538,65793048,loop
877.643,65793048,loop
877.748,65793048,loop
877.854,65793048,loop
877.959,65793048,loop
878.064,65793048,loop
878.169,65793048,loop
878.274,65793048,loop
878.379,65793048,loop
878.485,65793048,loop
878.590,65793048,loop
878.695,65793048,loop
878.800,65793048,loop
878.905,65793048,loop
879.010,65793048,loop
879.116,65793048,loop
879.221,65793048,loop
879.326,65793048,loop
879.431,65793048,loop
879.536,65793048,loop
879.641,65793048,loop
879.746,65793048,loop
879.852,65793048,loop
879.957,65793048,loop
880.062,65793048,loop
880.167,65793048,loop
880.272,65793048,loop
880.377,65793048,loop
880.483,65793048,loop
880.588,65793048,loop
880.693,65793048,loop
880.798,65793048,loop
880.903,65793048,loop
881.009,65793048,loop
881.114,65793048,loop
881.219,65793048,loop
881.324,65793048,loop
881.429,65793048,loop
881.534,65793048,loop
881.640,65793048,loop
881.745,65793048,loop
881.850,65793048,loop
881.955,65793048,loop
882.060,65793048,loop
882.165,65793048,loop
882.271,65793048,loop
882.376,65793048,loop
882.481,65793048,loop
882.586,65793048,loop
882.691,65793048,loop
882.796,65793048,loop
882.901,65793048,loop
883.007,65793048,loop
883.112,65793048,loop
883.217,65793048,loop
883.322,65793048,loop
883.427,65793048,loop
883.533,65793048,loop
883.638,65793048,loop
883.743,65793048,loop
883.848,65793048,loop
883.953,65793048,loop
884.058,65793048,loop
884.163,65793048,loop
884.269,65793048,loop
884.374,65793048,loop
884.479,65793048,loop
884.584,65793048,loop
884.689,65793048,loop
884.794,65793048,loop
884.900,65793048,loop
885.005,65793048,loop
885.110,65793048,loop
885.215,65793048,loop
885.320,65793048,loop
885.425,65793048,loop
885.531,65793048,loop
885.636,65793048,loop
885.741,65793048,loop
885.846,65793048,loop
885.951,65793048,loop
886.057,65793048,loop
886.162,65793048,loop
886.267,65793048,loop
886.372,65793048,loop
886.477,65793048,loop
886.582,65793048,loop
886.688,65793048,loop
886.793,65793048,loop
886.898,65793048,loop
887.003,65793048,loop
887.108,65793048,loop
887.213,65793048,loop
887.319,65793048,loop
887.424,65795096,loop
887.529,65795096,loop
887.634,65795096,loop
887.739,65795096,loop
887.844,65795096,loop
887.949,65795096,loop
888.055,65795096,loop
888.160,65795096,loop
888.265,65795096,loop
888.370,65795096,loop
888.475,65795096,loop
888.580,65795096,loop
888.686,65795096,loop
888.791,65795096,loop
888.896,65795096,loop
889.001,65795096,loop
889.106,65795096,loop
889.211,65795096,loop
889.317,65795096,loop
889.422,65795096,loop
889.527,65795096,loop
889.632,65795096,loop
889.737,65795096,loop
889.842,65795096,loop
889.948,65795096,loop
890.053,65795096,loop
890.158,65795096,loop
890.263,65795096,loop
890.368,65795096,loop
890.473,65795096,loop
890.579,65795096,loop
890.684,65795096,loop
890.789,65795096,loop
890.894,65795096,loop
890.999,65795096,loop
891.104,65795096,loop
891.210,65795096,loop
891.315,65795096,loop
891.420,65795096,loop
891.525,65795096,loop
891.630,65795096,loop
891.735,65795096,loop
891.841,65795096,loop
891.946,65795096,loop
892.051,65795096,loop
892.156,65795096,loop
892.261,65795096,loop
892.367,65795096,loop
892.472,65795096,loop
892.577,65795096,loop
892.682,65795096,loop
892.788,65795096,loop
892.893,65795096,loop
892.998,65795096,loop
893.103,65795096,loop
893.208,65795096,loop
893.313,65795096,loop
893.419,65795096,loop
893.524,65795096,loop
893.629,65795096,loop
893.734,65795096,loop
893.839,65795096,loop
893.945,65795096,loop
894.050,65795096,loop
894.155,65795096,loop
894.260,65795096,loop
894.366,65795096,loop
894.471,65795096,loop
894.576,65795096,loop
894.681,65795096,loop
894.786,65795096,loop
894.891,65795096,loop
894.997,65795096,loop
895.102,65795096,loop
895.207,65795096,loop
895.312,65795096,loop
895.417,65795096,loop
895.522,65795096,loop
895.628,65795096,loop
895.733,65795096,loop
895.838,65795096,loop
895.943,65795096,loop
896.048,65795096,loop
896.153,65795096,loop
896.259,65795096,loop
896.364,65795096,loop
896.469,65795096,loop
896.574,65795096,loop
896.679,65795096,loop
896.784,65795096,loop
896.890,65795096,loop
896.995,65795096,loop
897.100,65795096,loop
897.205,65795096,loop
897.310,65795096,loop
897.415,65795096,loop
897.521,65795096,loop
897.626,65795096,loop
897.731,65795096,loop
897.836,65795096,loop
897.941,65795096,loop
898.046,65795096,loop
898.152,65795096,loop
898.257,65795096,loop
898.362,65795096,loop
898.467,65795096,loop
898.572,65795096,loop
898.677,65795096,loop
898.783,65795096,loop
898.888,65795096,loop
898.993,65795096,loop
899.098,65795096,loop
899.203,65795096,loop
899.308,65795096,loop
899.414,65795096,loop
899.519,65795096,loop
899.624,65795096,loop
899.729,65795096,loop
899.834,65795096,loop
899.939,65795096,loop
900.045,65795096,loop
900.150,65795096,loop
900.255,65795096,loop
900.360,65795096,loop
900.465,65795096,loop
900.570,65795096,loop
900.675,65795096,loop
900.781,65795096,loop
900.886,65795096,loop
900.991,65795096,loop
901.096,65795096,loop
901.201,65795096,loop
901.306,65795096,loop
901.412,65795096,loop
901.517,65795096,loop
901.622,65795096,loop
901.727,65795096,loop
901.832,65795096,loop
901.938,65795096,loop
902.043,65795096,loop
902.148,65795096,loop
902.253,65795096,loop
902.358,65795096,loop
902.463,65795096,loop
902.568,65795096,loop
902.674,65795096,loop
902.779,65795096,loop
902.884,65795096,loop
902.989,65795096,loop
903.094,65795096,loop
903.199,65795096,loop
903.305,65795096,loop
903.410,65795096,loop
903.515,65795096,loop
903.620,65795096,loop
903.725,65795096,loop
903.830,65795096,loop
903.936,65795096,loop
904.041,65795096,loop
904.146,65795096,loop
904.251,65795096,loop
904.356,65795096,loop
904.461,65795096,loop
904.567,65795096,loop
904.672,65795096,loop
904.777,65795096,loop
904.882,65795096,loop
904.987,65795096,loop
905.092,65795096,loop
905.198,65795096,loop
905.303,65795096,loop
905.408,65795096,loop
905.513,65795096,loop
905.618,65795096,loop
905.723,65795096,loop
905.829,65795096,loop
905.934,65795096,loop
906.039,65795096,loop
906.144,65795096,loop
906.249,65795096,loop
906.354,65795096,loop
906.460,65795096,loop
906.565,65795096,loop
906.670,65795096,loop
906.775,65795096,loop
906.880,65795096,loop
906.985,65795096,loop
907.091,65795096,loop
907.196,65795096,loop
907.301,65795096,loop
907.406,65795096,loop
907.511,65795096,loop
907.616,65795096,loop
907.722,65795096,loop
907.827,65795096,loop
907.932,65795096,loop
908.037,65795096,loop
908.142,65795096,loop
908.247,65795096,loop
908.353,65795096,loop
908.458,65795096,loop
908.563,65795096,loop
908.668,65795096,loop
908.773,65795096,loop
908.878,65795096,loop
908.984,65795096,loop
909.089,65795096,loop
909.194,65795096,loop
909.299,65795096,loop
909.404,65795096,loop
909.509,65795096,loop
909.615,65795096,loop
909.720,65795096,loop
909.825,65795096,loop
909.930,65795096,loop
910.035,65795096,loop
910.140,65795096,loop
910.246,65795096,loop
910.351,65795096,loop
910.456,65795096,loop
910.561,65795096,loop
910.666,65795096,loop
910.771,65795096,loop
910.877,65795096,loop
910.982,65795096,loop
911.087,65795096,loop
911.192,65795096,loop
911.297,65795096,loop
911.402,65795096,loop
911.507,65795096,loop
911.613,65795096,loop
911.718,65795096,loop
911.823,65795096,loop
911.928,65795096,loop
912.033,65795096,loop
912.139,65795096,loop
912.244,65795096,loop
912.349,65795096,loop
912.454,65795096,loop
912.559,65795096,loop
912.664,65795096,loop
912.770,65795096,loop
912.875,65795096,loop
912.980,65795096,loop
913.085,65795096,loop
913.190,65795096,loop
913.295,65795096,loop
913.401,65795096,loop
913.506,65795096,loop
913.611,65795096,loop
913.716,65795096,loop
913.821,65795096,loop
913.926,65795096,loop
914.032,65795096,loop
914.137,65795096,loop
914.242,65795096,loop
914.347,65795096,loop
914.452,65795096,loop
914.557,65795096,loop
914.663,65795096,loop
914.768,65795096,loop
914.873,65795096,loop
914.978,65795096,loop
915.083,65795096,loop
915.188,65795096,loop
915.294,65795096,loop
915.399,65795096,loop
915.504,65795096,loop
915.609,65795096,loop
915.714,65795096,loop
915.820,65795096,loop
915.925,65795096,loop
916.031,65795096,loop
916.136,65795096,loop
916.241,65795096,loop
916.346,65795096,loop
916.451,65795096,loop
916.556,65795096,loop
916.662,65795096,loop
916.767,65795096,loop
916.872,65795096,loop
916.977,65795096,loop
917.082,65795096,loop
917.187,65795096,loop
917.293,65795096,loop
917.398,65795096,loop
917.503,65795096,loop
917.608,65795096,loop
917.713,65795096,loop
917.818,65795096,loop
917.924,65795096,loop
918.029,65795096,loop
918.134,65795096,loop
918.239,65795096,loop
918.344,65795096,loop
918.449,65795096,loop
918.555,65795096,loop
918.660,65795096,loop
918.765,65795096,loop
918.870,65795096,loop
918.975,65795096,loop
919.080,65795096,loop
919.186,65795096,loop
919.291,65795096,loop
919.396,65795096,loop
919.501,65795096,loop
919.606,65795096,loop
919.711,65795096,loop
919.817,65795096,loop
919.922,65795096,loop
920.027,65795096,loop
920.132,65795096,loop
920.237,65795096,loop
920.342,65795096,loop
920.448,65795096,loop
920.553,65795096,loop
920.658,65795096,loop
920.763,65795096,loop
920.868,65795096,loop
920.973,65795096,loop
921.079,65795096,loop
921.184,65795096,loop
921.289,65795096,loop
921.394,65795096,loop
921.499,65795096,loop
921.604,65795096,loop
921.710,65795096,loop
921.815,65795096,loop
921.920,65795096,loop
922.025,65795096,loop
922.130,65795096,loop
922.235,65795096,loop
922.341,65795096,loop
922.446,65795096,loop
922.551,65795096,loop
922.656,65795096,loop
922.761,65795096,loop
922.866,65795096,loop
922.972,65795096,loop
923.077,65795096,loop
923.182,65795096,loop
923.287,65795096,loop
923.392,65795096,loop
923.497,65795096,loop
923.603,65795096,loop
923.708,65795096,loop
923.813,65795096,loop
923.918,65795096,loop
924.023,65795096,loop
924.128,65795096,loop
924.234,65795096,loop
924.339,65795096,loop
924.444,65795096,loop
924.549,65795096,loop
924.654,65795096,loop
924.759,65795096,loop
924.865,65795096,loop
924.970,65795096,loop
925.075,65795096,loop
925.180,65795096,loop
925.285,65795096,loop
925.390,65795096,loop
925.496,65795096,loop
925.601,65795096,loop
925.706,65795096,loop
925.811,65795096,loop
925.916,65795096,loop
926.021,65795096,loop
926.127,65795096,loop
926.232,65795096,loop
926.337,65795096,loop
926.442,65795096,loop
926.547,65795096,loop
926.652,65795096,loop
926.758,65795096,loop
926.863,65795096,loop
926.968,65795096,loop
927.073,65795096,loop
927.178,65795096,loop
927.283,65795096,loop
927.389,65795096,loop
927.494,65795096,loop
927.599,65795096,loop
927.704,65795096,loop
927.809,65795096,loop
927.914,65795096,loop
928.020,65795096,loop
928.125,65795096,loop
928.230,65795096,loop
928.335,65795096,loop
928.440,65795096,loop
928.545,65795096,loop
928.651,65795096,loop
928.756,65795096,loop
928.861,65795096,loop
928.966,65795096,loop
929.071,65795096,loop
929.176,65795096,loop
929.282,65795096,loop
929.387,65795096,loop
929.492,65795096,loop
929.597,65795096,loop
929.702,65795096,loop
929.807,65795096,loop
929.913,65795096,loop
930.018,65795096,loop
930.123,65795096,loop
930.228,65795096,loop
930.333,65795096,loop
930.438,65795096,loop
930.544,65795096,loop
930.649,65795096,loop
930.754,65795096,loop
930.859,65795096,loop
930.964,65795096,loop
931.069,65795096,loop
931.175,65795096,loop
931.280,65795096,loop
931.385,65795096,loop
931.490,65795096,loop
931.595,65795096,loop
931.700,65795096,loop
931.806,65795096,loop
931.911,65795096,loop
932.016,65795096,loop
932.121,65795096,loop
932.226,65795096,loop
932.331,65795096,loop
932.437,65795096,loop
932.542,65795096,loop
932.647,65795096,loop
932.752,65795096,loop
932.857,65795096,loop
932.962,65795096,loop
933.068,65795096,loop
933.173,65795096,loop
933.278,65795096,loop
933.383,65795096,loop
933.488,65795096,loop
933.593,65795096,loop
933.699,65795096,loop
933.804,65795096,loop
933.909,65795096,loop
934.014,65795096,loop
934.119,65795096,loop
934.224,65795096,loop
934.330,65795096,loop
934.435,65795096,loop
934.540,65795096,loop
934.645,65795096,loop
934.750,65795096,loop
934.855,65795096,loop
934.961,65795096,loop
935.066,65795096,loop
935.171,65795096,loop
935.276,65795096,loop
935.381,65795096,loop
935.486,65795096,loop
935.592,65795096,loop
935.697,65795096,loop
935.802,65795096,loop
935.907,65795096,loop
936.012,65795096,loop
936.117,65795096,loop
936.223,65795096,loop
936.328,65795096,loop
936.433,65795096,loop
936.538,65795096,loop
936.643,65795096,loop
936.748,65795096,loop
936.854,65795096,loop
936.959,65795096,loop
937.064,65795096,loop
937.169,65795096,loop
937.274,65795096,loop
937.379,65795096,loop
937.485,65795096,loop
937.590,65795096,loop
937.695,65795096,loop
937.800,65795096,loop
937.905,65795096,loop
938.010,65795096,loop
938.116,65795096,loop
938.221,65795096,loop
938.326,65795096,loop
938.431,65795096,loop
938.536,65795096,loop
938.641,65795096,loop
938.747,65795096,loop
938.852,65795096,loop
938.957,65795096,loop
939.062,65795096,loop
939.167,65795096,loop
939.272,65795096,loop
939.378,65795096,loop
939.483,65795096,loop
939.588,65795096,loop
939.693,65795096,loop
939.798,65795096,loop
939.903,65795096,loop
940.008,65795096,loop
940.114,65795096,loop
940.219,65795096,loop
940.324,65795096,loop
940.429,65795096,loop
940.534,65795096,loop
940.639,65795096,loop
940.745,65795096,loop
940.850,65795096,loop
940.955,65795096,loop
941.060,65795096,loop
941.165,65795096,loop
941.270,65795096,loop
941.376,65795096,loop
941.481,65795096,loop
941.586,65795096,loop
941.691,65795096,loop
941.796,65795096,loop
941.901,65795096,loop
942.007,65795096,loop
942.112,65795096,loop
942.217,65795096,loop
942.322,65795096,loop
942.427,65795096,loop
942.532,65795096,loop
942.638,65795096,loop
942.743,65795096,loop
942.848,65795096,loop
942.953,65795096,loop
943.058,65795096,loop
943.163,65795096,loop
943.269,65795096,loop
943.374,65795096,loop
943.479,65795096,loop
943.584,65795096,loop
943.689,65795096,loop
943.794,65795096,loop
943.900,65795096,loop
944.005,65795096,loop
944.110,65795096,loop
944.215,65795096,loop
944.320,65795096,loop
944.425,65795096,loop
944.531,65795096,loop
944.636,65795096,loop
944.741,65795096,loop
944.846,65795096,loop
944.951,65795096,loop
945.056,65795096,loop
945.162,65795096,loop
945.267,65795096,loop
945.372,65795096,loop
945.477,65795096,loop
945.582,65795096,loop
945.687,65795096,loop
945.793,65795096,loop
945.898,65795096,loop
946.003,65795096,loop
946.108,65795096,loop
946.213,65795096,loop
946.318,65795096,loop
946.424,65795096,loop
946.529,65795096,loop
946.634,65795096,loop
946.739,65795096,loop
946.844,65795096,loop
946.949,65795096,loop
947.055,65795096,loop
947.160,65795096,loop
947.265,65795096,loop
947.370,65795096,loop
947.475,65797144,loop
947.580,65797144,loop
947.686,65797144,loop
947.791,65797144,loop
947.896,65797144,loop
948.001,65797144,loop
948.106,65797144,loop
948.211,65797144,loop
948.317,65797144,loop
948.422,65797144,loop
948.527,65797144,loop
948.632,65797144,loop
948.737,65797144,loop
948.842,65797144,loop
948.948,65797144,loop
949.053,65797144,loop
949.158,65797144,loop
949.263,65797144,loop
949.368,65797144,loop
949.473,65797144,loop
949.579,65797144,loop
949.684,65797144,loop
949.789,65797144,loop
949.894,65797144,loop
949.999,65797144,loop
950.104,65797144,loop
950.209,65797144,loop
950.315,65797144,loop
950.420,65797144,loop
950.525,65797144,loop
950.630,65797144,loop
950.735,65797144,loop
950.840,65797144,loop
950.946,65797144,loop
951.051,65797144,loop
951.156,65797144,loop
951.261,65797144,loop
951.366,65797144,loop
951.471,65797144,loop
951.577,65797144,loop
951.682,65797144,loop
951.787,65797144,loop
951.892,65797144,loop
951.997,65797144,loop
952.102,65797144,loop
952.208,65797144,loop
952.313,65797144,loop
952.418,65797144,loop
952.523,65797144,loop
952.628,65797144,loop
952.733,65797144,loop
952.839,65797144,loop
952.944,65797144,loop
953.049,65797144,loop
953.154,65797144,loop
953.259,65797144,loop
953.364,65797144,loop
953.470,65797144,loop
953.575,65797144,loop
953.680,65797144,loop
953.785,65797144,loop
953.890,65797144,loop
953.995,65797144,loop
954.101,65797144,loop
954.206,65797144,loop
954.311,65797144,loop
954.416,65797144,loop
954.521,65797144,loop
954.626,65797144,loop
954.732,65797144,loop
954.837,65797144,loop
954.942,65797144,loop
955.047,65797144,loop
955.152,65797144,loop
955.257,65797144,loop
955.363,65797144,loop
955.468,65797144,loop
955.573,65797144,loop
955.678,65797144,loop
955.783,65797144,loop
955.888,65797144,loop
955.994,65797144,loop
956.099,65797144,loop
956.204,65797144,loop
956.309,65797144,loop
956.414,65797144,loop
956.519,65797144,loop
956.625,65797144,loop
956.730,65797144,loop
956.835,65797144,loop
956.940,65797144,loop
957.045,65797144,loop
957.150,65797144,loop
957.256,65797144,loop
957.361,65797144,loop
957.466,65797144,loop
957.571,65797144,loop
957.676,65797144,loop
957.781,65797144,loop
957.887,65797144,loop
957.992,65797144,loop
958.097,65797144,loop
958.202,65797144,loop
958.307,65797144,loop
958.412,65797144,loop
958.518,65797144,loop
958.623,65797144,loop
958.728,65797144,loop
958.833,65797144,loop
958.938,65797144,loop
959.043,65797144,loop
959.149,65797144,loop
959.254,65797144,loop
959.359,65797144,loop
959.464,65797144,loop
959.569,65797144,loop
959.674,65797144,loop
959.780,65797144,loop
959.885,65797144,loop
959.990,65797144,loop
960.095,65797144,loop
960.200,65797144,loop
960.305,65797144,loop
960.410,65797144,loop
960.516,65797144,loop
960.621,65797144,loop
960.726,65797144,loop
960.831,65797144,loop
960.936,65797144,loop
961.041,65797144,loop
961.147,65797144,loop
961.252,65797144,loop
961.357,65797144,loop
961.462,65797144,loop
961.567,65797144,loop
961.672,65797144,loop
961.778,65797144,loop
961.883,65797144,loop
961.988,65797144,loop
962.093,65797144,loop
962.198,65797144,loop
962.303,65797144,loop
962.409,65797144,loop
962.514,65797144,loop
962.619,65797144,loop
962.724,65797144,loop
962.829,65797144,loop
962.934,65797144,loop
963.040,65797144,loop
963.145,65797144,loop
963.250,65797144,loop
963.355,65797144,loop
963.460,65797144,loop
963.565,65797144,loop
963.671,65797144,loop
963.776,65797144,loop
963.881,65797144,loop
963.986,65797144,loop
964.091,65797144,loop
964.196,65797144,loop
964.302,65797144,loop
964.407,65797144,loop
964.512,65797144,loop
964.617,65797144,loop
964.722,65797144,loop
964.827,65797144,loop
964.933,65797144,loop
965.038,65797144,loop
965.143,65797144,loop
965.248,65797144,loop
965.353,65797144,loop
965.458,65797144,loop
965.564,65797144,loop
965.669,65797144,loop
965.774,65797144,loop
965.879,65797144,loop
965.984,65797144,loop
966.089,65797144,loop
966.195,65797144,loop
966.300,65797144,loop
966.405,65797144,loop
966.510,65797144,loop
966.615,65797144,loop
966.720,65797144,loop
966.826,65797144,loop
966.931,65797144,loop
967.036,65797144,loop
967.141,65797144,loop
967.246,65797144,loop
967.351,65797144,loop
967.457,65797144,loop
967.562,65797144,loop
967.667,65797144,loop
967.772,65797144,loop
967.877,65797144,loop
967.982,65797144,loop
968.088,65797144,loop
968.193,65797144,loop
968.298,65797144,loop
968.403,65797144,loop
968.508,65797144,loop
968.613,65797144,loop
968.719,65797144,loop
968.824,65797144,loop
968.929,65797144,loop
969.034,65797144,loop
969.139,65797144,loop
969.244,65797144,loop
969.350,65797144,loop
969.455,65797144,loop
969.561,65797144,loop
969.666,65797144,loop
969.771,65797144,loop
969.876,65797144,loop
969.981,65797144,loop
970.086,65797144,loop
970.192,65797144,loop
970.297,65797144,loop
970.402,65797144,loop
970.507,65797144,loop
970.612,65797144,loop
970.717,65797144,loop
970.823,65797144,loop
970.928,65797144,loop
971.033,65797144,loop
971.138,65797144,loop
971.243,65797144,loop
971.348,65797144,loop
971.454,65797144,loop
971.559,65797144,loop
971.664,65797144,loop
971.769,65797144,loop
971.874,65797144,loop
971.979,65797144,loop
972.085,65797144,loop
972.190,65797144,loop
972.295,65797144,loop
972.400,65797144,loop
972.505,65797144,loop
972.610,65797144,loop
972.716,65797144,loop
972.821,65797144,loop
972.926,65797144,loop
973.031,65797144,loop
973.136,65797144,loop
973.241,65797144,loop
973.347,65797144,loop
973.452,65797144,loop
973.557,65797144,loop
973.662,65797144,loop
973.767,65797144,loop
973.872,65797144,loop
973.978,65797144,loop
974.083,65797144,loop
974.188,65797144,loop
974.293,65797144,loop
974.398,65797144,loop
974.503,65797144,loop
974.609,65797144,loop
974.714,65797144,loop
974.819,65797144,loop
974.924,65797144,loop
975.029,65797144,loop
975.134,65797144,loop
975.240,65797144,loop
975.345,65797144,loop
975.450,65797144,loop
975.555,65797144,loop
975.660,65797144,loop
975.765,65797144,loop
975.871,65797144,loop
975.976,65797144,loop
976.081,65797144,loop
976.186,65797144,loop
976.291,65797144,loop
976.396,65797144,loop
976.502,65797144,loop
976.607,65797144,loop
976.712,65797144,loop
976.817,65797144,loop
976.922,65797144,loop
977.027,65797144,loop
977.133,65797144,loop
977.238,65797144,loop
977.343,65797144,loop
977.448,65797144,loop
977.553,65797144,loop
977.658,65797144,loop
977.764,65797144,loop
977.869,65797144,loop
977.974,65797144,loop
978.079,65797144,loop
978.184,65797144,loop
978.289,65797144,loop
978.395,65797144,loop
978.500,65797144,loop
978.605,65797144,loop
978.710,65797144,loop
978.815,65797144,loop
978.920,65797144,loop
979.026,65797144,loop
979.131,65797144,loop
979.236,65797144,loop
979.341,65797144,loop
979.446,65797144,loop
979.551,65797144,loop
979.656,65797144,loop
979.762,65797144,loop
979.867,65797144,loop
979.972,65797144,loop
980.077,65797144,loop
980.182,65797144,loop
980.287,65797144,loop
980.393,65797144,loop
980.498,65797144,loop
980.603,65797144,loop
980.708,65797144,loop
980.813,65797144,loop
980.918,65797144,loop
981.024,65797144,loop
981.129,65797144,loop
981.234,65797144,loop
981.339,65797144,loop
981.444,65797144,loop
981.549,65797144,loop
981.655,65797144,loop
981.760,65797144,loop
981.865,65797144,loop
981.970,65797144,loop
982.075,65797144,loop
982.180,65797144,loop
982.286,65797144,loop
982.391,65797144,loop
982.496,65797144,loop
982.601,65797144,loop
982.706,65797144,loop
982.811,65797144,loop
982.917,65797144,loop
983.022,65797144,loop
983.127,65797144,loop
983.232,65797144,loop
983.337,65797144,loop
983.442,65797144,loop
983.548,65797144,loop
983.653,65797144,loop
983.758,65797144,loop
983.863,65797144,loop
983.968,65797144,loop
984.073,65797144,loop
984.179,65797144,loop
984.284,65797144,loop
984.389,65797144,loop
984.494,65797144,loop
984.599,65797144,loop
984.704,65797144,loop
984.810,65797144,loop
984.915,65797144,loop
985.020,65797144,loop
985.125,65797144,loop
985.230,65797144,loop
985.335,65797144,loop
985.441,65797144,loop
985.546,65797144,loop
985.651,65797144,loop
985.756,65797144,loop
985.861,65797144,loop
985.966,65797144,loop
986.072,65797144,loop
986.177,65797144,loop
986.282,65797144,loop
986.387,65797144,loop
986.492,65797144,loop
986.597,65797144,loop
986.703,65797144,loop
986.808,65797144,loop
986.913,65797144,loop
987.018,65797144,loop
987.123,65797144,loop
987.228,65797144,loop
987.334,65797144,loop
987.439,65797144,loop
987.544,65797144,loop
987.649,65797144,loop
987.754,65797144,loop
987.859,65797144,loop
987.965,65797144,loop
988.070,65797144,loop
988.175,65797144,loop
988.280,65797144,loop
988.385,65797144,loop
988.490,65797144,loop
988.596,65797144,loop
988.701,65797144,loop
988.806,65797144,loop
988.911,65797144,loop
989.016,65797144,loop
989.121,65797144,loop
989.227,65797144,loop
989.332,65797144,loop
989.437,65797144,loop
989.542,65797144,loop
989.647,65797144,loop
989.752,65797144,loop
989.858,65797144,loop
989.963,65797144,loop
990.068,65797144,loop
990.173,65797144,loop
990.278,65797144,loop
990.383,65797144,loop
990.489,65797144,loop
990.594,65797144,loop
990.699,65797144,loop
990.804,65797144,loop
990.909,65797144,loop
991.014,65797144,loop
991.120,65797144,loop
991.225,65797144,loop
991.330,65797144,loop
991.435,65797144,loop
991.540,65797144,loop
991.645,65797144,loop
991.751,65797144,loop
991.856,65797144,loop
991.961,65797144,loop
992.066,65797144,loop
992.171,65797144,loop
992.276,65797144,loop
992.382,65797144,loop
992.487,65797144,loop
992.592,65797144,loop
992.697,65797144,loop
992.802,65797144,loop
992.907,65797144,loop
993.013,65797144,loop
993.118,65797144,loop
993.223,65797144,loop
993.328,65797144,loop
993.433,65797144,loop
993.538,65797144,loop
993.644,65797144,loop
993.749,65797144,loop
993.854,65797144,loop
993.959,65797144,loop
994.064,65797144,loop
994.169,65797144,loop
994.275,65797144,loop
994.380,65797144,loop
994.485,65797144,loop
994.590,65797144,loop
994.695,65797144,loop
994.800,65797144,loop
994.906,65797144,loop
995.011,65797144,loop
995.116,65797144,loop
995.221,65797144,loop
995.326,65797144,loop
995.431,65797144,loop
995.537,65797144,loop
995.642,65797144,loop
995.747,65797144,loop
995.852,65797144,loop
995.957,65797144,loop
996.062,65797144,loop
996.167,65797144,loop
996.273,65797144,loop
996.378,65797144,loop
996.483,65797144,loop
996.588,65797144,loop
996.693,65797144,loop
996.798,65797144,loop
996.904,65797144,loop
997.009,65797144,loop
997.114,65797144,loop
997.219,65797144,loop
997.324,65797144,loop
997.430,65797144,loop
997.535,65797144,loop
997.640,65797144,loop
997.745,65797144,loop
997.850,65797144,loop
997.955,65797144,loop
998.061,65797144,loop
998.166,65797144,loop
998.271,65797144,loop
998.376,65797144,loop
998.481,65797144,loop
998.586,65797144,loop
998.692,65797144,loop
998.797,65797144,loop
998.902,65797144,loop
999.007,65797144,loop
999.112,65797144,loop
999.217,65797144,loop
999.323,65797144,loop
999.428,65797144,loop
999.533,65797144,loop
999.638,65797144,loop
999.743,65797144,loop
999.848,65797144,loop
999.954,65797144,loop
1000.059,65797144,loop
1000.164,65797144,loop
1000.269,65797144,loop
1000.374,65797144,loop
1000.479,65797144,loop
1000.585,65797144,loop
1000.690,65797144,loop
1000.795,65797144,loop
1000.900,65797144,loop
1001.005,65797144,loop
1001.110,65797144,loop
1001.216,65797144,loop
1001.321,65797144,loop
1001.426,65797144,loop
1001.531,65797144,loop
1001.636,65797144,loop
1001.741,65797144,loop
1001.846,65797144,loop
1001.952,65797144,loop
1002.057,65797144,loop
1002.162,65797144,loop
1002.267,65797144,loop
1002.372,65797144,loop
1002.477,65797144,loop
1002.583,65797144,loop
1002.688,65797144,loop
1002.793,65797144,loop
1002.898,65797144,loop
1003.003,65797144,loop
1003.108,65797144,loop
1003.214,65797144,loop
1003.319,65797144,loop
1003.424,65797144,loop
1003.529,65797144,loop
1003.634,65797144,loop
1003.739,65797144,loop
1003.845,65797144,loop
1003.950,65797144,loop
1004.055,65797144,loop
1004.160,65797144,loop
1004.265,65797144,loop
1004.370,65797144,loop
1004.476,65797144,loop
1004.581,65797144,loop
1004.686,65797144,loop
1004.791,65797144,loop
1004.896,65797144,loop
1005.001,65797144,loop
1005.107,65797144,loop
1005.212,65797144,loop
1005.317,65797144,loop
1005.422,65797144,loop
1005.527,65797144,loop
1005.632,65797144,loop
1005.738,65797144,loop
1005.843,65797144,loop
1005.948,65797144,loop
1006.053,65797144,loop
1006.158,65797144,loop
1006.263,65797144,loop
1006.369,65797144,loop
1006.474,65797144,loop
1006.579,65797144,loop
1006.684,65797144,loop
1006.789,65797144,loop
1006.894,65797144,loop
1007.000,65797144,loop
1007.105,65797144,loop
1007.210,65797144,loop
1007.315,65799192,loop
1007.420,65799192,loop
1007.525,65799192,loop
1007.631,65799192,loop
1007.736,65799192,loop
1007.841,65799192,loop
1007.946,65799192,loop
1008.051,65799192,loop
1008.156,65799192,loop
1008.262,65799192,loop
1008.367,65799192,loop
1008.472,65799192,loop
1008.577,65799192,loop
1008.682,65799192,loop
1008.787,65799192,loop
1008.893,65799192,loop
1008.998,65799192,loop
1009.103,65799192,loop
1009.208,65799192,loop
1009.313,65799192,loop
1009.418,65799192,loop
1009.524,65799192,loop
1009.629,65799192,loop
1009.734,65799192,loop
1009.839,65799192,loop
1009.944,65799192,loop
1010.049,65799192,loop
1010.155,65799192,loop
1010.260,65799192,loop
1010.365,65799192,loop
1010.470,65799192,loop
1010.575,65799192,loop
1010.680,65799192,loop
1010.786,65799192,loop
1010.891,65799192,loop
1010.996,65799192,loop
1011.101,65799192,loop
1011.206,65799192,loop
1011.311,65799192,loop
1011.417,65799192,loop
1011.522,65799192,loop
1011.627,65799192,loop
1011.732,65799192,loop
1011.837,65799192,loop
1011.942,65799192,loop
1012.048,65799192,loop
1012.153,65799192,loop
1012.258,65799192,loop
1012.363,65799192,loop
1012.468,65799192,loop
1012.573,65799192,loop
1012.678,65799192,loop
1012.784,65799192,loop
1012.889,65799192,loop
1012.994,65799192,loop
1013.099,65799192,loop
1013.204,65799192,loop
1013.309,65799192,loop
1013.415,65799192,loop
1013.520,65799192,loop
1013.625,65799192,loop
1013.730,65799192,loop
1013.835,65799192,loop
1013.940,65799192,loop
1014.046,65799192,loop
1014.151,65799192,loop
1014.256,65799192,loop
1014.361,65799192,loop
1014.466,65799192,loop
1014.571,65799192,loop
1014.677,65799192,loop
1014.782,65799192,loop
1014.887,65799192,loop
1014.992,65799192,loop
1015.097,65799192,loop
1015.202,65799192,loop
1015.308,65799192,loop
1015.413,65799192,loop
1015.518,65799192,loop
1015.623,65799192,loop
1015.728,65799192,loop
1015.833,65799192,loop
1015.939,65799192,loop
1016.044,65799192,loop
1016.149,65799192,loop
1016.254,65799192,loop
1016.359,65799192,loop
1016.464,65799192,loop
1016.570,65799192,loop
1016.675,65799192,loop
1016.780,65799192,loop
1016.885,65799192,loop
1016.990,65799192,loop
1017.095,65799192,loop
1017.201,65799192,loop
1017.306,65799192,loop
1017.411,65799192,loop
1017.516,65799192,loop
1017.621,65799192,loop
1017.726,65799192,loop
1017.831,65799192,loop
1017.937,65799192,loop
1018.042,65799192,loop
1018.147,65799192,loop
1018.252,65799192,loop
1018.357,65799192,loop
1018.462,65799192,loop
1018.568,65799192,loop
1018.673,65799192,loop
1018.778,65799192,loop
1018.883,65799192,loop
1018.988,65799192,loop
1019.093,65799192,loop
1019.199,65799192,loop
1019.304,65799192,loop
1019.409,65799192,loop
1019.514,65799192,loop
1019.619,65799192,loop
1019.724,65799192,loop
1019.830,65799192,loop
1019.935,65799192,loop
1020.040,65799192,loop
1020.145,65799192,loop
1020.250,65799192,loop
1020.355,65799192,loop
1020.461,65799192,loop
1020.566,65799192,loop
1020.671,65799192,loop
1020.776,65799192,loop
1020.881,65799192,loop
1020.986,65799192,loop
1021.092,65799192,loop
1021.197,65799192,loop
1021.302,65799192,loop
1021.407,65799192,loop
1021.512,65799192,loop
1021.617,65799192,loop
1021.723,65799192,loop
1021.828,65799192,loop
1021.933,65799192,loop
1022.038,65799192,loop
1022.143,65799192,loop
1022.248,65799192,loop
1022.354,65799192,loop
1022.459,65799192,loop
1022.564,65799192,loop
1022.669,65799192,loop
1022.774,65799192,loop
1022.879,65799192,loop
1022.984,65799192,loop
1023.090,65799192,loop
1023.195,65799192,loop
1023.300,65799192,loop
1023.405,65799192,loop
1023.510,65799192,loop
1023.615,65799192,loop
1023.721,65799192,loop
1023.826,65799192,loop
1023.931,65799192,loop
1024.036,65799192,loop
1024.141,65799192,loop
1024.246,65799192,loop
1024.352,65799192,loop
1024.457,65799192,loop
1024.562,65799192,loop
1024.667,65799192,loop
1024.772,65799192,loop
1024.877,65799192,loop
1024.983,65799192,loop
1025.088,65799192,loop
1025.193,65799192,loop
1025.298,65799192,loop
1025.403,65799192,loop
1025.508,65799192,loop
1025.614,65799192,loop
1025.719,65799192,loop
1025.824,65799192,loop
1025.929,65799192,loop
1026.034,65799192,loop
1026.139,65799192,loop
1026.245,65799192,loop
1026.350,65799192,loop
1026.455,65799192,loop
1026.560,65799192,loop
1026.665,65799192,loop
1026.770,65799192,loop
1026.876,65799192,loop
1026.981,65799192,loop
1027.086,65799192,loop
1027.191,65799192,loop
1027.296,65799192,loop
1027.401,65799192,loop
1027.507,65799192,loop
1027.612,65799192,loop
1027.717,65799192,loop
1027.822,65799192,loop
1027.927,65799192,loop
1028.032,65799192,loop
1028.138,65799192,loop
1028.243,65799192,loop
1028.348,65799192,loop
1028.453,65799192,loop
1028.558,65799192,loop
1028.663,65799192,loop
1028.769,65799192,loop
1028.874,65799192,loop
1028.979,65799192,loop
1029.084,65799192,loop
1029.189,65799192,loop
1029.294,65799192,loop
1029.400,65799192,loop
1029.505,65799192,loop
1029.610,65799192,loop
1029.715,65799192,loop
1029.820,65799192,loop
1029.925,65799192,loop
1030.031,65799192,loop
1030.136,65799192,loop
1030.241,65799192,loop
1030.346,65799192,loop
1030.451,65799192,loop
1030.556,65799192,loop
1030.662,65799192,loop
1030.767,65799192,loop
1030.872,65799192,loop
1030.977,65799192,loop
1031.082,65799192,loop
1031.187,65799192,loop
1031.293,65799192,loop
1031.398,65799192,loop
1031.503,65799192,loop
1031.608,65799192,loop
1031.713,65799192,loop
1031.818,65799192,loop
1031.924,65799192,loop
1032.029,65799192,loop
1032.134,65799192,loop
1032.239,65799192,loop
1032.344,65799192,loop
1032.449,65799192,loop
1032.555,65799192,loop
1032.660,65799192,loop
1032.765,65799192,loop
1032.870,65799192,loop
1032.975,65799192,loop
1033.080,65799192,loop
1033.186,65799192,loop
1033.291,65799192,loop
1033.396,65799192,loop
1033.501,65799192,loop
1033.606,65799192,loop
1033.711,65799192,loop
1033.817,65799192,loop
1033.922,65799192,loop
1034.027,65799192,loop
1034.132,65799192,loop
1034.237,65799192,loop
1034.342,65799192,loop
1034.448,65799192,loop
1034.553,65799192,loop
1034.658,65799192,loop
1034.763,65799192,loop
1034.868,65799192,loop
1034.973,65799192,loop
1035.079,65799192,loop
1035.184,65799192,loop
1035.289,65799192,loop
1035.394,65799192,loop
1035.499,65799192,loop
1035.604,65799192,loop
1035.710,65799192,loop
1035.815,65799192,loop
1035.920,65799192,loop
1036.025,65799192,loop
1036.130,65799192,loop
1036.235,65799192,loop
1036.341,65799192,loop
1036.446,65799192,loop
1036.551,65799192,loop
1036.656,65799192,loop
1036.761,65799192,loop
1036.866,65799192,loop
1036.972,65799192,loop
1037.077,65799192,loop
1037.182,65799192,loop
1037.287,65799192,loop
1037.392,65799192,loop
1037.497,65799192,loop
1037.603,65799192,loop
1037.708,65799192,loop
1037.813,65799192,loop
1037.918,65799192,loop
1038.023,65799192,loop
1038.128,65799192,loop
1038.233,65799192,loop
1038.339,65799192,loop
1038.444,65799192,loop
1038.549,65799192,loop
1038.654,65799192,loop
1038.759,65799192,loop
1038.865,65799192,loop
1038.970,65799192,loop
1039.075,65799192,loop
1039.180,65799192,loop
1039.285,65799192,loop
1039.390,65799192,loop
1039.495,65799192,loop
1039.601,65799192,loop
1039.706,65799192,loop
1039.811,65799192,loop
1039.916,65799192,loop
1040.021,65799192,loop
1040.127,65799192,loop
1040.232,65799192,loop
1040.337,65799192,loop
1040.442,65799192,loop
1040.547,65799192,loop
1040.652,65799192,loop
1040.758,65799192,loop
1040.863,65799192,loop
1040.968,65799192,loop
1041.073,65799192,loop
1041.178,65799192,loop
1041.283,65799192,loop
1041.389,65799192,loop
1041.494,65799192,loop
1041.599,65799192,loop
1041.704,65799192,loop
1041.809,65799192,loop
1041.914,65799192,loop
1042.020,65799192,loop
1042.125,65799192,loop
1042.230,65799192,loop
1042.335,65799192,loop
1042.440,65799192,loop
1042.545,65799192,loop
1042.651,65799192,loop
1042.756,65799192,loop
1042.861,65799192,loop
1042.966,65799192,loop
1043.071,65799192,loop
1043.176,65799192,loop
1043.282,65799192,loop
1043.387,65799192,loop
1043.492,65799192,loop
1043.597,65799192,loop
1043.702,65799192,loop
1043.807,65799192,loop
1043.913,65799192,loop
1044.018,65799192,loop
1044.123,65799192,loop
1044.228,65799192,loop
1044.333,65799192,loop
1044.438,65799192,loop
1044.543,65799192,loop
1044.649,65799192,loop
1044.754,65799192,loop
1044.859,65799192,loop
1044.964,65799192,loop
1045.069,65799192,loop
1045.175,65799192,loop
1045.280,65799192,loop
1045.385,65799192,loop
1045.490,65799192,loop
1045.595,65799192,loop
1045.700,65799192,loop
1045.806,65799192,loop
1045.911,65799192,loop
1046.016,65799192,loop
1046.121,65799192,loop
1046.226,65799192,loop
1046.331,65799192,loop
1046.437,65799192,loop
1046.542,65799192,loop
1046.647,65799192,loop
1046.752,65799192,loop
1046.857,65799192,loop
1046.962,65799192,loop
1047.068,65799192,loop
1047.173,65799192,loop
1047.278,65799192,loop
1047.383,65799192,loop
1047.488,65799192,loop
1047.593,65799192,loop
1047.699,65799192,loop
1047.804,65799192,loop
1047.909,65799192,loop
1048.014,65799192,loop
1048.119,65799192,loop
1048.224,65799192,loop
1048.330,65799192,loop
1048.435,65799192,loop
1048.540,65799192,loop
1048.645,65799192,loop
1048.750,65799192,loop
1048.855,65799192,loop
1048.961,65799192,loop
1049.066,65799192,loop
1049.171,65799192,loop
1049.276,65799192,loop
1049.381,65799192,loop
1049.486,65799192,loop
1049.592,65799192,loop
1049.697,65799192,loop
1049.802,65799192,loop
1049.907,65799192,loop
1050.012,65799192,loop
1050.118,65799192,loop
1050.223,65799192,loop
1050.328,65799192,loop
1050.434,65799192,loop
1050.539,65799192,loop
1050.644,65799192,loop
1050.749,65799192,loop
1050.854,65799192,loop
1050.959,65799192,loop
1051.065,65799192,loop
1051.170,65799192,loop
1051.275,65799192,loop
1051.380,65799192,loop
1051.485,65799192,loop
1051.590,65799192,loop
1051.696,65799192,loop
1051.801,65799192,loop
1051.906,65799192,loop
1052.011,65799192,loop
1052.116,65799192,loop
1052.221,65799192,loop
1052.327,65799192,loop
1052.432,65799192,loop
1052.537,65799192,loop
1052.642,65799192,loop
1052.747,65799192,loop
1052.852,65799192,loop
1052.958,65799192,loop
1053.063,65799192,loop
1053.168,65799192,loop
1053.273,65799192,loop
1053.378,65799192,loop
1053.483,65799192,loop
1053.589,65799192,loop
1053.694,65799192,loop
1053.799,65799192,loop
1053.904,65799192,loop
1054.009,65799192,loop
1054.114,65799192,loop
1054.220,65799192,loop
1054.325,65799192,loop
1054.430,65799192,loop
1054.535,65799192,loop
1054.640,65799192,loop
1054.745,65799192,loop
1054.851,65799192,loop
1054.956,65799192,loop
1055.061,65799192,loop
1055.167,65799192,loop
1055.272,65799192,loop
1055.377,65799192,loop
1055.482,65799192,loop
1055.587,65799192,loop
1055.692,65799192,loop
1055.798,65799192,loop
1055.903,65799192,loop
1056.008,65799192,loop
1056.113,65799192,loop
1056.218,65799192,loop
1056.323,65799192,loop
1056.429,65799192,loop
1056.534,65799192,loop
1056.639,65799192,loop
1056.744,65799192,loop
1056.849,65799192,loop
1056.954,65799192,loop
1057.060,65799192,loop
1057.165,65799192,loop
1057.270,65799192,loop
1057.375,65799192,loop
1057.480,65799192,loop
1057.585,65799192,loop
1057.691,65799192,loop
1057.796,65799192,loop
1057.901,65799192,loop
1058.006,65799192,loop
1058.111,65799192,loop
1058.216,65799192,loop
1058.322,65799192,loop
1058.427,65799192,loop
1058.532,65799192,loop
1058.637,65799192,loop
1058.742,65799192,loop
1058.847,65799192,loop
1058.953,65799192,loop
1059.058,65799192,loop
1059.163,65799192,loop
1059.268,65799192,loop
1059.373,65799192,loop
1059.478,65799192,loop
1059.584,65799192,loop
1059.689,65799192,loop
1059.794,65799192,loop
1059.899,65799192,loop
1060.004,65799192,loop
1060.109,65799192,loop
1060.215,65799192,loop
1060.320,65799192,loop
1060.425,65799192,loop
1060.530,65799192,loop
1060.635,65799192,loop
1060.740,65799192,loop
1060.846,65799192,loop
1060.951,65799192,loop
1061.056,65799192,loop
1061.161,65799192,loop
1061.266,65799192,loop
1061.371,65799192,loop
1061.477,65799192,loop
1061.582,65799192,loop
1061.687,65799192,loop
1061.792,65799192,loop
1061.897,65799192,loop
1062.002,65799192,loop
1062.108,65799192,loop
1062.213,65799192,loop
1062.318,65799192,loop
1062.423,65799192,loop
1062.528,65799192,loop
1062.633,65799192,loop
1062.739,65799192,loop
1062.844,65799192,loop
1062.949,65799192,loop
1063.054,65799192,loop
1063.159,65799192,loop
1063.264,65799192,loop
1063.369,65799192,loop
1063.475,65799192,loop
1063.580,65799192,loop
1063.685,65799192,loop
1063.790,65799192,loop
1063.895,65799192,loop
1064.000,65799192,loop
1064.106,65799192,loop
1064.211,65799192,loop
1064.316,65799192,loop
1064.421,65799192,loop
1064.526,65799192,loop
1064.632,65799192,loop
1064.737,65799192,loop
1064.842,65799192,loop
1064.947,65799192,loop
1065.052,65799192,loop
1065.157,65799192,loop
1065.263,65799192,loop
1065.368,65799192,loop
1065.473,65799192,loop
1065.578,65799192,loop
1065.683,65799192,loop
1065.788,65799192,loop
1065.894,65799192,loop
1065.999,65799192,loop
1066.104,65799192,loop
1066.209,65799192,loop
1066.314,65799192,loop
1066.419,65799192,loop
1066.525,65799192,loop
1066.630,65799192,loop
1066.735,65799192,loop
1066.840,65799192,loop
1066.945,65799192,loop
1067.050,65799192,loop
1067.156,65799192,loop
1067.261,65801240,loop
1067.366,65801240,loop
1067.471,65801240,loop
1067.576,65801240,loop
1067.681,65801240,loop
1067.787,65801240,loop
1067.892,65801240,loop
1067.997,65801240,loop
1068.102,65801240,loop
1068.207,65801240,loop
1068.312,65801240,loop
1068.418,65801240,loop
1068.523,65801240,loop
1068.628,65801240,loop
1068.733,65801240,loop
1068.838,65801240,loop
1068.943,65801240,loop
1069.049,65801240,loop
1069.154,65801240,loop
1069.259,65801240,loop
1069.364,65801240,loop
1069.469,65801240,loop
1069.574,65801240,loop
1069.680,65801240,loop
1069.785,65801240,loop
1069.890,65801240,loop
1069.995,65801240,loop
1070.100,65801240,loop
1070.205,65801240,loop
1070.311,65801240,loop
1070.416,65801240,loop
1070.521,65801240,loop
1070.626,65801240,loop
1070.731,65801240,loop
1070.836,65801240,loop
1070.942,65801240,loop
1071.047,65801240,loop
1071.152,65801240,loop
1071.257,65801240,loop
1071.362,65801240,loop
1071.467,65801240,loop
1071.573,65801240,loop
1071.678,65801240,loop
1071.783,65801240,loop
1071.888,65801240,loop
1071.993,65801240,loop
1072.098,65801240,loop
1072.204,65801240,loop
1072.309,65801240,loop
1072.414,65801240,loop
1072.519,65801240,loop
1072.624,65801240,loop
1072.729,65801240,loop
1072.835,65801240,loop
1072.940,65801240,loop
1073.045,65801240,loop
1073.150,65801240,loop
1073.255,65801240,loop
1073.360,65801240,loop
1073.466,65801240,loop
1073.571,65801240,loop
1073.676,65801240,loop
1073.781,65801240,loop
1073.886,65801240,loop
1073.991,65801240,loop
1074.097,65801240,loop
1074.202,65801240,loop
1074.307,65801240,loop
1074.412,65801240,loop
1074.517,65801240,loop
1074.622,65801240,loop
1074.727,65801240,loop
1074.833,65801240,loop
1074.938,65801240,loop
1075.043,65801240,loop
1075.148,65801240,loop
1075.253,65801240,loop
1075.358,65801240,loop
1075.464,65801240,loop
1075.569,65801240,loop
1075.674,65801240,loop
1075.779,65801240,loop
1075.884,65801240,loop
1075.989,65801240,loop
1076.095,65801240,loop
1076.200,65801240,loop
1076.305,65801240,loop
1076.410,65801240,loop
1076.515,65801240,loop
1076.621,65801240,loop
1076.726,65801240,loop
1076.831,65801240,loop
1076.936,65801240,loop
1077.041,65801240,loop
1077.146,65801240,loop
1077.251,65801240,loop
1077.357,65801240,loop
1077.462,65801240,loop
1077.567,65801240,loop
1077.672,65801240,loop
1077.777,65801240,loop
1077.882,65801240,loop
1077.988,65801240,loop
1078.093,65801240,loop
1078.198,65801240,loop
1078.303,65801240,loop
1078.408,65801240,loop
1078.513,65801240,loop
1078.619,65801240,loop
1078.724,65801240,loop
1078.829,65801240,loop
1078.934,65801240,loop
1079.039,65801240,loop
1079.144,65801240,loop
1079.250,65801240,loop
1079.355,65801240,loop
1079.460,65801240,loop
1079.565,65801240,loop
1079.670,65801240,loop
1079.775,65801240,loop
1079.881,65801240,loop
1079.986,65801240,loop
1080.091,65801240,loop
1080.196,65801240,loop
1080.301,65801240,loop
1080.406,65801240,loop
1080.512,65801240,loop
1080.617,65801240,loop
1080.722,65801240,loop
1080.827,65801240,loop
1080.932,65801240,loop
1081.037,65801240,loop
1081.143,65801240,loop
1081.248,65801240,loop
1081.353,65801240,loop
1081.458,65801240,loop
1081.563,65801240,loop
1081.668,65801240,loop
1081.774,65801240,loop
1081.879,65801240,loop
1081.984,65801240,loop
1082.089,65801240,loop
1082.194,65801240,loop
1082.299,65801240,loop
1082.405,65801240,loop
1082.510,65801240,loop
1082.615,65801240,loop
1082.720,65801240,loop
1082.825,65801240,loop
1082.930,65801240,loop
1083.036,65801240,loop
1083.141,65801240,loop
1083.246,65801240,loop
1083.351,65801240,loop
1083.456,65801240,loop
1083.561,65801240,loop
1083.667,65801240,loop
1083.772,65801240,loop
1083.877,65801240,loop
1083.982,65801240,loop
1084.087,65801240,loop
1084.192,65801240,loop
1084.297,65801240,loop
1084.403,65801240,loop
1084.508,65801240,loop
1084.613,65801240,loop
1084.718,65801240,loop
1084.823,65801240,loop
1084.929,65801240,loop
1085.034,65801240,loop
1085.139,65801240,loop
1085.244,65801240,loop
1085.349,65801240,loop
1085.454,65801240,loop
1085.560,65801240,loop
1085.665,65801240,loop
1085.770,65801240,loop
1085.875,65801240,loop
1085.980,65801240,loop
1086.085,65801240,loop
1086.191,65801240,loop
1086.296,65801240,loop
1086.401,65801240,loop
1086.506,65801240,loop
1086.611,65801240,loop
1086.716,65801240,loop
1086.822,65801240,loop
1086.927,65801240,loop
1087.032,65801240,loop
1087.137,65801240,loop
1087.242,65801240,loop
1087.347,65801240,loop
1087.453,65801240,loop
1087.558,65801240,loop
1087.663,65801240,loop
1087.768,65801240,loop
1087.873,65801240,loop
1087.978,65801240,loop
1088.084,65801240,loop
1088.189,65801240,loop
1088.294,65801240,loop
1088.399,65801240,loop
1088.504,65801240,loop
1088.609,65801240,loop
1088.715,65801240,loop
1088.820,65801240,loop
1088.925,65801240,loop
1089.030,65801240,loop
1089.135,65801240,loop
1089.240,65801240,loop
1089.346,65801240,loop
1089.451,65801240,loop
1089.556,65801240,loop
1089.661,65801240,loop
1089.766,65801240,loop
1089.871,65801240,loop
1089.977,65801240,loop
1090.082,65801240,loop
1090.187,65801240,loop
1090.292,65801240,loop
1090.397,65801240,loop
1090.502,65801240,loop
1090.608,65801240,loop
1090.713,65801240,loop
1090.818,65801240,loop
1090.923,65801240,loop
1091.028,65801240,loop
1091.133,65801240,loop
1091.239,65801240,loop
1091.344,65801240,loop
1091.449,65801240,loop
1091.554,65801240,loop
1091.659,65801240,loop
1091.764,65801240,loop
1091.870,65801240,loop
1091.975,65801240,loop
1092.080,65801240,loop
1092.185,65801240,loop
1092.290,65801240,loop
1092.395,65801240,loop
1092.501,65801240,loop
1092.606,65801240,loop
1092.711,65801240,loop
1092.816,65801240,loop
1092.921,65801240,loop
1093.026,65801240,loop
1093.132,65801240,loop
1093.237,65801240,loop
1093.342,65801240,loop
1093.447,65801240,loop
1093.552,65801240,loop
1093.657,65801240,loop
1093.762,65801240,loop
1093.868,65801240,loop
1093.973,65801240,loop
1094.078,65801240,loop
1094.183,65801240,loop
1094.288,65801240,loop
1094.393,65801240,loop
1094.499,65801240,loop
1094.604,65801240,loop
1094.709,65801240,loop
1094.814,65801240,loop
1094.919,65801240,loop
1095.024,65801240,loop
1095.130,65801240,loop
1095.235,65801240,loop
1095.340,65801240,loop
1095.445,65801240,loop
1095.550,65801240,loop
1095.655,65801240,loop
1095.761,65801240,loop
1095.866,65801240,loop
1095.971,65801240,loop
1096.076,65801240,loop
1096.181,65801240,loop
1096.286,65801240,loop
1096.392,65801240,loop
1096.497,65801240,loop
1096.602,65801240,loop
1096.707,65801240,loop
1096.812,65801240,loop
1096.917,65801240,loop
1097.023,65801240,loop
1097.128,65801240,loop
1097.233,65801240,loop
1097.338,65801240,loop
1097.443,65801240,loop
1097.548,65801240,loop
1097.654,65801240,loop
1097.759,65801240,loop
1097.864,65801240,loop
1097.969,65801240,loop
1098.074,65801240,loop
1098.179,65801240,loop
1098.285,65801240,loop
1098.390,65801240,loop
1098.495,65801240,loop
1098.600,65801240,loop
1098.705,65801240,loop
1098.810,65801240,loop
1098.916,65801240,loop
1099.021,65801240,loop
1099.126,65801240,loop
1099.231,65801240,loop
1099.336,65801240,loop
1099.441,65801240,loop
1099.547,65801240,loop
1099.652,65801240,loop
1099.757,65801240,loop
1099.862,65801240,loop
1099.967,65801240,loop
1100.072,65801240,loop
1100.178,65801240,loop
1100.283,65801240,loop
1100.388,65801240,loop
1100.493,65801240,loop
1100.598,65801240,loop
1100.703,65801240,loop
1100.809,65801240,loop
1100.914,65801240,loop
1101.019,65801240,loop
1101.124,65801240,loop
1101.229,65801240,loop
1101.334,65801240,loop
1101.440,65801240,loop
1101.545,65801240,loop
1101.650,65801240,loop
1101.755,65801240,loop
1101.860,65801240,loop
1101.965,65801240,loop
1102.071,65801240,loop
1102.176,65801240,loop
1102.281,65801240,loop
1102.386,65801240,loop
1102.491,65801240,loop
1102.596,65801240,loop
1102.702,65801240,loop
1102.807,65801240,loop
1102.912,65801240,loop
1103.017,65801240,loop
1103.122,65801240,loop
1103.227,65801240,loop
1103.333,65801240,loop
1103.438,65801240,loop
1103.543,65801240,loop
1103.648,65801240,loop
1103.753,65801240,loop
1103.858,65801240,loop
1103.964,65801240,loop
1104.069,65801240,loop
1104.174,65801240,loop
1104.279,65801240,loop
1104.384,65801240,loop
1104.489,65801240,loop
1104.595,65801240,loop
1104.700,65801240,loop
1104.805,65801240,loop
1104.910,65801240,loop
1105.015,65801240,loop
1105.120,65801240,loop
1105.226,65801240,loop
1105.331,65801240,loop
1105.436,65801240,loop
1105.541,65801240,loop
1105.646,65801240,loop
1105.751,65801240,loop
1105.857,65801240,loop
1105.962,65801240,loop
1106.067,65801240,loop
1106.172,65801240,loop
1106.277,65801240,loop
1106.382,65801240,loop
1106.488,65801240,loop
1106.593,65801240,loop
1106.698,65801240,loop
1106.803,65801240,loop
1106.908,65801240,loop
1107.013,65801240,loop
1107.119,65801240,loop
1107.224,65801240,loop
1107.329,65801240,loop
1107.434,65801240,loop
1107.539,65801240,loop
1107.644,65801240,loop
1107.750,65801240,loop
1107.855,65801240,loop
1107.960,65801240,loop
1108.065,65801240,loop
1108.170,65801240,loop
1108.275,65801240,loop
1108.381,65801240,loop
1108.486,65801240,loop
1108.591,65801240,loop
1108.696,65801240,loop
1108.801,65801240,loop
1108.906,65801240,loop
1109.012,65801240,loop
1109.117,65801240,loop
1109.222,65801240,loop
1109.327,65801240,loop
1109.432,65801240,loop
1109.537,65801240,loop
1109.643,65801240,loop
1109.748,65801240,loop
1109.853,65801240,loop
1109.958,65801240,loop
1110.063,65801240,loop
1110.168,65801240,loop
1110.274,65801240,loop
1110.379,65801240,loop
1110.484,65801240,loop
1110.589,65801240,loop
1110.694,65801240,loop
1110.799,65801240,loop
1110.905,65801240,loop
1111.010,65801240,loop
1111.115,65801240,loop
1111.220,65801240,loop
1111.325,65801240,loop
1111.430,65801240,loop
1111.536,65801240,loop
1111.641,65801240,loop
1111.746,65801240,loop
1111.851,65801240,loop
1111.956,65801240,loop
1112.061,65801240,loop
1112.167,65801240,loop
1112.272,65801240,loop
1112.377,65801240,loop
1112.482,65801240,loop
1112.587,65801240,loop
1112.692,65801240,loop
1112.798,65801240,loop
1112.903,65801240,loop
1113.008,65801240,loop
1113.113,65801240,loop
1113.218,65801240,loop
1113.323,65801240,loop
1113.429,65801240,loop
1113.534,65801240,loop
1113.639,65801240,loop
1113.744,65801240,loop
1113.849,65801240,loop
1113.954,65801240,loop
1114.060,65801240,loop
1114.165,65801240,loop
1114.270,65801240,loop
1114.375,65801240,loop
1114.480,65801240,loop
1114.585,65801240,loop
1114.691,65801240,loop
1114.796,65801240,loop
1114.901,65801240,loop
1115.006,65801240,loop
1115.111,65801240,loop
1115.216,65801240,loop
1115.322,65801240,loop
1115.427,65801240,loop
1115.532,65801240,loop
1115.637,65801240,loop
1115.742,65801240,loop
1115.847,65801240,loop
1115.953,65801240,loop
1116.058,65801240,loop
1116.163,65801240,loop
1116.268,65801240,loop
1116.373,65801240,loop
1116.478,65801240,loop
1116.584,65801240,loop
1116.689,65801240,loop
1116.794,65801240,loop
1116.899,65801240,loop
1117.004,65801240,loop
1117.109,65801240,loop
1117.215,65801240,loop
1117.342,65801240,loop
1117.447,65801240,loop
1117.552,65801240,loop
1117.657,65801240,loop
1117.762,65801240,loop
1117.867,65801240,loop
1117.973,65801240,loop
1118.078,65801240,loop
1118.183,65801240,loop
1118.288,65801240,loop
1118.393,65801240,loop
1118.498,65801240,loop
1118.604,65801240,loop
1118.709,65801240,loop
1118.814,65801240,loop
1118.919,65801240,loop
1119.024,65801240,loop
1119.129,65801240,loop
1119.235,65801240,loop
1119.340,65801240,loop
1119.445,65801240,loop
1119.550,65801240,loop
1119.655,65801240,loop
1119.760,65801240,loop
1119.866,65801240,loop
1119.971,65801240,loop
1120.076,65801240,loop
1120.181,65801240,loop
1120.286,65801240,loop
1120.391,65801240,loop
1120.497,65801240,loop
1120.602,65801240,loop
1120.707,65801240,loop
1120.812,65801240,loop
1120.917,65801240,loop
1121.023,65801240,loop
1121.128,65801240,loop
1121.233,65801240,loop
1121.338,65801240,loop
1121.443,65801240,loop
1121.548,65801240,loop
1121.654,65801240,loop
1121.759,65801240,loop
1121.864,65801240,loop
1121.969,65801240,loop
1122.074,65801240,loop
1122.179,65801240,loop
1122.285,65801240,loop
1122.390,65801240,loop
1122.495,65801240,loop
1122.600,65801240,loop
1122.705,65801240,loop
1122.810,65801240,loop
1122.916,65801240,loop
1123.021,65801240,loop
1123.126,65801240,loop
1123.231,65801240,loop
1123.336,65801240,loop
1123.441,65801240,loop
1123.547,65801240,loop
1123.652,65801240,loop
1123.757,65801240,loop
1123.862,65801240,loop
1123.967,65801240,loop
1124.072,65801240,loop
1124.178,65801240,loop
1124.283,65801240,loop
1124.388,65801240,loop
1124.493,65801240,loop
1124.598,65801240,loop
1124.703,65801240,loop
1124.808,65801240,loop
1124.914,65801240,loop
1125.019,65801240,loop
1125.124,65801240,loop
1125.229,65801240,loop
1125.334,65801240,loop
1125.439,65801240,loop
1125.545,65801240,loop
1125.650,65801240,loop
1125.755,65801240,loop
1125.860,65801240,loop
1125.966,65801240,loop
1126.071,65801240,loop
1126.177,65801240,loop
1126.282,65801240,loop
1126.387,65801240,loop
1126.492,65801240,loop
1126.597,65801240,loop
1126.702,65801240,loop
1126.808,65801240,loop
1126.913,65801240,loop
1127.018,65801240,loop
1127.123,65801240,loop
1127.228,65803288,loop
1127.333,65803288,loop
1127.439,65803288,loop
1127.544,65803288,loop
1127.649,65803288,loop
1127.754,65803288,loop
1127.859,65803288,loop
1127.964,65803288,loop
1128.070,65803288,loop
1128.175,65803288,loop
1128.280,65803288,loop
1128.385,65803288,loop
1128.490,65803288,loop
1128.595,65803288,loop
1128.701,65803288,loop
1128.806,65803288,loop
1128.911,65803288,loop
1129.016,65803288,loop
1129.121,65803288,loop
1129.226,65803288,loop
1129.332,65803288,loop
1129.437,65803288,loop
1129.542,65803288,loop
1129.647,65803288,loop
1129.753,65803288,loop
1129.858,65803288,loop
1129.963,65803288,loop
1130.069,65803288,loop
1130.174,65803288,loop
1130.279,65803288,loop
1130.384,65803288,loop
1130.489,65803288,loop
1130.594,65803288,loop
1130.700,65803288,loop
1130.805,65803288,loop
1130.910,65803288,loop
1131.015,65803288,loop
1131.120,65803288,loop
1131.225,65803288,loop
1131.331,65803288,loop
1131.436,65803288,loop
1131.541,65803288,loop
1131.646,65803288,loop
1131.751,65803288,loop
1131.856,65803288,loop
1131.962,65803288,loop
1132.067,65803288,loop
1132.172,65803288,loop
1132.277,65803288,loop
1132.382,65803288,loop
1132.487,65803288,loop
1132.593,65803288,loop
1132.698,65803288,loop
1132.803,65803288,loop
1132.908,65803288,loop
1133.013,65803288,loop
1133.118,65803288,loop
1133.224,65803288,loop
1133.329,65803288,loop
1133.434,65803288,loop
1133.539,65803288,loop
1133.644,65803288,loop
1133.749,65803288,loop
1133.855,65803288,loop
1133.960,65803288,loop
1134.065,65803288,loop
1134.170,65803288,loop
1134.275,65803288,loop
1134.380,65803288,loop
1134.486,65803288,loop
1134.591,65803288,loop
1134.696,65803288,loop
1134.801,65803288,loop
1134.906,65803288,loop
1135.011,65803288,loop
1135.117,65803288,loop
1135.222,65803288,loop
1135.327,65803288,loop
1135.432,65803288,loop
1135.537,65803288,loop
1135.642,65803288,loop
1135.748,65803288,loop
1135.853,65803288,loop
1135.958,65803288,loop
1136.063,65803288,loop
1136.168,65803288,loop
1136.273,65803288,loop
1136.379,65803288,loop
1136.484,65803288,loop
1136.589,65803288,loop
1136.694,65803288,loop
1136.799,65803288,loop
1136.904,65803288,loop
1137.010,65803288,loop
1137.115,65803288,loop
1137.220,65803288,loop
1137.325,65803288,loop
1137.430,65803288,loop
1137.535,65803288,loop
1137.641,65803288,loop
1137.746,65803288,loop
1137.851,65803288,loop
1137.956,65803288,loop
1138.061,65803288,loop
1138.166,65803288,loop
1138.272,65803288,loop
1138.377,65803288,loop
1138.482,65803288,loop
1138.587,65803288,loop
1138.692,65803288,loop
1138.797,65803288,loop
1138.903,65803288,loop
1139.008,65803288,loop
1139.113,65803288,loop
1139.218,65803288,loop
1139.323,65803288,loop
1139.428,65803288,loop
1139.534,65803288,loop
1139.639,65803288,loop
1139.744,65803288,loop
1139.849,65803288,loop
1139.954,65803288,loop
1140.059,65803288,loop
1140.164,65803288,loop
1140.270,65803288,loop
1140.375,65803288,loop
1140.480,65803288,loop
1140.585,65803288,loop
1140.690,65803288,loop
1140.795,65803288,loop
1140.901,65803288,loop
1141.006,65803288,loop
1141.111,65803288,loop
1141.216,65803288,loop
1141.321,65803288,loop
1141.427,65803288,loop
1141.532,65803288,loop
1141.637,65803288,loop
1141.742,65803288,loop
1141.847,65803288,loop
1141.952,65803288,loop
1142.058,65803288,loop
1142.163,65803288,loop
1142.268,65803288,loop
1142.373,65803288,loop
1142.478,65803288,loop
1142.583,65803288,loop
1142.689,65803288,loop
1142.794,65803288,loop
1142.899,65803288,loop
1143.004,65803288,loop
1143.109,65803288,loop
1143.214,65803288,loop
1143.320,65803288,loop
1143.425,65803288,loop
1143.530,65803288,loop
1143.635,65803288,loop
1143.740,65803288,loop
1143.845,65803288,loop
1143.951,65803288,loop
1144.056,65803288,loop
1144.161,65803288,loop
1144.266,65803288,loop
1144.371,65803288,loop
1144.476,65803288,loop
1144.582,65803288,loop
1144.687,65803288,loop
1144.792,65803288,loop
1144.897,65803288,loop
1145.002,65803288,loop
1145.107,65803288,loop
1145.213,65803288,loop
1145.318,65803288,loop
1145.423,65803288,loop
1145.528,65803288,loop
1145.633,65803288,loop
1145.738,65803288,loop
1145.844,65803288,loop
1145.949,65803288,loop
1146.054,65803288,loop
1146.159,65803288,loop
1146.264,65803288,loop
1146.369,65803288,loop
1146.474,65803288,loop
1146.580,65803288,loop
1146.685,65803288,loop
1146.790,65803288,loop
1146.895,65803288,loop
1147.000,65803288,loop
1147.105,65803288,loop
1147.211,65803288,loop
1147.316,65803288,loop
1147.421,65803288,loop
1147.526,65803288,loop
1147.631,65803288,loop
1147.737,65803288,loop
1147.842,65803288,loop
1147.947,65803288,loop
1148.052,65803288,loop
1148.157,65803288,loop
1148.262,65803288,loop
1148.368,65803288,loop
1148.473,65803288,loop
1148.578,65803288,loop
1148.683,65803288,loop
1148.788,65803288,loop
1148.893,65803288,loop
1148.999,65803288,loop
1149.104,65803288,loop
1149.209,65803288,loop
1149.314,65803288,loop
1149.419,65803288,loop
1149.524,65803288,loop
1149.629,65803288,loop
1149.735,65803288,loop
1149.840,65803288,loop
1149.945,65803288,loop
1150.050,65803288,loop
1150.155,65803288,loop
1150.261,65803288,loop
1150.366,65803288,loop
1150.472,65803288,loop
1150.577,65803288,loop
1150.682,65803288,loop
1150.787,65803288,loop
1150.892,65803288,loop
1150.997,65803288,loop
1151.103,65803288,loop
1151.208,65803288,loop
1151.313,65803288,loop
1151.418,65803288,loop
1151.523,65803288,loop
1151.628,65803288,loop
1151.734,65803288,loop
1151.839,65803288,loop
1151.944,65803288,loop
1152.049,65803288,loop
1152.154,65803288,loop
1152.259,65803288,loop
1152.365,65803288,loop
1152.470,65803288,loop
1152.575,65803288,loop
1152.680,65803288,loop
1152.785,65803288,loop
1152.890,65803288,loop
1152.996,65803288,loop
1153.101,65803288,loop
1153.206,65803288,loop
1153.311,65803288,loop
1153.416,65803288,loop
1153.521,65803288,loop
1153.627,65803288,loop
1153.732,65803288,loop
1153.837,65803288,loop
1153.942,65803288,loop
1154.047,65803288,loop
1154.152,65803288,loop
1154.258,65803288,loop
1154.363,65803288,loop
1154.468,65803288,loop
1154.573,65803288,loop
1154.678,65803288,loop
1154.783,65803288,loop
1154.889,65803288,loop
1154.994,65803288,loop
1155.099,65803288,loop
1155.204,65803288,loop
1155.309,65803288,loop
1155.414,65803288,loop
1155.520,65803288,loop
1155.625,65803288,loop
1155.730,65803288,loop
1155.835,65803288,loop
1155.940,65803288,loop
1156.045,65803288,loop
1156.151,65803288,loop
1156.256,65803288,loop
1156.361,65803288,loop
1156.466,65803288,loop
1156.571,65803288,loop
1156.676,65803288,loop
1156.782,65803288,loop
1156.887,65803288,loop
1156.992,65803288,loop
1157.097,65803288,loop
1157.202,65803288,loop
1157.307,65803288,loop
1157.413,65803288,loop
1157.518,65803288,loop
1157.623,65803288,loop
1157.728,65803288,loop
1157.833,65803288,loop
1157.938,65803288,loop
1158.044,65803288,loop
1158.149,65803288,loop
1158.254,65803288,loop
1158.359,65803288,loop
1158.464,65803288,loop
1158.569,65803288,loop
1158.675,65803288,loop
1158.780,65803288,loop
1158.885,65803288,loop
1158.990,65803288,loop
1159.095,65803288,loop
1159.200,65803288,loop
1159.306,65803288,loop
1159.411,65803288,loop
1159.516,65803288,loop
1159.621,65803288,loop
1159.726,65803288,loop
1159.831,65803288,loop
1159.937,65803288,loop
1160.042,65803288,loop
1160.147,65803288,loop
1160.252,65803288,loop
1160.357,65803288,loop
1160.462,65803288,loop
1160.568,65803288,loop
1160.673,65803288,loop
1160.778,65803288,loop
1160.883,65803288,loop
1160.988,65803288,loop
1161.093,65803288,loop
1161.199,65803288,loop
1161.304,65803288,loop
1161.409,65803288,loop
1161.514,65803288,loop
1161.619,65803288,loop
1161.724,65803288,loop
1161.830,65803288,loop
1161.935,65803288,loop
1162.040,65803288,loop
1162.145,65803288,loop
1162.250,65803288,loop
1162.355,65803288,loop
1162.461,65803288,loop
1162.566,65803288,loop
1162.671,65803288,loop
1162.776,65803288,loop
1162.881,65803288,loop
1162.986,65803288,loop
1163.092,65803288,loop
1163.197,65803288,loop
1163.302,65803288,loop
1163.407,65803288,loop
1163.512,65803288,loop
1163.617,65803288,loop
1163.723,65803288,loop
1163.828,65803288,loop
1163.933,65803288,loop
1164.038,65803288,loop
1164.143,65803288,loop
1164.248,65803288,loop
1164.354,65803288,loop
1164.459,65803288,loop
1164.564,65803288,loop
1164.669,65803288,loop
1164.774,65803288,loop
1164.879,65803288,loop
1164.984,65803288,loop
1165.090,65803288,loop
1165.195,65803288,loop
1165.300,65803288,loop
1165.405,65803288,loop
1165.510,65803288,loop
1165.615,65803288,loop
1165.721,65803288,loop
1165.826,65803288,loop
1165.931,65803288,loop
1166.036,65803288,loop
1166.141,65803288,loop
1166.246,65803288,loop
1166.352,65803288,loop
1166.457,65803288,loop
1166.562,65803288,loop
1166.667,65803288,loop
1166.772,65803288,loop
1166.877,65803288,loop
1166.983,65803288,loop
1167.088,65803288,loop
1167.193,65803288,loop
1167.298,65803288,loop
1167.403,65803288,loop
1167.508,65803288,loop
1167.614,65803288,loop
1167.719,65803288,loop
1167.824,65803288,loop
1167.929,65803288,loop
1168.034,65803288,loop
1168.139,65803288,loop
1168.245,65803288,loop
1168.350,65803288,loop
1168.455,65803288,loop
1168.560,65803288,loop
1168.665,65803288,loop
1168.770,65803288,loop
1168.876,65803288,loop
1168.981,65803288,loop
1169.086,65803288,loop
1169.191,65803288,loop
1169.296,65803288,loop
1169.401,65803288,loop
1169.507,65803288,loop
1169.612,65803288,loop
1169.717,65803288,loop
1169.822,65803288,loop
1169.927,65803288,loop
1170.032,65803288,loop
1170.138,65803288,loop
1170.243,65803288,loop
1170.348,65803288,loop
1170.453,65803288,loop
1170.558,65803288,loop
1170.663,65803288,loop
1170.769,65803288,loop
1170.874,65803288,loop
1170.979,65803288,loop
1171.084,65803288,loop
1171.189,65803288,loop
1171.294,65803288,loop
1171.400,65803288,loop
1171.505,65803288,loop
1171.610,65803288,loop
1171.715,65803288,loop
1171.820,65803288,loop
1171.925,65803288,loop
1172.031,65803288,loop
1172.136,65803288,loop
1172.241,65803288,loop
1172.346,65803288,loop
1172.451,65803288,loop
1172.556,65803288,loop
1172.661,65803288,loop
1172.767,65803288,loop
1172.872,65803288,loop
1172.977,65803288,loop
1173.082,65803288,loop
1173.187,65803288,loop
1173.293,65803288,loop
1173.398,65803288,loop
1173.503,65803288,loop
1173.608,65803288,loop
1173.713,65803288,loop
1173.818,65803288,loop
1173.924,65803288,loop
1174.029,65803288,loop
1174.134,65803288,loop
1174.239,65803288,loop
1174.344,65803288,loop
1174.449,65803288,loop
1174.555,65803288,loop
1174.660,65803288,loop
1174.765,65803288,loop
1174.870,65803288,loop
1174.975,65803288,loop
1175.080,65803288,loop
1175.186,65803288,loop
1175.291,65803288,loop
1175.396,65803288,loop
1175.501,65803288,loop
1175.606,65803288,loop
1175.711,65803288,loop
1175.817,65803288,loop
1175.922,65803288,loop
1176.027,65803288,loop
1176.132,65803288,loop
1176.237,65803288,loop
1176.342,65803288,loop
1176.447,65803288,loop
1176.553,65803288,loop
1176.658,65803288,loop
1176.763,65803288,loop
1176.868,65803288,loop
1176.973,65803288,loop
1177.078,65803288,loop
1177.184,65803288,loop
1177.289,65803288,loop
1177.394,65803288,loop
1177.499,65803288,loop
1177.604,65803288,loop
1177.709,65803288,loop
1177.815,65803288,loop
1177.920,65803288,loop
1178.025,65803288,loop
1178.130,65803288,loop
1178.235,65803288,loop
1178.341,65803288,loop
1178.446,65803288,loop
1178.551,65803288,loop
1178.656,65803288,loop
1178.761,65803288,loop
1178.866,65803288,loop
1178.972,65803288,loop
1179.077,65803288,loop
1179.182,65803288,loop
1179.287,65803288,loop
1179.392,65803288,loop
1179.497,65803288,loop
1179.603,65803288,loop
1179.708,65803288,loop
1179.813,65803288,loop
1179.918,65803288,loop
1180.023,65803288,loop
1180.128,65803288,loop
1180.234,65803288,loop
1180.339,65803288,loop
1180.444,65803288,loop
1180.549,65803288,loop
1180.654,65803288,loop
1180.759,65803288,loop
1180.865,65803288,loop
1180.970,65803288,loop
1181.075,65803288,loop
1181.180,65803288,loop
1181.285,65803288,loop
1181.390,65803288,loop
1181.496,65803288,loop
1181.601,65803288,loop
1181.706,65803288,loop
1181.811,65803288,loop
1181.916,65803288,loop
1182.021,65803288,loop
1182.126,65803288,loop
1182.232,65803288,loop
1182.337,65803288,loop
1182.442,65803288,loop
1182.547,65803288,loop
1182.652,65803288,loop
1182.757,65803288,loop
1182.863,65803288,loop
1182.968,65803288,loop
1183.073,65803288,loop
1183.178,65803288,loop
1183.283,65803288,loop
1183.389,65803288,loop
1183.494,65803288,loop
1183.599,65803288,loop
1183.704,65803288,loop
1183.810,65803288,loop
1183.915,65803288,loop
1184.020,65803288,loop
1184.125,65803288,loop
1184.230,65803288,loop
1184.335,65803288,loop
1184.441,65803288,loop
1184.546,65803288,loop
1184.651,65803288,loop
1184.756,65803288,loop
1184.861,65803288,loop
1184.966,65803288,loop
1185.072,65803288,loop
1185.177,65803288,loop
1185.282,65803288,loop
1185.387,65803288,loop
1185.492,65803288,loop
1185.597,65803288,loop
1185.703,65803288,loop
1185.808,65803288,loop
1185.913,65803288,loop
1186.018,65803288,loop
1186.123,65803288,loop
1186.228,65803288,loop
1186.334,65803288,loop
1186.439,65803288,loop
1186.544,65803288,loop
1186.649,65803288,loop
1186.754,65803288,loop
1186.859,65803288,loop
1186.965,65803288,loop
1187.070,65805336,loop
1187.175,65805336,loop
1187.280,65805336,loop
1187.385,65805336,loop
1187.490,65805336,loop
1187.596,65805336,loop
1187.701,65805336,loop
1187.806,65805336,loop
1187.911,65805336,loop
1188.016,65805336,loop
1188.121,65805336,loop
1188.227,65805336,loop
1188.332,65805336,loop
1188.437,65805336,loop
1188.542,65805336,loop
1188.647,65805336,loop
1188.752,65805336,loop
1188.858,65805336,loop
1188.963,65805336,loop
1189.068,65805336,loop
1189.173,65805336,loop
1189.278,65805336,loop
1189.383,65805336,loop
1189.489,65805336,loop
1189.594,65805336,loop
1189.699,65805336,loop
1189.804,65805336,loop
1189.909,65805336,loop
1190.014,65805336,loop
1190.120,65805336,loop
1190.225,65805336,loop
1190.330,65805336,loop
1190.435,65805336,loop
1190.540,65805336,loop
1190.645,65805336,loop
1190.751,65805336,loop
1190.856,65805336,loop
1190.961,65805336,loop
1191.066,65805336,loop
1191.171,65805336,loop
1191.276,65805336,loop
1191.382,65805336,loop
1191.487,65805336,loop
1191.592,65805336,loop
1191.697,65805336,loop
1191.802,65805336,loop
1191.907,65805336,loop
1192.013,65805336,loop
1192.118,65805336,loop
1192.223,65805336,loop
1192.328,65805336,loop
1192.433,65805336,loop
1192.538,65805336,loop
1192.644,65805336,loop
1192.749,65805336,loop
1192.854,65805336,loop
1192.959,65805336,loop
1193.064,65805336,loop
1193.169,65805336,loop
1193.275,65805336,loop
1193.380,65805336,loop
1193.485,65805336,loop
1193.590,65805336,loop
1193.695,65805336,loop
1193.800,65805336,loop
1193.906,65805336,loop
1194.011,65805336,loop
1194.116,65805336,loop
1194.221,65805336,loop
1194.326,65805336,loop
1194.431,65805336,loop
1194.537,65805336,loop
1194.642,65805336,loop
1194.747,65805336,loop
1194.852,65805336,loop
1194.957,65805336,loop
1195.062,65805336,loop
1195.168,65805336,loop
1195.273,65805336,loop
1195.378,65805336,loop
1195.483,65805336,loop
1195.588,65805336,loop
1195.693,65805336,loop
1195.799,65805336,loop
1195.904,65805336,loop
1196.009,65805336,loop
1196.114,65805336,loop
1196.219,65805336,loop
1196.325,65805336,loop
1196.430,65805336,loop
1196.535,65805336,loop
1196.640,65805336,loop
1196.746,65805336,loop
1196.851,65805336,loop
1196.956,65805336,loop
1197.061,65805336,loop
1197.166,65805336,loop
1197.271,65805336,loop
1197.377,65805336,loop
1197.482,65805336,loop
1197.587,65805336,loop
1197.692,65805336,loop
1197.797,65805336,loop
1197.902,65805336,loop
1198.008,65805336,loop
1198.113,65805336,loop
1198.218,65805336,loop
1198.323,65805336,loop
1198.428,65805336,loop
1198.533,65805336,loop
1198.639,65805336,loop
1198.744,65805336,loop
1198.849,65805336,loop
1198.954,65805336,loop
1199.059,65805336,loop
1199.164,65805336,loop
1199.270,65805336,loop
1199.375,65805336,loop
1199.480,65805336,loop
1199.585,65805336,loop
1199.690,65805336,loop
1199.795,65805336,loop
1199.901,65805336,loop
1200.006,65805336,loop
1200.111,65805336,loop
1200.216,65805336,loop
1200.321,65805336,loop
1200.426,65805336,loop
1200.532,65805336,loop
1200.637,65805336,loop
1200.742,65805336,loop
1200.847,65805336,loop
1200.952,65805336,loop
1201.057,65805336,loop
1201.163,65805336,loop
1201.268,65805336,loop
1201.373,65805336,loop
1201.478,65805336,loop
1201.583,65805336,loop
1201.688,65805336,loop
1201.794,65805336,loop
1201.899,65805336,loop
1202.004,65805336,loop
1202.109,65805336,loop
1202.214,65805336,loop
1202.319,65805336,loop
1202.425,65805336,loop
1202.530,65805336,loop
1202.635,65805336,loop
1202.740,65805336,loop
1202.845,65805336,loop
1202.950,65805336,loop
1203.056,65805336,loop
1203.161,65805336,loop
1203.266,65805336,loop
1203.371,65805336,loop
1203.476,65805336,loop
1203.581,65805336,loop
1203.687,65805336,loop
1203.792,65805336,loop
1203.897,65805336,loop
1204.002,65805336,loop
1204.107,65805336,loop
1204.212,65805336,loop
1204.318,65805336,loop
1204.423,65805336,loop
1204.528,65805336,loop
1204.633,65805336,loop
1204.738,65805336,loop
1204.843,65805336,loop
1204.949,65805336,loop
1205.054,65805336,loop
1205.159,65805336,loop
1205.264,65805336,loop
1205.369,65805336,loop
1205.474,65805336,loop
1205.580,65805336,loop
1205.685,65805336,loop
1205.790,65805336,loop
1205.895,65805336,loop
1206.000,65805336,loop
1206.105,65805336,loop
1206.211,65805336,loop
1206.316,65805336,loop
1206.421,65805336,loop
1206.526,65805336,loop
1206.631,65805336,loop
1206.736,65805336,loop
1206.842,65805336,loop
1206.947,65805336,loop
1207.052,65805336,loop
1207.157,65805336,loop
1207.262,65805336,loop
1207.367,65805336,loop
1207.473,65805336,loop
1207.578,65805336,loop
1207.683,65805336,loop
1207.788,65805336,loop
1207.893,65805336,loop
1207.998,65805336,loop
1208.103,65805336,loop
1208.209,65805336,loop
1208.314,65805336,loop
1208.419,65805336,loop
1208.524,65805336,loop
1208.629,65805336,loop
1208.735,65805336,loop
1208.840,65805336,loop
1208.945,65805336,loop
1209.050,65805336,loop
1209.155,65805336,loop
1209.260,65805336,loop
1209.366,65805336,loop
1209.471,65805336,loop
1209.576,65805336,loop
1209.681,65805336,loop
1209.786,65805336,loop
1209.891,65805336,loop
1209.997,65805336,loop
1210.102,65805336,loop
1210.207,65805336,loop
1210.312,65805336,loop
1210.417,65805336,loop
1210.522,65805336,loop
1210.627,65805336,loop
1210.733,65805336,loop
1210.838,65805336,loop
1210.943,65805336,loop
1211.048,65805336,loop
1211.153,65805336,loop
1211.258,65805336,loop
1211.364,65805336,loop
1211.469,65805336,loop
1211.574,65805336,loop
1211.679,65805336,loop
1211.784,65805336,loop
1211.890,65805336,loop
1211.995,65805336,loop
1212.100,65805336,loop
1212.205,65805336,loop
1212.310,65805336,loop
1212.415,65805336,loop
1212.521,65805336,loop
1212.626,65805336,loop
1212.731,65805336,loop
1212.836,65805336,loop
1212.941,65805336,loop
1213.046,65805336,loop
1213.152,65805336,loop
1213.257,65805336,loop
1213.362,65805336,loop
1213.467,65805336,loop
1213.572,65805336,loop
1213.677,65805336,loop
1213.783,65805336,loop
1213.888,65805336,loop
1213.994,65805336,loop
1214.099,65805336,loop
1214.204,65805336,loop
1214.309,65805336,loop
1214.414,65805336,loop
1214.520,65805336,loop
1214.625,65805336,loop
1214.730,65805336,loop
1214.835,65805336,loop
1214.940,65805336,loop
1215.045,65805336,loop
1215.151,65805336,loop
1215.256,65805336,loop
1215.361,65805336,loop
1215.466,65805336,loop
1215.571,65805336,loop
1215.676,65805336,loop
1215.782,65805336,loop
1215.887,65805336,loop
1215.992,65805336,loop
1216.097,65805336,loop
1216.202,65805336,loop
1216.307,65805336,loop
1216.413,65805336,loop
1216.518,65805336,loop
1216.623,65805336,loop
1216.728,65805336,loop
1216.833,65805336,loop
1216.938,65805336,loop
1217.044,65805336,loop
1217.149,65805336,loop
1217.254,65805336,loop
1217.359,65805336,loop
1217.464,65805336,loop
1217.569,65805336,loop
1217.675,65805336,loop
1217.780,65805336,loop
1217.885,65805336,loop
1217.990,65805336,loop
1218.095,65805336,loop
1218.200,65805336,loop
1218.306,65805336,loop
1218.411,65805336,loop
1218.516,65805336,loop
1218.621,65805336,loop
1218.726,65805336,loop
1218.831,65805336,loop
1218.937,65805336,loop
1219.042,65805336,loop
1219.147,65805336,loop
1219.252,65805336,loop
1219.357,65805336,loop
1219.462,65805336,loop
1219.568,65805336,loop
1219.673,65805336,loop
1219.778,65805336,loop
1219.883,65805336,loop
1219.988,65805336,loop
1220.093,65805336,loop
1220.199,65805336,loop
1220.304,65805336,loop
1220.409,65805336,loop
1220.514,65805336,loop
1220.619,65805336,loop
1220.724,65805336,loop
1220.830,65805336,loop
1220.935,65805336,loop
1221.040,65805336,loop
1221.145,65805336,loop
1221.250,65805336,loop
1221.355,65805336,loop
1221.461,65805336,loop
1221.566,65805336,loop
1221.671,65805336,loop
1221.776,65805336,loop
1221.881,65805336,loop
1221.986,65805336,loop
1222.091,65805336,loop
1222.197,65805336,loop
1222.302,65805336,loop
1222.407,65805336,loop
1222.512,65805336,loop
1222.617,65805336,loop
1222.723,65805336,loop
1222.828,65805336,loop
1222.933,65805336,loop
1223.038,65805336,loop
1223.143,65805336,loop
1223.248,65805336,loop
1223.354,65805336,loop
1223.459,65805336,loop
1223.564,65805336,loop
1223.669,65805336,loop
1223.774,65805336,loop
1223.879,65805336,loop
1223.985,65805336,loop
1224.090,65805336,loop
1224.195,65805336,loop
1224.300,65805336,loop
1224.405,65805336,loop
1224.510,65805336,loop
1224.616,65805336,loop
1224.721,65805336,loop
1224.826,65805336,loop
1224.931,65805336,loop
1225.036,65805336,loop
1225.141,65805336,loop
1225.247,65805336,loop
1225.352,65805336,loop
1225.457,65805336,loop
1225.562,65805336,loop
1225.667,65805336,loop
1225.772,65805336,loop
1225.878,65805336,loop
1225.983,65805336,loop
1226.088,65805336,loop
1226.193,65805336,loop
1226.298,65805336,loop
1226.403,65805336,loop
1226.509,65805336,loop
1226.614,65805336,loop
1226.719,65805336,loop
1226.824,65805336,loop
1226.929,65805336,loop
1227.034,65805336,loop
1227.139,65805336,loop
1227.245,65805336,loop
1227.350,65805336,loop
1227.455,65805336,loop
1227.560,65805336,loop
1227.665,65805336,loop
1227.770,65805336,loop
1227.876,65805336,loop
1227.981,65805336,loop
1228.086,65805336,loop
1228.191,65805336,loop
1228.296,65805336,loop
1228.401,65805336,loop
1228.507,65805336,loop
1228.612,65805336,loop
1228.717,65805336,loop
1228.822,65805336,loop
1228.927,65805336,loop
1229.032,65805336,loop
1229.138,65805336,loop
1229.243,65805336,loop
1229.348,65805336,loop
1229.453,65805336,loop
1229.558,65805336,loop
1229.664,65805336,loop
1229.769,65805336,loop
1229.874,65805336,loop
1229.979,65805564,loop
1230.084,65805564,loop
1230.189,65805564,loop
1230.295,65805564,loop
1230.400,65805564,loop
1230.505,65805564,loop
1230.610,65805564,loop
1230.715,65805564,loop
1230.820,65805564,loop
1230.926,65805564,loop
1231.031,65805564,loop
1231.136,65805564,loop
1231.241,65805564,loop
1231.346,65805564,loop
1231.451,65805564,loop
1231.556,65805564,loop
1231.662,65805564,loop
1231.767,65805564,loop
1231.872,65805564,loop
1231.977,65805564,loop
1232.082,65805564,loop
1232.187,65805564,loop
1232.293,65805564,loop
1232.398,65805564,loop
1232.503,65805564,loop
1232.608,65805564,loop
1232.713,65805564,loop
1232.818,65805564,loop
1232.924,65805564,loop
1233.029,65805564,loop
1233.134,65805564,loop
1233.239,65805564,loop
1233.344,65805564,loop
1233.449,65805564,loop
1233.555,65805564,loop
1233.660,65805564,loop
1233.765,65805564,loop
1233.870,65805564,loop
1233.975,65805564,loop
1234.080,65805564,loop
1234.186,65805564,loop
1234.291,65805564,loop
1234.396,65805564,loop
1234.501,65805564,loop
1234.606,65805564,loop
1234.712,65805564,loop
1234.817,65805564,loop
1234.922,65805564,loop
1235.027,65805564,loop
1235.132,65805564,loop
1235.237,65805564,loop
1235.343,65805564,loop
1235.448,65805564,loop
1235.553,65805564,loop
1235.659,65805564,loop
1235.764,65805564,loop
1235.869,65805564,loop
1235.975,65805564,loop
1236.080,65805564,loop
1236.185,65805564,loop
1236.290,65805564,loop
1236.395,65805564,loop
1236.500,65805564,loop
1236.606,65805564,loop
1236.711,65805564,loop
1236.816,65805564,loop
1236.921,65805564,loop
1237.026,65805564,loop
1237.131,65805564,loop
1237.237,65805564,loop
1237.342,65805564,loop
1237.447,65805564,loop
1237.552,65805564,loop
1237.657,65805564,loop
1237.762,65805564,loop
1237.868,65805564,loop
1237.973,65805564,loop
1238.078,65805564,loop
1238.183,65805564,loop
1238.288,65805564,loop
1238.393,65805564,loop
1238.499,65805564,loop
1238.604,65805564,loop
1238.709,65805564,loop
1238.814,65805564,loop
1238.919,65805564,loop
1239.024,65805564,loop
1239.130,65805564,loop
1239.235,65805564,loop
1239.340,65805564,loop
1239.445,65805564,loop
1239.550,65805564,loop
1239.655,65805564,loop
1239.761,65805564,loop
1239.866,65805564,loop
1239.971,65805564,loop
1240.076,65805564,loop
1240.181,65805564,loop
1240.286,65805820,loop
1240.392,65805820,loop
1240.497,65805820,loop
1240.602,65805820,loop
1240.707,65805820,loop
1240.812,65805820,loop
1240.917,65805820,loop
1241.023,65805820,loop
1241.128,65805820,loop
1241.233,65805820,loop
1241.338,65805820,loop
1241.443,65805820,loop
1241.548,65805820,loop
1241.654,65805820,loop
1241.759,65805820,loop
1241.864,65805820,loop
1241.969,65805820,loop
1242.074,65805820,loop
1242.179,65805820,loop
1242.285,65805820,loop
1242.390,65805820,loop
1242.495,65805820,loop
1242.600,65805820,loop
1242.705,65805820,loop
1242.810,65805820,loop
1242.915,65805820,loop
1243.021,65805820,loop
1243.126,65805820,loop
1243.231,65805820,loop
1243.336,65805820,loop
1243.441,65805820,loop
1243.546,65805820,loop
1243.652,65805820,loop
1243.757,65805820,loop
1243.862,65805820,loop
1243.967,65805820,loop
1244.072,65805820,loop
1244.177,65805820,loop
1244.283,65805820,loop
1244.388,65805820,loop
1244.493,65805820,loop
1244.598,65805820,loop
1244.703,65805820,loop
1244.808,65805820,loop
1244.914,65805820,loop
1245.019,65805820,loop
1245.124,65805820,loop
1245.229,65805820,loop
1245.334,65805820,loop
1245.439,65805820,loop
1245.545,65805820,loop
1245.650,65805820,loop
1245.755,65805820,loop
1245.860,65805820,loop
1245.965,65805820,loop
1246.070,65805820,loop
1246.176,65805820,loop
1246.281,65805820,loop
1246.386,65805820,loop
1246.491,65805820,loop
1246.596,65805820,loop
1246.701,65805820,loop
1246.807,65805820,loop
1246.912,65807868,loop
1247.017,65807868,loop
1247.122,65807868,loop
1247.227,65807868,loop
1247.332,65807868,loop
1247.438,65807868,loop
1247.543,65807868,loop
1247.648,65807868,loop
1247.753,65807868,loop
1247.858,65807868,loop
1247.963,65807868,loop
1248.069,65807868,loop
1248.174,65807868,loop
1248.279,65807868,loop
1248.384,65807868,loop
1248.489,65807868,loop
1248.594,65807868,loop
1248.700,65807868,loop
1248.805,65807868,loop
1248.910,65807868,loop
1249.015,65807868,loop
1249.120,65807868,loop
1249.225,65807868,loop
1249.331,65807868,loop
1249.436,65807868,loop
1249.541,65807868,loop
1249.646,65807868,loop
1249.751,65807868,loop
1249.856,65807868,loop
1249.962,65807868,loop
1250.067,65807868,loop
1250.172,65807868,loop
1250.277,65807868,loop
1250.382,65807868,loop
1250.487,65808124,loop
1250.593,65808124,loop
1250.698,65808124,loop
1250.803,65808124,loop
1250.908,65808124,loop
1251.013,65808124,loop
1251.118,65808124,loop
1251.224,65808124,loop
1251.329,65808124,loop
1251.434,65808124,loop
1251.539,65808124,loop
1251.644,65808124,loop
1251.749,65808124,loop
1251.855,65808124,loop
1251.960,65808124,loop
1252.065,65808124,loop
1252.170,65808124,loop
1252.275,65808124,loop
1252.380,65808124,loop
1252.486,65808124,loop
1252.591,65808124,loop
1252.696,65808124,loop
1252.801,65808124,loop
1252.906,65808124,loop
1253.011,65808124,loop
1253.117,65808124,loop
1253.222,65808124,loop
1253.327,65808124,loop
1253.432,65808124,loop
1253.537,65808124,loop
1253.642,65808124,loop
1253.748,65808124,loop
1253.853,65808124,loop
1253.958,65808124,loop
1254.063,65808124,loop
1254.168,65808124,loop
1254.273,65808124,loop
1254.379,65808124,loop
1254.484,65808124,loop
1254.589,65808124,loop
1254.694,65808124,loop
1254.799,65808124,loop
1254.904,65808124,loop
1255.010,65808124,loop
1255.115,65808124,loop
1255.220,65808124,loop
1255.325,65808124,loop
1255.430,65808124,loop
1255.535,65808124,loop
1255.641,65808124,loop
1255.746,65808124,loop
1255.851,65808124,loop
1255.956,65808124,loop
1256.061,65808124,loop
1256.166,65808124,loop
1256.272,65808124,loop
1256.377,65808124,loop
1256.482,65808124,loop
1256.587,65808124,loop
1256.692,65808124,loop
1256.797,65808124,loop
1256.903,65808124,loop
1257.008,65808124,loop
1257.113,65808124,loop
1257.218,65808124,loop
1257.323,65808124,loop
1257.428,65808124,loop
1257.534,65808124,loop
1257.639,65808124,loop
1257.744,65808124,loop
1257.849,65808124,loop
1257.954,65808124,loop
1258.059,65808124,loop
1258.165,65808124,loop
1258.270,65808124,loop
1258.375,65808124,loop
1258.480,65808124,loop
1258.585,65808124,loop
1258.690,65808124,loop
1258.795,65808124,loop
1258.901,65808124,loop
1259.006,65808124,loop
1259.111,65808124,loop
1259.216,65808124,loop
1259.321,65808124,loop
1259.426,65808124,loop
1259.532,65808124,loop
1259.637,65808124,loop
1259.742,65808124,loop
1259.847,65808124,loop
1259.952,65808124,loop
1260.057,65808124,loop
1260.163,65808124,loop
1260.268,65808124,loop
1260.373,65808124,loop
1260.479,65808124,loop
1260.584,65808124,loop
1260.689,65808380,loop
1260.794,65808380,loop
1260.899,65808380,loop
1261.004,65808380,loop
1261.110,65808380,loop
1261.215,65808380,loop
1261.320,65808380,loop
1261.425,65808380,loop
1261.530,65808380,loop
1261.635,65808380,loop
1261.741,65808380,loop
1261.846,65808380,loop
1261.951,65808380,loop
1262.056,65808380,loop
1262.161,65808380,loop
1262.266,65808380,loop
1262.372,65808380,loop
1262.477,65808380,loop
1262.582,65808380,loop
1262.687,65808380,loop
1262.792,65808380,loop
1262.897,65808380,loop
1263.003,65808380,loop
1263.108,65808380,loop
1263.213,65808380,loop
1263.318,65808380,loop
1263.423,65808380,loop
1263.528,65808380,loop
1263.634,65808380,loop
1263.739,65808380,loop
1263.844,65808380,loop
1263.950,65808380,loop
1264.055,65808380,loop
1264.160,65808380,loop
1264.266,65808380,loop
1264.371,65808380,loop
1264.476,65808380,loop
1264.581,65808380,loop
1264.686,65808380,loop
1264.791,65808380,loop
1264.897,65808380,loop
1265.002,65808380,loop
1265.107,65808380,loop
1265.212,65808380,loop
1265.317,65808380,loop
1265.422,65808380,loop
1265.528,65808380,loop
1265.633,65808380,loop
1265.738,65808380,loop
1265.843,65808380,loop
1265.948,65808380,loop
1266.053,65808380,loop
1266.159,65808380,loop
1266.264,65808380,loop
1266.369,65808380,loop
1266.474,65808380,loop
1266.579,65808380,loop
1266.684,65808380,loop
1266.790,65808380,loop
1266.895,65808380,loop
1267.000,65808380,loop
1267.105,65808380,loop
1267.210,65808380,loop
1267.315,65808380,loop
1267.421,65808380,loop
1267.526,65808380,loop
1267.631,65808380,loop
1267.736,65808380,loop
1267.841,65808380,loop
1267.946,65808380,loop
1268.052,65808380,loop
1268.157,65808380,loop
1268.262,65808380,loop
1268.367,65808380,loop
1268.472,65808380,loop
1268.577,65808380,loop
1268.683,65808380,loop
1268.788,65808380,loop
1268.893,65808380,loop
1268.998,65808380,loop
1269.103,65808380,loop
1269.208,65808380,loop
1269.314,65808380,loop
1269.419,65808380,loop
1269.524,65808380,loop
1269.629,65808380,loop
1269.734,65808380,loop
1269.839,65808380,loop
1269.945,65808380,loop
1270.050,65808380,loop
1270.155,65808380,loop
1270.260,65808380,loop
1270.365,65808380,loop
1270.470,65808380,loop
1270.576,65808380,loop
1270.681,65808380,loop
1270.786,65808380,loop
1270.891,65808380,loop
1270.996,65808636,loop
1271.101,65808636,loop
1271.207,65808636,loop
1271.312,65808636,loop
1271.417,65808636,loop
1271.522,65808636,loop
1271.627,65808636,loop
1271.732,65808636,loop
1271.838,65808636,loop
1271.943,65808636,loop
1272.048,65808636,loop
1272.153,65808636,loop
1272.258,65808636,loop
1272.363,65808636,loop
1272.469,65808636,loop
1272.574,65808636,loop
1272.679,65808636,loop
1272.784,65808636,loop
1272.889,65808636,loop
1272.994,65808636,loop
1273.100,65808636,loop
1273.205,65808636,loop
1273.310,65808636,loop
1273.415,65808636,loop
1273.520,65808636,loop
1273.625,65808636,loop
1273.731,65808636,loop
1273.836,65808636,loop
1273.941,65808636,loop
1274.046,65808636,loop
1274.151,65808636,loop
1274.256,65808636,loop
1274.362,65808636,loop
1274.467,65808636,loop
1274.572,65808636,loop
1274.677,65808636,loop
1274.782,65808636,loop
1274.887,65808636,loop
1274.993,65808636,loop
1275.098,65808636,loop
1275.203,65808636,loop
1275.308,65808636,loop
1275.413,65808636,loop
1275.518,65808636,loop
1275.624,65808636,loop
1275.729,65808636,loop
1275.834,65808636,loop
1275.939,65808636,loop
1276.044,65808636,loop
1276.149,65808636,loop
1276.255,65808636,loop
1276.360,65808636,loop
1276.465,65808636,loop
1276.570,65808636,loop
1276.675,65808636,loop
1276.780,65808636,loop
1276.886,65808636,loop
1276.991,65808636,loop
1277.096,65808636,loop
1277.201,65808636,loop
1277.306,65808636,loop
1277.411,65808636,loop
1277.517,65808636,loop
1277.622,65808636,loop
1277.727,65808636,loop
1277.832,65808636,loop
1277.937,65808636,loop
1278.042,65808636,loop
1278.148,65808636,loop
1278.253,65808636,loop
1278.358,65808636,loop
1278.463,65808636,loop
1278.568,65808636,loop
1278.673,65808636,loop
1278.779,65808636,loop
1278.884,65808636,loop
1278.989,65808636,loop
1279.094,65808636,loop
1279.199,65808636,loop
1279.304,65808636,loop
1279.410,65808636,loop
1279.515,65808636,loop
1279.620,65808636,loop
1279.725,65808636,loop
1279.830,65808636,loop
1279.935,65808636,loop
1280.041,65808636,loop
1280.146,65808636,loop
1280.251,65808636,loop
1280.356,65808636,loop
1280.461,65808636,loop
1280.566,65808636,loop
1280.672,65808636,loop
1280.777,65808636,loop
1280.882,65808636,loop
1280.987,65808636,loop
1281.092,65808636,loop
1281.197,65808892,loop
1281.303,65808892,loop
1281.408,65808892,loop
1281.513,65808892,loop
1281.618,65808892,loop
1281.723,65808892,loop
1281.828,65808892,loop
1281.934,65808892,loop
1282.039,65808892,loop
1282.144,65808892,loop
1282.249,65808892,loop
1282.354,65808892,loop
1282.459,65808892,loop
1282.565,65808892,loop
1282.670,65808892,loop
1282.775,65808892,loop
1282.880,65808892,loop
1282.985,65808892,loop
1283.090,65808892,loop
1283.196,65808892,loop
1283.301,65808892,loop
1283.406,65808892,loop
1283.511,65808892,loop
1283.616,65808892,loop
1283.721,65808892,loop
1283.827,65808892,loop
1283.932,65808892,loop
1284.037,65808892,loop
1284.142,65808892,loop
1284.247,65808892,loop
1284.352,65808892,loop
1284.458,65808892,loop
1284.563,65808892,loop
1284.668,65808892,loop
1284.773,65808892,loop
1284.878,65808892,loop
1284.983,65808892,loop
1285.088,65808892,loop
1285.194,65808892,loop
1285.299,65808892,loop
1285.404,65808892,loop
1285.509,65808892,loop
1285.614,65808892,loop
1285.720,65808892,loop
1285.825,65808892,loop
1285.930,65808892,loop
1286.035,65808892,loop
1286.140,65808892,loop
1286.245,65808892,loop
1286.351,65808892,loop
1286.456,65808892,loop
1286.561,65808892,loop
1286.666,65808892,loop
1286.771,65808892,loop
1286.876,65808892,loop
1286.982,65808892,loop
1287.087,65808892,loop
1287.192,65808892,loop
1287.297,65808892,loop
1287.402,65808892,loop
1287.507,65808892,loop
1287.612,65808892,loop
1287.718,65808892,loop
1287.823,65808892,loop
1287.928,65808892,loop
1288.033,65808892,loop
1288.138,65808892,loop
1288.243,65808892,loop
1288.349,65808892,loop
1288.454,65808892,loop
1288.559,65808892,loop
1288.664,65808892,loop
1288.769,65808892,loop
1288.874,65808892,loop
1288.980,65808892,loop
1289.085,65808892,loop
1289.190,65808892,loop
1289.295,65808892,loop
1289.400,65808892,loop
1289.505,65808892,loop
1289.611,65808892,loop
1289.716,65808892,loop
1289.821,65808892,loop
1289.926,65808892,loop
1290.031,65808892,loop
1290.136,65808892,loop
1290.242,65808892,loop
1290.347,65808892,loop
1290.452,65808892,loop
1290.557,65808892,loop
1290.662,65808892,loop
1290.767,65808892,loop
1290.873,65808892,loop
1290.978,65808892,loop
1291.083,65808892,loop
1291.188,65808892,loop
1291.293,65808892,loop
1291.399,65809020,loop
1291.505,65809148,loop
1291.610,65809148,loop
1291.715,65809148,loop
1291.820,65809148,loop
1291.925,65809148,loop
1292.030,65809148,loop
1292.136,65809148,loop
1292.241,65809148,loop
1292.346,65809148,loop
1292.451,65809148,loop
1292.556,65809148,loop
1292.661,65809148,loop
1292.767,65809148,loop
1292.872,65809148,loop
1292.977,65809148,loop
1293.082,65809148,loop
1293.187,65809148,loop
1293.292,65809148,loop
1293.398,65809148,loop
1293.503,65809148,loop
1293.608,65809148,loop
1293.713,65809148,loop
1293.818,65809148,loop
1293.923,65809148,loop
1294.028,65809148,loop
1294.134,65809148,loop
1294.239,65809148,loop
1294.344,65809148,loop
1294.449,65809148,loop
1294.554,65809148,loop
1294.659,65809148,loop
1294.765,65809148,loop
1294.870,65809148,loop
1294.975,65809148,loop
1295.080,65809148,loop
1295.185,65809148,loop
1295.290,65809148,loop
1295.396,65809148,loop
1295.501,65809148,loop
1295.606,65809148,loop
1295.711,65809148,loop
1295.816,65809148,loop
1295.922,65809148,loop
1296.027,65809148,loop
1296.132,65809148,loop
1296.237,65809148,loop
1296.342,65809148,loop
1296.447,65809148,loop
1296.553,65809148,loop
1296.658,65809148,loop
1296.763,65809148,loop
1296.868,65809148,loop
1296.973,65809148,loop
1297.078,65809148,loop
1297.183,65809148,loop
1297.289,65809148,loop
1297.394,65809148,loop
1297.499,65809148,loop
1297.604,65809148,loop
1297.709,65809148,loop
1297.814,65809148,loop
1297.920,65809148,loop
1298.025,65809148,loop
1298.130,65809148,loop
1298.235,65809148,loop
1298.340,65809148,loop
1298.445,65809148,loop
1298.551,65809148,loop
1298.656,65809148,loop
1298.761,65809148,loop
1298.866,65809148,loop
1298.971,65809148,loop
1299.076,65809148,loop
1299.182,65809148,loop
1299.287,65809148,loop
1299.392,65809148,loop
1299.497,65809148,loop
1299.602,65809148,loop
1299.707,65809148,loop
1299.813,65809148,loop
1299.918,65809148,loop
1300.023,65809148,loop
1300.128,65809148,loop
1300.233,65809148,loop
1300.339,65809148,loop
1300.444,65809148,loop
1300.549,65809148,loop
1300.654,65809148,loop
1300.759,65809148,loop
1300.864,65809148,loop
1300.970,65809148,loop
1301.075,65809148,loop
1301.180,65809148,loop
1301.285,65809148,loop
1301.390,65809148,loop
1301.495,65809148,loop
1301.601,65809148,loop
1301.706,65809404,loop
1301.811,65809404,loop
1301.916,65809404,loop
1302.021,65809404,loop
1302.126,65809404,loop
1302.232,65809404,loop
1302.337,65809404,loop
1302.442,65809404,loop
1302.547,65809404,loop
1302.652,65809404,loop
1302.757,65809404,loop
1302.863,65809404,loop
1302.968,65809404,loop
1303.073,65809404,loop
1303.178,65809404,loop
1303.283,65809404,loop
1303.388,65809404,loop
1303.494,65809404,loop
1303.599,65809404,loop
1303.704,65809404,loop
1303.809,65809404,loop
1303.914,65809404,loop
1304.020,65809404,loop
1304.125,65809404,loop
1304.230,65809404,loop
1304.335,65809404,loop
1304.440,65809404,loop
1304.545,65809404,loop
1304.651,65809404,loop
1304.756,65809404,loop
1304.861,65809404,loop
1304.966,65809404,loop
1305.071,65809404,loop
1305.176,65809404,loop
1305.282,65809404,loop
1305.387,65809404,loop
1305.492,65809404,loop
1305.597,65809404,loop
1305.702,65809404,loop
1305.807,65809404,loop
1305.913,65809404,loop
1306.018,65809404,loop
1306.123,65809404,loop
1306.228,65809404,loop
1306.333,65809404,loop
1306.438,65809404,loop
1306.544,65809404,loop
1306.649,65809404,loop
1306.754,65809404,loop
1306.859,65811452,loop
1306.964,65811452,loop
1307.069,65811452,loop
1307.175,65811452,loop
1307.280,65811452,loop
1307.385,65811452,loop
1307.491,65811452,loop
1307.596,65811452,loop
1307.702,65811452,loop
1307.807,65811452,loop
1307.912,65811452,loop
1308.017,65811452,loop
1308.122,65811452,loop
1308.227,65811452,loop
1308.333,65811452,loop
1308.438,65811452,loop
1308.543,65811452,loop
1308.648,65811452,loop
1308.753,65811452,loop
1308.858,65811452,loop
1308.964,65811452,loop
1309.069,65811452,loop
1309.174,65811452,loop
1309.279,65811452,loop
1309.384,65811452,loop
1309.489,65811452,loop
1309.595,65811452,loop
1309.700,65811452,loop
1309.805,65811452,loop
1309.910,65811452,loop
1310.015,65811452,loop
1310.120,65811452,loop
1310.226,65811452,loop
1310.331,65811452,loop
1310.436,65811452,loop
1310.541,65811452,loop
1310.646,65811452,loop
1310.751,65811452,loop
1310.857,65811452,loop
1310.962,65811452,loop
1311.067,65811452,loop
1311.172,65811452,loop
1311.277,65811452,loop
1311.382,65811452,loop
1311.488,65811452,loop
1311.593,65811452,loop
1311.698,65811452,loop
1311.803,65811452,loop
1311.908,65811708,loop
1312.013,65811708,loop
1312.119,65811708,loop
1312.224,65811708,loop
1312.329,65811708,loop
1312.434,65811708,loop
1312.539,65811708,loop
1312.644,65811708,loop
1312.750,65811708,loop
1312.855,65811708,loop
1312.960,65811708,loop
1313.065,65811708,loop
1313.170,65811708,loop
1313.275,65811708,loop
1313.381,65811708,loop
1313.486,65811708,loop
1313.591,65811708,loop
1313.696,65811708,loop
1313.801,65811708,loop
1313.906,65811708,loop
1314.012,65811708,loop
1314.117,65811708,loop
1314.222,65811708,loop
1314.327,65811708,loop
1314.432,65811708,loop
1314.537,65811708,loop
1314.643,65811708,loop
1314.748,65811708,loop
1314.853,65811708,loop
1314.958,65811708,loop
1315.063,65811708,loop
1315.168,65811708,loop
1315.274,65811708,loop
1315.379,65811708,loop
1315.484,65811708,loop
1315.589,65811708,loop
1315.694,65811708,loop
1315.799,65811708,loop
1315.905,65811708,loop
1316.010,65811708,loop
1316.115,65811708,loop
1316.220,65811708,loop
1316.325,65811708,loop
1316.430,65811708,loop
1316.536,65811708,loop
1316.641,65811708,loop
1316.746,65811708,loop
1316.851,65811708,loop
1316.956,65811708,loop
1317.061,65811708,loop
1317.167,65811708,loop
1317.272,65811708,loop
1317.377,65811708,loop
1317.482,65811708,loop
1317.587,65811708,loop
1317.692,65811708,loop
1317.798,65811708,loop
1317.903,65811708,loop
1318.008,65811708,loop
1318.113,65811708,loop
1318.218,65811708,loop
1318.323,65811708,loop
1318.429,65811708,loop
1318.534,65811708,loop
1318.639,65811708,loop
1318.744,65811708,loop
1318.849,65811708,loop
1318.954,65811708,loop
1319.060,65811708,loop
1319.165,65811708,loop
1319.270,65811708,loop
1319.376,65811708,loop
1319.481,65811708,loop
1319.586,65811708,loop
1319.691,65811708,loop
1319.796,65811708,loop
1319.901,65811708,loop
1320.007,65811708,loop
1320.112,65811708,loop
1320.217,65811708,loop
1320.322,65811708,loop
1320.427,65811708,loop
1320.532,65811708,loop
1320.638,65811708,loop
1320.743,65811708,loop
1320.848,65811708,loop
1320.953,65811708,loop
1321.058,65811708,loop
1321.163,65811708,loop
1321.269,65811708,loop
1321.374,65811708,loop
1321.479,65811708,loop
1321.584,65811708,loop
1321.689,65811708,loop
1321.794,65811708,loop
1321.900,65811708,loop
1322.005,65811708,loop
1322.110,65811708,loop
1322.215,65811964,loop
1322.320,65811964,loop
1322.425,65811964,loop
1322.531,65811964,loop
1322.636,65811964,loop
1322.741,65811964,loop
1322.846,65811964,loop
1322.951,65811964,loop
1323.056,65811964,loop
1323.162,65811964,loop
1323.267,65811964,loop
1323.372,65811964,loop
1323.477,65811964,loop
1323.582,65811964,loop
1323.687,65811964,loop
1323.793,65811964,loop
1323.898,65811964,loop
1324.003,65811964,loop
1324.108,65811964,loop
1324.213,65811964,loop
1324.318,65811964,loop
1324.424,65811964,loop
1324.529,65811964,loop
1324.634,65811964,loop
1324.739,65811964,loop
1324.844,65811964,loop
1324.949,65811964,loop
1325.055,65811964,loop
1325.160,65811964,loop
1325.265,65811964,loop
1325.370,65811964,loop
1325.475,65811964,loop
1325.580,65811964,loop
1325.686,65811964,loop
1325.791,65811964,loop
1325.896,65811964,loop
1326.001,65811964,loop
1326.106,65811964,loop
1326.211,65811964,loop
1326.317,65811964,loop
1326.422,65811964,loop
1326.527,65811964,loop
1326.632,65811964,loop
1326.737,65811964,loop
1326.842,65811964,loop
1326.948,65811964,loop
1327.053,65811964,loop
1327.158,65811964,loop
1327.263,65811964,loop
1327.368,65811964,loop
1327.473,65811964,loop
1327.579,65811964,loop
1327.684,65811964,loop
1327.789,65811964,loop
1327.894,65811964,loop
1327.999,65811964,loop
1328.104,65811964,loop
1328.210,65811964,loop
1328.315,65811964,loop
1328.420,65811964,loop
1328.525,65811964,loop
1328.630,65811964,loop
1328.735,65811964,loop
1328.841,65811964,loop
1328.946,65811964,loop
1329.051,65811964,loop
1329.156,65811964,loop
1329.261,65811964,loop
1329.366,65811964,loop
1329.472,65811964,loop
1329.577,65811964,loop
1329.682,65811964,loop
1329.787,65811964,loop
1329.892,65811964,loop
1329.997,65811964,loop
1330.103,65811964,loop
1330.208,65811964,loop
1330.313,65811964,loop
1330.418,65811964,loop
1330.523,65811964,loop
1330.628,65811964,loop
1330.734,65811964,loop
1330.839,65811964,loop
1330.944,65811964,loop
1331.049,65811964,loop
1331.154,65811964,loop
1331.259,65811964,loop
1331.365,65811964,loop
1331.470,65811964,loop
1331.575,65811964,loop
1331.680,65811964,loop
1331.785,65811964,loop
1331.890,65811964,loop
1331.996,65811964,loop
1332.101,65811964,loop
1332.206,65811964,loop
1332.311,65811964,loop
1332.416,65812220,loop
1332.521,65812220,loop
1332.627,65812220,loop
1332.732,65812220,loop
1332.837,65812220,loop
1332.942,65812220,loop
1333.047,65812220,loop
1333.152,65812220,loop
1333.258,65812220,loop
1333.363,65812220,loop
1333.468,65812220,loop
1333.573,65812220,loop
1333.678,65812220,loop
1333.783,65812220,loop
1333.889,65812220,loop
1333.994,65812220,loop
1334.099,65812220,loop
1334.204,65812220,loop
1334.309,65812220,loop
1334.414,65812220,loop
1334.520,65812220,loop
1334.625,65812220,loop
1334.730,65812220,loop
1334.835,65812220,loop
1334.940,65812220,loop
1335.045,65812220,loop
1335.151,65812220,loop
1335.256,65812220,loop
1335.361,65812220,loop
1335.466,65812220,loop
1335.571,65812220,loop
1335.676,65812220,loop
1335.782,65812220,loop
1335.887,65812220,loop
1335.992,65812220,loop
1336.097,65812220,loop
1336.202,65812220,loop
1336.307,65812220,loop
1336.413,65812220,loop
1336.518,65812220,loop
1336.623,65812220,loop
1336.728,65812220,loop
1336.833,65812220,loop
1336.938,65812220,loop
1337.044,65812220,loop
1337.149,65812220,loop
1337.254,65812220,loop
1337.359,65812220,loop
1337.464,65812220,loop
1337.569,65812220,loop
1337.675,65812220,loop
1337.780,65812220,loop
1337.885,65812220,loop
1337.990,65812220,loop
1338.095,65812220,loop
1338.200,65812220,loop
1338.306,65812220,loop
1338.411,65812220,loop
1338.516,65812220,loop
1338.621,65812220,loop
1338.726,65812220,loop
1338.831,65812220,loop
1338.937,65812220,loop
1339.042,65812220,loop
1339.147,65812220,loop
1339.252,65812220,loop
1339.357,65812220,loop
1339.462,65812220,loop
1339.567,65812220,loop
1339.673,65812220,loop
1339.778,65812220,loop
1339.883,65812220,loop
1339.988,65812220,loop
1340.093,65812220,loop
1340.198,65812220,loop
1340.304,65812220,loop
1340.409,65812220,loop
1340.514,65812220,loop
1340.619,65812220,loop
1340.724,65812220,loop
1340.829,65812220,loop
1340.935,65812220,loop
1341.040,65812220,loop
1341.145,65812220,loop
1341.250,65812220,loop
1341.355,65812220,loop
1341.460,65812220,loop
1341.566,65812220,loop
1341.671,65812220,loop
1341.776,65812220,loop
1341.881,65812220,loop
1341.986,65812220,loop
1342.091,65812220,loop
1342.197,65812220,loop
1342.302,65812220,loop
1342.407,65812220,loop
1342.512,65812220,loop
1342.617,65812476,loop
1342.722,65812476,loop
1342.828,65812476,loop
1342.933,65812476,loop
1343.038,65812476,loop
1343.143,65812476,loop
1343.248,65812476,loop
1343.353,65812476,loop
1343.459,65812476,loop
1343.564,65812476,loop
1343.669,65812476,loop
1343.774,65812476,loop
1343.879,65812476,loop
1343.984,65812476,loop
1344.090,65812476,loop
1344.195,65812476,loop
1344.300,65812476,loop
1344.405,65812476,loop
1344.510,65812476,loop
1344.615,65812476,loop
1344.721,65812476,loop
1344.826,65812476,loop
1344.931,65812476,loop
1345.036,65812476,loop
1345.141,65812476,loop
1345.246,65812476,loop
1345.352,65812476,loop
1345.457,65812476,loop
1345.562,65812476,loop
1345.667,65812476,loop
1345.772,65812476,loop
1345.877,65812476,loop
1345.983,65812476,loop
1346.088,65812476,loop
1346.193,65812476,loop
1346.298,65812476,loop
1346.403,65812476,loop
1346.508,65812476,loop
1346.614,65812476,loop
1346.719,65812476,loop
1346.824,65812476,loop
1346.929,65812476,loop
1347.034,65812476,loop
1347.139,65812476,loop
1347.245,65812476,loop
1347.350,65812476,loop
1347.455,65812476,loop
1347.560,65812476,loop
1347.665,65812476,loop
1347.770,65812476,loop
1347.876,65812476,loop
1347.981,65812476,loop
1348.086,65812476,loop
1348.191,65812476,loop
1348.296,65812476,loop
1348.401,65812476,loop
1348.507,65812476,loop
1348.612,65812476,loop
1348.717,65812476,loop
1348.822,65812476,loop
1348.927,65812476,loop
1349.032,65812476,loop
1349.138,65812476,loop
1349.243,65812476,loop
1349.348,65812476,loop
1349.453,65812476,loop
1349.558,65812476,loop
1349.663,65812476,loop
1349.769,65812476,loop
1349.874,65812476,loop
1349.979,65812476,loop
1350.084,65812476,loop
1350.189,65812476,loop
1350.294,65812476,loop
1350.400,65812476,loop
1350.505,65812476,loop
1350.610,65812476,loop
1350.715,65812476,loop
1350.820,65812476,loop
1350.925,65812476,loop
1351.031,65812476,loop
1351.136,65812476,loop
1351.241,65812476,loop
1351.346,65812476,loop
1351.451,65812476,loop
1351.556,65812476,loop
1351.662,65812476,loop
1351.767,65812476,loop
1351.872,65812476,loop
1351.977,65812476,loop
1352.082,65812476,loop
1352.187,65812476,loop
1352.293,65812476,loop
1352.398,65812476,loop
1352.503,65812476,loop
1352.608,65812476,loop
1352.713,65812476,loop
1352.818,65812476,loop
1352.924,65812732,loop
1353.029,65812732,loop
1353.134,65812732,loop
1353.239,65812732,loop
1353.344,65812732,loop
1353.449,65812732,loop
1353.555,65812732,loop
1353.660,65812732,loop
1353.765,65812732,loop
1353.870,65812732,loop
1353.975,65812732,loop
1354.080,65812732,loop
1354.186,65812732,loop
1354.291,65812732,loop
1354.396,65812732,loop
1354.501,65812732,loop
1354.606,65812732,loop
1354.711,65812732,loop
1354.817,65812732,loop
1354.922,65812732,loop
1355.027,65812732,loop
1355.132,65812732,loop
1355.237,65812732,loop
1355.342,65812732,loop
1355.447,65812732,loop
1355.553,65812732,loop
1355.658,65812732,loop
1355.763,65812732,loop
1355.868,65812732,loop
1355.973,65812732,loop
1356.078,65812732,loop
1356.184,65812732,loop
1356.289,65812732,loop
1356.394,65812732,loop
1356.499,65812732,loop
1356.604,65812732,loop
1356.709,65812732,loop
1356.815,65812732,loop
1356.920,65812732,loop
1357.025,65812732,loop
1357.130,65812732,loop
1357.235,65812732,loop
1357.340,65812732,loop
1357.446,65812732,loop
1357.551,65812732,loop
1357.656,65812732,loop
1357.761,65812732,loop
1357.866,65812732,loop
1357.971,65812732,loop
1358.077,65812732,loop
1358.182,65812732,loop
1358.287,65812732,loop
1358.392,65812732,loop
1358.497,65812732,loop
1358.602,65812732,loop
1358.708,65812732,loop
1358.813,65812732,loop
1358.918,65812732,loop
1359.023,65812732,loop
1359.128,65812732,loop
1359.233,65812732,loop
1359.339,65812732,loop
1359.444,65812732,loop
1359.549,65812732,loop
1359.654,65812732,loop
1359.759,65812732,loop
1359.864,65812732,loop
1359.970,65812732,loop
1360.075,65812732,loop
1360.180,65812732,loop
1360.285,65812732,loop
1360.390,65812732,loop
1360.495,65812732,loop
1360.601,65812732,loop
1360.706,65812732,loop
1360.811,65812732,loop
1360.916,65812732,loop
1361.021,65812732,loop
1361.126,65812732,loop
1361.231,65812732,loop
1361.337,65812732,loop
1361.442,65812732,loop
1361.547,65812732,loop
1361.652,65812732,loop
1361.757,65812732,loop
1361.862,65812732,loop
1361.968,65812732,loop
1362.073,65812732,loop
1362.178,65812732,loop
1362.283,65812732,loop
1362.388,65812732,loop
1362.494,65812732,loop
1362.599,65812732,loop
1362.704,65812732,loop
1362.809,65812732,loop
1362.914,65812732,loop
1363.019,65812732,loop
1363.125,65812988,loop
1363.230,65812988,loop
1363.335,65812988,loop
1363.440,65812988,loop
1363.545,65812988,loop
1363.650,65812988,loop
1363.756,65812988,loop
1363.861,65812988,loop
1363.966,65812988,loop
1364.071,65812988,loop
1364.176,65812988,loop
1364.281,65812988,loop
1364.386,65812988,loop
1364.492,65812988,loop
1364.597,65812988,loop
1364.702,65812988,loop
1364.807,65812988,loop
1364.912,65812988,loop
1365.018,65812988,loop
1365.123,65812988,loop
1365.228,65812988,loop
1365.333,65812988,loop
1365.438,65812988,loop
1365.543,65812988,loop
1365.649,65812988,loop
1365.754,65812988,loop
1365.859,65812988,loop
1365.964,65812988,loop
1366.069,65812988,loop
1366.174,65812988,loop
1366.280,65812988,loop
1366.385,65812988,loop
1366.490,65812988,loop
1366.595,65812988,loop
1366.700,65812988,loop
1366.805,65812992,loop
1366.911,65812996,loop
1367.016,65813000,loop
1367.121,65813004,loop
1367.226,65813008,loop
1367.331,65813012,loop
1367.436,65813016,loop
1367.542,65813020,loop
1367.647,65813024,loop
1367.752,65813024,loop
1367.857,65813028,loop
1367.962,65813032,loop
1368.067,65813036,loop
1368.173,65813040,loop
1368.278,65813044,loop
1368.383,65813048,loop
1368.488,65813052,loop
1368.593,65813056,loop
1368.698,65813060,loop
1368.804,65813060,loop
1368.909,65813064,loop
1369.014,65813068,loop
1369.119,65813072,loop
1369.224,65813076,loop
1369.329,65813080,loop
1369.435,65813084,loop
1369.540,65813088,loop
1369.645,65813092,loop
1369.750,65813096,loop
1369.855,65813096,loop
1369.960,65813100,loop
1370.066,65813104,loop
1370.171,65813108,loop
1370.276,65813112,loop
1370.381,65813116,loop
1370.486,65813120,loop
1370.591,65813124,loop
1370.697,65813128,loop
1370.802,65813132,loop
1370.907,65813132,loop
1371.012,65813136,loop
1371.117,65813140,loop
1371.222,65813144,loop
1371.328,65813148,loop
1371.433,65813152,loop
1371.538,65813156,loop
1371.643,65813160,loop
1371.748,65813164,loop
1371.853,65813168,loop
1371.959,65813168,loop
1372.064,65813172,loop
1372.169,65813176,loop
1372.274,65813180,loop
1372.379,65813184,loop
1372.484,65813188,loop
1372.590,65813192,loop
1372.695,65813196,loop
1372.800,65813200,loop
1372.905,65813200,loop
1373.010,65813204,loop
1373.115,65813212,loop
1373.221,65813212,loop
1373.326,65813472,loop
1373.431,65813476,loop
1373.536,65813480,loop
1373.641,65813484,loop
1373.746,65813488,loop
1373.852,65813492,loop
1373.957,65813492,loop
1374.062,65813496,loop
1374.167,65813500,loop
1374.272,65813504,loop
1374.377,65813508,loop
1374.482,65813512,loop
1374.588,65813516,loop
1374.693,65813520,loop
1374.798,65813524,loop
1374.903,65813528,loop
1375.008,65813528,loop
1375.114,65813536,loop
1375.219,65813536,loop
1375.324,65813540,loop
1375.429,65813544,loop
1375.534,65813548,loop
1375.639,65813552,loop
1375.745,65813556,loop
1375.850,65813560,loop
1375.955,65813560,loop
1376.060,65813568,loop
1376.165,65813572,loop
1376.270,65813572,loop
1376.375,65813576,loop
1376.481,65813580,loop
1376.586,65813584,loop
1376.691,65813588,loop
1376.796,65813592,loop
1376.901,65813596,loop
1377.006,65813596,loop
1377.112,65813604,loop
1377.217,65813604,loop
1377.322,65813608,loop
1377.427,65813612,loop
1377.532,65813616,loop
1377.637,65813620,loop
1377.743,65813624,loop
1377.848,65813628,loop
1377.953,65813632,loop
1378.058,65813636,loop
1378.163,65813640,loop
1378.268,65813640,loop
1378.374,65813644,loop
1378.479,65813648,loop
1378.584,65813652,loop
1378.689,65813656,loop
1378.794,65813660,loop
1378.899,65813664,loop
1379.005,65813668,loop
1379.110,65813668,loop
1379.215,65813676,loop
1379.320,65813676,loop
1379.425,65813680,loop
1379.530,65813684,loop
1379.636,65813688,loop
1379.741,65813692,loop
1379.846,65813696,loop
1379.951,65813700,loop
1380.056,65813704,loop
1380.161,65813708,loop
1380.267,65813712,loop
1380.372,65813712,loop
1380.477,65813716,loop
1380.582,65813720,loop
1380.687,65813724,loop
1380.792,65813728,loop
1380.898,65813732,loop
1381.003,65813736,loop
1381.108,65813740,loop
1381.213,65813744,loop
1381.318,65813748,loop
1381.423,65813748,loop
1381.529,65813752,loop
1381.634,65813756,loop
1381.739,65813760,loop
1381.844,65813764,loop
1381.949,65813768,loop
1382.054,65813772,loop
1382.160,65813776,loop
1382.265,65813780,loop
1382.370,65813784,loop
1382.475,65813784,loop
1382.580,65813788,loop
1382.685,65813792,loop
1382.791,65813796,loop
1382.896,65813800,loop
1383.001,65813804,loop
1383.106,65813808,loop
1383.211,65813812,loop
1383.316,65813816,loop
1383.422,65813816,loop
1383.527,65813820,loop
1383.632,65814080,loop
1383.737,65814084,loop
1383.842,65814088,loop
1383.947,65814092,loop
1384.053,65814096,loop
1384.158,65814100,loop
1384.263,65814104,loop
1384.368,65814108,loop
1384.473,65814108,loop
1384.578,65814112,loop
1384.684,65814116,loop
1384.789,65814120,loop
1384.894,65814124,loop
1384.999,65814128,loop
1385.104,65814132,loop
1385.209,65814136,loop
1385.315,65814140,loop
1385.420,65814140,loop
1385.525,65814144,loop
1385.630,65814152,loop
1385.735,65814152,loop
1385.840,65814156,loop
1385.946,65814160,loop
1386.051,65814164,loop
1386.156,65814168,loop
1386.261,65814172,loop
1386.366,65814176,loop
1386.471,65814176,loop
1386.577,65814180,loop
1386.682,65814184,loop
1386.787,65814188,loop
1386.892,65814192,loop
1386.997,65814196,loop
1387.102,65814200,loop
1387.208,65814204,loop
1387.313,65814208,loop
1387.418,65814212,loop
1387.523,65814212,loop
1387.628,65814220,loop
1387.733,65814220,loop
1387.839,65814224,loop
1387.944,65814228,loop
1388.049,65814232,loop
1388.154,65814236,loop
1388.259,65814240,loop
1388.364,65814244,loop
1388.470,65814248,loop
1388.575,65814252,loop
1388.680,65814256,loop
1388.785,65814256,loop
1388.890,65814260,loop
1388.995,65814264,loop
1389.101,65814268,loop
1389.206,65814272,loop
1389.311,65814276,loop
1389.416,65814280,loop
1389.521,65814284,loop
1389.626,65814288,loop
1389.732,65814288,loop
1389.837,65814292,loop
1389.942,65814296,loop
1390.047,65814300,loop
1390.152,65814304,loop
1390.257,65814308,loop
1390.363,65814312,loop
1390.468,65814316,loop
1390.573,65814320,loop
1390.678,65814324,loop
1390.783,65814324,loop
1390.888,65814328,loop
1390.994,65814332,loop
1391.099,65814336,loop
1391.204,65814340,loop
1391.309,65814344,loop
1391.414,65814348,loop
1391.520,65814352,loop
1391.625,65814356,loop
1391.730,65814360,loop
1391.835,65814360,loop
1391.940,65814368,loop
1392.045,65814368,loop
1392.151,65814372,loop
1392.256,65814376,loop
1392.361,65814380,loop
1392.466,65814384,loop
1392.571,65814388,loop
1392.676,65814392,loop
1392.782,65814396,loop
1392.887,65814400,loop
1392.992,65814404,loop
1393.097,65814408,loop
1393.202,65814412,loop
1393.308,65814416,loop
1393.413,65814420,loop
1393.518,65814420,loop
1393.623,65814424,loop
1393.728,65814428,loop
1393.833,65814688,loop
1393.939,65814692,loop
1394.044,65814696,loop
1394.149,65814700,loop
1394.254,65814704,loop
1394.359,65814704,loop
1394.464,65814712,loop
1394.570,65814712,loop
1394.675,65814716,loop
1394.780,65814720,loop
1394.885,65814724,loop
1394.990,65814728,loop
1395.095,65814732,loop
1395.201,65814736,loop
1395.306,65814740,loop
1395.411,65814740,loop
1395.516,65814748,loop
1395.621,65814748,loop
1395.726,65814752,loop
1395.831,65814756,loop
1395.937,65814760,loop
1396.042,65814764,loop
1396.147,65814768,loop
1396.252,65814772,loop
1396.357,65814772,loop
1396.462,65814780,loop
1396.568,65814780,loop
1396.673,65814784,loop
1396.778,65814788,loop
1396.883,65814792,loop
1396.988,65814796,loop
1397.093,65814800,loop
1397.199,65814804,loop
1397.304,65814808,loop
1397.409,65814812,loop
1397.514,65814812,loop
1397.619,65814816,loop
1397.724,65814820,loop
1397.830,65814824,loop
1397.935,65814828,loop
1398.040,65814832,loop
1398.145,65814836,loop
1398.250,65814840,loop
1398.355,65814844,loop
1398.461,65814848,loop
1398.566,65814848,loop
1398.671,65814852,loop
1398.776,65814856,loop
1398.881,65814860,loop
1398.986,65814864,loop
1399.092,65814868,loop
1399.197,65814872,loop
1399.302,65814876,loop
1399.407,65814880,loop
1399.512,65814884,loop
1399.617,65814884,loop
1399.723,65814888,loop
1399.828,65814892,loop
1399.933,65814896,loop
1400.038,65814900,loop
1400.143,65814904,loop
1400.248,65814908,loop
1400.354,65814912,loop
1400.459,65814916,loop
1400.564,65814920,loop
1400.669,65814920,loop
1400.774,65814924,loop
1400.879,65814928,loop
1400.985,65814932,loop
1401.090,65814936,loop
1401.195,65814940,loop
1401.300,65814944,loop
1401.405,65814948,loop
1401.510,65814952,loop
1401.616,65814956,loop
1401.721,65814956,loop
1401.826,65814960,loop
1401.931,65814964,loop
1402.036,65814968,loop
1402.141,65814972,loop
1402.247,65814976,loop
1402.352,65814980,loop
1402.457,65814984,loop
1402.562,65814988,loop
1402.667,65814988,loop
1402.772,65814992,loop
1402.878,65814996,loop
1402.983,65815000,loop
1403.088,65815004,loop
1403.193,65815008,loop
1403.298,65815012,loop
1403.403,65815016,loop
1403.509,65815020,loop
1403.614,65815024,loop
1403.719,65815024,loop
1403.824,65815028,loop
1403.929,65815032,loop
1404.034,65815036,loop
1404.140,65815296,loop
1404.245,65815300,loop
1404.350,65815304,loop
1404.455,65815308,loop
1404.560,65815312,loop
1404.665,65815316,loop
1404.771,65815316,loop
1404.876,65815324,loop
1404.981,65815324,loop
1405.086,65815328,loop
1405.191,65815332,loop
1405.296,65815336,loop
1405.402,65815340,loop
1405.507,65815344,loop
1405.612,65815348,loop
1405.717,65815348,loop
1405.822,65815352,loop
1405.927,65815360,loop
1406.033,65815360,loop
1406.138,65815364,loop
1406.243,65815368,loop
1406.348,65815372,loop
1406.453,65815376,loop
1406.558,65815380,loop
1406.664,65815384,loop
1406.769,65815384,loop
1406.874,65815388,loop
1406.979,65815392,loop
1407.084,65815396,loop
1407.189,65815400,loop
1407.295,65815404,loop
1407.400,65815408,loop
1407.505,65815412,loop
1407.610,65815416,loop
1407.715,65815420,loop
1407.820,65815420,loop
1407.925,65815424,loop
1408.031,65815428,loop
1408.136,65815432,loop
1408.241,65815436,loop
1408.346,65815440,loop
1408.451,65815444,loop
1408.557,65815448,loop
1408.662,65815452,loop
1408.767,65815456,loop
1408.872,65815456,loop
1408.977,65815460,loop
1409.082,65815464,loop
1409.188,65815468,loop
1409.293,65815472,loop
1409.398,65815476,loop
1409.503,65815480,loop
1409.608,65815484,loop
1409.713,65815488,loop
1409.819,65815492,loop
1409.924,65815492,loop
1410.029,65815496,loop
1410.134,65815500,loop
1410.239,65815504,loop
1410.344,65815508,loop
1410.450,65815512,loop
1410.555,65815516,loop
1410.660,65815520,loop
1410.765,65815524,loop
1410.870,65815524,loop
1410.975,65815528,loop
1411.081,65815532,loop
1411.186,65815536,loop
1411.291,65815540,loop
1411.396,65815544,loop
1411.501,65815548,loop
1411.606,65815552,loop
1411.712,65815556,loop
1411.817,65815560,loop
1411.922,65815560,loop
1412.027,65815564,loop
1412.132,65815568,loop
1412.237,65815572,loop
1412.343,65815576,loop
1412.448,65815580,loop
1412.553,65815584,loop
1412.658,65815588,loop
1412.763,65815592,loop
1412.868,65815592,loop
1412.974,65815596,loop
1413.079,65815600,loop
1413.184,65815604,loop
1413.289,65815608,loop
1413.394,65815612,loop
1413.499,65815616,loop
1413.605,65815620,loop
1413.710,65815624,loop
1413.815,65815628,loop
1413.920,65815632,loop
1414.025,65815632,loop
1414.130,65815636,loop
1414.236,65815640,loop
1414.341,65815900,loop
1414.446,65815904,loop
1414.551,65815908,loop
1414.656,65815912,loop
1414.761,65815912,loop
1414.867,65815920,loop
1414.972,65815924,loop
1415.077,65815924,loop
1415.182,65815928,loop
1415.287,65815932,loop
1415.392,65815936,loop
1415.498,65815940,loop
1415.603,65815944,loop
1415.708,65815948,loop
1415.813,65815948,loop
1415.918,65815956,loop
1416.023,65815956,loop
1416.129,65815960,loop
1416.234,65815964,loop
1416.339,65815968,loop
1416.444,65815972,loop
1416.549,65815976,loop
1416.654,65815980,loop
1416.760,65815984,loop
1416.865,65815984,loop
1416.970,65815992,loop
1417.075,65815992,loop
1417.180,65815996,loop
1417.285,65816000,loop
1417.391,65816004,loop
1417.496,65816008,loop
1417.601,65816012,loop
1417.706,65816016,loop
1417.811,65816020,loop
1417.916,65816020,loop
1418.022,65816028,loop
1418.127,65816028,loop
1418.232,65816032,loop
1418.337,65816036,loop
1418.442,65816040,loop
1418.547,65816044,loop
1418.653,65816048,loop
1418.758,65816052,loop
1418.863,65816052,loop
1418.968,65816060,loop
1419.073,65816064,loop
1419.178,65816064,loop
1419.284,65816068,loop
1419.389,65816072,loop
1419.494,65816076,loop
1419.599,65816080,loop
1419.704,65816084,loop
1419.809,65816088,loop
1419.915,65816088,loop
1420.020,65816096,loop
1420.125,65816096,loop
1420.230,65816100,loop
1420.335,65816104,loop
1420.440,65816108,loop
1420.546,65816112,loop
1420.651,65816116,loop
1420.756,65816120,loop
1420.861,65816124,loop
1420.966,65816124,loop
1421.071,65816132,loop
1421.177,65816132,loop
1421.282,65816136,loop
1421.387,65816140,loop
1421.492,65816144,loop
1421.597,65816148,loop
1421.702,65816152,loop
1421.808,65816156,loop
1421.913,65816156,loop
1422.018,65816160,loop
1422.123,65816164,loop
1422.228,65816168,loop
1422.333,65816172,loop
1422.439,65816176,loop
1422.544,65816180,loop
1422.649,65816184,loop
1422.754,65816188,loop
1422.859,65816192,loop
1422.964,65816192,loop
1423.070,65816196,loop
1423.175,65816200,loop
1423.280,65816204,loop
1423.385,65816208,loop
1423.490,65816212,loop
1423.595,65816216,loop
1423.701,65816220,loop
1423.806,65816224,loop
1423.911,65816228,loop
1424.016,65816228,loop
1424.121,65816232,loop
1424.226,65816236,loop
1424.332,65816240,loop
1424.437,65816244,loop
1424.542,65816504,loop
1424.647,65816508,loop
1424.752,65816512,loop
1424.857,65816512,loop
1424.963,65816520,loop
1425.068,65816524,loop
1425.173,65816524,loop
1425.278,65816528,loop
1425.383,65816532,loop
1425.488,65816536,loop
1425.594,65816540,loop
1425.699,65816544,loop
1425.804,65816548,loop
1425.909,65816552,loop
1426.014,65816556,loop
1426.119,65816556,loop
1426.225,65816560,loop
1426.330,65816564,loop
1426.435,65816568,loop
1426.540,65816572,loop
1426.645,65816576,loop
1426.750,65816580,loop
1426.856,65816584,loop
1426.961,65816588,loop
1427.066,65816592,loop
1427.171,65816592,loop
1427.276,65816596,loop
1427.381,65816600,loop
1427.487,65816604,loop
1427.592,65816608,loop
1427.697,65816612,loop
1427.802,65816616,loop
1427.907,65816616,loop
1428.012,65816624,loop
1428.118,65816624,loop
1428.223,65816628,loop
1428.328,65816632,loop
1428.433,65816636,loop
1428.539,65816640,loop
1428.644,65816644,loop
1428.749,65818692,loop
1428.854,65818692,loop
1428.959,65818692,loop
1429.064,65818692,loop
1429.170,65818692,loop
1429.275,65818692,loop
1429.380,65818692,loop
1429.485,65818692,loop
1429.590,65818692,loop
1429.695,65818692,loop
1429.801,65818692,loop
1429.906,65818692,loop
1430.011,65818692,loop
1430.116,65818692,loop
1430.221,65818692,loop
1430.326,65818692,loop
1430.432,65818692,loop
1430.537,65818692,loop
1430.642,65818692,loop
1430.747,65818692,loop
1430.852,65818692,loop
1430.957,65818692,loop
1431.063,65818692,loop
1431.168,65818692,loop
1431.273,65818692,loop
1431.378,65818692,loop
1431.483,65818692,loop
1431.588,65818692,loop
1431.694,65818692,loop
1431.799,65818692,loop
1431.904,65818692,loop
1432.009,65818692,loop
1432.114,65818692,loop
1432.219,65818692,loop
1432.324,65818692,loop
1432.430,65818692,loop
1432.535,65818692,loop
1432.640,65818692,loop
1432.745,65818692,loop
1432.850,65818692,loop
1432.955,65818692,loop
1433.061,65818692,loop
1433.166,65818692,loop
1433.271,65818692,loop
1433.376,65818692,loop
1433.481,65818692,loop
1433.586,65818692,loop
1433.692,65818692,loop
1433.797,65818692,loop
1433.902,65818692,loop
1434.007,65818692,loop
1434.112,65818692,loop
1434.218,65818692,loop
1434.323,65818692,loop
1434.428,65818692,loop
1434.533,65818692,loop
1434.638,65818692,loop
1434.743,65818692,loop
1434.849,65818948,loop
1434.954,65818948,loop
1435.059,65818948,loop
1435.164,65818948,loop
1435.269,65818948,loop
1435.374,65818948,loop
1435.479,65818948,loop
1435.585,65818948,loop
1435.690,65818948,loop
1435.795,65818948,loop
1435.900,65818948,loop
1436.005,65818948,loop
1436.110,65818948,loop
1436.216,65818948,loop
1436.321,65818948,loop
1436.426,65818948,loop
1436.531,65818948,loop
1436.636,65818948,loop
1436.741,65818948,loop
1436.847,65818948,loop
1436.952,65818948,loop
1437.057,65818948,loop
1437.162,65818948,loop
1437.267,65818948,loop
1437.372,65818948,loop
1437.478,65818948,loop
1437.583,65818948,loop
1437.688,65818948,loop
1437.793,65818948,loop
1437.898,65818948,loop
1438.003,65818948,loop
1438.109,65818948,loop
1438.214,65818948,loop
1438.319,65818948,loop
1438.424,65818948,loop
1438.529,65818948,loop
1438.634,65818948,loop
1438.740,65818948,loop
1438.845,65818948,loop
1438.950,65818948,loop
1439.055,65818948,loop
1439.160,65818948,loop
1439.265,65818948,loop
1439.371,65818948,loop
1439.476,65818948,loop
1439.581,65818948,loop
1439.686,65818948,loop
1439.791,65818948,loop
1439.896,65818948,loop
1440.002,65818948,loop
1440.107,65818948,loop
1440.212,65818948,loop
1440.317,65818948,loop
1440.422,65818948,loop
1440.527,65818948,loop
1440.633,65818948,loop
1440.738,65818948,loop
1440.843,65818948,loop
1440.948,65818948,loop
1441.053,65818948,loop
1441.158,65818948,loop
1441.264,65818948,loop
1441.369,65818948,loop
1441.474,65818948,loop
1441.579,65818948,loop
1441.684,65818948,loop
1441.789,65818948,loop
1441.895,65818948,loop
1442.000,65818948,loop
1442.105,65818948,loop
1442.210,65818948,loop
1442.315,65818948,loop
1442.420,65818948,loop
1442.526,65818948,loop
1442.631,65818948,loop
1442.736,65818948,loop
1442.841,65818948,loop
1442.946,65818948,loop
1443.051,65818948,loop
1443.157,65818948,loop
1443.262,65818948,loop
1443.367,65818948,loop
1443.472,65818948,loop
1443.577,65818948,loop
1443.682,65818948,loop
1443.788,65818948,loop
1443.893,65818948,loop
1443.998,65818948,loop
1444.103,65818948,loop
1444.208,65818948,loop
1444.313,65818948,loop
1444.419,65818948,loop
1444.524,65818948,loop
1444.629,65818948,loop
1444.734,65818948,loop
1444.839,65818948,loop
1444.944,65818948,loop
1445.050,65819204,loop
1445.155,65819204,loop
1445.260,65819204,loop
1445.365,65819204,loop
1445.470,65819204,loop
1445.575,65819204,loop
1445.681,65819204,loop
1445.786,65819204,loop
1445.891,65819204,loop
1445.996,65819204,loop
1446.101,65819204,loop
1446.206,65819204,loop
1446.312,65819204,loop
1446.417,65819204,loop
1446.522,65819204,loop
1446.627,65819204,loop
1446.732,65819204,loop
1446.837,65819204,loop
1446.943,65819204,loop
1447.048,65819204,loop
1447.153,65819204,loop
1447.258,65819204,loop
1447.363,65819204,loop
1447.468,65819204,loop
1447.574,65819204,loop
1447.679,65819204,loop
1447.784,65819204,loop
1447.889,65819204,loop
1447.994,65819204,loop
1448.099,65819204,loop
1448.205,65819204,loop
1448.310,65819204,loop
1448.415,65819204,loop
1448.520,65819204,loop
1448.625,65819204,loop
1448.730,65819204,loop
1448.836,65819204,loop
1448.941,65819204,loop
1449.046,65819204,loop
1449.151,65819204,loop
1449.256,65819204,loop
1449.361,65819204,loop
1449.467,65819204,loop
1449.572,65819204,loop
1449.677,65819204,loop
1449.782,65819204,loop
1449.887,65819204,loop
1449.992,65819204,loop
1450.098,65819204,loop
1450.203,65819204,loop
1450.308,65819204,loop
1450.413,65819204,loop
1450.518,65819204,loop
1450.623,65819204,loop
1450.729,65819204,loop
1450.834,65819204,loop
1450.939,65819204,loop
1451.044,65819204,loop
1451.149,65819204,loop
1451.254,65819204,loop
1451.360,65819204,loop
1451.465,65819204,loop
1451.570,65819204,loop
1451.675,65819204,loop
1451.780,65819204,loop
1451.885,65819204,loop
1451.991,65819204,loop
1452.096,65819204,loop
1452.201,65819204,loop
1452.306,65819204,loop
1452.411,65819204,loop
1452.516,65819204,loop
1452.622,65819204,loop
1452.727,65819204,loop
1452.832,65819204,loop
1452.937,65819204,loop
1453.042,65819204,loop
1453.147,65819204,loop
1453.252,65819204,loop
1453.358,65819204,loop
1453.463,65819204,loop
1453.568,65819204,loop
1453.673,65819204,loop
1453.778,65819204,loop
1453.883,65819204,loop
1453.989,65819204,loop
1454.094,65819204,loop
1454.199,65819204,loop
1454.304,65819204,loop
1454.409,65819204,loop
1454.515,65819204,loop
1454.620,65819204,loop
1454.725,65819204,loop
1454.830,65819204,loop
1454.935,65819204,loop
1455.040,65819204,loop
1455.146,65819204,loop
1455.251,65819460,loop
1455.356,65819460,loop
1455.461,65819460,loop
1455.566,65819460,loop
1455.671,65819460,loop
1455.777,65819460,loop
1455.882,65819460,loop
1455.987,65819460,loop
1456.092,65819460,loop
1456.197,65819460,loop
1456.302,65819460,loop
1456.407,65819460,loop
1456.513,65819460,loop
1456.618,65819460,loop
1456.723,65819460,loop
1456.828,65819460,loop
1456.933,65819460,loop
1457.038,65819460,loop
1457.144,65819460,loop
1457.249,65819460,loop
1457.354,65819460,loop
1457.459,65819460,loop
1457.564,65819460,loop
1457.669,65819460,loop
1457.775,65819460,loop
1457.880,65819460,loop
1457.985,65819460,loop
1458.090,65819460,loop
1458.195,65819460,loop
1458.300,65819460,loop
1458.406,65819460,loop
1458.511,65819460,loop
1458.616,65819460,loop
1458.721,65819460,loop
1458.826,65819460,loop
1458.931,65819460,loop
1459.037,65819460,loop
1459.142,65819460,loop
1459.247,65819460,loop
1459.352,65819460,loop
1459.457,65819460,loop
1459.563,65819460,loop
1459.668,65819460,loop
1459.773,65819460,loop
1459.878,65819460,loop
1459.983,65819460,loop
1460.088,65819460,loop
1460.194,65819460,loop
1460.299,65819460,loop
1460.404,65819460,loop
1460.509,65819460,loop
1460.614,65819460,loop
1460.719,65819460,loop
1460.824,65819460,loop
1460.930,65819460,loop
1461.035,65819460,loop
1461.140,65819460,loop
1461.245,65819460,loop
1461.350,65819460,loop
1461.455,65819460,loop
1461.561,65819460,loop
1461.666,65819460,loop
1461.771,65819460,loop
1461.876,65819460,loop
1461.981,65819460,loop
1462.086,65819460,loop
1462.192,65819460,loop
1462.297,65819460,loop
1462.402,65819460,loop
1462.507,65819460,loop
1462.612,65819460,loop
1462.717,65819460,loop
1462.823,65819460,loop
1462.928,65819460,loop
1463.033,65819460,loop
1463.138,65819460,loop
1463.243,65819460,loop
1463.348,65819460,loop
1463.454,65819460,loop
1463.559,65819460,loop
1463.664,65819460,loop
1463.769,65819460,loop
1463.874,65819460,loop
1463.979,65819460,loop
1464.085,65819460,loop
1464.190,65819460,loop
1464.295,65819460,loop
1464.400,65819460,loop
1464.505,65819460,loop
1464.610,65819460,loop
1464.716,65819460,loop
1464.821,65819460,loop
1464.926,65819460,loop
1465.031,65819460,loop
1465.136,65819460,loop
1465.241,65819460,loop
1465.347,65819460,loop
1465.452,65819460,loop
1465.557,65819716,loop
1465.662,65819716,loop
1465.767,65819716,loop
1465.872,65819716,loop
1465.978,65819716,loop
1466.083,65819716,loop
1466.188,65819716,loop
1466.293,65819716,loop
1466.398,65819716,loop
1466.503,65819716,loop
1466.609,65819716,loop
1466.714,65819716,loop
1466.819,65819716,loop
1466.924,65819716,loop
1467.029,65819716,loop
1467.134,65819716,loop
1467.240,65819716,loop
1467.345,65819716,loop
1467.450,65819716,loop
1467.555,65819716,loop
1467.660,65819716,loop
1467.765,65819716,loop
1467.871,65819716,loop
1467.976,65819716,loop
1468.081,65819716,loop
1468.186,65819716,loop
1468.291,65819716,loop
1468.396,65819716,loop
1468.502,65819716,loop
1468.607,65819716,loop
1468.712,65819716,loop
1468.817,65819716,loop
1468.922,65819716,loop
1469.027,65819716,loop
1469.133,65819716,loop
1469.238,65819716,loop
1469.343,65819716,loop
1469.448,65819716,loop
1469.553,65819716,loop
1469.658,65819716,loop
1469.764,65819716,loop
1469.869,65819716,loop
1469.974,65819716,loop
1470.079,65819716,loop
1470.184,65819716,loop
1470.289,65819716,loop
1470.395,65819716,loop
1470.500,65819716,loop
1470.605,65819716,loop
1470.710,65819716,loop
1470.815,65819716,loop
1470.920,65819716,loop
1471.025,65819716,loop
1471.131,65819716,loop
1471.236,65819716,loop
1471.341,65819716,loop
1471.446,65819716,loop
1471.551,65819716,loop
1471.657,65819716,loop
1471.762,65819716,loop
1471.867,65819716,loop
1471.972,65819716,loop
1472.077,65819716,loop
1472.182,65819716,loop
1472.288,65819716,loop
1472.393,65819716,loop
1472.498,65819716,loop
1472.603,65819716,loop
1472.708,65819716,loop
1472.813,65819716,loop
1472.919,65819716,loop
1473.024,65819716,loop
1473.129,65819716,loop
1473.234,65819716,loop
1473.339,65819716,loop
1473.444,65819716,loop
1473.550,65819716,loop
1473.655,65819716,loop
1473.760,65819716,loop
1473.865,65819716,loop
1473.970,65819716,loop
1474.075,65819716,loop
1474.181,65819716,loop
1474.286,65819716,loop
1474.391,65819716,loop
1474.496,65819716,loop
1474.601,65819716,loop
1474.706,65819716,loop
1474.812,65819716,loop
1474.917,65819716,loop
1475.022,65819716,loop
1475.127,65819716,loop
1475.232,65819716,loop
1475.337,65819716,loop
1475.443,65819716,loop
1475.548,65819716,loop
1475.653,65819716,loop
1475.758,65819972,loop
1475.863,65819972,loop
1475.968,65819972,loop
1476.074,65819972,loop
1476.179,65819972,loop
1476.284,65819972,loop
1476.389,65819972,loop
1476.494,65819972,loop
1476.599,65819972,loop
1476.705,65819972,loop
1476.810,65819972,loop
1476.915,65819972,loop
1477.020,65819972,loop
1477.125,65819972,loop
1477.230,65819972,loop
1477.335,65819972,loop
1477.441,65819972,loop
1477.546,65819972,loop
1477.651,65819972,loop
1477.756,65819972,loop
1477.861,65819972,loop
1477.966,65819972,loop
1478.072,65819972,loop
1478.177,65819972,loop
1478.282,65819972,loop
1478.387,65819972,loop
1478.492,65819972,loop
1478.598,65819972,loop
1478.703,65819972,loop
1478.808,65819972,loop
1478.913,65819972,loop
1479.018,65819972,loop
1479.123,65819972,loop
1479.229,65819972,loop
1479.334,65819972,loop
1479.439,65819972,loop
1479.544,65819972,loop
1479.649,65819972,loop
1479.754,65819972,loop
1479.860,65819972,loop
1479.965,65819972,loop
1480.070,65819972,loop
1480.175,65819972,loop
1480.280,65819972,loop
1480.385,65819972,loop
1480.491,65819972,loop
1480.596,65819972,loop
1480.701,65819972,loop
1480.806,65819972,loop
1480.911,65819972,loop
1481.016,65819972,loop
1481.122,65819972,loop
1481.227,65819972,loop
1481.332,65819972,loop
1481.437,65819972,loop
1481.542,65819972,loop
1481.647,65819972,loop
1481.753,65819972,loop
1481.858,65819972,loop
1481.963,65819972,loop
1482.068,65819972,loop
1482.173,65819972,loop
1482.278,65819972,loop
1482.384,65819972,loop
1482.489,65819972,loop
1482.594,65819972,loop
1482.699,65819972,loop
1482.804,65819972,loop
1482.909,65819972,loop
1483.015,65819972,loop
1483.120,65819972,loop
1483.225,65819972,loop
1483.330,65819972,loop
1483.435,65819972,loop
1483.540,65819972,loop
1483.646,65819972,loop
1483.751,65819972,loop
1483.856,65819972,loop
1483.961,65819972,loop
1484.066,65819972,loop
1484.171,65819972,loop
1484.277,65819972,loop
1484.382,65819972,loop
1484.487,65819972,loop
1484.592,65819972,loop
1484.697,65819972,loop
1484.802,65819972,loop
1484.908,65819972,loop
1485.013,65819972,loop
1485.118,65819972,loop
1485.223,65819972,loop
1485.328,65819972,loop
1485.433,65819972,loop
1485.539,65819972,loop
1485.644,65819972,loop
1485.749,65819972,loop
1485.854,65819972,loop
1485.959,65820100,loop
1486.064,65820228,loop
1486.170,65820228,loop
1486.275,65820228,loop
1486.380,65820228,loop
1486.485,65820228,loop
1486.590,65820228,loop
1486.695,65820228,loop
1486.801,65820228,loop
1486.906,65820228,loop
1487.011,65820228,loop
1487.116,65820228,loop
1487.221,65820228,loop
1487.326,65820228,loop
1487.432,65820228,loop
1487.537,65820228,loop
1487.642,65820228,loop
1487.747,65820228,loop
1487.852,65820228,loop
1487.957,65820228,loop
1488.063,65820228,loop
1488.168,65820228,loop
1488.273,65820228,loop
1488.378,65820228,loop
1488.483,65820228,loop
1488.588,65820228,loop
1488.694,65822276,loop
1488.799,65822276,loop
1488.904,65822276,loop
1489.009,65822276,loop
1489.114,65822276,loop
1489.219,65822276,loop
1489.325,65822276,loop
1489.430,65822276,loop
1489.535,65822276,loop
1489.640,65822276,loop
1489.745,65822276,loop
1489.850,65822276,loop
1489.956,65822276,loop
1490.061,65822276,loop
1490.166,65822276,loop
1490.271,65822276,loop
1490.376,65822276,loop
1490.481,65822276,loop
1490.587,65822276,loop
1490.692,65822276,loop
1490.797,65822276,loop
1490.902,65822276,loop
1491.007,65822276,loop
1491.112,65822276,loop
1491.218,65822276,loop
1491.323,65822276,loop
1491.428,65822276,loop
1491.533,65822276,loop
1491.638,65822276,loop
1491.743,65822276,loop
1491.849,65822276,loop
1491.954,65822276,loop
1492.059,65822276,loop
1492.164,65822276,loop
1492.269,65822276,loop
1492.374,65822276,loop
1492.480,65822276,loop
1492.585,65822276,loop
1492.690,65822276,loop
1492.795,65822276,loop
1492.900,65822276,loop
1493.005,65822276,loop
1493.111,65822276,loop
1493.216,65822276,loop
1493.321,65822276,loop
1493.426,65822276,loop
1493.531,65822276,loop
1493.636,65822276,loop
1493.742,65822276,loop
1493.847,65822276,loop
1493.952,65822276,loop
1494.057,65822276,loop
1494.162,65822276,loop
1494.267,65822276,loop
1494.372,65822276,loop
1494.478,65822276,loop
1494.583,65822276,loop
1494.688,65822276,loop
1494.793,65822276,loop
1494.898,65822276,loop
1495.003,65822276,loop
1495.109,65822276,loop
1495.214,65822276,loop
1495.319,65822276,loop
1495.424,65822276,loop
1495.529,65822276,loop
1495.635,65822276,loop
1495.740,65822276,loop
1495.845,65822276,loop
1495.950,65822276,loop
1496.055,65822276,loop
1496.160,65822276,loop
1496.266,65822532,loop
1496.371,65822532,loop
1496.476,65822532,loop
1496.581,65822532,loop
1496.686,65822532,loop
1496.791,65822532,loop
1496.897,65822532,loop
1497.002,65822532,loop
1497.107,65822532,loop
1497.212,65822532,loop
1497.317,65822532,loop
1497.422,65822532,loop
1497.528,65822532,loop
1497.633,65822532,loop
1497.738,65822532,loop
1497.843,65822532,loop
1497.948,65822532,loop
1498.053,65822532,loop
1498.159,65822532,loop
1498.264,65822532,loop
1498.369,65822532,loop
1498.474,65822532,loop
1498.579,65822532,loop
1498.684,65822532,loop
1498.790,65822532,loop
1498.895,65822532,loop
1499.000,65822532,loop
1499.105,65822532,loop
1499.210,65822532,loop
1499.315,65822532,loop
1499.421,65822532,loop
1499.526,65822532,loop
1499.631,65822532,loop
1499.736,65822532,loop
1499.841,65822532,loop
1499.946,65822532,loop
1500.051,65822532,loop
1500.157,65822532,loop
1500.262,65822532,loop
1500.367,65822532,loop
1500.472,65822532,loop
1500.577,65822532,loop
1500.683,65822532,loop
1500.788,65822532,loop
1500.893,65822532,loop
1500.998,65822532,loop
1501.103,65822532,loop
1501.208,65822532,loop
1501.314,65822532,loop
1501.419,65822532,loop
1501.524,65822532,loop
1501.629,65822532,loop
1501.734,65822532,loop
1501.839,65822532,loop
1501.945,65822532,loop
1502.050,65822532,loop
1502.155,65822532,loop
1502.260,65822532,loop
1502.365,65822532,loop
1502.470,65822532,loop
1502.575,65822532,loop
1502.681,65822532,loop
1502.786,65822532,loop
1502.891,65822532,loop
1502.996,65822532,loop
1503.101,65822532,loop
1503.206,65822532,loop
1503.312,65822532,loop
1503.417,65822532,loop
1503.522,65822532,loop
1503.627,65822532,loop
1503.732,65822532,loop
1503.837,65822532,loop
1503.943,65822532,loop
1504.048,65822532,loop
1504.153,65822532,loop
1504.258,65822532,loop
1504.363,65822532,loop
1504.468,65822532,loop
1504.574,65822532,loop
1504.679,65822532,loop
1504.784,65822532,loop
1504.889,65822532,loop
1504.994,65822532,loop
1505.099,65822532,loop
1505.205,65822532,loop
1505.310,65822532,loop
1505.415,65822532,loop
1505.520,65822532,loop
1505.625,65822532,loop
1505.730,65822532,loop
1505.836,65822532,loop
1505.941,65822532,loop
1506.046,65822532,loop
1506.151,65822532,loop
1506.256,65822532,loop
1506.361,65822532,loop
1506.467,65822788,loop
1506.572,65822788,loop
1506.677,65822788,loop
1506.782,65822788,loop
1506.887,65822788,loop
1506.992,65822788,loop
1507.098,65822788,loop
1507.203,65822788,loop
1507.308,65822788,loop
1507.413,65822788,loop
1507.518,65822788,loop
1507.623,65822788,loop
1507.729,65822788,loop
1507.834,65822788,loop
1507.939,65822788,loop
1508.044,65822788,loop
1508.149,65822788,loop
1508.254,65822788,loop
1508.360,65822788,loop
1508.465,65822788,loop
1508.570,65822788,loop
1508.675,65822788,loop
1508.780,65822788,loop
1508.885,65822788,loop
1508.991,65822788,loop
1509.096,65822788,loop
1509.201,65822788,loop
1509.306,65822788,loop
1509.411,65822788,loop
1509.516,65822788,loop
1509.622,65822788,loop
1509.727,65822788,loop
1509.832,65822788,loop
1509.937,65822788,loop
1510.042,65822788,loop
1510.147,65822788,loop
1510.253,65822788,loop
1510.358,65822788,loop
1510.463,65822788,loop
1510.568,65822788,loop
1510.673,65822788,loop
1510.778,65822788,loop
1510.884,65822788,loop
1510.989,65822788,loop
1511.094,65822788,loop
1511.199,65822788,loop
1511.304,65822788,loop
1511.409,65822788,loop
1511.515,65822788,loop
1511.620,65822788,loop
1511.725,65822788,loop
1511.830,65822788,loop
1511.935,65822788,loop
1512.040,65822788,loop
1512.146,65822788,loop
1512.251,65822788,loop
1512.356,65822788,loop
1512.461,65822788,loop
1512.566,65822788,loop
1512.671,65822788,loop
1512.777,65822788,loop
1512.882,65822788,loop
1512.987,65822788,loop
1513.092,65822788,loop
1513.197,65822788,loop
1513.302,65822788,loop
1513.408,65822788,loop
1513.513,65822788,loop
1513.618,65822788,loop
1513.723,65822788,loop
1513.828,65822788,loop
1513.933,65822788,loop
1514.039,65822788,loop
1514.144,65822788,loop
1514.249,65822788,loop
1514.354,65822788,loop
1514.459,65822788,loop
1514.564,65822788,loop
1514.669,65822788,loop
1514.775,65822788,loop
1514.880,65822788,loop
1514.985,65822788,loop
1515.090,65822788,loop
1515.195,65822788,loop
1515.300,65822788,loop
1515.406,65822788,loop
1515.511,65822788,loop
1515.616,65822788,loop
1515.721,65822788,loop
1515.826,65822788,loop
1515.932,65822788,loop
1516.037,65822788,loop
1516.142,65822788,loop
1516.247,65822788,loop
1516.352,65822788,loop
1516.457,65822788,loop
1516.563,65822788,loop
1516.668,65822788,loop
1516.773,65823044,loop
1516.878,65823044,loop
1516.983,65823044,loop
1517.088,65823044,loop
1517.194,65823044,loop
1517.299,65823044,loop
1517.404,65823044,loop
1517.509,65823044,loop
1517.614,65823044,loop
1517.719,65823044,loop
1517.825,65823044,loop
1517.930,65823044,loop
1518.035,65823044,loop
1518.140,65823044,loop
1518.245,65823044,loop
1518.350,65823044,loop
1518.456,65823044,loop
1518.561,65823044,loop
1518.666,65823044,loop
1518.771,65823044,loop
1518.876,65823044,loop
1518.981,65823044,loop
1519.087,65823044,loop
1519.192,65823044,loop
1519.297,65823044,loop
1519.402,65823044,loop
1519.507,65823044,loop
1519.612,65823044,loop
1519.718,65823044,loop
1519.823,65823044,loop
1519.928,65823044,loop
1520.033,65823044,loop
1520.138,65823044,loop
1520.243,65823044,loop
1520.349,65823044,loop
1520.454,65823044,loop
1520.559,65823044,loop
1520.664,65823044,loop
1520.769,65823044,loop
1520.874,65823044,loop
1520.980,65823044,loop
1521.085,65823044,loop
1521.190,65823044,loop
1521.295,65823044,loop
1521.400,65823044,loop
1521.505,65823044,loop
1521.611,65823044,loop
1521.716,65823044,loop
1521.821,65823044,loop
1521.926,65823044,loop
1522.031,65823044,loop
1522.136,65823044,loop
1522.242,65823044,loop
1522.347,65823044,loop
1522.452,65823044,loop
1522.557,65823044,loop
1522.662,65823044,loop
1522.767,65823044,loop
1522.873,65823044,loop
1522.978,65823044,loop
1523.083,65823044,loop
1523.188,65823044,loop
1523.293,65823044,loop
1523.398,65823044,loop
1523.504,65823044,loop
1523.609,65823044,loop
1523.714,65823044,loop
1523.819,65823044,loop
1523.924,65823044,loop
1524.029,65823044,loop
1524.135,65823044,loop
1524.240,65823044,loop
1524.345,65823044,loop
1524.450,65823044,loop
1524.555,65823044,loop
1524.660,65823044,loop
1524.766,65823044,loop
1524.871,65823044,loop
1524.976,65823044,loop
1525.081,65823044,loop
1525.186,65823044,loop
1525.291,65823044,loop
1525.397,65823044,loop
1525.502,65823044,loop
1525.607,65823044,loop
1525.712,65823044,loop
1525.817,65823044,loop
1525.922,65823044,loop
1526.028,65823044,loop
1526.133,65823044,loop
1526.238,65823044,loop
1526.343,65823044,loop
1526.448,65823044,loop
1526.553,65823044,loop
1526.659,65823044,loop
1526.764,65823044,loop
1526.869,65823044,loop
1526.974,65823300,loop
1527.079,65823300,loop
1527.184,65823300,loop
1527.290,65823300,loop
1527.395,65823300,loop
1527.500,65823300,loop
1527.605,65823300,loop
1527.710,65823300,loop
1527.815,65823300,loop
1527.921,65823300,loop
1528.026,65823300,loop
1528.131,65823300,loop
1528.236,65823300,loop
1528.341,65823300,loop
1528.446,65823300,loop
1528.551,65823300,loop
1528.657,65823300,loop
1528.762,65823300,loop
1528.867,65823300,loop
1528.972,65823300,loop
1529.077,65823300,loop
1529.182,65823300,loop
1529.288,65823300,loop
1529.393,65823300,loop
1529.498,65823300,loop
1529.603,65823300,loop
1529.708,65823300,loop
1529.813,65823300,loop
1529.919,65823300,loop
1530.024,65823300,loop
1530.129,65823300,loop
1530.234,65823300,loop
1530.339,65823300,loop
1530.444,65823300,loop
1530.550,65823300,loop
1530.655,65823300,loop
1530.760,65823300,loop
1530.865,65823300,loop
1530.970,65823300,loop
1531.075,65823300,loop
1531.181,65823300,loop
1531.286,65823300,loop
1531.391,65823300,loop
1531.496,65823300,loop
1531.601,65823300,loop
1531.706,65823300,loop
1531.812,65823300,loop
1531.917,65823300,loop
1532.022,65823300,loop
1532.127,65823300,loop
1532.232,65823300,loop
1532.337,65823300,loop
1532.443,65823300,loop
1532.548,65823300,loop
1532.653,65823300,loop
1532.758,65823300,loop
1532.863,65823300,loop
1532.968,65823300,loop
1533.074,65823300,loop
1533.179,65823300,loop
1533.284,65823300,loop
1533.389,65823300,loop
1533.494,65823300,loop
1533.599,65823300,loop
1533.705,65823300,loop
1533.810,65823300,loop
1533.915,65823300,loop
1534.020,65823300,loop
1534.125,65823300,loop
1534.230,65823300,loop
1534.336,65823300,loop
1534.441,65823300,loop
1534.546,65823300,loop
1534.651,65823300,loop
1534.756,65823300,loop
1534.861,65823300,loop
1534.967,65823300,loop
1535.072,65823300,loop
1535.177,65823300,loop
1535.282,65823300,loop
1535.387,65823300,loop
1535.492,65823300,loop
1535.598,65823300,loop
1535.703,65823300,loop
1535.808,65823300,loop
1535.913,65823300,loop
1536.018,65823300,loop
1536.123,65823300,loop
1536.229,65823300,loop
1536.334,65823300,loop
1536.439,65823300,loop
1536.544,65823300,loop
1536.649,65823300,loop
1536.754,65823300,loop
1536.860,65823300,loop
1536.965,65823300,loop
1537.070,65823300,loop
1537.339,65823332,loop
1537.444,65823556,loop
1537.549,65823556,loop
1537.654,65823556,loop
1537.759,65823556,loop
1537.865,65823556,loop
1537.970,65823556,loop
1538.075,65823556,loop
1538.180,65823556,loop
1538.285,65823556,loop
1538.390,65823556,loop
1538.496,65823556,loop
1538.601,65823556,loop
1538.706,65823556,loop
1538.811,65823556,loop
1538.916,65823556,loop
1539.021,65823556,loop
1539.127,65823556,loop
1539.232,65823556,loop
1539.337,65823556,loop
1539.442,65823556,loop
1539.547,65823556,loop
1539.652,65823556,loop
1539.758,65823556,loop
1539.863,65823556,loop
1539.968,65823556,loop
1540.073,65823556,loop
1540.178,65823556,loop
1540.283,65823556,loop
1540.389,65823556,loop
1540.494,65823556,loop
1540.599,65823556,loop
1540.704,65823556,loop
1540.809,65823556,loop
1540.914,65823556,loop
1541.020,65823556,loop
1541.125,65823556,loop
1541.230,65823556,loop
1541.335,65823556,loop
1541.440,65823556,loop
1541.545,65823556,loop
1541.651,65823556,loop
1541.756,65823556,loop
1541.861,65823556,loop
1541.966,65823556,loop
1542.071,65823556,loop
1542.176,65823556,loop
1542.282,65823556,loop
1542.387,65823556,loop
1542.492,65823556,loop
1542.597,65823556,loop
1542.702,65823556,loop
1542.807,65823556,loop
1542.913,65823556,loop
1543.018,65823556,loop
1543.123,65823556,loop
1543.228,65823556,loop
1543.333,65823556,loop
1543.438,65823556,loop
1543.544,65823556,loop
1543.649,65823556,loop
1543.754,65823556,loop
1543.859,65823556,loop
1543.964,65823556,loop
1544.069,65823556,loop
1544.175,65823556,loop
1544.280,65823556,loop
1544.385,65823556,loop
1544.490,65823556,loop
1544.595,65823556,loop
1544.700,65823556,loop
1544.806,65823556,loop
1544.911,65823556,loop
1545.016,65823556,loop
1545.121,65823556,loop
1545.226,65823556,loop
1545.331,65823556,loop
1545.437,65823556,loop
1545.542,65823556,loop
1545.647,65823556,loop
1545.752,65823556,loop
1545.857,65823556,loop
1545.962,65823556,loop
1546.068,65823556,loop
1546.173,65823556,loop
1546.278,65823556,loop
1546.383,65823556,loop
1546.488,65823556,loop
1546.593,65823556,loop
1546.699,65823556,loop
1546.804,65823556,loop
1546.909,65823556,loop
1547.014,65823556,loop
1547.119,65823556,loop
1547.224,65823556,loop
1547.330,65823556,loop
1547.435,65823812,loop
1547.540,65823812,loop
1547.646,65823812,loop
1547.751,65823812,loop
1547.856,65823812,loop
1547.961,65823812,loop
1548.066,65823812,loop
1548.171,65823812,loop
1548.277,65823812,loop
1548.382,65823812,loop
1548.487,65823812,loop
1548.592,65823812,loop
1548.697,65823812,loop
1548.802,65823812,loop
1548.908,65825860,loop
1549.013,65825860,loop
1549.118,65825860,loop
1549.223,65825860,loop
1549.328,65825860,loop
1549.433,65825860,loop
1549.539,65825860,loop
1549.644,65825860,loop
1549.749,65825860,loop
1549.854,65825860,loop
1549.959,65825860,loop
1550.064,65825860,loop
1550.170,65825860,loop
1550.275,65825860,loop
1550.380,65825860,loop
1550.485,65825860,loop
1550.590,65825860,loop
1550.695,65825860,loop
1550.801,65825860,loop
1550.906,65825860,loop
1551.011,65825860,loop
1551.116,65825860,loop
1551.221,65825860,loop
1551.326,65825860,loop
1551.432,65825860,loop
1551.537,65825860,loop
1551.642,65825860,loop
1551.747,65825860,loop
1551.852,65825860,loop
1551.957,65825860,loop
1552.063,65825860,loop
1552.168,65825860,loop
1552.273,65825860,loop
1552.378,65825860,loop
1552.483,65825860,loop
1552.588,65825860,loop
1552.694,65825860,loop
1552.799,65825860,loop
1552.904,65825860,loop
1553.009,65825860,loop
1553.114,65825860,loop
1553.219,65825860,loop
1553.325,65825860,loop
1553.430,65825860,loop
1553.535,65825860,loop
1553.640,65825860,loop
1553.745,65825860,loop
1553.850,65825860,loop
1553.956,65825860,loop
1554.061,65825860,loop
1554.166,65825860,loop
1554.271,65825860,loop
1554.376,65825860,loop
1554.481,65825860,loop
1554.587,65825860,loop
1554.692,65825860,loop
1554.797,65825860,loop
1554.902,65825860,loop
1555.007,65825860,loop
1555.112,65825860,loop
1555.218,65825860,loop
1555.323,65825860,loop
1555.428,65825860,loop
1555.533,65825860,loop
1555.638,65825860,loop
1555.743,65825860,loop
1555.849,65825860,loop
1555.954,65825860,loop
1556.059,65825860,loop
1556.164,65825860,loop
1556.269,65825860,loop
1556.374,65825860,loop
1556.480,65825860,loop
1556.585,65825860,loop
1556.690,65825860,loop
1556.795,65825860,loop
1556.900,65825860,loop
1557.005,65825860,loop
1557.111,65825860,loop
1557.216,65825860,loop
1557.321,65825860,loop
1557.426,65825860,loop
1557.531,65825860,loop
1557.636,65825860,loop
1557.742,65826116,loop
1557.847,65826116,loop
1557.952,65826116,loop
1558.057,65826116,loop
1558.162,65826116,loop
1558.267,65826116,loop
1558.373,65826116,loop
1558.478,65826116,loop
1558.583,65826116,loop
1558.688,65826116,loop
1558.793,65826116,loop
1558.898,65826116,loop
1559.004,65826116,loop
1559.109,65826116,loop
1559.214,65826116,loop
1559.319,65826116,loop
1559.424,65826116,loop
1559.529,65826116,loop
1559.635,65826116,loop
1559.740,65826116,loop
1559.845,65826116,loop
1559.950,65826116,loop
1560.055,65826116,loop
1560.160,65826116,loop
1560.265,65826116,loop
1560.371,65826116,loop
1560.476,65826116,loop
1560.581,65826116,loop
1560.686,65826116,loop
1560.792,65826116,loop
1560.897,65826116,loop
1561.002,65826116,loop
1561.108,65826116,loop
1561.213,65826116,loop
1561.318,65826116,loop
1561.423,65826116,loop
1561.528,65826116,loop
1561.633,65826116,loop
1561.739,65826116,loop
1561.844,65826116,loop
1561.949,65826116,loop
1562.054,65826116,loop
1562.159,65826116,loop
1562.264,65826116,loop
1562.370,65826116,loop
1562.475,65826116,loop
1562.580,65826116,loop
1562.685,65826116,loop
1562.790,65826116,loop
1562.895,65826116,loop
1563.001,65826116,loop
1563.106,65826116,loop
1563.211,65826116,loop
1563.316,65826116,loop
1563.421,65826116,loop
1563.526,65826116,loop
1563.632,65826116,loop
1563.737,65826116,loop
1563.842,65826116,loop
1563.947,65826116,loop
1564.052,65826116,loop
1564.157,65826116,loop
1564.263,65826116,loop
1564.368,65826116,loop
1564.473,65826116,loop
1564.578,65826116,loop
1564.683,65826116,loop
1564.788,65826116,loop
1564.893,65826116,loop
1564.999,65826116,loop
1565.104,65826116,loop
1565.209,65826116,loop
1565.314,65826116,loop
1565.419,65826116,loop
1565.524,65826116,loop
1565.630,65826116,loop
1565.735,65826116,loop
1565.840,65826116,loop
1565.945,65826116,loop
1566.050,65826116,loop
1566.155,65826116,loop
1566.261,65826116,loop
1566.366,65826116,loop
1566.471,65826116,loop
1566.576,65826116,loop
1566.681,65826116,loop
1566.786,65826116,loop
1566.892,65826116,loop
1566.997,65826116,loop
1567.102,65826116,loop
1567.207,65826116,loop
1567.312,65826116,loop
1567.417,65826116,loop
1567.523,65826116,loop
1567.628,65826116,loop
1567.733,65826116,loop
1567.838,65826116,loop
1567.943,65826372,loop
1568.048,65826372,loop
1568.154,65826372,loop
1568.259,65826372,loop
1568.364,65826372,loop
1568.469,65826372,loop
1568.575,65826372,loop
1568.680,65826372,loop
1568.786,65826372,loop
1568.891,65826372,loop
1568.996,65826372,loop
1569.101,65826372,loop
1569.206,65826372,loop
1569.311,65826372,loop
1569.416,65826372,loop
1569.522,65826372,loop
1569.627,65826372,loop
1569.732,65826372,loop
1569.837,65826372,loop
1569.942,65826372,loop
1570.047,65826372,loop
1570.153,65826372,loop
1570.258,65826372,loop
1570.363,65826372,loop
1570.468,65826372,loop
1570.573,65826372,loop
1570.678,65826372,loop
1570.784,65826372,loop
1570.889,65826372,loop
1570.994,65826372,loop
1571.099,65826372,loop
1571.204,65826372,loop
1571.309,65826372,loop
1571.415,65826372,loop
1571.520,65826372,loop
1571.625,65826372,loop
1571.730,65826372,loop
1571.835,65826372,loop
1571.940,65826372,loop
1572.046,65826372,loop
1572.151,65826372,loop
1572.256,65826372,loop
1572.361,65826372,loop
1572.466,65826372,loop
1572.571,65826372,loop
1572.677,65826372,loop
1572.782,65826372,loop
1572.887,65826372,loop
1572.992,65826372,loop
1573.097,65826372,loop
1573.202,65826372,loop
1573.308,65826372,loop
1573.413,65826372,loop
1573.518,65826372,loop
1573.623,65826372,loop
1573.728,65826372,loop
1573.833,65826372,loop
1573.939,65826372,loop
1574.044,65826372,loop
1574.149,65826372,loop
1574.254,65826372,loop
1574.359,65826372,loop
1574.464,65826372,loop
1574.570,65826372,loop
1574.675,65826372,loop
1574.780,65826372,loop
1574.885,65826372,loop
1574.990,65826372,loop
1575.095,65826372,loop
1575.201,65826372,loop
1575.306,65826372,loop
1575.411,65826372,loop
1575.516,65826372,loop
1575.621,65826372,loop
1575.726,65826372,loop
1575.832,65826372,loop
1575.937,65826372,loop
1576.042,65826372,loop
1576.147,65826372,loop
1576.252,65826372,loop
1576.357,65826372,loop
1576.463,65826372,loop
1576.568,65826372,loop
1576.673,65826372,loop
1576.778,65826372,loop
1576.883,65826372,loop
1576.988,65826372,loop
1577.093,65826372,loop
1577.199,65826372,loop
1577.304,65826372,loop
1577.409,65826372,loop
1577.514,65826372,loop
1577.619,65826372,loop
1577.725,65826372,loop
1577.830,65826372,loop
1577.935,65826372,loop
1578.040,65826372,loop
1578.145,65826628,loop
1578.250,65826628,loop
1578.356,65826628,loop
1578.461,65826628,loop
1578.566,65826628,loop
1578.671,65826628,loop
1578.776,65826628,loop
1578.881,65826628,loop
1578.987,65826628,loop
1579.092,65826628,loop
1579.197,65826628,loop
1579.302,65826628,loop
1579.407,65826628,loop
1579.512,65826628,loop
1579.618,65826628,loop
1579.723,65826628,loop
1579.828,65826628,loop
1579.933,65826628,loop
1580.038,65826628,loop
1580.143,65826628,loop
1580.249,65826628,loop
1580.354,65826628,loop
1580.459,65826628,loop
1580.564,65826628,loop
1580.669,65826628,loop
1580.774,65826628,loop
1580.880,65826628,loop
1580.985,65826628,loop
1581.090,65826628,loop
1581.195,65826628,loop
1581.300,65826628,loop
1581.405,65826628,loop
1581.511,65826628,loop
1581.616,65826628,loop
1581.721,65826628,loop
1581.826,65826628,loop
1581.931,65826628,loop
1582.036,65826628,loop
1582.142,65826628,loop
1582.247,65826628,loop
1582.352,65826628,loop
1582.457,65826628,loop
1582.562,65826628,loop
1582.667,65826628,loop
1582.773,65826628,loop
1582.878,65826628,loop
1582.983,65826628,loop
1583.088,65826628,loop
1583.193,65826628,loop
1583.298,65826628,loop
1583.404,65826628,loop
1583.509,65826628,loop
1583.614,65826628,loop
1583.719,65826628,loop
1583.824,65826628,loop
1583.929,65826628,loop
1584.035,65826628,loop
1584.140,65826628,loop
1584.245,65826628,loop
1584.350,65826628,loop
1584.456,65826628,loop
1584.561,65826628,loop
1584.666,65826628,loop
1584.771,65826628,loop
1584.876,65826628,loop
1584.981,65826628,loop
1585.087,65826628,loop
1585.192,65826628,loop
1585.297,65826628,loop
1585.402,65826628,loop
1585.507,65826628,loop
1585.612,65826628,loop
1585.718,65826628,loop
1585.823,65826628,loop
1585.928,65826628,loop
1586.033,65826628,loop
1586.138,65826628,loop
1586.243,65826628,loop
1586.349,65826628,loop
1586.454,65826628,loop
1586.559,65826628,loop
1586.664,65826628,loop
1586.769,65826628,loop
1586.874,65826628,loop
1586.980,65826628,loop
1587.085,65826628,loop
1587.190,65826628,loop
1587.295,65826628,loop
1587.400,65826628,loop
1587.505,65826628,loop
1587.611,65826628,loop
1587.716,65826628,loop
1587.821,65826628,loop
1587.926,65826628,loop
1588.031,65826628,loop
1588.136,65826628,loop
1588.242,65826628,loop
1588.347,65826628,loop
1588.452,65826884,loop
1588.557,65826884,loop
1588.662,65826884,loop
1588.767,65826884,loop
1588.872,65826884,loop
1588.978,65826884,loop
1589.083,65826884,loop
1589.188,65826884,loop
1589.293,65826884,loop
1589.398,65826884,loop
1589.503,65826884,loop
1589.609,65826884,loop
1589.714,65826884,loop
1589.819,65826884,loop
1589.924,65826884,loop
1590.029,65826884,loop
1590.135,65826884,loop
1590.240,65826884,loop
1590.345,65826884,loop
1590.450,65826884,loop
1590.555,65826884,loop
1590.660,65826884,loop
1590.766,65826884,loop
1590.871,65826884,loop
1590.976,65826884,loop
1591.081,65826884,loop
1591.186,65826884,loop
1591.291,65826884,loop
1591.397,65826884,loop
1591.502,65826884,loop
1591.607,65826884,loop
1591.712,65826884,loop
1591.817,65826884,loop
1591.922,65826884,loop
1592.028,65826884,loop
1592.133,65826884,loop
1592.238,65826884,loop
1592.343,65826884,loop
1592.448,65826884,loop
1592.553,65826884,loop
1592.659,65826884,loop
1592.764,65826884,loop
1592.869,65826884,loop
1592.974,65826884,loop
1593.079,65826884,loop
1593.184,65826884,loop
1593.290,65826884,loop
1593.395,65826884,loop
1593.500,65826884,loop
1593.605,65826884,loop
1593.710,65826884,loop
1593.815,65826884,loop
1593.921,65826884,loop
1594.026,65826884,loop
1594.131,65826884,loop
1594.236,65826884,loop
1594.341,65826884,loop
1594.446,65826884,loop
1594.552,65826884,loop
1594.657,65826884,loop
1594.762,65826884,loop
1594.867,65826884,loop
1594.972,65826884,loop
1595.077,65826884,loop
1595.183,65826884,loop
1595.288,65826884,loop
1595.393,65826884,loop
1595.498,65826884,loop
1595.603,65826884,loop
1595.708,65826884,loop
1595.813,65826884,loop
1595.919,65826884,loop
1596.024,65826884,loop
1596.129,65826884,loop
1596.234,65826884,loop
1596.339,65826884,loop
1596.444,65826884,loop
1596.550,65826884,loop
1596.655,65826884,loop
1596.760,65826884,loop
1596.865,65826884,loop
1596.970,65826884,loop
1597.075,65826884,loop
1597.181,65826884,loop
1597.286,65826884,loop
1597.391,65826884,loop
1597.496,65826884,loop
1597.601,65826884,loop
1597.706,65826884,loop
1597.812,65826884,loop
1597.917,65826884,loop
1598.022,65826884,loop
1598.127,65826884,loop
1598.232,65826884,loop
1598.337,65826884,loop
1598.443,65826884,loop
1598.548,65826884,loop
1598.653,65827140,loop
1598.758,65827140,loop
1598.863,65827140,loop
1598.968,65827140,loop
1599.074,65827140,loop
1599.179,65827140,loop
1599.284,65827140,loop
1599.389,65827140,loop
1599.494,65827140,loop
1599.599,65827140,loop
1599.705,65827140,loop
1599.810,65827140,loop
1599.915,65827140,loop
1600.020,65827140,loop
1600.125,65827140,loop
1600.230,65827140,loop
1600.336,65827140,loop
1600.441,65827140,loop
1600.546,65827140,loop
1600.651,65827140,loop
1600.756,65827140,loop
1600.861,65827140,loop
1600.967,65827140,loop
1601.072,65827140,loop
1601.177,65827140,loop
1601.282,65827140,loop
1601.387,65827140,loop
1601.492,65827140,loop
1601.598,65827140,loop
1601.703,65827140,loop
1601.808,65827140,loop
1601.913,65827140,loop
1602.018,65827140,loop
1602.123,65827140,loop
1602.229,65827140,loop
1602.334,65827140,loop
1602.439,65827140,loop
1602.544,65827140,loop
1602.649,65827140,loop
1602.754,65827140,loop
1602.860,65827140,loop
1602.965,65827140,loop
1603.070,65827140,loop
1603.175,65827140,loop
1603.280,65827140,loop
1603.385,65827140,loop
1603.491,65827140,loop
1603.596,65827140,loop
1603.701,65827140,loop
1603.806,65827140,loop
1603.911,65827140,loop
1604.016,65827140,loop
1604.122,65827140,loop
1604.227,65827140,loop
1604.332,65827140,loop
1604.437,65827140,loop
1604.542,65827140,loop
1604.647,65827140,loop
1604.753,65827140,loop
1604.858,65827140,loop
1604.963,65827140,loop
1605.068,65827140,loop
1605.173,65827140,loop
1605.278,65827140,loop
1605.384,65827140,loop
1605.489,65827140,loop
1605.594,65827140,loop
1605.699,65827140,loop
1605.804,65827140,loop
1605.909,65827140,loop
1606.014,65827140,loop
1606.120,65827140,loop
1606.225,65827140,loop
1606.330,65827140,loop
1606.435,65827140,loop
1606.540,65827140,loop
1606.645,65827140,loop
1606.751,65827140,loop
1606.856,65827140,loop
1606.961,65827140,loop
1607.066,65827140,loop
1607.171,65827140,loop
1607.276,65827140,loop
1607.382,65827140,loop
1607.487,65827140,loop
1607.592,65827140,loop
1607.697,65827140,loop
1607.802,65827140,loop
1607.907,65827140,loop
1608.013,65827140,loop
1608.118,65827140,loop
1608.223,65827140,loop
1608.328,65827140,loop
1608.433,65827140,loop
1608.538,65827140,loop
1608.644,65827140,loop
1608.749,65827140,loop
1608.855,65829444,loop
1608.960,65829444,loop
1609.065,65829444,loop
1609.170,65829444,loop
1609.275,65829444,loop
1609.380,65829444,loop
1609.486,65829444,loop
1609.591,65829444,loop
1609.696,65829444,loop
1609.801,65829444,loop
1609.906,65829444,loop
1610.011,65829444,loop
1610.117,65829444,loop
1610.222,65829444,loop
1610.327,65829444,loop
1610.432,65829444,loop
1610.537,65829444,loop
1610.642,65829444,loop
1610.748,65829444,loop
1610.853,65829444,loop
1610.958,65829444,loop
1611.063,65829444,loop
1611.168,65829444,loop
1611.273,65829444,loop
1611.379,65829444,loop
1611.484,65829444,loop
1611.589,65829444,loop
1611.694,65829444,loop
1611.799,65829444,loop
1611.904,65829444,loop
1612.010,65829444,loop
1612.115,65829444,loop
1612.220,65829444,loop
1612.325,65829444,loop
1612.430,65829444,loop
1612.535,65829444,loop
1612.641,65829444,loop
1612.746,65829444,loop
1612.851,65829444,loop
1612.956,65829444,loop
1613.061,65829444,loop
1613.166,65829444,loop
1613.272,65829444,loop
1613.377,65829444,loop
1613.482,65829444,loop
1613.587,65829444,loop
1613.692,65829444,loop
1613.797,65829444,loop
1613.903,65829444,loop
1614.008,65829444,loop
1614.113,65829444,loop
1614.218,65829444,loop
1614.323,65829444,loop
1614.428,65829444,loop
1614.534,65829444,loop
1614.639,65829444,loop
1614.744,65829444,loop
1614.849,65829444,loop
1614.954,65829444,loop
1615.059,65829444,loop
1615.165,65829444,loop
1615.270,65829444,loop
1615.375,65829444,loop
1615.480,65829444,loop
1615.585,65829444,loop
1615.690,65829444,loop
1615.796,65829444,loop
1615.901,65829444,loop
1616.006,65829444,loop
1616.111,65829444,loop
1616.216,65829444,loop
1616.321,65829444,loop
1616.427,65829444,loop
1616.532,65829444,loop
1616.637,65829444,loop
1616.742,65829444,loop
1616.847,65829444,loop
1616.952,65829444,loop
1617.058,65829444,loop
1617.163,65829444,loop
1617.268,65829444,loop
1617.373,65829444,loop
1617.478,65829444,loop
1617.583,65829444,loop
1617.688,65829444,loop
1617.794,65829444,loop
1617.899,65829444,loop
1618.004,65829444,loop
1618.109,65829444,loop
1618.214,65829444,loop
1618.320,65829444,loop
1618.425,65829444,loop
1618.530,65829444,loop
1618.635,65829444,loop
1618.740,65829444,loop
1618.845,65829444,loop
1618.951,65829444,loop
1619.056,65829444,loop
1619.161,65829700,loop
1619.266,65829700,loop
1619.371,65829700,loop
1619.476,65829700,loop
1619.582,65829700,loop
1619.687,65829700,loop
1619.792,65829700,loop
1619.897,65829700,loop
1620.002,65829700,loop
1620.107,65829700,loop
1620.213,65829700,loop
1620.318,65829700,loop
1620.423,65829700,loop
1620.528,65829700,loop
1620.633,65829700,loop
1620.739,65829700,loop
1620.844,65829700,loop
1620.949,65829700,loop
1621.054,65829700,loop
1621.159,65829700,loop
1621.264,65829700,loop
1621.370,65829700,loop
1621.475,65829700,loop
1621.580,65829700,loop
1621.685,65829700,loop
1621.790,65829700,loop
1621.895,65829700,loop
1622.001,65829700,loop
1622.106,65829700,loop
1622.211,65829700,loop
1622.316,65829700,loop
1622.421,65829700,loop
1622.526,65829700,loop
1622.632,65829700,loop
1622.737,65829700,loop
1622.842,65829700,loop
1622.947,65829700,loop
1623.052,65829700,loop
1623.157,65829700,loop
1623.263,65829700,loop
1623.368,65829700,loop
1623.473,65829700,loop
1623.578,65829700,loop
1623.683,65829700,loop
1623.788,65829700,loop
1623.894,65829700,loop
1623.999,65829700,loop
1624.104,65829700,loop
1624.209,65829700,loop
1624.314,65829700,loop
1624.419,65829700,loop
1624.525,65829700,loop
1624.630,65829700,loop
1624.735,65829700,loop
1624.840,65829700,loop
1624.945,65829700,loop
1625.050,65829700,loop
1625.156,65829700,loop
1625.261,65829700,loop
1625.366,65829700,loop
1625.471,65829700,loop
1625.576,65829700,loop
1625.681,65829700,loop
1625.787,65829700,loop
1625.892,65829700,loop
1625.997,65829700,loop
1626.102,65829700,loop
1626.207,65829700,loop
1626.312,65829700,loop
1626.418,65829700,loop
1626.523,65829700,loop
1626.628,65829700,loop
1626.733,65829700,loop
1626.838,65829700,loop
1626.943,65829700,loop
1627.049,65829700,loop
1627.154,65829700,loop
1627.259,65829700,loop
1627.364,65829700,loop
1627.469,65829700,loop
1627.574,65829700,loop
1627.679,65829700,loop
1627.785,65829700,loop
1627.890,65829700,loop
1627.995,65829700,loop
1628.100,65829700,loop
1628.205,65829700,loop
1628.311,65829700,loop
1628.416,65829700,loop
1628.521,65829700,loop
1628.626,65829700,loop
1628.731,65829700,loop
1628.836,65829700,loop
1628.942,65829700,loop
1629.047,65829700,loop
1629.152,65829700,loop
1629.257,65829700,loop
1629.362,65829956,loop
1629.467,65829956,loop
1629.573,65829956,loop
1629.678,65829956,loop
1629.783,65829956,loop
1629.888,65829956,loop
1629.993,65829956,loop
1630.098,65829956,loop
1630.204,65829956,loop
1630.309,65829956,loop
1630.414,65829956,loop
1630.519,65829956,loop
1630.624,65829956,loop
1630.729,65829956,loop
1630.835,65829956,loop
1630.940,65829956,loop
1631.045,65829956,loop
1631.150,65829956,loop
1631.255,65829956,loop
1631.360,65829956,loop
1631.465,65829956,loop
1631.571,65829956,loop
1631.676,65829956,loop
1631.781,65829956,loop
1631.886,65829956,loop
1631.991,65829956,loop
1632.096,65829956,loop
1632.202,65829956,loop
1632.307,65829956,loop
1632.412,65829956,loop
1632.517,65829956,loop
1632.622,65829956,loop
1632.727,65829956,loop
1632.833,65829956,loop
1632.938,65829956,loop
1633.043,65829956,loop
1633.148,65829956,loop
1633.253,65829956,loop
1633.358,65829956,loop
1633.464,65829956,loop
1633.569,65829956,loop
1633.674,65829956,loop
1633.779,65829956,loop
1633.884,65829956,loop
1633.989,65829956,loop
1634.095,65829956,loop
1634.200,65829956,loop
1634.305,65829956,loop
1634.410,65829956,loop
1634.515,65829956,loop
1634.620,65829956,loop
1634.726,65829956,loop
1634.831,65829956,loop
1634.936,65829956,loop
1635.041,65829956,loop
1635.146,65829956,loop
1635.251,65829956,loop
1635.357,65829956,loop
1635.462,65829956,loop
1635.567,65829956,loop
1635.672,65829956,loop
1635.777,65829956,loop
1635.882,65829956,loop
1635.987,65829956,loop
1636.093,65829956,loop
1636.198,65829956,loop
1636.303,65829956,loop
1636.408,65829956,loop
1636.513,65829956,loop
1636.619,65829956,loop
1636.724,65829956,loop
1636.829,65829956,loop
1636.934,65829956,loop
1637.039,65829956,loop
1637.144,65829956,loop
1637.250,65829956,loop
1637.355,65829956,loop
1637.460,65829956,loop
1637.565,65829956,loop
1637.670,65829956,loop
1637.775,65829956,loop
1637.881,65829956,loop
1637.986,65829956,loop
1638.091,65829956,loop
1638.196,65829956,loop
1638.301,65829956,loop
1638.406,65829956,loop
1638.512,65829956,loop
1638.617,65829956,loop
1638.722,65829956,loop
1638.827,65829956,loop
1638.932,65829956,loop
1639.037,65829956,loop
1639.143,65829956,loop
1639.248,65829956,loop
1639.353,65829956,loop
1639.458,65829956,loop
1639.563,65830212,loop
1639.668,65830212,loop
1639.774,65830212,loop
1639.879,65830212,loop
1639.984,65830212,loop
1640.089,65830212,loop
1640.194,65830212,loop
1640.299,65830212,loop
1640.405,65830212,loop
1640.510,65830212,loop
1640.615,65830212,loop
1640.720,65830212,loop
1640.825,65830212,loop
1640.930,65830212,loop
1641.036,65830212,loop
1641.141,65830212,loop
1641.246,65830212,loop
1641.351,65830212,loop
1641.456,65830212,loop
1641.561,65830212,loop
1641.667,65830212,loop
1641.772,65830212,loop
1641.877,65830212,loop
1641.982,65830212,loop
1642.087,65830212,loop
1642.192,65830212,loop
1642.298,65830212,loop
1642.403,65830212,loop
1642.508,65830212,loop
1642.613,65830212,loop
1642.718,65830212,loop
1642.823,65830212,loop
1642.929,65830212,loop
1643.034,65830212,loop
1643.139,65830212,loop
1643.244,65830212,loop
1643.349,65830212,loop
1643.454,65830212,loop
1643.560,65830212,loop
1643.665,65830212,loop
1643.770,65830212,loop
1643.875,65830212,loop
1643.980,65830212,loop
1644.085,65830212,loop
1644.191,65830212,loop
1644.296,65830212,loop
1644.401,65830212,loop
1644.506,65830212,loop
1644.611,65830212,loop
1644.716,65830212,loop
1644.822,65830212,loop
1644.927,65830212,loop
1645.032,65830212,loop
1645.137,65830212,loop
1645.242,65830212,loop
1645.348,65830212,loop
1645.453,65830212,loop
1645.558,65830212,loop
1645.663,65830212,loop
1645.768,65830212,loop
1645.873,65830212,loop
1645.979,65830212,loop
1646.084,65830212,loop
1646.189,65830212,loop
1646.294,65830212,loop
1646.399,65830212,loop
1646.504,65830212,loop
1646.610,65830212,loop
1646.715,65830212,loop
1646.820,65830212,loop
1646.925,65830212,loop
1647.030,65830212,loop
1647.135,65830212,loop
1647.241,65830212,loop
1647.346,65830212,loop
1647.451,65830212,loop
1647.556,65830212,loop
1647.661,65830212,loop
1647.766,65830212,loop
1647.872,65830212,loop
1647.977,65830212,loop
1648.082,65830212,loop
1648.187,65830212,loop
1648.292,65830212,loop
1648.397,65830212,loop
1648.503,65830212,loop
1648.608,65830212,loop
1648.713,65830212,loop
1648.818,65830212,loop
1648.923,65830212,loop
1649.028,65830212,loop
1649.134,65830212,loop
1649.239,65830212,loop
1649.344,65830212,loop
1649.449,65830212,loop
1649.554,65830212,loop
1649.659,65830212,loop
1649.765,65830212,loop
1649.870,65830468,loop
1649.975,65830468,loop
1650.080,65830468,loop
1650.185,65830468,loop
1650.290,65830468,loop
1650.396,65830468,loop
1650.501,65830468,loop
1650.606,65830468,loop
1650.711,65830468,loop
1650.816,65830468,loop
1650.921,65830468,loop
1651.027,65830468,loop
1651.132,65830468,loop
1651.237,65830468,loop
1651.342,65830468,loop
1651.447,65830468,loop
1651.552,65830468,loop
1651.658,65830468,loop
1651.763,65830468,loop
1651.868,65830468,loop
1651.973,65830468,loop
1652.078,65830468,loop
1652.183,65830468,loop
1652.289,65830468,loop
1652.394,65830468,loop
1652.499,65830468,loop
1652.604,65830468,loop
1652.709,65830468,loop
1652.814,65830468,loop
1652.920,65830468,loop
1653.025,65830468,loop
1653.130,65830468,loop
1653.235,65830468,loop
1653.340,65830468,loop
1653.445,65830468,loop
1653.551,65830468,loop
1653.656,65830468,loop
1653.761,65830468,loop
1653.866,65830468,loop
1653.971,65830468,loop
1654.076,65830468,loop
1654.182,65830468,loop
1654.287,65830468,loop
1654.392,65830468,loop
1654.497,65830468,loop
1654.602,65830468,loop
1654.707,65830468,loop
1654.813,65830468,loop
1654.918,65830468,loop
1655.023,65830468,loop
1655.128,65830468,loop
1655.233,65830468,loop
1655.338,65830468,loop
1655.444,65830468,loop
1655.549,65830468,loop
1655.654,65830468,loop
1655.759,65830468,loop
1655.864,65830468,loop
1655.969,65830468,loop
1656.074,65830468,loop
1656.180,65830468,loop
1656.285,65830468,loop
1656.390,65830468,loop
1656.495,65830468,loop
1656.600,65830468,loop
1656.705,65830468,loop
1656.811,65830468,loop
1656.916,65830468,loop
1657.021,65830468,loop
1657.126,65830468,loop
1657.231,65830468,loop
1657.336,65830468,loop
1657.442,65830468,loop
1657.547,65830468,loop
1657.652,65830468,loop
1657.757,65830468,loop
1657.862,65830468,loop
1657.967,65830468,loop
1658.073,65830468,loop
1658.178,65830468,loop
1658.283,65830468,loop
1658.388,65830468,loop
1658.493,65830468,loop
1658.598,65830468,loop
1658.704,65830468,loop
1658.809,65830468,loop
1658.914,65830468,loop
1659.019,65830468,loop
1659.124,65830468,loop
1659.229,65830468,loop
1659.335,65830468,loop
1659.440,65830468,loop
1659.545,65830468,loop
1659.650,65830468,loop
1659.755,65830468,loop
1659.860,65830468,loop
1659.966,65830468,loop
1660.071,65830724,loop
1660.176,65830724,loop
1660.281,65830724,loop
1660.386,65830724,loop
1660.491,65830724,loop
1660.597,65830724,loop
1660.702,65830724,loop
1660.807,65830724,loop
1660.912,65830724,loop
1661.017,65830724,loop
1661.122,65830724,loop
1661.228,65830724,loop
1661.333,65830724,loop
1661.438,65830724,loop
1661.543,65830724,loop
1661.648,65830724,loop
1661.753,65830724,loop
1661.859,65830724,loop
1661.964,65830724,loop
1662.069,65830724,loop
1662.174,65830724,loop
1662.279,65830724,loop
1662.384,65830724,loop
1662.490,65830724,loop
1662.595,65830724,loop
1662.700,65830724,loop
1662.805,65830724,loop
1662.910,65830724,loop
1663.015,65830724,loop
1663.121,65830724,loop
1663.226,65830724,loop
1663.331,65830724,loop
1663.436,65830724,loop
1663.541,65830724,loop
1663.646,65830724,loop
1663.752,65830724,loop
1663.857,65830724,loop
1663.962,65830724,loop
1664.067,65830724,loop
1664.172,65830724,loop
1664.277,65830724,loop
1664.383,65830724,loop
1664.488,65830724,loop
1664.593,65830724,loop
1664.698,65830724,loop
1664.803,65830724,loop
1664.908,65830724,loop
1665.014,65830724,loop
1665.119,65830724,loop
1665.224,65830724,loop
1665.329,65830724,loop
1665.434,65830724,loop
1665.539,65830724,loop
1665.645,65830724,loop
1665.750,65830724,loop
1665.855,65830724,loop
1665.960,65830724,loop
1666.065,65830724,loop
1666.170,65830724,loop
1666.276,65830724,loop
1666.381,65830724,loop
1666.486,65830724,loop
1666.591,65830724,loop
1666.696,65830724,loop
1666.801,65830724,loop
1666.907,65830724,loop
1667.012,65830724,loop
1667.117,65830724,loop
1667.222,65830724,loop
1667.327,65830724,loop
1667.432,65830724,loop
1667.538,65830724,loop
1667.643,65830724,loop
1667.748,65830724,loop
1667.853,65830724,loop
1667.958,65830724,loop
1668.063,65830724,loop
1668.168,65830724,loop
1668.274,65830724,loop
1668.379,65830724,loop
1668.484,65830724,loop
1668.589,65830724,loop
1668.694,65830724,loop
1668.801,65832772,loop
1668.906,65832772,loop
1669.011,65832772,loop
1669.116,65832772,loop
1669.221,65832772,loop
1669.326,65832772,loop
1669.432,65832772,loop
1669.537,65832772,loop
1669.642,65832772,loop
1669.747,65832772,loop
1669.852,65832772,loop
1669.957,65832772,loop
1670.063,65832772,loop
1670.168,65832772,loop
1670.273,65832772,loop
1670.378,65833028,loop
1670.483,65833028,loop
1670.588,65833028,loop
1670.694,65833028,loop
1670.799,65833028,loop
1670.904,65833028,loop
1671.009,65833028,loop
1671.114,65833028,loop
1671.219,65833028,loop
1671.325,65833028,loop
1671.430,65833028,loop
1671.535,65833028,loop
1671.640,65833028,loop
1671.745,65833028,loop
1671.850,65833028,loop
1671.956,65833028,loop
1672.061,65833028,loop
1672.166,65833028,loop
1672.271,65833028,loop
1672.376,65833028,loop
1672.481,65833028,loop
1672.587,65833028,loop
1672.692,65833028,loop
1672.797,65833028,loop
1672.902,65833028,loop
1673.007,65833028,loop
1673.112,65833028,loop
1673.218,65833028,loop
1673.323,65833028,loop
1673.428,65833028,loop
1673.533,65833028,loop
1673.638,65833028,loop
1673.744,65833028,loop
1673.849,65833028,loop
1673.954,65833028,loop
1674.060,65833028,loop
1674.165,65833028,loop
1674.270,65833028,loop
1674.375,65833028,loop
1674.480,65833028,loop
1674.585,65833028,loop
1674.691,65833028,loop
1674.796,65833028,loop
1674.901,65833028,loop
1675.006,65833028,loop
1675.111,65833028,loop
1675.216,65833028,loop
1675.322,65833028,loop
1675.427,65833028,loop
1675.532,65833028,loop
1675.637,65833028,loop
1675.742,65833028,loop
1675.847,65833028,loop
1675.953,65833028,loop
1676.058,65833028,loop
1676.163,65833028,loop
1676.268,65833028,loop
1676.373,65833028,loop
1676.478,65833028,loop
1676.584,65833028,loop
1676.689,65833028,loop
1676.794,65833028,loop
1676.899,65833028,loop
1677.004,65833028,loop
1677.109,65833028,loop
1677.214,65833028,loop
1677.320,65833028,loop
1677.425,65833028,loop
1677.530,65833028,loop
1677.635,65833028,loop
1677.740,65833028,loop
1677.845,65833028,loop
1677.951,65833028,loop
1678.056,65833028,loop
1678.161,65833028,loop
1678.266,65833028,loop
1678.371,65833028,loop
1678.476,65833028,loop
1678.582,65833028,loop
1678.687,65833028,loop
1678.792,65833028,loop
1678.897,65833028,loop
1679.002,65833028,loop
1679.107,65833028,loop
1679.213,65833028,loop
1679.318,65833028,loop
1679.423,65833028,loop
1679.528,65833028,loop
1679.633,65833028,loop
1679.738,65833028,loop
1679.844,65833028,loop
1679.949,65833028,loop
1680.054,65833028,loop
1680.159,65833028,loop
1680.264,65833028,loop
1680.369,65833028,loop
1680.475,65833028,loop
1680.580,65833284,loop
1680.685,65833284,loop
1680.790,65833284,loop
1680.895,65833284,loop
1681.000,65833284,loop
1681.106,65833284,loop
1681.211,65833284,loop
1681.316,65833284,loop
1681.421,65833284,loop
1681.526,65833284,loop
1681.631,65833284,loop
1681.737,65833284,loop
1681.842,65833284,loop
1681.947,65833284,loop
1682.052,65833284,loop
1682.157,65833284,loop
1682.262,65833284,loop
1682.368,65833284,loop
1682.473,65833284,loop
1682.578,65833284,loop
1682.683,65833284,loop
1682.788,65833284,loop
1682.893,65833284,loop
1682.999,65833284,loop
1683.104,65833284,loop
1683.209,65833284,loop
1683.314,65833284,loop
1683.419,65833284,loop
1683.524,65833284,loop
1683.630,65833284,loop
1683.735,65833284,loop
1683.840,65833284,loop
1683.945,65833284,loop
1684.050,65833284,loop
1684.155,65833284,loop
1684.261,65833284,loop
1684.366,65833284,loop
1684.471,65833284,loop
1684.576,65833284,loop
1684.681,65833284,loop
1684.786,65833284,loop
1684.892,65833284,loop
1684.997,65833284,loop
1685.102,65833284,loop
1685.207,65833284,loop
1685.312,65833284,loop
1685.417,65833284,loop
1685.523,65833284,loop
1685.628,65833284,loop
1685.733,65833284,loop
1685.838,65833284,loop
1685.943,65833284,loop
1686.048,65833284,loop
1686.154,65833284,loop
1686.259,65833284,loop
1686.364,65833284,loop
1686.469,65833284,loop
1686.574,65833284,loop
1686.679,65833284,loop
1686.785,65833284,loop
1686.890,65833284,loop
1686.995,65833284,loop
1687.100,65833284,loop
1687.205,65833284,loop
1687.310,65833284,loop
1687.416,65833284,loop
1687.521,65833284,loop
1687.626,65833284,loop
1687.731,65833284,loop
1687.836,65833284,loop
1687.941,65833284,loop
1688.047,65833284,loop
1688.152,65833284,loop
1688.257,65833284,loop
1688.362,65833284,loop
1688.467,65833284,loop
1688.572,65833284,loop
1688.678,65833284,loop
1688.783,65833284,loop
1688.888,65833284,loop
1688.993,65833284,loop
1689.098,65833284,loop
1689.203,65833284,loop
1689.309,65833284,loop
1689.414,65833284,loop
1689.519,65833284,loop
1689.624,65833284,loop
1689.729,65833284,loop
1689.834,65833284,loop
1689.940,65833284,loop
1690.045,65833284,loop
1690.150,65833284,loop
1690.255,65833284,loop
1690.360,65833284,loop
1690.465,65833284,loop
1690.571,65833284,loop
1690.676,65833284,loop
1690.781,65833540,loop
1690.886,65833540,loop
1690.991,65833540,loop
1691.096,65833540,loop
1691.202,65833540,loop
1691.307,65833540,loop
1691.412,65833540,loop
1691.517,65833540,loop
1691.622,65833540,loop
1691.727,65833540,loop
1691.833,65833540,loop
1691.938,65833540,loop
1692.043,65833540,loop
1692.148,65833540,loop
1692.253,65833540,loop
1692.358,65833540,loop
1692.464,65833540,loop
1692.569,65833540,loop
1692.674,65833540,loop
1692.779,65833540,loop
1692.884,65833540,loop
1692.989,65833540,loop
1693.094,65833540,loop
1693.200,65833540,loop
1693.305,65833540,loop
1693.410,65833540,loop
1693.515,65833540,loop
1693.620,65833540,loop
1693.725,65833540,loop
1693.831,65833540,loop
1693.936,65833540,loop
1694.041,65833540,loop
1694.146,65833540,loop
1694.251,65833540,loop
1694.357,65833540,loop
1694.462,65833540,loop
1694.567,65833540,loop
1694.672,65833540,loop
1694.777,65833540,loop
1694.882,65833540,loop
1694.988,65833540,loop
1695.093,65833540,loop
1695.198,65833540,loop
1695.303,65833540,loop
1695.408,65833540,loop
1695.513,65833540,loop
1695.619,65833540,loop
1695.724,65833540,loop
1695.829,65833540,loop
1695.934,65833540,loop
1696.039,65833540,loop
1696.144,65833540,loop
1696.250,65833540,loop
1696.355,65833540,loop
1696.460,65833540,loop
1696.565,65833540,loop
1696.670,65833540,loop
1696.775,65833540,loop
1696.881,65833540,loop
1696.986,65833540,loop
1697.091,65833540,loop
1697.196,65833540,loop
1697.301,65833540,loop
1697.406,65833540,loop
1697.512,65833540,loop
1697.617,65833540,loop
1697.722,65833540,loop
1697.827,65833540,loop
1697.932,65833540,loop
1698.037,65833540,loop
1698.143,65833540,loop
1698.248,65833540,loop
1698.353,65833540,loop
1698.458,65833540,loop
1698.563,65833540,loop
1698.668,65833540,loop
1698.773,65833540,loop
1698.879,65833540,loop
1698.984,65833540,loop
1699.089,65833540,loop
1699.194,65833540,loop
1699.299,65833540,loop
1699.404,65833540,loop
1699.510,65833540,loop
1699.615,65833540,loop
1699.720,65833540,loop
1699.825,65833540,loop
1699.930,65833540,loop
1700.035,65833540,loop
1700.141,65833540,loop
1700.246,65833540,loop
1700.351,65833540,loop
1700.456,65833540,loop
1700.561,65833540,loop
1700.666,65833540,loop
1700.772,65833540,loop
1700.877,65833540,loop
1700.982,65833540,loop
1701.087,65833796,loop
1701.192,65833796,loop
1701.297,65833796,loop
1701.403,65833796,loop
1701.508,65833796,loop
1701.613,65833796,loop
1701.718,65833796,loop
1701.823,65833796,loop
1701.928,65833796,loop
1702.034,65833796,loop
1702.139,65833796,loop
1702.244,65833796,loop
1702.349,65833796,loop
1702.454,65833796,loop
1702.559,65833796,loop
1702.665,65833796,loop
1702.770,65833796,loop
1702.875,65833796,loop
1702.980,65833796,loop
1703.085,65833796,loop
1703.190,65833796,loop
1703.296,65833796,loop
1703.401,65833796,loop
1703.506,65833796,loop
1703.611,65833796,loop
1703.716,65833796,loop
1703.821,65833796,loop
1703.927,65833796,loop
1704.032,65833796,loop
1704.137,65833796,loop
1704.242,65833796,loop
1704.347,65833796,loop
1704.452,65833796,loop
1704.558,65833796,loop
1704.663,65833796,loop
1704.768,65833796,loop
1704.873,65833796,loop
1704.978,65833796,loop
1705.083,65833796,loop
1705.189,65833796,loop
1705.294,65833796,loop
1705.399,65833796,loop
1705.504,65833796,loop
1705.609,65833796,loop
1705.714,65833796,loop
1705.820,65833796,loop
1705.925,65833796,loop
1706.030,65833796,loop
1706.135,65833796,loop
1706.240,65833796,loop
1706.345,65833796,loop
1706.451,65833796,loop
1706.556,65833796,loop
1706.661,65833796,loop
1706.766,65833796,loop
1706.871,65833796,loop
1706.976,65833796,loop
1707.082,65833796,loop
1707.187,65833796,loop
1707.292,65833796,loop
1707.397,65833796,loop
1707.502,65833796,loop
1707.607,65833796,loop
1707.713,65833796,loop
1707.818,65833796,loop
1707.923,65833796,loop
1708.028,65833796,loop
1708.133,65833796,loop
1708.238,65833796,loop
1708.344,65833796,loop
1708.449,65833796,loop
1708.554,65833796,loop
1708.659,65833796,loop
1708.764,65833796,loop
1708.869,65833796,loop
1708.975,65833796,loop
1709.080,65833796,loop
1709.185,65833796,loop
1709.290,65833796,loop
1709.395,65833796,loop
1709.500,65833796,loop
1709.605,65833796,loop
1709.711,65833796,loop
1709.816,65833796,loop
1709.921,65833796,loop
1710.026,65833796,loop
1710.131,65833796,loop
1710.236,65833796,loop
1710.342,65833796,loop
1710.447,65833796,loop
1710.552,65833796,loop
1710.657,65833796,loop
1710.762,65833796,loop
1710.868,65833796,loop
1710.973,65833796,loop
1711.078,65833796,loop
1711.183,65833796,loop
1711.288,65834052,loop
1711.393,65834052,loop
1711.498,65834052,loop
1711.604,65834052,loop
1711.709,65834052,loop
1711.814,65834052,loop
1711.919,65834052,loop
1712.024,65834052,loop
1712.129,65834052,loop
1712.235,65834052,loop
1712.340,65834052,loop
1712.445,65834052,loop
1712.550,65834052,loop
1712.655,65834052,loop
1712.760,65834052,loop
1712.866,65834052,loop
1712.971,65834052,loop
1713.076,65834052,loop
1713.181,65834052,loop
1713.286,65834052,loop
1713.391,65834052,loop
1713.497,65834052,loop
1713.602,65834052,loop
1713.707,65834052,loop
1713.812,65834052,loop
1713.917,65834052,loop
1714.022,65834052,loop
1714.128,65834052,loop
1714.233,65834052,loop
1714.338,65834052,loop
1714.443,65834052,loop
1714.548,65834052,loop
1714.653,65834052,loop
1714.759,65834052,loop
1714.864,65834052,loop
1714.969,65834052,loop
1715.074,65834052,loop
1715.179,65834052,loop
1715.284,65834052,loop
1715.390,65834052,loop
1715.495,65834052,loop
1715.600,65834052,loop
1715.705,65834052,loop
1715.810,65834052,loop
1715.915,65834052,loop
1716.021,65834052,loop
1716.126,65834052,loop
1716.231,65834052,loop
1716.336,65834052,loop
1716.441,65834052,loop
1716.546,65834052,loop
1716.652,65834052,loop
1716.757,65834052,loop
1716.862,65834052,loop
1716.967,65834052,loop
1717.072,65834052,loop
1717.177,65834052,loop
1717.283,65834052,loop
1717.388,65834052,loop
1717.493,65834052,loop
1717.598,65834052,loop
1717.703,65834052,loop
1717.808,65834052,loop
1717.914,65834052,loop
1718.019,65834052,loop
1718.124,65834052,loop
1718.229,65834052,loop
1718.334,65834052,loop
1718.439,65834052,loop
1718.545,65834052,loop
1718.650,65834052,loop
1718.755,65834052,loop
1718.860,65834052,loop
1718.965,65834052,loop
1719.070,65834052,loop
1719.176,65834052,loop
1719.281,65834052,loop
1719.386,65834052,loop
1719.491,65834052,loop
1719.596,65834052,loop
1719.701,65834052,loop
1719.807,65834052,loop
1719.912,65834052,loop
1720.017,65834052,loop
1720.122,65834052,loop
1720.227,65834052,loop
1720.332,65834052,loop
1720.437,65834052,loop
1720.543,65834052,loop
1720.648,65834052,loop
1720.753,65834052,loop
1720.858,65834052,loop
1720.963,65834052,loop
1721.069,65834052,loop
1721.174,65834052,loop
1721.279,65834052,loop
1721.384,65834052,loop
1721.489,65834308,loop
1721.594,65834308,loop
1721.700,65834308,loop
1721.805,65834308,loop
1721.910,65834308,loop
1722.015,65834308,loop
1722.120,65834308,loop
1722.225,65834308,loop
1722.331,65834308,loop
1722.436,65834308,loop
1722.541,65834308,loop
1722.646,65834308,loop
1722.751,65834308,loop
1722.856,65834308,loop
1722.962,65834308,loop
1723.067,65834308,loop
1723.172,65834308,loop
1723.277,65834308,loop
1723.382,65834308,loop
1723.487,65834308,loop
1723.593,65834308,loop
1723.698,65834308,loop
1723.803,65834308,loop
1723.908,65834308,loop
1724.013,65834308,loop
1724.118,65834308,loop
1724.224,65834308,loop
1724.329,65834308,loop
1724.434,65834308,loop
1724.539,65834308,loop
1724.644,65834308,loop
1724.749,65834308,loop
1724.855,65834308,loop
1724.960,65834308,loop
1725.065,65834308,loop
1725.170,65834308,loop
1725.275,65834308,loop
1725.380,65834308,loop
1725.486,65834308,loop
1725.591,65834308,loop
1725.696,65834308,loop
1725.801,65834308,loop
1725.906,65834308,loop
1726.011,65834308,loop
1726.117,65834308,loop
1726.222,65834308,loop
1726.327,65834308,loop
1726.432,65834308,loop
1726.537,65834308,loop
1726.642,65834308,loop
1726.748,65834308,loop
1726.853,65834308,loop
1726.958,65834308,loop
1727.063,65834308,loop
1727.168,65834308,loop
1727.273,65834308,loop
1727.379,65834308,loop
1727.484,65834308,loop
1727.589,65834308,loop
1727.694,65834308,loop
1727.799,65834308,loop
1727.904,65834308,loop
1728.010,65834308,loop
1728.115,65834308,loop
1728.220,65834308,loop
1728.325,65834308,loop
1728.430,65834308,loop
1728.535,65834308,loop
1728.641,65834308,loop
1728.746,65836356,loop
1728.851,65836356,loop
1728.956,65836356,loop
1729.061,65836356,loop
1729.166,65836356,loop
1729.272,65836356,loop
1729.377,65836356,loop
1729.482,65836356,loop
1729.587,65836356,loop
1729.692,65836356,loop
1729.797,65836356,loop
1729.903,65836356,loop
1730.008,65836356,loop
1730.113,65836356,loop
1730.218,65836356,loop
1730.323,65836356,loop
1730.428,65836356,loop
1730.534,65836356,loop
1730.639,65836356,loop
1730.744,65836356,loop
1730.849,65836356,loop
1730.954,65836356,loop
1731.059,65836356,loop
1731.165,65836356,loop
1731.270,65836356,loop
1731.375,65836356,loop
1731.480,65836356,loop
1731.585,65836356,loop
1731.690,65836356,loop
1731.796,65836612,loop
1731.901,65836612,loop
1732.006,65836612,loop
1732.111,65836612,loop
1732.216,65836612,loop
1732.321,65836612,loop
1732.427,65836612,loop
1732.532,65836612,loop
1732.637,65836612,loop
1732.742,65836612,loop
1732.847,65836612,loop
1732.952,65836612,loop
1733.058,65836612,loop
1733.163,65836612,loop
1733.268,65836612,loop
1733.373,65836612,loop
1733.478,65836612,loop
1733.583,65836612,loop
1733.689,65836612,loop
1733.794,65836612,loop
1733.899,65836612,loop
1734.004,65836612,loop
1734.109,65836612,loop
1734.214,65836612,loop
1734.320,65836612,loop
1734.425,65836612,loop
1734.530,65836612,loop
1734.635,65836612,loop
1734.740,65836612,loop
1734.845,65836612,loop
1734.951,65836612,loop
1735.056,65836612,loop
1735.161,65836612,loop
1735.266,65836612,loop
1735.371,65836612,loop
1735.476,65836612,loop
1735.582,65836612,loop
1735.687,65836612,loop
1735.792,65836612,loop
1735.897,65836612,loop
1736.002,65836612,loop
1736.107,65836612,loop
1736.213,65836612,loop
1736.318,65836612,loop
1736.423,65836612,loop
1736.528,65836612,loop
1736.633,65836612,loop
1736.738,65836612,loop
1736.844,65836612,loop
1736.949,65836612,loop
1737.054,65836612,loop
1737.159,65836612,loop
1737.264,65836612,loop
1737.369,65836612,loop
1737.475,65836612,loop
1737.580,65836612,loop
1737.685,65836612,loop
1737.790,65836612,loop
1737.895,65836612,loop
1738.000,65836612,loop
1738.106,65836612,loop
1738.211,65836612,loop
1738.316,65836612,loop
1738.421,65836612,loop
1738.526,65836612,loop
1738.631,65836612,loop
1738.737,65836612,loop
1738.842,65836612,loop
1738.947,65836612,loop
1739.052,65836612,loop
1739.157,65836612,loop
1739.262,65836612,loop
1739.368,65836612,loop
1739.473,65836612,loop
1739.578,65836612,loop
1739.683,65836612,loop
1739.788,65836612,loop
1739.893,65836612,loop
1739.999,65836612,loop
1740.104,65836612,loop
1740.209,65836612,loop
1740.314,65836612,loop
1740.419,65836612,loop
1740.524,65836612,loop
1740.630,65836612,loop
1740.735,65836612,loop
1740.840,65836612,loop
1740.945,65836612,loop
1741.050,65836612,loop
1741.155,65836612,loop
1741.261,65836612,loop
1741.366,65836612,loop
1741.471,65836612,loop
1741.576,65836612,loop
1741.681,65836612,loop
1741.786,65836612,loop
1741.892,65836612,loop
1741.997,65836868,loop
1742.102,65836868,loop
1742.207,65836868,loop
1742.312,65836868,loop
1742.417,65836868,loop
1742.523,65836868,loop
1742.628,65836868,loop
1742.733,65836868,loop
1742.838,65836868,loop
1742.943,65836868,loop
1743.048,65836868,loop
1743.154,65836868,loop
1743.259,65836868,loop
1743.364,65836868,loop
1743.469,65836868,loop
1743.574,65836868,loop
1743.679,65836868,loop
1743.785,65836868,loop
1743.890,65836868,loop
1743.995,65836868,loop
1744.100,65836868,loop
1744.205,65836868,loop
1744.310,65836868,loop
1744.416,65836868,loop
1744.521,65836868,loop
1744.626,65836868,loop
1744.731,65836868,loop
1744.836,65836868,loop
1744.941,65836868,loop
1745.047,65836868,loop
1745.152,65836868,loop
1745.257,65836868,loop
1745.362,65836868,loop
1745.467,65836868,loop
1745.572,65836868,loop
1745.678,65836868,loop
1745.783,65836868,loop
1745.888,65836868,loop
1745.993,65836868,loop
1746.098,65836868,loop
1746.203,65836868,loop
1746.309,65836868,loop
1746.414,65836868,loop
1746.519,65836868,loop
1746.624,65836868,loop
1746.729,65836868,loop
1746.834,65836868,loop
1746.940,65836868,loop
1747.045,65836868,loop
1747.150,65836868,loop
1747.255,65836868,loop
1747.360,65836868,loop
1747.465,65836868,loop
1747.571,65836868,loop
1747.676,65836868,loop
1747.781,65836868,loop
1747.886,65836868,loop
1747.991,65836868,loop
1748.096,65836868,loop
1748.202,65836868,loop
1748.307,65836868,loop
1748.412,65836868,loop
1748.517,65836868,loop
1748.622,65836868,loop
1748.727,65836868,loop
1748.833,65836868,loop
1748.938,65836868,loop
1749.043,65836868,loop
1749.148,65836868,loop
1749.253,65836868,loop
1749.358,65836868,loop
1749.464,65836868,loop
1749.569,65836868,loop
1749.674,65836868,loop
1749.779,65836868,loop
1749.884,65836868,loop
1749.989,65836868,loop
1750.095,65836868,loop
1750.200,65836868,loop
1750.305,65836868,loop
1750.410,65836868,loop
1750.515,65836868,loop
1750.620,65836868,loop
1750.725,65836868,loop
1750.831,65836868,loop
1750.936,65836868,loop
1751.041,65836868,loop
1751.146,65836868,loop
1751.251,65836868,loop
1751.357,65836868,loop
1751.462,65836868,loop
1751.567,65836868,loop
1751.672,65836868,loop
1751.777,65836868,loop
1751.882,65836868,loop
1751.988,65836868,loop
1752.093,65836868,loop
1752.198,65836916,loop
1752.303,65837124,loop
1752.408,65837124,loop
1752.513,65837124,loop
1752.619,65837124,loop
1752.724,65837124,loop
1752.829,65837124,loop
1752.934,65837124,loop
1753.039,65837124,loop
1753.144,65837124,loop
1753.250,65837124,loop
1753.355,65837124,loop
1753.460,65837124,loop
1753.565,65837124,loop
1753.670,65837124,loop
1753.775,65837124,loop
1753.881,65837124,loop
1753.986,65837124,loop
1754.091,65837124,loop
1754.196,65837124,loop
1754.301,65837124,loop
1754.406,65837124,loop
1754.512,65837124,loop
1754.617,65837124,loop
1754.722,65837124,loop
1754.827,65837124,loop
1754.932,65837124,loop
1755.037,65837124,loop
1755.143,65837124,loop
1755.248,65837124,loop
1755.353,65837124,loop
1755.458,65837124,loop
1755.563,65837124,loop
1755.668,65837124,loop
1755.774,65837124,loop
1755.879,65837124,loop
1755.984,65837124,loop
1756.089,65837124,loop
1756.194,65837124,loop
1756.299,65837124,loop
1756.405,65837124,loop
1756.510,65837124,loop
1756.615,65837124,loop
1756.720,65837124,loop
1756.825,65837124,loop
1756.930,65837124,loop
1757.036,65837124,loop
1757.141,65837124,loop
1757.246,65837124,loop
1757.351,65837124,loop
1757.456,65837124,loop
1757.561,65837124,loop
1757.667,65837124,loop
1757.772,65837124,loop
1757.877,65837124,loop
1757.982,65837124,loop
1758.087,65837124,loop
1758.192,65837124,loop
1758.298,65837124,loop
1758.403,65837124,loop
1758.508,65837124,loop
1758.613,65837124,loop
1758.718,65837124,loop
1758.823,65837124,loop
1758.929,65837124,loop
1759.034,65837124,loop
1759.139,65837124,loop
1759.244,65837124,loop
1759.349,65837124,loop
1759.454,65837124,loop
1759.560,65837124,loop
1759.665,65837124,loop
1759.770,65837124,loop
1759.875,65837124,loop
1759.980,65837124,loop
1760.085,65837124,loop
1760.191,65837124,loop
1760.296,65837124,loop
1760.401,65837124,loop
1760.506,65837124,loop
1760.611,65837124,loop
1760.716,65837124,loop
1760.822,65837124,loop
1760.927,65837124,loop
1761.032,65837124,loop
1761.137,65837124,loop
1761.242,65837124,loop
1761.347,65837124,loop
1761.453,65837124,loop
1761.558,65837124,loop
1761.663,65837124,loop
1761.768,65837124,loop
1761.873,65837124,loop
1761.978,65837124,loop
1762.084,65837124,loop
1762.189,65837124,loop
1762.294,65837124,loop
1762.399,65837124,loop
1762.504,65837380,loop
1762.609,65837380,loop
1762.715,65837380,loop
1762.820,65837380,loop
1762.925,65837380,loop
1763.030,65837380,loop
1763.135,65837380,loop
1763.240,65837380,loop
1763.346,65837380,loop
1763.451,65837380,loop
1763.556,65837380,loop
1763.661,65837380,loop
1763.766,65837380,loop
1763.871,65837380,loop
1763.977,65837380,loop
1764.082,65837380,loop
1764.187,65837380,loop
1764.292,65837380,loop
1764.397,65837380,loop
1764.502,65837380,loop
1764.608,65837380,loop
1764.713,65837380,loop
1764.818,65837380,loop
1764.923,65837380,loop
1765.028,65837380,loop
1765.133,65837380,loop
1765.239,65837380,loop
1765.344,65837380,loop
1765.449,65837380,loop
1765.554,65837380,loop
1765.659,65837380,loop
1765.764,65837380,loop
1765.870,65837380,loop
1765.975,65837380,loop
1766.080,65837380,loop
1766.185,65837380,loop
1766.290,65837380,loop
1766.395,65837380,loop
1766.500,65837380,loop
1766.606,65837380,loop
1766.711,65837380,loop
1766.816,65837380,loop
1766.921,65837380,loop
1767.026,65837380,loop
1767.132,65837380,loop
1767.237,65837380,loop
1767.342,65837380,loop
1767.447,65837380,loop
1767.552,65837380,loop
1767.657,65837380,loop
1767.763,65837380,loop
1767.868,65837380,loop
1767.973,65837380,loop
1768.078,65837380,loop
1768.183,65837380,loop
1768.288,65837380,loop
1768.394,65837380,loop
1768.499,65837380,loop
1768.604,65837380,loop
1768.709,65837380,loop
1768.814,65837380,loop
1768.919,65837380,loop
1769.024,65837380,loop
1769.130,65837380,loop
1769.235,65837380,loop
1769.340,65837380,loop
1769.445,65837380,loop
1769.550,65837380,loop
1769.655,65837380,loop
1769.761,65837380,loop
1769.866,65837380,loop
1769.971,65837380,loop
1770.076,65837380,loop
1770.181,65837380,loop
1770.287,65837380,loop
1770.392,65837380,loop
1770.497,65837380,loop
1770.602,65837380,loop
1770.707,65837380,loop
1770.812,65837380,loop
1770.918,65837380,loop
1771.023,65837380,loop
1771.128,65837380,loop
1771.233,65837380,loop
1771.338,65837380,loop
1771.443,65837380,loop
1771.549,65837380,loop
1771.654,65837380,loop
1771.759,65837380,loop
1771.864,65837380,loop
1771.969,65837380,loop
1772.074,65837380,loop
1772.180,65837380,loop
1772.285,65837380,loop
1772.390,65837380,loop
1772.495,65837380,loop
1772.600,65837380,loop
1772.705,65837636,loop
1772.811,65837636,loop
1772.916,65837636,loop
1773.021,65837636,loop
1773.126,65837636,loop
1773.231,65837636,loop
1773.336,65837636,loop
1773.442,65837636,loop
1773.547,65837636,loop
1773.652,65837636,loop
1773.757,65837636,loop
1773.862,65837636,loop
1773.967,65837636,loop
1774.073,65837636,loop
1774.178,65837636,loop
1774.283,65837636,loop
1774.388,65837636,loop
1774.493,65837636,loop
1774.598,65837636,loop
1774.704,65837636,loop
1774.809,65837636,loop
1774.914,65837636,loop
1775.019,65837636,loop
1775.124,65837636,loop
1775.229,65837636,loop
1775.335,65837636,loop
1775.440,65837636,loop
1775.545,65837636,loop
1775.650,65837636,loop
1775.755,65837636,loop
1775.860,65837636,loop
1775.966,65837636,loop
1776.071,65837636,loop
1776.176,65837636,loop
1776.281,65837636,loop
1776.386,65837636,loop
1776.491,65837636,loop
1776.597,65837636,loop
1776.702,65837636,loop
1776.807,65837636,loop
1776.912,65837636,loop
1777.017,65837636,loop
1777.122,65837636,loop
1777.228,65837636,loop
1777.333,65837636,loop
1777.438,65837636,loop
1777.543,65837636,loop
1777.648,65837636,loop
1777.753,65837636,loop
1777.859,65837636,loop
1777.964,65837636,loop
1778.069,65837636,loop
1778.174,65837636,loop
1778.279,65837636,loop
1778.384,65837636,loop
1778.490,65837636,loop
1778.595,65837636,loop
1778.700,65837636,loop
1778.805,65837636,loop
1778.910,65837636,loop
1779.015,65837636,loop
1779.121,65837636,loop
1779.226,65837636,loop
1779.331,65837636,loop
1779.436,65837636,loop
1779.541,65837636,loop
1779.646,65837636,loop
1779.752,65837636,loop
1779.857,65837636,loop
1779.962,65837636,loop
1780.067,65837636,loop
1780.172,65837636,loop
1780.277,65837636,loop
1780.383,65837636,loop
1780.488,65837636,loop
1780.593,65837636,loop
1780.698,65837636,loop
1780.803,65837636,loop
1780.908,65837636,loop
1781.014,65837636,loop
1781.119,65837636,loop
1781.224,65837636,loop
1781.329,65837636,loop
1781.434,65837636,loop
1781.539,65837636,loop
1781.644,65837636,loop
1781.750,65837636,loop
1781.855,65837636,loop
1781.960,65837636,loop
1782.065,65837636,loop
1782.170,65837636,loop
1782.276,65837636,loop
1782.381,65837636,loop
1782.486,65837636,loop
1782.591,65837636,loop
1782.696,65837636,loop
1782.801,65837636,loop
1782.907,65837636,loop
1783.012,65837892,loop
1783.117,65837892,loop
1783.222,65837892,loop
1783.327,65837892,loop
1783.432,65837892,loop
1783.538,65837892,loop
1783.643,65837892,loop
1783.748,65837892,loop
1783.853,65837892,loop
1783.958,65837892,loop
1784.063,65837892,loop
1784.169,65837892,loop
1784.274,65837892,loop
1784.379,65837892,loop
1784.484,65837892,loop
1784.589,65837892,loop
1784.694,65837892,loop
1784.799,65837892,loop
1784.905,65837892,loop
1785.010,65837892,loop
1785.115,65837892,loop
1785.220,65837892,loop
1785.325,65837892,loop
1785.430,65837892,loop
1785.536,65837892,loop
1785.641,65837892,loop
1785.746,65837892,loop
1785.851,65837892,loop
1785.956,65837892,loop
1786.061,65837892,loop
1786.167,65837892,loop
1786.272,65837892,loop
1786.377,65837892,loop
1786.482,65837892,loop
1786.587,65837892,loop
1786.692,65837892,loop
1786.798,65837892,loop
1786.903,65837892,loop
1787.008,65837892,loop
1787.113,65837892,loop
1787.218,65837892,loop
1787.323,65837892,loop
1787.429,65837892,loop
1787.534,65837892,loop
1787.639,65837892,loop
1787.744,65837892,loop
1787.849,65837892,loop
1787.954,65837892,loop
1788.060,65837892,loop
1788.165,65837892,loop
1788.270,65837892,loop
1788.375,65837892,loop
1788.480,65837892,loop
1788.585,65839940,loop
1788.691,65839940,loop
1788.796,65839940,loop
1788.901,65839940,loop
1789.006,65839940,loop
1789.111,65839940,loop
1789.216,65839940,loop
1789.322,65839940,loop
1789.427,65839940,loop
1789.532,65839940,loop
1789.637,65839940,loop
1789.742,65839940,loop
1789.847,65839940,loop
1789.953,65839940,loop
1790.058,65839940,loop
1790.163,65839940,loop
1790.268,65839940,loop
1790.373,65839940,loop
1790.478,65839940,loop
1790.584,65839940,loop
1790.689,65839940,loop
1790.794,65839940,loop
1790.899,65839940,loop
1791.004,65839940,loop
1791.109,65839940,loop
1791.215,65839940,loop
1791.320,65839940,loop
1791.425,65839940,loop
1791.530,65839940,loop
1791.635,65839940,loop
1791.740,65839940,loop
1791.846,65839940,loop
1791.951,65839940,loop
1792.056,65839940,loop
1792.161,65839940,loop
1792.266,65839940,loop
1792.371,65839940,loop
1792.477,65839940,loop
1792.582,65839940,loop
1792.687,65839940,loop
1792.792,65839940,loop
1792.897,65839940,loop
1793.002,65839940,loop
1793.108,65839940,loop
1793.213,65840196,loop
1793.318,65840196,loop
1793.423,65840196,loop
1793.528,65840196,loop
1793.633,65840196,loop
1793.739,65840196,loop
1793.844,65840196,loop
1793.949,65840196,loop
1794.054,65840196,loop
1794.159,65840196,loop
1794.264,65840196,loop
1794.370,65840196,loop
1794.475,65840196,loop
1794.580,65840196,loop
1794.685,65840196,loop
1794.790,65840196,loop
1794.895,65840196,loop
1795.001,65840196,loop
1795.106,65840196,loop
1795.211,65840196,loop
1795.316,65840196,loop
1795.421,65840196,loop
1795.526,65840196,loop
1795.631,65840196,loop
1795.737,65840196,loop
1795.842,65840196,loop
1795.947,65840196,loop
1796.052,65840196,loop
1796.157,65840196,loop
1796.262,65840196,loop
1796.368,65840196,loop
1796.473,65840196,loop
1796.578,65840196,loop
1796.683,65840196,loop
1796.788,65840196,loop
1796.894,65840196,loop
1796.999,65840196,loop
1797.104,65840196,loop
1797.209,65840196,loop
1797.314,65840196,loop
1797.419,65840196,loop
1797.525,65840196,loop
1797.630,65840196,loop
1797.735,65840196,loop
1797.840,65840196,loop
1797.945,65840196,loop
1798.050,65840196,loop
1798.156,65840196,loop
1798.261,65840196,loop
1798.366,65840196,loop
1798.471,65840196,loop
1798.576,65840196,loop
1798.681,65840196,loop
1798.787,65840196,loop
1798.892,65840196,loop
1798.997,65840196,loop
1799.102,65840196,loop
1799.207,65840196,loop
1799.312,65840196,loop
1799.418,65840196,loop
1799.523,65840196,loop
1799.628,65840196,loop
1799.733,65840196,loop
1799.838,65840196,loop
1799.943,65840196,loop
1800.049,65840196,loop
1800.154,65840196,loop
1800.259,65840196,loop
1800.364,65840196,loop
1800.469,65840196,loop
1800.574,65840196,loop
1800.679,65840196,loop
1800.785,65840196,loop
1800.890,65840196,loop
1800.995,65840196,loop
1801.100,65840196,loop
1801.205,65840196,loop
1801.310,65840196,loop
1801.416,65840196,loop
1801.521,65840196,loop
1801.626,65840196,loop
1801.731,65840196,loop
1801.836,65840196,loop
1801.941,65840196,loop
1802.047,65840196,loop
1802.152,65840196,loop
1802.257,65840196,loop
1802.362,65840196,loop
1802.467,65840196,loop
1802.572,65840196,loop
1802.678,65840196,loop
1802.783,65840196,loop
1802.888,65840196,loop
1802.993,65840196,loop
1803.098,65840196,loop
1803.203,65840196,loop
1803.309,65840196,loop
1803.414,65840452,loop
1803.519,65840452,loop
1803.624,65840452,loop
1803.729,65840452,loop
1803.834,65840452,loop
1803.940,65840452,loop
1804.045,65840452,loop
1804.150,65840452,loop
1804.255,65840452,loop
1804.360,65840452,loop
1804.465,65840452,loop
1804.571,65840452,loop
1804.676,65840452,loop
1804.781,65840452,loop
1804.886,65840452,loop
1804.991,65840452,loop
1805.096,65840452,loop
1805.202,65840452,loop
1805.307,65840452,loop
1805.412,65840452,loop
1805.517,65840452,loop
1805.622,65840452,loop
1805.727,65840452,loop
1805.833,65840452,loop
1805.938,65840452,loop
1806.043,65840452,loop
1806.148,65840452,loop
1806.253,65840452,loop
1806.358,65840452,loop
1806.464,65840452,loop
1806.569,65840452,loop
1806.674,65840452,loop
1806.779,65840452,loop
1806.884,65840452,loop
1806.989,65840452,loop
1807.095,65840452,loop
1807.200,65840452,loop
1807.305,65840452,loop
1807.410,65840452,loop
1807.515,65840452,loop
1807.620,65840452,loop
1807.726,65840452,loop
1807.831,65840452,loop
1807.936,65840452,loop
1808.041,65840452,loop
1808.146,65840452,loop
1808.251,65840452,loop
1808.357,65840452,loop
1808.462,65840452,loop
1808.567,65840452,loop
1808.672,65840452,loop
1808.777,65840452,loop
1808.882,65840452,loop
1808.988,65840452,loop
1809.093,65840452,loop
1809.198,65840452,loop
1809.303,65840452,loop
1809.408,65840452,loop
1809.513,65840452,loop
1809.619,65840452,loop
1809.724,65840452,loop
1809.829,65840452,loop
1809.934,65840452,loop
1810.039,65840452,loop
1810.144,65840452,loop
1810.250,65840452,loop
1810.355,65840452,loop
1810.460,65840452,loop
1810.565,65840452,loop
1810.670,65840452,loop
1810.775,65840452,loop
1810.881,65840452,loop
1810.986,65840452,loop
1811.091,65840452,loop
1811.196,65840452,loop
1811.301,65840452,loop
1811.406,65840452,loop
1811.512,65840452,loop
1811.617,65840452,loop
1811.722,65840452,loop
1811.827,65840452,loop
1811.932,65840452,loop
1812.037,65840452,loop
1812.143,65840452,loop
1812.248,65840452,loop
1812.353,65840452,loop
1812.458,65840452,loop
1812.563,65840452,loop
1812.668,65840452,loop
1812.774,65840452,loop
1812.879,65840452,loop
1812.984,65840452,loop
1813.089,65840452,loop
1813.194,65840452,loop
1813.299,65840452,loop
1813.405,65840452,loop
1813.510,65840452,loop
1813.615,65840452,loop
1813.720,65840708,loop
1813.825,65840708,loop
1813.930,65840708,loop
1814.036,65840708,loop
1814.141,65840708,loop
1814.246,65840708,loop
1814.351,65840708,loop
1814.456,65840708,loop
1814.561,65840708,loop
1814.667,65840708,loop
1814.772,65840708,loop
1814.877,65840708,loop
1814.982,65840708,loop
1815.087,65840708,loop
1815.192,65840708,loop
1815.298,65840708,loop
1815.403,65840708,loop
1815.508,65840708,loop
1815.613,65840708,loop
1815.718,65840708,loop
1815.823,65840708,loop
1815.929,65840708,loop
1816.034,65840708,loop
1816.139,65840708,loop
1816.244,65840708,loop
1816.349,65840708,loop
1816.454,65840708,loop
1816.560,65840708,loop
1816.665,65840708,loop
1816.770,65840708,loop
1816.875,65840708,loop
1816.980,65840708,loop
1817.085,65840708,loop
1817.191,65840708,loop
1817.296,65840708,loop
1817.401,65840708,loop
1817.506,65840708,loop
1817.611,65840708,loop
1817.716,65840708,loop
1817.822,65840708,loop
1817.927,65840708,loop
1818.032,65840708,loop
1818.137,65840708,loop
1818.242,65840708,loop
1818.347,65840708,loop
1818.453,65840708,loop
1818.558,65840708,loop
1818.663,65840708,loop
1818.768,65840708,loop
1818.873,65840708,loop
1818.978,65840708,loop
1819.084,65840708,loop
1819.189,65840708,loop
1819.294,65840708,loop
1819.399,65840708,loop
1819.504,65840708,loop
1819.609,65840708,loop
1819.715,65840708,loop
1819.820,65840708,loop
1819.925,65840708,loop
1820.030,65840708,loop
1820.135,65840708,loop
1820.240,65840708,loop
1820.346,65840708,loop
1820.451,65840708,loop
1820.556,65840708,loop
1820.661,65840708,loop
1820.766,65840708,loop
1820.871,65840708,loop
1820.977,65840708,loop
1821.082,65840708,loop
1821.187,65840708,loop
1821.292,65840708,loop
1821.397,65840708,loop
1821.502,65840708,loop
1821.608,65840708,loop
1821.713,65840708,loop
1821.818,65840708,loop
1821.923,65840708,loop
1822.028,65840708,loop
1822.133,65840708,loop
1822.239,65840708,loop
1822.344,65840708,loop
1822.449,65840708,loop
1822.554,65840708,loop
1822.659,65840708,loop
1822.764,65840708,loop
1822.869,65840708,loop
1822.975,65840708,loop
1823.080,65840708,loop
1823.185,65840708,loop
1823.290,65840708,loop
1823.395,65840708,loop
1823.501,65840708,loop
1823.606,65840708,loop
1823.711,65840708,loop
1823.816,65840708,loop
1823.921,65840964,loop
1824.026,65840964,loop
1824.132,65840964,loop
1824.237,65840964,loop
1824.342,65840964,loop
1824.447,65840964,loop
1824.552,65840964,loop
1824.657,65840964,loop
1824.763,65840964,loop
1824.868,65840964,loop
1824.973,65840964,loop
1825.078,65840964,loop
1825.183,65840964,loop
1825.288,65840964,loop
1825.393,65840964,loop
1825.499,65840964,loop
1825.604,65840964,loop
1825.709,65840964,loop
1825.814,65840964,loop
1825.919,65840964,loop
1826.024,65840964,loop
1826.130,65840964,loop
1826.235,65840964,loop
1826.340,65840964,loop
1826.445,65840964,loop
1826.550,65840964,loop
1826.655,65840964,loop
1826.761,65840964,loop
1826.866,65840964,loop
1826.971,65840964,loop
1827.076,65840964,loop
1827.181,65840964,loop
1827.286,65840964,loop
1827.392,65840964,loop
1827.497,65840964,loop
1827.602,65840964,loop
1827.707,65840964,loop
1827.812,65840964,loop
1827.917,65840964,loop
1828.023,65840964,loop
1828.128,65840964,loop
1828.233,65840964,loop
1828.338,65840964,loop
1828.443,65840964,loop
1828.549,65840964,loop
1828.654,65840964,loop
1828.759,65840964,loop
1828.864,65840964,loop
1828.969,65840964,loop
1829.074,65840964,loop
1829.180,65840964,loop
1829.285,65840964,loop
1829.390,65840964,loop
1829.495,65840964,loop
1829.600,65840964,loop
1829.705,65840964,loop
1829.810,65840964,loop
1829.916,65840964,loop
1830.021,65840964,loop
1830.126,65840964,loop
1830.231,65840964,loop
1830.336,65840964,loop
1830.441,65840964,loop
1830.547,65840964,loop
1830.652,65840964,loop
1830.757,65840964,loop
1830.862,65840964,loop
1830.967,65840964,loop
1831.072,65840964,loop
1831.178,65840964,loop
1831.283,65840964,loop
1831.388,65840964,loop
1831.493,65840964,loop
1831.598,65840964,loop
1831.704,65840964,loop
1831.809,65840964,loop
1831.914,65840964,loop
1832.019,65840964,loop
1832.124,65840964,loop
1832.229,65840964,loop
1832.335,65840964,loop
1832.440,65840964,loop
1832.545,65840964,loop
1832.650,65840964,loop
1832.755,65840964,loop
1832.860,65840964,loop
1832.966,65840964,loop
1833.071,65840964,loop
1833.176,65840964,loop
1833.281,65840964,loop
1833.386,65840964,loop
1833.491,65840964,loop
1833.597,65840964,loop
1833.702,65840964,loop
1833.807,65840964,loop
1833.912,65840964,loop
1834.017,65840964,loop
1834.122,65841220,loop
1834.228,65841220,loop
1834.333,65841220,loop
1834.438,65841220,loop
1834.543,65841220,loop
1834.648,65841220,loop
1834.753,65841220,loop
1834.859,65841220,loop
1834.964,65841220,loop
1835.069,65841220,loop
1835.174,65841220,loop
1835.279,65841220,loop
1835.384,65841220,loop
1835.490,65841220,loop
1835.595,65841220,loop
1835.700,65841220,loop
1835.805,65841220,loop
1835.910,65841220,loop
1836.015,65841220,loop
1836.121,65841220,loop
1836.226,65841220,loop
1836.331,65841220,loop
1836.436,65841220,loop
1836.541,65841220,loop
1836.646,65841220,loop
1836.752,65841220,loop
1836.857,65841220,loop
1836.962,65841220,loop
1837.067,65841220,loop
1837.172,65841220,loop
1837.277,65841220,loop
1837.382,65841220,loop
1837.488,65841220,loop
1837.593,65841220,loop
1837.698,65841220,loop
1837.803,65841220,loop
1837.908,65841220,loop
1838.013,65841220,loop
1838.119,65841220,loop
1838.224,65841220,loop
1838.329,65841220,loop
1838.434,65841220,loop
1838.539,65841220,loop
1838.645,65841220,loop
1838.750,65841220,loop
1838.855,65841220,loop
1838.960,65841220,loop
1839.065,65841220,loop
1839.170,65841220,loop
1839.276,65841220,loop
1839.381,65841220,loop
1839.486,65841220,loop
1839.591,65841220,loop
1839.696,65841220,loop
1839.801,65841220,loop
1839.907,65841220,loop
1840.012,65841220,loop
1840.117,65841220,loop
1840.222,65841220,loop
1840.327,65841220,loop
1840.432,65841220,loop
1840.538,65841220,loop
1840.643,65841220,loop
1840.748,65841220,loop
1840.853,65841220,loop
1840.958,65841220,loop
1841.063,65841220,loop
1841.169,65841220,loop
1841.274,65841220,loop
1841.379,65841220,loop
1841.484,65841220,loop
1841.589,65841220,loop
1841.694,65841220,loop
1841.799,65841220,loop
1841.905,65841220,loop
1842.010,65841220,loop
1842.115,65841220,loop
1842.220,65841220,loop
1842.325,65841220,loop
1842.430,65841220,loop
1842.536,65841220,loop
1842.641,65841220,loop
1842.746,65841220,loop
1842.851,65841220,loop
1842.956,65841220,loop
1843.062,65841220,loop
1843.167,65841220,loop
1843.272,65841220,loop
1843.377,65841220,loop
1843.482,65841220,loop
1843.587,65841220,loop
1843.693,65841220,loop
1843.798,65841220,loop
1843.903,65841220,loop
1844.008,65841220,loop
1844.113,65841220,loop
1844.218,65841220,loop
1844.324,65841220,loop
1844.429,65841476,loop
1844.534,65841476,loop
1844.639,65841476,loop
1844.744,65841476,loop
1844.849,65841476,loop
1844.955,65841476,loop
1845.060,65841476,loop
1845.165,65841476,loop
1845.270,65841476,loop
1845.375,65841476,loop
1845.480,65841476,loop
1845.586,65841476,loop
1845.691,65841476,loop
1845.796,65841476,loop
1845.901,65841476,loop
1846.006,65841476,loop
1846.111,65841476,loop
1846.217,65841476,loop
1846.322,65841476,loop
1846.427,65841476,loop
1846.532,65841476,loop
1846.637,65841476,loop
1846.742,65841476,loop
1846.848,65841476,loop
1846.953,65841476,loop
1847.058,65841476,loop
1847.163,65841476,loop
1847.268,65841476,loop
1847.373,65841476,loop
1847.478,65841476,loop
1847.584,65841476,loop
1847.689,65841476,loop
1847.794,65841476,loop
1847.899,65841476,loop
1848.004,65841476,loop
1848.109,65841476,loop
1848.215,65841476,loop
1848.320,65841476,loop
1848.425,65841476,loop
1848.530,65843524,loop
1848.635,65843524,loop
1848.740,65843524,loop
1848.846,65843524,loop
1848.951,65843524,loop
1849.056,65843524,loop
1849.161,65843524,loop
1849.266,65843524,loop
1849.371,65843524,loop
1849.477,65843524,loop
1849.582,65843524,loop
1849.687,65843524,loop
1849.792,65843524,loop
1849.897,65843524,loop
1850.002,65843524,loop
1850.108,65843524,loop
1850.213,65843524,loop
1850.318,65843524,loop
1850.423,65843524,loop
1850.528,65843524,loop
1850.633,65843524,loop
1850.739,65843524,loop
1850.844,65843524,loop
1850.949,65843524,loop
1851.054,65843524,loop
1851.159,65843524,loop
1851.264,65843524,loop
1851.370,65843524,loop
1851.475,65843524,loop
1851.580,65843524,loop
1851.685,65843524,loop
1851.790,65843524,loop
1851.895,65843524,loop
1852.001,65843524,loop
1852.106,65843524,loop
1852.211,65843524,loop
1852.316,65843524,loop
1852.421,65843524,loop
1852.526,65843524,loop
1852.632,65843524,loop
1852.737,65843524,loop
1852.842,65843524,loop
1852.947,65843524,loop
1853.052,65843524,loop
1853.157,65843524,loop
1853.263,65843524,loop
1853.368,65843524,loop
1853.473,65843524,loop
1853.578,65843524,loop
1853.683,65843524,loop
1853.788,65843524,loop
1853.894,65843524,loop
1853.999,65843524,loop
1854.104,65843524,loop
1854.209,65843524,loop
1854.314,65843524,loop
1854.419,65843524,loop
1854.525,65843524,loop
1854.630,65843780,loop
1854.735,65843780,loop
1854.840,65843780,loop
1854.945,65843780,loop
1855.050,65843780,loop
1855.156,65843780,loop
1855.261,65843780,loop
1855.366,65843780,loop
1855.471,65843780,loop
1855.576,65843780,loop
1855.681,65843780,loop
1855.787,65843780,loop
1855.892,65843780,loop
1855.997,65843780,loop
1856.102,65843780,loop
1856.207,65843780,loop
1856.312,65843780,loop
1856.418,65843780,loop
1856.523,65843780,loop
1856.628,65843780,loop
1856.733,65843780,loop
1856.838,65843780,loop
1856.943,65843780,loop
1857.049,65843780,loop
1857.154,65843780,loop
1857.259,65843780,loop
1857.364,65843780,loop
1857.469,65843780,loop
1857.574,65843780,loop
1857.680,65843780,loop
1857.785,65843780,loop
1857.890,65843780,loop
1857.995,65843780,loop
1858.100,65843780,loop
1858.205,65843780,loop
1858.311,65843780,loop
1858.416,65843780,loop
1858.521,65843780,loop
1858.626,65843780,loop
1858.731,65843780,loop
1858.836,65843780,loop
1858.942,65843780,loop
1859.047,65843780,loop
1859.152,65843780,loop
1859.257,65843780,loop
1859.362,65843780,loop
1859.467,65843780,loop
1859.573,65843780,loop
1859.678,65843780,loop
1859.783,65843780,loop
1859.888,65843780,loop
1859.993,65843780,loop
1860.098,65843780,loop
1860.204,65843780,loop
1860.309,65843780,loop
1860.414,65843780,loop
1860.519,65843780,loop
1860.624,65843780,loop
1860.729,65843780,loop
1860.834,65843780,loop
1860.940,65843780,loop
1861.045,65843780,loop
1861.150,65843780,loop
1861.255,65843780,loop
1861.360,65843780,loop
1861.465,65843780,loop
1861.571,65843780,loop
1861.676,65843780,loop
1861.781,65843780,loop
1861.886,65843780,loop
1861.991,65843780,loop
1862.096,65843780,loop
1862.202,65843780,loop
1862.307,65843780,loop
1862.412,65843780,loop
1862.517,65843780,loop
1862.622,65843780,loop
1862.727,65843780,loop
1862.833,65843780,loop
1862.938,65843780,loop
1863.043,65843780,loop
1863.148,65843780,loop
1863.253,65843780,loop
1863.358,65843780,loop
1863.464,65843780,loop
1863.569,65843780,loop
1863.674,65843780,loop
1863.779,65843780,loop
1863.884,65843780,loop
1863.989,65843780,loop
1864.095,65843780,loop
1864.200,65843780,loop
1864.305,65843780,loop
1864.410,65843780,loop
1864.515,65843780,loop
1864.620,65843780,loop
1864.726,65843780,loop
1864.831,65843780,loop
1864.936,65844036,loop
1865.041,65844036,loop
1865.146,65844036,loop
1865.251,65844036,loop
1865.357,65844036,loop
1865.462,65844036,loop
1865.567,65844036,loop
1865.672,65844036,loop
1865.777,65844036,loop
1865.882,65844036,loop
1865.988,65844036,loop
1866.093,65844036,loop
1866.198,65844036,loop
1866.303,65844036,loop
1866.408,65844036,loop
1866.513,65844036,loop
1866.619,65844036,loop
1866.724,65844036,loop
1866.829,65844036,loop
1866.934,65844036,loop
1867.039,65844036,loop
1867.144,65844036,loop
1867.250,65844036,loop
1867.355,65844036,loop
1867.460,65844036,loop
1867.565,65844036,loop
1867.670,65844036,loop
1867.775,65844036,loop
1867.881,65844036,loop
1867.986,65844036,loop
1868.091,65844036,loop
1868.196,65844036,loop
1868.301,65844036,loop
1868.406,65844036,loop
1868.512,65844036,loop
1868.617,65844036,loop
1868.722,65844036,loop
1868.827,65844036,loop
1868.932,65844036,loop
1869.037,65844036,loop
1869.143,65844036,loop
1869.248,65844036,loop
1869.353,65844036,loop
1869.458,65844036,loop
1869.563,65844036,loop
1869.668,65844036,loop
1869.774,65844036,loop
1869.879,65844036,loop
1869.984,65844036,loop
1870.089,65844036,loop
1870.194,65844036,loop
1870.299,65844036,loop
1870.405,65844036,loop
1870.510,65844036,loop
1870.615,65844036,loop
1870.720,65844036,loop
1870.825,65844036,loop
1870.930,65844036,loop
1871.036,65844036,loop
1871.141,65844036,loop
1871.246,65844036,loop
1871.351,65844036,loop
1871.456,65844036,loop
1871.561,65844036,loop
1871.667,65844036,loop
1871.772,65844036,loop
1871.877,65844036,loop
1871.982,65844036,loop
1872.087,65844036,loop
1872.192,65844036,loop
1872.298,65844036,loop
1872.403,65844036,loop
1872.508,65844036,loop
1872.613,65844036,loop
1872.718,65844036,loop
1872.823,65844036,loop
1872.929,65844036,loop
1873.034,65844036,loop
1873.139,65844036,loop
1873.244,65844036,loop
1873.349,65844036,loop
1873.454,65844036,loop
1873.560,65844036,loop
1873.665,65844036,loop
1873.770,65844036,loop
1873.875,65844036,loop
1873.980,65844036,loop
1874.085,65844036,loop
1874.191,65844036,loop
1874.296,65844036,loop
1874.401,65844036,loop
1874.506,65844036,loop
1874.611,65844036,loop
1874.716,65844036,loop
1874.822,65844036,loop
1874.927,65844036,loop
1875.032,65844036,loop
1875.137,65844292,loop
1875.242,65844292,loop
1875.347,65844292,loop
1875.453,65844292,loop
1875.558,65844292,loop
1875.663,65844292,loop
1875.768,65844292,loop
1875.873,65844292,loop
1875.978,65844292,loop
1876.084,65844292,loop
1876.189,65844292,loop
1876.294,65844292,loop
1876.399,65844292,loop
1876.504,65844292,loop
1876.609,65844292,loop
1876.715,65844292,loop
1876.820,65844292,loop
1876.925,65844292,loop
1877.030,65844292,loop
1877.135,65844292,loop
1877.240,65844292,loop
1877.345,65844292,loop
1877.451,65844292,loop
1877.556,65844292,loop
1877.661,65844292,loop
1877.766,65844292,loop
1877.871,65844292,loop
1877.976,65844292,loop
1878.082,65844292,loop
1878.187,65844292,loop
1878.292,65844292,loop
1878.397,65844292,loop
1878.502,65844292,loop
1878.608,65844292,loop
1878.713,65844292,loop
1878.818,65844292,loop
1878.923,65844292,loop
1879.028,65844292,loop
1879.133,65844292,loop
1879.239,65844292,loop
1879.344,65844292,loop
1879.449,65844292,loop
1879.554,65844292,loop
1879.659,65844292,loop
1879.764,65844292,loop
1879.870,65844292,loop
1879.975,65844292,loop
1880.080,65844292,loop
1880.185,65844292,loop
1880.290,65844292,loop
1880.395,65844292,loop
1880.501,65844292,loop
1880.606,65844292,loop
1880.711,65844292,loop
1880.816,65844292,loop
1880.921,65844292,loop
1881.026,65844292,loop
1881.132,65844292,loop
1881.237,65844292,loop
1881.342,65844292,loop
1881.447,65844292,loop
1881.552,65844292,loop
1881.657,65844292,loop
1881.763,65844292,loop
1881.868,65844292,loop
1881.973,65844292,loop
1882.078,65844292,loop
1882.183,65844292,loop
1882.288,65844292,loop
1882.394,65844292,loop
1882.499,65844292,loop
1882.604,65844292,loop
1882.709,65844292,loop
1882.814,65844292,loop
1882.919,65844292,loop
1883.024,65844292,loop
1883.130,65844292,loop
1883.235,65844292,loop
1883.340,65844292,loop
1883.445,65844292,loop
1883.550,65844292,loop
1883.655,65844292,loop
1883.761,65844292,loop
1883.866,65844292,loop
1883.971,65844292,loop
1884.076,65844292,loop
1884.181,65844292,loop
1884.286,65844292,loop
1884.392,65844292,loop
1884.497,65844292,loop
1884.602,65844292,loop
1884.707,65844292,loop
1884.812,65844292,loop
1884.917,65844292,loop
1885.023,65844292,loop
1885.128,65844292,loop
1885.233,65844292,loop
1885.338,65844548,loop
1885.443,65844548,loop
1885.548,65844548,loop
1885.654,65844548,loop
1885.759,65844548,loop
1885.864,65844548,loop
1885.969,65844548,loop
1886.074,65844548,loop
1886.179,65844548,loop
1886.285,65844548,loop
1886.390,65844548,loop
1886.495,65844548,loop
1886.600,65844548,loop
1886.705,65844548,loop
1886.810,65844548,loop
1886.916,65844548,loop
1887.021,65844548,loop
1887.126,65844548,loop
1887.232,65844548,loop
1887.337,65844548,loop
1887.442,65844548,loop
1887.548,65844548,loop
1887.653,65844548,loop
1887.758,65844548,loop
1887.863,65844548,loop
1887.968,65844548,loop
1888.073,65844548,loop
1888.179,65844548,loop
1888.284,65844548,loop
1888.389,65844548,loop
1888.494,65844548,loop
1888.599,65844548,loop
1888.704,65844548,loop
1888.810,65844548,loop
1888.915,65844548,loop
1889.020,65844548,loop
1889.125,65844548,loop
1889.230,65844548,loop
1889.335,65844548,loop
1889.441,65844548,loop
1889.546,65844548,loop
1889.651,65844548,loop
1889.756,65844548,loop
1889.861,65844548,loop
1889.966,65844548,loop
1890.072,65844548,loop
1890.177,65844548,loop
1890.282,65844548,loop
1890.387,65844548,loop
1890.492,65844548,loop
1890.597,65844548,loop
1890.703,65844548,loop
1890.808,65844548,loop
1890.913,65844548,loop
1891.018,65844548,loop
1891.123,65844548,loop
1891.228,65844548,loop
1891.334,65844548,loop
1891.439,65844548,loop
1891.544,65844548,loop
1891.649,65844548,loop
1891.754,65844548,loop
1891.859,65844548,loop
1891.965,65844548,loop
1892.070,65844548,loop
1892.175,65844548,loop
1892.280,65844548,loop
1892.385,65844548,loop
1892.490,65844548,loop
1892.596,65844548,loop
1892.701,65844548,loop
1892.806,65844548,loop
1892.911,65844548,loop
1893.016,65844548,loop
1893.121,65844548,loop
1893.227,65844548,loop
1893.332,65844548,loop
1893.437,65844548,loop
1893.542,65844548,loop
1893.647,65844548,loop
1893.752,65844548,loop
1893.858,65844548,loop
1893.963,65844548,loop
1894.068,65844548,loop
1894.173,65844548,loop
1894.278,65844548,loop
1894.383,65844548,loop
1894.489,65844548,loop
1894.594,65844548,loop
1894.699,65844548,loop
1894.804,65844548,loop
1894.909,65844548,loop
1895.014,65844548,loop
1895.120,65844548,loop
1895.225,65844548,loop
1895.330,65844548,loop
1895.435,65844548,loop
1895.540,65844548,loop
1895.645,65844804,loop
1895.751,65844804,loop
1895.856,65844804,loop
1895.961,65844804,loop
1896.066,65844804,loop
1896.171,65844804,loop
1896.276,65844804,loop
1896.382,65844804,loop
1896.487,65844804,loop
1896.592,65844804,loop
1896.697,65844804,loop
1896.802,65844804,loop
1896.907,65844804,loop
1897.013,65844804,loop
1897.118,65844804,loop
1897.223,65844804,loop
1897.328,65844804,loop
1897.433,65844804,loop
1897.538,65844804,loop
1897.644,65844804,loop
1897.749,65844804,loop
1897.854,65844804,loop
1897.959,65844804,loop
1898.064,65844804,loop
1898.169,65844804,loop
1898.274,65844804,loop
1898.380,65844804,loop
1898.485,65844804,loop
1898.590,65844804,loop
1898.695,65844804,loop
1898.800,65844804,loop
1898.905,65844804,loop
1899.011,65844804,loop
1899.116,65844804,loop
1899.221,65844804,loop
1899.326,65844804,loop
1899.431,65844804,loop
1899.536,65844804,loop
1899.642,65844804,loop
1899.747,65844804,loop
1899.852,65844804,loop
1899.957,65844804,loop
1900.062,65844804,loop
1900.168,65844804,loop
1900.273,65844804,loop
1900.378,65844804,loop
1900.483,65844804,loop
1900.588,65844804,loop
1900.693,65844804,loop
1900.798,65844804,loop
1900.904,65844804,loop
1901.009,65844804,loop
1901.114,65844804,loop
1901.219,65844804,loop
1901.324,65844804,loop
1901.430,65844804,loop
1901.535,65844804,loop
1901.640,65844804,loop
1901.745,65844804,loop
1901.850,65844804,loop
1901.955,65844804,loop
1902.061,65844804,loop
1902.166,65844804,loop
1902.271,65844804,loop
1902.376,65844804,loop
1902.481,65844804,loop
1902.586,65844804,loop
1902.692,65844804,loop
1902.797,65844804,loop
1902.902,65844804,loop
1903.007,65844804,loop
1903.112,65844804,loop
1903.217,65844804,loop
1903.323,65844804,loop
1903.428,65844804,loop
1903.533,65844804,loop
1903.638,65844804,loop
1903.743,65844804,loop
1903.848,65844804,loop
1903.954,65844804,loop
1904.059,65844804,loop
1904.164,65844804,loop
1904.269,65844804,loop
1904.374,65844804,loop
1904.479,65844804,loop
1904.584,65844804,loop
1904.690,65844804,loop
1904.795,65844804,loop
1904.900,65844804,loop
1905.005,65844804,loop
1905.110,65844804,loop
1905.216,65844804,loop
1905.321,65844804,loop
1905.426,65844804,loop
1905.531,65844804,loop
1905.636,65844804,loop
1905.741,65844804,loop
1905.847,65845060,loop
1905.952,65845060,loop
1906.057,65845060,loop
1906.162,65845060,loop
1906.267,65845060,loop
1906.372,65845060,loop
1906.478,65845060,loop
1906.583,65845060,loop
1906.688,65845060,loop
1906.793,65845060,loop
1906.898,65845060,loop
1907.003,65845060,loop
1907.108,65845060,loop
1907.214,65845060,loop
1907.319,65845060,loop
1907.424,65845060,loop
1907.529,65845060,loop
1907.634,65845060,loop
1907.739,65845060,loop
1907.845,65845060,loop
1907.950,65845060,loop
1908.055,65845060,loop
1908.160,65845060,loop
1908.265,65845060,loop
1908.370,65845060,loop
1908.476,65847108,loop
1908.581,65847108,loop
1908.686,65847108,loop
1908.791,65847108,loop
1908.896,65847108,loop
1909.001,65847108,loop
1909.107,65847108,loop
1909.212,65847108,loop
1909.317,65847108,loop
1909.422,65847108,loop
1909.527,65847108,loop
1909.632,65847108,loop
1909.738,65847108,loop
1909.843,65847108,loop
1909.948,65847108,loop
1910.053,65847108,loop
1910.158,65847108,loop
1910.263,65847108,loop
1910.369,65847108,loop
1910.474,65847108,loop
1910.579,65847108,loop
1910.684,65847108,loop
1910.789,65847108,loop
1910.894,65847108,loop
1911.000,65847108,loop
1911.105,65847108,loop
1911.210,65847108,loop
1911.315,65847108,loop
1911.420,65847108,loop
1911.525,65847108,loop
1911.631,65847108,loop
1911.736,65847108,loop
1911.841,65847108,loop
1911.946,65847108,loop
1912.051,65847108,loop
1912.156,65847108,loop
1912.262,65847108,loop
1912.367,65847108,loop
1912.472,65847108,loop
1912.577,65847108,loop
1912.682,65847108,loop
1912.787,65847108,loop
1912.893,65847108,loop
1912.998,65847108,loop
1913.103,65847108,loop
1913.208,65847108,loop
1913.313,65847108,loop
1913.418,65847108,loop
1913.524,65847108,loop
1913.629,65847108,loop
1913.734,65847108,loop
1913.839,65847108,loop
1913.944,65847108,loop
1914.049,65847108,loop
1914.155,65847108,loop
1914.260,65847108,loop
1914.365,65847108,loop
1914.470,65847108,loop
1914.575,65847108,loop
1914.680,65847108,loop
1914.786,65847108,loop
1914.891,65847108,loop
1914.996,65847108,loop
1915.101,65847108,loop
1915.206,65847108,loop
1915.311,65847108,loop
1915.417,65847108,loop
1915.522,65847108,loop
1915.627,65847108,loop
1915.732,65847108,loop
1915.837,65847108,loop
1915.942,65847108,loop
1916.048,65847364,loop
1916.153,65847364,loop
1916.258,65847364,loop
1916.363,65847364,loop
1916.469,65847364,loop
1916.574,65847364,loop
1916.679,65847364,loop
1916.784,65847364,loop
1916.889,65847364,loop
1916.994,65847364,loop
1917.100,65847364,loop
1917.205,65847364,loop
1917.310,65847364,loop
1917.415,65847364,loop
1917.520,65847364,loop
1917.625,65847364,loop
1917.731,65847364,loop
1917.836,65847364,loop
1917.941,65847364,loop
1918.046,65847364,loop
1918.151,65847364,loop
1918.256,65847364,loop
1918.362,65847364,loop
1918.467,65847364,loop
1918.572,65847364,loop
1918.677,65847364,loop
1918.782,65847364,loop
1918.887,65847364,loop
1918.992,65847364,loop
1919.098,65847364,loop
1919.203,65847364,loop
1919.308,65847364,loop
1919.413,65847364,loop
1919.518,65847364,loop
1919.623,65847364,loop
1919.729,65847364,loop
1919.834,65847364,loop
1919.939,65847364,loop
1920.044,65847364,loop
1920.149,65847364,loop
1920.254,65847364,loop
1920.360,65847364,loop
1920.465,65847364,loop
1920.570,65847364,loop
1920.675,65847364,loop
1920.780,65847364,loop
1920.885,65847364,loop
1920.991,65847364,loop
1921.096,65847364,loop
1921.201,65847364,loop
1921.306,65847364,loop
1921.411,65847364,loop
1921.516,65847364,loop
1921.622,65847364,loop
1921.727,65847364,loop
1921.832,65847364,loop
1921.937,65847364,loop
1922.042,65847364,loop
1922.147,65847364,loop
1922.253,65847364,loop
1922.358,65847364,loop
1922.463,65847364,loop
1922.568,65847364,loop
1922.673,65847364,loop
1922.778,65847364,loop
1922.884,65847364,loop
1922.989,65847364,loop
1923.094,65847364,loop
1923.199,65847364,loop
1923.304,65847364,loop
1923.409,65847364,loop
1923.515,65847364,loop
1923.620,65847364,loop
1923.725,65847364,loop
1923.830,65847364,loop
1923.935,65847364,loop
1924.040,65847364,loop
1924.145,65847364,loop
1924.251,65847364,loop
1924.356,65847364,loop
1924.461,65847364,loop
1924.566,65847364,loop
1924.671,65847364,loop
1924.777,65847364,loop
1924.882,65847364,loop
1924.987,65847364,loop
1925.092,65847364,loop
1925.197,65847364,loop
1925.302,65847364,loop
1925.408,65847364,loop
1925.513,65847364,loop
1925.618,65847364,loop
1925.723,65847364,loop
1925.828,65847364,loop
1925.933,65847364,loop
1926.039,65842684,loop
1926.144,65842684,loop
1926.249,65842684,loop
1926.354,65842940,loop
1926.459,65842940,loop
1926.564,65842940,loop
1926.670,65842940,loop
1926.775,65842940,loop
1926.880,65842940,loop
1926.985,65842940,loop
1927.090,65842940,loop
1927.195,65842940,loop
1927.301,65842940,loop
1927.406,65842940,loop
1927.511,65842940,loop
1927.616,65842940,loop
1927.721,65842940,loop
1927.826,65842940,loop
1927.932,65842940,loop
1928.037,65842940,loop
1928.142,65842940,loop
1928.247,65842940,loop
1928.352,65842940,loop
1928.457,65842940,loop
1928.563,65842940,loop
1928.668,65842940,loop
1928.773,65842940,loop
1928.878,65842940,loop
1928.983,65842940,loop
1929.088,65842940,loop
1929.194,65842940,loop
1929.299,65842940,loop
1929.404,65842940,loop
1929.509,65842940,loop
1929.614,65842940,loop
1929.719,65842940,loop
1929.825,65842940,loop
1929.930,65842940,loop
1930.035,65842940,loop
1930.140,65842940,loop
1930.245,65842940,loop
1930.350,65842940,loop
1930.456,65842940,loop
1930.561,65842940,loop
1930.666,65842940,loop
1930.771,65842940,loop
1930.876,65842940,loop
1930.981,65842940,loop
1931.087,65842940,loop
1931.192,65842940,loop
1931.297,65842940,loop
1931.402,65842940,loop
1931.507,65842940,loop
1931.612,65842940,loop
1931.718,65842940,loop
1931.823,65842940,loop
1931.928,65842940,loop
1932.033,65842940,loop
1932.138,65842940,loop
1932.243,65842940,loop
1932.349,65842940,loop
1932.454,65842940,loop
1932.559,65842940,loop
1932.664,65842940,loop
1932.769,65842940,loop
1932.874,65842940,loop
1932.979,65842940,loop
1933.085,65842940,loop
1933.190,65842940,loop
1933.295,65842940,loop
1933.400,65842940,loop
1933.505,65842940,loop
1933.610,65842940,loop
1933.716,65842940,loop
1933.821,65842940,loop
1933.926,65842940,loop
1934.031,65842940,loop
1934.136,65842940,loop
1934.241,65842940,loop
1934.347,65842940,loop
1934.452,65842940,loop
1934.557,65842940,loop
1934.662,65842940,loop
1934.767,65842940,loop
1934.872,65842940,loop
1934.978,65842940,loop
1935.083,65842940,loop
1935.188,65842940,loop
1935.293,65842940,loop
1935.398,65842940,loop
1935.503,65842940,loop
1935.609,65842940,loop
1935.714,65842940,loop
1935.819,65842940,loop
1935.924,65842940,loop
1936.029,65842940,loop
1936.134,65842940,loop
1936.240,65842940,loop
1936.345,65842940,loop
1936.450,65842940,loop
1936.555,65843196,loop
1936.660,65843196,loop
1936.765,65843196,loop
1936.871,65843196,loop
1936.976,65843196,loop
1937.081,65843196,loop
1937.186,65843196,loop
1937.291,65843196,loop
1937.396,65843196,loop
1937.502,65843196,loop
1937.607,65843196,loop
1937.712,65843196,loop
1937.817,65843196,loop
1937.922,65843196,loop
1938.027,65843196,loop
1938.133,65843196,loop
1938.238,65843196,loop
1938.343,65843196,loop
1938.448,65843196,loop
1938.553,65843196,loop
1938.658,65843196,loop
1938.764,65843196,loop
1938.869,65843196,loop
1938.974,65843196,loop
1939.079,65843196,loop
1939.184,65843196,loop
1939.289,65843196,loop
1939.395,65843196,loop
1939.500,65843196,loop
1939.605,65843196,loop
1939.710,65843196,loop
1939.815,65843196,loop
1939.920,65843196,loop
1940.026,65843196,loop
1940.131,65843196,loop
1940.236,65843196,loop
1940.341,65843196,loop
1940.446,65843196,loop
1940.551,65843196,loop
1940.657,65843196,loop
1940.762,65843196,loop
1940.867,65843196,loop
1940.972,65843196,loop
1941.077,65843196,loop
1941.182,65843196,loop
1941.288,65843196,loop
1941.393,65843196,loop
1941.498,65843196,loop
1941.603,65843196,loop
1941.708,65843196,loop
1941.813,65843196,loop
1941.919,65843196,loop
1942.024,65843196,loop
1942.129,65843196,loop
1942.234,65843196,loop
1942.339,65843196,loop
1942.444,65843196,loop
1942.550,65843196,loop
1942.655,65843196,loop
1942.760,65843196,loop
1942.865,65843196,loop
1942.970,65843196,loop
1943.075,65843196,loop
1943.181,65843196,loop
1943.286,65843196,loop
1943.391,65843196,loop
1943.496,65843196,loop
1943.601,65843196,loop
1943.706,65843196,loop
1943.812,65843196,loop
1943.917,65843196,loop
1944.022,65843196,loop
1944.127,65843196,loop
1944.232,65843196,loop
1944.337,65843196,loop
1944.442,65843196,loop
1944.548,65843196,loop
1944.653,65843196,loop
1944.758,65843196,loop
1944.863,65843196,loop
1944.968,65843196,loop
1945.073,65843196,loop
1945.179,65843196,loop
1945.284,65843196,loop
1945.389,65843196,loop
1945.494,65843196,loop
1945.599,65843196,loop
1945.704,65843196,loop
1945.810,65843196,loop
1945.915,65843196,loop
1946.020,65843196,loop
1946.125,65843196,loop
1946.230,65843196,loop
1946.335,65843196,loop
1946.441,65843196,loop
1946.546,65843196,loop
1946.651,65843196,loop
1946.756,65843196,loop
1946.861,65843452,loop
1946.966,65843452,loop
1947.072,65843452,loop
1947.177,65843452,loop
1947.282,65843452,loop
1947.387,65843452,loop
1947.492,65843452,loop
1947.597,65843452,loop
1947.703,65843452,loop
1947.808,65843452,loop
1947.913,65843452,loop
1948.018,65843452,loop
1948.123,65843452,loop
1948.228,65843452,loop
1948.334,65843452,loop
1948.439,65843452,loop
1948.544,65843452,loop
1948.649,65843452,loop
1948.754,65843452,loop
1948.859,65843452,loop
1948.965,65843452,loop
1949.070,65843452,loop
1949.175,65843452,loop
1949.280,65843452,loop
1949.385,65843452,loop
1949.490,65843452,loop
1949.596,65843452,loop
1949.701,65843452,loop
1949.806,65843452,loop
1949.911,65843452,loop
1950.016,65843452,loop
1950.121,65843452,loop
1950.227,65843452,loop
1950.332,65843452,loop
1950.437,65843452,loop
1950.542,65843452,loop
1950.647,65843452,loop
1950.752,65843452,loop
1950.858,65843452,loop
1950.963,65843452,loop
1951.068,65843452,loop
1951.173,65843452,loop
1951.278,65843452,loop
1951.384,65843452,loop
1951.489,65843452,loop
1951.594,65843452,loop
1951.699,65843452,loop
1951.804,65843452,loop
1951.909,65843452,loop
1952.015,65843452,loop
1952.120,65843452,loop
1952.225,65843452,loop
1952.330,65843452,loop
1952.435,65843452,loop
1952.540,65843452,loop
1952.646,65843452,loop
1952.751,65843452,loop
1952.856,65843452,loop
1952.961,65843452,loop
1953.066,65843452,loop
1953.171,65843452,loop
1953.277,65843452,loop
1953.382,65843452,loop
1953.487,65843452,loop
1953.592,65843452,loop
1953.697,65843452,loop
1953.802,65843452,loop
1953.908,65843452,loop
1954.013,65843452,loop
1954.118,65843452,loop
1954.223,65843452,loop
1954.328,65843452,loop
1954.433,65843452,loop
1954.538,65843452,loop
1954.644,65843452,loop
1954.749,65843452,loop
1954.854,65843452,loop
1954.959,65843452,loop
1955.064,65843452,loop
1955.169,65843452,loop
1955.275,65843452,loop
1955.380,65843452,loop
1955.485,65843452,loop
1955.590,65843452,loop
1955.695,65843452,loop
1955.801,65843452,loop
1955.906,65843452,loop
1956.011,65843452,loop
1956.116,65843452,loop
1956.221,65843452,loop
1956.326,65843452,loop
1956.432,65843452,loop
1956.537,65843452,loop
1956.642,65843452,loop
1956.747,65843452,loop
1956.852,65843452,loop
1956.957,65843452,loop
1957.063,65843708,loop
1957.168,65843708,loop
1957.273,65843708,loop
1957.378,65843708,loop
1957.483,65843708,loop
1957.588,65843708,loop
1957.694,65843708,loop
1957.799,65843708,loop
1957.904,65843708,loop
1958.009,65843708,loop
1958.114,65843708,loop
1958.219,65843708,loop
1958.325,65843708,loop
1958.430,65843708,loop
1958.535,65843708,loop
1958.640,65843708,loop
1958.745,65843708,loop
1958.850,65843708,loop
1958.956,65843708,loop
1959.061,65843708,loop
1959.166,65843708,loop
1959.271,65843708,loop
1959.376,65843708,loop
1959.481,65843708,loop
1959.587,65843708,loop
1959.692,65843708,loop
1959.797,65843708,loop
1959.902,65843708,loop
1960.007,65843708,loop
1960.112,65843708,loop
1960.218,65843708,loop
1960.323,65843708,loop
1960.428,65843708,loop
1960.533,65843708,loop
1960.638,65843708,loop
1960.743,65843708,loop
1960.849,65843708,loop
1960.954,65843708,loop
1961.059,65843708,loop
1961.164,65843708,loop
1961.269,65843708,loop
1961.374,65843708,loop
1961.480,65843708,loop
1961.585,65843708,loop
1961.690,65843708,loop
1961.795,65843708,loop
1961.900,65843708,loop
1962.005,65843708,loop
1962.111,65843708,loop
1962.216,65843708,loop
1962.321,65843708,loop
1962.426,65843708,loop
1962.531,65843708,loop
1962.636,65843708,loop
1962.742,65843708,loop
1962.847,65843708,loop
1962.952,65843708,loop
1963.057,65843708,loop
1963.162,65843708,loop
1963.267,65843708,loop
1963.372,65843708,loop
1963.478,65843708,loop
1963.583,65843708,loop
1963.688,65843708,loop
1963.793,65843708,loop
1963.898,65843708,loop
1964.003,65843708,loop
1964.109,65843708,loop
1964.214,65843708,loop
1964.319,65843708,loop
1964.424,65843708,loop
1964.529,65843708,loop
1964.634,65843708,loop
1964.740,65843708,loop
1964.845,65843708,loop
1964.950,65843708,loop
1965.055,65843708,loop
1965.160,65843708,loop
1965.265,65843708,loop
1965.371,65843708,loop
1965.476,65843708,loop
1965.581,65843708,loop
1965.686,65843708,loop
1965.791,65843708,loop
1965.896,65843708,loop
1966.002,65843708,loop
1966.107,65843708,loop
1966.212,65843708,loop
1966.317,65843708,loop
1966.422,65843708,loop
1966.527,65843708,loop
1966.633,65843708,loop
1966.738,65843708,loop
1966.843,65843708,loop
1966.948,65843708,loop
1967.053,65843708,loop
1967.158,65843708,loop
1967.264,65843964,loop
1967.369,65843964,loop
1967.474,65843964,loop
1967.579,65843964,loop
1967.684,65843964,loop
1967.789,65843964,loop
1967.895,65843964,loop
1968.000,65843964,loop
1968.105,65843964,loop
1968.210,65843964,loop
1968.315,65843964,loop
1968.420,65843964,loop
1968.526,65846012,loop
1968.631,65846012,loop
1968.736,65846012,loop
1968.841,65846012,loop
1968.946,65846012,loop
1969.051,65846012,loop
1969.157,65846012,loop
1969.262,65846012,loop
1969.367,65846012,loop
1969.472,65846012,loop
1969.577,65846012,loop
1969.682,65846012,loop
1969.788,65846012,loop
1969.893,65846012,loop
1969.998,65846012,loop
1970.103,65846012,loop
1970.208,65846012,loop
1970.313,65846012,loop
1970.419,65846012,loop
1970.524,65846012,loop
1970.629,65846012,loop
1970.734,65846012,loop
1970.839,65846012,loop
1970.944,65846012,loop
1971.050,65846012,loop
1971.155,65846012,loop
1971.260,65846012,loop
1971.365,65846012,loop
1971.569,65846012,loop
1971.674,65846012,loop
1971.779,65846012,loop
1971.884,65846012,loop
1971.989,65846012,loop
1972.094,65846012,loop
1972.200,65846012,loop
1972.305,65846012,loop
1972.410,65846012,loop
1972.515,65846012,loop
1972.620,65846012,loop
1972.725,65846012,loop
1972.831,65846012,loop
1972.936,65846012,loop
1973.041,65846012,loop
1973.146,65846012,loop
1973.251,65846012,loop
1973.356,65846012,loop
1973.462,65846012,loop
1973.567,65846012,loop
1973.672,65846012,loop
1973.777,65846012,loop
1973.882,65846012,loop
1973.987,65846012,loop
1974.093,65846012,loop
1974.198,65846012,loop
1974.303,65846012,loop
1974.408,65846012,loop
1974.513,65846012,loop
1974.618,65846012,loop
1974.724,65846012,loop
1974.829,65846012,loop
1974.934,65846012,loop
1975.039,65846012,loop
1975.144,65846012,loop
1975.249,65846012,loop
1975.354,65846012,loop
1975.460,65846012,loop
1975.565,65846012,loop
1975.670,65846012,loop
1975.775,65846012,loop
1975.880,65846012,loop
1975.985,65846012,loop
1976.091,65846012,loop
1976.196,65846012,loop
1976.301,65846012,loop
1976.406,65846012,loop
1976.511,65846012,loop
1976.616,65846012,loop
1976.722,65846012,loop
1976.827,65846012,loop
1976.932,65846012,loop
1977.037,65846012,loop
1977.142,65846012,loop
1977.247,65846012,loop
1977.353,65846012,loop
1977.458,65846012,loop
1977.563,65846268,loop
1977.668,65846268,loop
1977.773,65846268,loop
1977.878,65846268,loop
1977.984,65846268,loop
1978.089,65846268,loop
1978.194,65846268,loop
1978.299,65846268,loop
1978.404,65846268,loop
1978.509,65846268,loop
1978.615,65846268,loop
1978.720,65846268,loop
1978.825,65846268,loop
1978.930,65846268,loop
1979.035,65846268,loop
1979.140,65846268,loop
1979.246,65846268,loop
1979.351,65846268,loop
1979.456,65846268,loop
1979.561,65846268,loop
1979.666,65846268,loop
1979.771,65846268,loop
1979.877,65846268,loop
1979.982,65846268,loop
1980.087,65846268,loop
1980.192,65846268,loop
1980.297,65846268,loop
1980.402,65846268,loop
1980.508,65846268,loop
1980.613,65846268,loop
1980.718,65846268,loop
1980.823,65846268,loop
1980.928,65846268,loop
1981.033,65846268,loop
1981.139,65846268,loop
1981.244,65846268,loop
1981.349,65846268,loop
1981.454,65846268,loop
1981.559,65846268,loop
1981.664,65846268,loop
1981.770,65846268,loop
1981.875,65846268,loop
1981.980,65846268,loop
1982.085,65846268,loop
1982.195,65846268,loop
1982.301,65846268,loop
1982.406,65846268,loop
1982.511,65846268,loop
1982.616,65846268,loop
1982.721,65846268,loop
1982.826,65846268,loop
1982.932,65846268,loop
1983.037,65846268,loop
1983.142,65846268,loop
1983.247,65846268,loop
1983.352,65846268,loop
1983.457,65846268,loop
1983.563,65846268,loop
1983.668,65846268,loop
1983.773,65846268,loop
1983.878,65846268,loop
1983.983,65846268,loop
1984.088,65846268,loop
1984.194,65846268,loop
1984.299,65846268,loop
1984.404,65846268,loop
1984.509,65846268,loop
1984.614,65846268,loop
1984.719,65846268,loop
1984.825,65846268,loop
1984.930,65846268,loop
1985.035,65846268,loop
1985.140,65846268,loop
1985.245,65846268,loop
1985.350,65846268,loop
1985.456,65846268,loop
1985.561,65846268,loop
1985.666,65846268,loop
1985.771,65846268,loop
1985.876,65846268,loop
1985.981,65846268,loop
1986.087,65846268,loop
1986.192,65846268,loop
1986.297,65846268,loop
1986.402,65846268,loop
1986.507,65846268,loop
1986.612,65846268,loop
1986.718,65846268,loop
1986.823,65846268,loop
1986.928,65846268,loop
1987.033,65846268,loop
1987.138,65846268,loop
1987.243,65846268,loop
1987.349,65846268,loop
1987.454,65846268,loop
1987.559,65846268,loop
1987.664,65846268,loop
1987.769,65846524,loop
1987.874,65846524,loop
1987.980,65846524,loop
1988.085,65846524,loop
1988.190,65846524,loop
1988.295,65846524,loop
1988.400,65846524,loop
1988.505,65846524,loop
1988.611,65846524,loop
1988.716,65846524,loop
1988.821,65846524,loop
1988.926,65846524,loop
1989.032,65846524,loop
1989.137,65846524,loop
1989.242,65846524,loop
1989.347,65846524,loop
1989.452,65846524,loop
1989.557,65846524,loop
1989.663,65846524,loop
1989.768,65846524,loop
1989.873,65846524,loop
1989.978,65846524,loop
1990.083,65846524,loop
1990.188,65846524,loop
1990.293,65846524,loop
1990.399,65846524,loop
1990.504,65846524,loop
1990.609,65846524,loop
1990.714,65846524,loop
1990.819,65846524,loop
1990.924,65846524,loop
1991.030,65846524,loop
1991.135,65846524,loop
1991.240,65846524,loop
1991.345,65846524,loop
1991.450,65846524,loop
1991.556,65846524,loop
1991.661,65846524,loop
1991.766,65846524,loop
1991.871,65846524,loop
1991.976,65846524,loop
1992.081,65846524,loop
1992.187,65846524,loop
1992.292,65846524,loop
1992.397,65846524,loop
1992.502,65846524,loop
1992.607,65846524,loop
1992.712,65846524,loop
1992.818,65846524,loop
1992.923,65846524,loop
1993.028,65846524,loop
1993.133,65846524,loop
1993.238,65846524,loop
1993.343,65846524,loop
1993.449,65846524,loop
1993.554,65846524,loop
1993.659,65846524,loop
1993.764,65846524,loop
1993.869,65846524,loop
1993.974,65846524,loop
1994.080,65846524,loop
1994.185,65846524,loop
1994.290,65846524,loop
1994.395,65846524,loop
1994.500,65846524,loop
1994.605,65846524,loop
1994.711,65846524,loop
1994.816,65846524,loop
1994.921,65846524,loop
1995.026,65846524,loop
1995.131,65846524,loop
1995.236,65846524,loop
1995.342,65846524,loop
1995.447,65846524,loop
1995.552,65846524,loop
1995.657,65846524,loop
1995.762,65846524,loop
1995.867,65846524,loop
1995.972,65846524,loop
1996.078,65846524,loop
1996.183,65846524,loop
1996.288,65846524,loop
1996.393,65846524,loop
1996.498,65846524,loop
1996.603,65846524,loop
1996.709,65846524,loop
1996.814,65846524,loop
1996.919,65846524,loop
1997.024,65846524,loop
1997.129,65846524,loop
1997.234,65846524,loop
1997.340,65846524,loop
1997.445,65846524,loop
1997.550,65846524,loop
1997.655,65846524,loop
1997.760,65846524,loop
1997.865,65846524,loop
1997.971,65846780,loop
1998.076,65846780,loop
1998.181,65846780,loop
1998.286,65846780,loop
1998.391,65846780,loop
1998.496,65846780,loop
1998.602,65846780,loop
1998.707,65846780,loop
1998.812,65846780,loop
1998.917,65846780,loop
1999.022,65846780,loop
1999.127,65846780,loop
1999.233,65846780,loop
1999.338,65846780,loop
1999.443,65846780,loop
1999.548,65846780,loop
1999.653,65846780,loop
1999.758,65846780,loop
1999.864,65846780,loop
1999.969,65846780,loop
2000.074,65846780,loop
2000.179,65846780,loop
2000.284,65846780,loop
2000.389,65846780,loop
2000.495,65846780,loop
2000.600,65846780,loop
2000.705,65846780,loop
2000.810,65846780,loop
2000.915,65846780,loop
2001.020,65846780,loop
2001.126,65846780,loop
2001.231,65846780,loop
2001.336,65846780,loop
2001.441,65846780,loop
2001.546,65846780,loop
2001.651,65846780,loop
2001.756,65846780,loop
2001.862,65846780,loop
2001.967,65846780,loop
2002.072,65846780,loop
2002.177,65846780,loop
2002.282,65846780,loop
2002.388,65846780,loop
2002.493,65846780,loop
2002.598,65846780,loop
2002.703,65846780,loop
2002.808,65846780,loop
2002.913,65846780,loop
2003.019,65846780,loop
2003.124,65846780,loop
2003.229,65846780,loop
2003.334,65846780,loop
2003.439,65846780,loop
2003.544,65846780,loop
2003.650,65846780,loop
2003.755,65846780,loop
2003.860,65846780,loop
2003.965,65846780,loop
2004.070,65846780,loop
2004.175,65846780,loop
2004.281,65846780,loop
2004.386,65846780,loop
2004.491,65846780,loop
2004.596,65846780,loop
2004.701,65846780,loop
2004.806,65846780,loop
2004.912,65846780,loop
2005.017,65846780,loop
2005.122,65846780,loop
2005.227,65846780,loop
2005.332,65846780,loop
2005.437,65846780,loop
2005.543,65846780,loop
2005.648,65846780,loop
2005.753,65846780,loop
2005.858,65846780,loop
2005.963,65846780,loop
2006.068,65846780,loop
2006.173,65846780,loop
2006.279,65846780,loop
2006.384,65846780,loop
2006.489,65846780,loop
2006.594,65846780,loop
2006.699,65846780,loop
2006.804,65846780,loop
2006.910,65846780,loop
2007.015,65846780,loop
2007.120,65846780,loop
2007.225,65846780,loop
2007.330,65846780,loop
2007.435,65846780,loop
2007.541,65846780,loop
2007.646,65846780,loop
2007.751,65846780,loop
2007.856,65846780,loop
2007.961,65846780,loop
2008.066,65846780,loop
2008.172,65846780,loop
2008.277,65847036,loop
2008.382,65847036,loop
2008.487,65847036,loop
2008.592,65847036,loop
2008.697,65847036,loop
2008.803,65847036,loop
2008.908,65847036,loop
2009.013,65847036,loop
2009.118,65847036,loop
2009.223,65847036,loop
2009.328,65847036,loop
2009.434,65847036,loop
2009.539,65847036,loop
2009.644,65847036,loop
2009.749,65847036,loop
2009.854,65847036,loop
2009.959,65847036,loop
2010.065,65847036,loop
2010.170,65847036,loop
2010.275,65847036,loop
2010.380,65847036,loop
2010.485,65847036,loop
2010.590,65847036,loop
2010.696,65847036,loop
2010.801,65847036,loop
2010.906,65847036,loop
2011.011,65847036,loop
2011.116,65847036,loop
2011.221,65847036,loop
2011.327,65847036,loop
2011.432,65847036,loop
2011.537,65847036,loop
2011.642,65847036,loop
2011.747,65847036,loop
2011.852,65847036,loop
2011.957,65847036,loop
2012.063,65847036,loop
2012.168,65847036,loop
2012.273,65847036,loop
2012.378,65847036,loop
2012.483,65847036,loop
2012.588,65847036,loop
2012.694,65847036,loop
2012.799,65847036,loop
2012.904,65847036,loop
2013.009,65847036,loop
2013.114,65847036,loop
2013.220,65847036,loop
2013.325,65847036,loop
2013.430,65847036,loop
2013.535,65847036,loop
2013.640,65847036,loop
2013.745,65847036,loop
2013.851,65847036,loop
2013.956,65847036,loop
2014.061,65847036,loop
2014.166,65847036,loop
2014.271,65847036,loop
2014.376,65847036,loop
2014.482,65847036,loop
2014.587,65847036,loop
2014.692,65847036,loop
2014.797,65847036,loop
2014.902,65847036,loop
2015.007,65847036,loop
2015.113,65847036,loop
2015.218,65847036,loop
2015.323,65847036,loop
2015.428,65847036,loop
2015.533,65847036,loop
2015.638,65847036,loop
2015.743,65847036,loop
2015.849,65847036,loop
2015.954,65847036,loop
2016.059,65847036,loop
2016.164,65847036,loop
2016.269,65847036,loop
2016.374,65847036,loop
2016.480,65847036,loop
2016.585,65847036,loop
2016.690,65847036,loop
2016.795,65847036,loop
2016.900,65847036,loop
2017.005,65847036,loop
2017.111,65847036,loop
2017.216,65847036,loop
2017.321,65847036,loop
2017.426,65847036,loop
2017.531,65847036,loop
2017.636,65847036,loop
2017.742,65847036,loop
2017.847,65847036,loop
2017.952,65847036,loop
2018.057,65847036,loop
2018.162,65847036,loop
2018.267,65847036,loop
2018.373,65847036,loop
2018.478,65847292,loop
2018.583,65847292,loop
2018.688,65847292,loop
2018.793,65847292,loop
2018.898,65847292,loop
2019.004,65847292,loop
2019.109,65847292,loop
2019.214,65847292,loop
2019.319,65847292,loop
2019.424,65847292,loop
2019.529,65847292,loop
2019.635,65847292,loop
2019.740,65847292,loop
2019.845,65847292,loop
2019.950,65847292,loop
2020.055,65847292,loop
2020.160,65847292,loop
2020.266,65847292,loop
2020.371,65847292,loop
2020.476,65847292,loop
2020.581,65847292,loop
2020.686,65847292,loop
2020.791,65847292,loop
2020.897,65847292,loop
2021.002,65847292,loop
2021.107,65847292,loop
2021.212,65847292,loop
2021.317,65847292,loop
2021.422,65847292,loop
2021.528,65847292,loop
2021.633,65847292,loop
2021.738,65847292,loop
2021.843,65847292,loop
2021.948,65847292,loop
2022.053,65847292,loop
2022.159,65847292,loop
2022.264,65847292,loop
2022.369,65847292,loop
2022.474,65847292,loop
2022.579,65847292,loop
2022.684,65847292,loop
2022.790,65847292,loop
2022.895,65847292,loop
2023.000,65847292,loop
2023.105,65847292,loop
2023.210,65847292,loop
2023.315,65847292,loop
2023.421,65847292,loop
2023.526,65847292,loop
2023.631,65847292,loop
2023.736,65847292,loop
2023.841,65847292,loop
2023.946,65847292,loop
2024.052,65847292,loop
2024.157,65847292,loop
2024.262,65847292,loop
2024.367,65847292,loop
2024.472,65847292,loop
2024.577,65847292,loop
2024.683,65847292,loop
2024.788,65847292,loop
2024.893,65847292,loop
2024.998,65847292,loop
2025.103,65847292,loop
2025.208,65847292,loop
2025.314,65847292,loop
2025.419,65847292,loop
2025.524,65847292,loop
2025.629,65847292,loop
2025.734,65847292,loop
2025.839,65847292,loop
2025.945,65847292,loop
2026.050,65847292,loop
2026.155,65847292,loop
2026.260,65847292,loop
2026.365,65847292,loop
2026.470,65847292,loop
2026.576,65847292,loop
2026.681,65847292,loop
2026.786,65847292,loop
2026.891,65847292,loop
2026.996,65847292,loop
2027.101,65847292,loop
2027.206,65847292,loop
2027.312,65847292,loop
2027.417,65847292,loop
2027.522,65847292,loop
2027.627,65847292,loop
2027.732,65847292,loop
2027.837,65847292,loop
2027.943,65847292,loop
2028.048,65847292,loop
2028.153,65847292,loop
2028.258,65847292,loop
2028.363,65847292,loop
2028.468,65849340,loop
2028.574,65849340,loop
2028.679,65849436,loop
2028.784,65849596,loop
2028.889,65849596,loop
2028.994,65849596,loop
2029.099,65849596,loop
2029.205,65849596,loop
2029.310,65849596,loop
2029.415,65849596,loop
2029.520,65849596,loop
2029.625,65849596,loop
2029.730,65849596,loop
2029.836,65849596,loop
2029.941,65849596,loop
2030.046,65849596,loop
2030.151,65849596,loop
2030.256,65849596,loop
2030.361,65849596,loop
2030.467,65849596,loop
2030.572,65849596,loop
2030.677,65849596,loop
2030.783,65849596,loop
2030.888,65849596,loop
2030.993,65849596,loop
2031.098,65849596,loop
2031.203,65849596,loop
2031.308,65849596,loop
2031.414,65849596,loop
2031.519,65849596,loop
2031.624,65849596,loop
2031.729,65849596,loop
2031.834,65849596,loop
2031.939,65849596,loop
2032.045,65849596,loop
2032.150,65849596,loop
2032.255,65849596,loop
2032.360,65849596,loop
2032.465,65849596,loop
2032.570,65849596,loop
2032.676,65849596,loop
2032.781,65849596,loop
2032.886,65849596,loop
2032.991,65849596,loop
2033.096,65849596,loop
2033.201,65849596,loop
2033.307,65849596,loop
2033.412,65849596,loop
2033.517,65849596,loop
2033.622,65849596,loop
2033.727,65849596,loop
2033.832,65849596,loop
2033.938,65849596,loop
2034.043,65849596,loop
2034.148,65849596,loop
2034.253,65849596,loop
2034.358,65849596,loop
2034.463,65849596,loop
2034.569,65849596,loop
2034.674,65849596,loop
2034.779,65849596,loop
2034.884,65849596,loop
2034.989,65849596,loop
2035.094,65849596,loop
2035.200,65849596,loop
2035.305,65849596,loop
2035.410,65849596,loop
2035.515,65849596,loop
2035.620,65849596,loop
2035.725,65849596,loop
2035.831,65849596,loop
2035.936,65849596,loop
2036.041,65849596,loop
2036.146,65849596,loop
2036.251,65849596,loop
2036.356,65849596,loop
2036.462,65849596,loop
2036.567,65849596,loop
2036.672,65849596,loop
2036.777,65849596,loop
2036.882,65849596,loop
2036.987,65849596,loop
2037.092,65849596,loop
2037.198,65849596,loop
2037.303,65849596,loop
2037.408,65849596,loop
2037.513,65849596,loop
2037.618,65849596,loop
2037.723,65849596,loop
2037.829,65849596,loop
2037.934,65849596,loop
2038.039,65849596,loop
2038.144,65849596,loop
2038.249,65849596,loop
2038.354,65849596,loop
2038.460,65849596,loop
2038.565,65849596,loop
2038.670,65849596,loop
2038.775,65849596,loop
2038.880,65849596,loop
2038.986,65849852,loop
2039.091,65849852,loop
2039.196,65849852,loop
2039.301,65849852,loop
2039.406,65849852,loop
2039.511,65849852,loop
2039.617,65849852,loop
2039.722,65849852,loop
2039.827,65849852,loop
2039.932,65849852,loop
2040.037,65849852,loop
2040.142,65849852,loop
2040.248,65849852,loop
2040.353,65849852,loop
2040.458,65849852,loop
2040.563,65849852,loop
2040.668,65849852,loop
2040.773,65849852,loop
2040.879,65849852,loop
2040.984,65849852,loop
2041.089,65849852,loop
2041.194,65849852,loop
2041.299,65849852,loop
2041.404,65849852,loop
2041.510,65849852,loop
2041.615,65849852,loop
2041.720,65849852,loop
2041.825,65849852,loop
2041.930,65849852,loop
2042.035,65849852,loop
2042.141,65849852,loop
2042.246,65849852,loop
2042.351,65849852,loop
2042.456,65849852,loop
2042.561,65849852,loop
2042.666,65849852,loop
2042.772,65849852,loop
2042.877,65849852,loop
2042.982,65849852,loop
2043.087,65849852,loop
2043.192,65849852,loop
2043.297,65849852,loop
2043.403,65849852,loop
2043.508,65849852,loop
2043.613,65849852,loop
2043.718,65849852,loop
2043.823,65849852,loop
2043.928,65849852,loop
2044.034,65849852,loop
2044.139,65849852,loop
2044.244,65849852,loop
2044.349,65849852,loop
2044.454,65849852,loop
2044.559,65849852,loop
2044.665,65849852,loop
2044.770,65849852,loop
2044.875,65849852,loop
2044.980,65849852,loop
2045.085,65849852,loop
2045.190,65849852,loop
2045.296,65849852,loop
2045.401,65849852,loop
2045.506,65849852,loop
2045.611,65849852,loop
2045.716,65849852,loop
2045.821,65849852,loop
2045.927,65849852,loop
2046.032,65849852,loop
2046.137,65849852,loop
2046.242,65849852,loop
2046.347,65849852,loop
2046.452,65849852,loop
2046.558,65849852,loop
2046.663,65849852,loop
2046.768,65849852,loop
2046.873,65849852,loop
2046.978,65849852,loop
2047.083,65849852,loop
2047.189,65849852,loop
2047.294,65849852,loop
2047.399,65849852,loop
2047.504,65849852,loop
2047.609,65849852,loop
2047.714,65849852,loop
2047.820,65849852,loop
2047.925,65849852,loop
2048.030,65849852,loop
2048.135,65849852,loop
2048.240,65849852,loop
2048.345,65849852,loop
2048.451,65849852,loop
2048.556,65849852,loop
2048.661,65849852,loop
2048.766,65849852,loop
2048.871,65849852,loop
2048.976,65849852,loop
2049.082,65849852,loop
2049.187,65850108,loop
2049.292,65850108,loop
2049.397,65850108,loop
2049.502,65850108,loop
2049.607,65850108,loop
2049.713,65850108,loop
2049.818,65850108,loop
2049.923,65850108,loop
2050.028,65850108,loop
2050.133,65850108,loop
2050.238,65850108,loop
2050.344,65850108,loop
2050.449,65850108,loop
2050.554,65850108,loop
2050.659,65850108,loop
2050.764,65850108,loop
2050.869,65850108,loop
2050.975,65850108,loop
2051.080,65850108,loop
2051.185,65850108,loop
2051.290,65850108,loop
2051.395,65850108,loop
2051.500,65850108,loop
2051.605,65850108,loop
2051.711,65850108,loop
2051.816,65850108,loop
2051.921,65850108,loop
2052.026,65850108,loop
2052.131,65850108,loop
2052.236,65850108,loop
2052.342,65850108,loop
2052.447,65850108,loop
2052.552,65850108,loop
2052.657,65850108,loop
2052.762,65850108,loop
2052.867,65850108,loop
2052.973,65850108,loop
2053.078,65850108,loop
2053.183,65850108,loop
2053.288,65850108,loop
2053.393,65850108,loop
2053.498,65850108,loop
2053.604,65850108,loop
2053.709,65850108,loop
2053.814,65850108,loop
2053.919,65850108,loop
2054.024,65850108,loop
2054.129,65850108,loop
2054.235,65850108,loop
2054.340,65850108,loop
2054.445,65850108,loop
2054.550,65850108,loop
2054.655,65850108,loop
2054.760,65850108,loop
2054.866,65850108,loop
2054.971,65850108,loop
2055.076,65850108,loop
2055.181,65850108,loop
2055.286,65850108,loop
2055.391,65850108,loop
2055.497,65850108,loop
2055.602,65850108,loop
2055.707,65850108,loop
2055.812,65850108,loop
2055.917,65850108,loop
2056.022,65850108,loop
2056.128,65850108,loop
2056.233,65850108,loop
2056.338,65850108,loop
2056.443,65850108,loop
2056.548,65850108,loop
2056.653,65850108,loop
2056.759,65850108,loop
2056.864,65850108,loop
2056.969,65850108,loop
2057.074,65850108,loop
2057.179,65850108,loop
2057.284,65850108,loop
2057.390,65850108,loop
2057.495,65850108,loop
2057.600,65850108,loop
2057.705,65850108,loop
2057.810,65850108,loop
2057.915,65850108,loop
2058.021,65850108,loop
2058.126,65850108,loop
2058.231,65850108,loop
2058.336,65850108,loop
2058.441,65850108,loop
2058.546,65850108,loop
2058.652,65850108,loop
2058.757,65850108,loop
2058.862,65850108,loop
2058.967,65850108,loop
2059.072,65850108,loop
2059.177,65850108,loop
2059.283,65850108,loop
2059.388,65850108,loop
2059.493,65850364,loop
2059.598,65850364,loop
2059.703,65850364,loop
2059.808,65850364,loop
2059.914,65850364,loop
2060.019,65850364,loop
2060.124,65850364,loop
2060.229,65850364,loop
2060.334,65850364,loop
2060.439,65850364,loop
2060.545,65850364,loop
2060.650,65850364,loop
2060.755,65850364,loop
2060.860,65850364,loop
2060.965,65850364,loop
2061.070,65850364,loop
2061.176,65850364,loop
2061.281,65850364,loop
2061.386,65850364,loop
2061.491,65850364,loop
2061.596,65850364,loop
2061.701,65850364,loop
2061.807,65850364,loop
2061.912,65850364,loop
2062.017,65850364,loop
2062.122,65850364,loop
2062.227,65850364,loop
2062.332,65850364,loop
2062.437,65850364,loop
2062.543,65850364,loop
2062.648,65850364,loop
2062.753,65850364,loop
2062.858,65850364,loop
2062.963,65850364,loop
2063.068,65850364,loop
2063.174,65850364,loop
2063.279,65850364,loop
2063.384,65850364,loop
2063.489,65850364,loop
2063.594,65850364,loop
2063.699,65850364,loop
2063.805,65850364,loop
2063.910,65850364,loop
2064.015,65850364,loop
2064.120,65850364,loop
2064.225,65850364,loop
2064.330,65850364,loop
2064.436,65850364,loop
2064.541,65850364,loop
2064.646,65850364,loop
2064.751,65850364,loop
2064.856,65850364,loop
2064.961,65850364,loop
2065.067,65850364,loop
2065.172,65850364,loop
2065.277,65850364,loop
2065.382,65850364,loop
2065.487,65850364,loop
2065.592,65850364,loop
2065.698,65850364,loop
2065.803,65850364,loop
2065.908,65850364,loop
2066.013,65850364,loop
2066.118,65850364,loop
2066.223,65850364,loop
2066.329,65850364,loop
2066.434,65850364,loop
2066.539,65850364,loop
2066.644,65850364,loop
2066.749,65850364,loop
2066.854,65850364,loop
2066.960,65850364,loop
2067.065,65850364,loop
2067.170,65850364,loop
2067.275,65850364,loop
2067.380,65850364,loop
2067.485,65850364,loop
2067.591,65850364,loop
2067.696,65850364,loop
2067.801,65850364,loop
2067.906,65850364,loop
2068.011,65850364,loop
2068.116,65850364,loop
2068.222,65850364,loop
2068.327,65850364,loop
2068.432,65850364,loop
2068.537,65850364,loop
2068.642,65850364,loop
2068.747,65850364,loop
2068.853,65850364,loop
2068.958,65850364,loop
2069.063,65850364,loop
2069.168,65850364,loop
2069.273,65850364,loop
2069.378,65850364,loop
2069.484,65850364,loop
2069.589,65850364,loop
2069.694,65850620,loop
2069.799,65850620,loop
2069.904,65850620,loop
2070.009,65850620,loop
2070.115,65850620,loop
2070.220,65850620,loop
2070.325,65850620,loop
2070.430,65850620,loop
2070.535,65850620,loop
2070.640,65850620,loop
2070.746,65850620,loop
2070.851,65850620,loop
2070.956,65850620,loop
2071.061,65850620,loop
2071.166,65850620,loop
2071.271,65850620,loop
2071.377,65850620,loop
2071.482,65850620,loop
2071.587,65850620,loop
2071.692,65850620,loop
2071.797,65850620,loop
2071.902,65850620,loop
2072.008,65850620,loop
2072.113,65850620,loop
2072.218,65850620,loop
2072.323,65850620,loop
2072.428,65850620,loop
2072.533,65850620,loop
2072.639,65850620,loop
2072.744,65850620,loop
2072.849,65850620,loop
2072.954,65850620,loop
2073.059,65850620,loop
2073.164,65850620,loop
2073.269,65850620,loop
2073.375,65850620,loop
2073.480,65850620,loop
2073.585,65850620,loop
2073.690,65850620,loop
2073.795,65850620,loop
2073.900,65850620,loop
2074.006,65850620,loop
2074.111,65850620,loop
2074.216,65850620,loop
2074.321,65850620,loop
2074.426,65850620,loop
2074.531,65850620,loop
2074.637,65850620,loop
2074.742,65850620,loop
2074.847,65850620,loop
2074.952,65850620,loop
2075.057,65850620,loop
2075.162,65850620,loop
2075.268,65850620,loop
2075.373,65850620,loop
2075.478,65850620,loop
2075.583,65850620,loop
2075.688,65850620,loop
2075.793,65850620,loop
2075.899,65850620,loop
2076.004,65850620,loop
2076.109,65850620,loop
2076.214,65850620,loop
2076.319,65850620,loop
2076.424,65850620,loop
2076.530,65850620,loop
2076.635,65850620,loop
2076.740,65850620,loop
2076.845,65850620,loop
2076.950,65850620,loop
2077.055,65850620,loop
2077.161,65850620,loop
2077.266,65850620,loop
2077.371,65850620,loop
2077.476,65850620,loop
2077.581,65850620,loop
2077.686,65850620,loop
2077.792,65850620,loop
2077.897,65850620,loop
2078.002,65850620,loop
2078.107,65850620,loop
2078.212,65850620,loop
2078.317,65850620,loop
2078.423,65850620,loop
2078.528,65850620,loop
2078.633,65850620,loop
2078.738,65850620,loop
2078.843,65850620,loop
2078.948,65850620,loop
2079.054,65850620,loop
2079.159,65850620,loop
2079.264,65850620,loop
2079.369,65850620,loop
2079.474,65850620,loop
2079.579,65850620,loop
2079.685,65850620,loop
2079.790,65850620,loop
2079.895,65850876,loop
2080.000,65850876,loop
2080.105,65850876,loop
2080.210,65850876,loop
2080.316,65850876,loop
2080.421,65850876,loop
2080.526,65850876,loop
2080.631,65850876,loop
2080.736,65850876,loop
2080.841,65850876,loop
2080.947,65850876,loop
2081.052,65850876,loop
2081.157,65850876,loop
2081.262,65850876,loop
2081.367,65850876,loop
2081.472,65850876,loop
2081.578,65850876,loop
2081.683,65850876,loop
2081.788,65850876,loop
2081.893,65850876,loop
2081.998,65850876,loop
2082.103,65850876,loop
2082.209,65850876,loop
2082.314,65850876,loop
2082.419,65850876,loop
2082.524,65850876,loop
2082.629,65850876,loop
2082.734,65850876,loop
2082.840,65850876,loop
2082.945,65850876,loop
2083.050,65850876,loop
2083.155,65850876,loop
2083.260,65850876,loop
2083.365,65850876,loop
2083.471,65850876,loop
2083.576,65850876,loop
2083.681,65850876,loop
2083.786,65850876,loop
2083.891,65850876,loop
2083.996,65850876,loop
2084.102,65850876,loop
2084.207,65850876,loop
2084.312,65850876,loop
2084.417,65850876,loop
2084.522,65850876,loop
2084.627,65850876,loop
2084.733,65850876,loop
2084.838,65850876,loop
2084.943,65850876,loop
2085.048,65850876,loop
2085.153,65850876,loop
2085.258,65850876,loop
2085.364,65850876,loop
2085.469,65850876,loop
2085.574,65850876,loop
2085.679,65850876,loop
2085.784,65850876,loop
2085.889,65850876,loop
2085.995,65850876,loop
2086.100,65850876,loop
2086.205,65850876,loop
2086.310,65850876,loop
2086.415,65850876,loop
2086.520,65850876,loop
2086.626,65850876,loop
2086.731,65850876,loop
2086.836,65850876,loop
2086.941,65850876,loop
2087.046,65850876,loop
2087.151,65850876,loop
2087.257,65850876,loop
2087.362,65850876,loop
2087.467,65850876,loop
2087.572,65850876,loop
2087.677,65850876,loop
2087.782,65850876,loop
2087.888,65850876,loop
2087.993,65850876,loop
2088.098,65850876,loop
2088.203,65850876,loop
2088.308,65850876,loop
2088.413,65850876,loop
2088.518,65852924,loop
2088.624,65852924,loop
2088.729,65852924,loop
2088.834,65852924,loop
2088.939,65852924,loop
2089.044,65852924,loop
2089.149,65852924,loop
2089.255,65852924,loop
2089.360,65852924,loop
2089.465,65852924,loop
2089.570,65852924,loop
2089.675,65852924,loop
2089.781,65852924,loop
2089.886,65852924,loop
2089.991,65852924,loop
2090.096,65852924,loop
2090.201,65853180,loop
2090.306,65853180,loop
2090.412,65853180,loop
2090.517,65853180,loop
2090.622,65853180,loop
2090.727,65853180,loop
2090.832,65853180,loop
2090.937,65853180,loop
2091.043,65853180,loop
2091.148,65853180,loop
2091.253,65853180,loop
2091.358,65853180,loop
2091.463,65853180,loop
2091.568,65853180,loop
2091.673,65853180,loop
2091.779,65853180,loop
2091.884,65853180,loop
2091.990,65853180,loop
2092.095,65853180,loop
2092.200,65853180,loop
2092.306,65853180,loop
2092.411,65853180,loop
2092.516,65853180,loop
2092.621,65853180,loop
2092.726,65853180,loop
2092.831,65853180,loop
2092.937,65853180,loop
2093.042,65853180,loop
2093.147,65853180,loop
2093.252,65853180,loop
2093.357,65853180,loop
2093.462,65853180,loop
2093.568,65853180,loop
2093.673,65853180,loop
2093.778,65853180,loop
2093.883,65853180,loop
2093.988,65853180,loop
2094.093,65853180,loop
2094.199,65853180,loop
2094.304,65853180,loop
2094.409,65853180,loop
2094.514,65853180,loop
2094.619,65853180,loop
2094.724,65853180,loop
2094.829,65853180,loop
2094.935,65853180,loop
2095.040,65853180,loop
2095.145,65853180,loop
2095.250,65853180,loop
2095.355,65853180,loop
2095.461,65853180,loop
2095.566,65853180,loop
2095.671,65853180,loop
2095.776,65853180,loop
2095.881,65853180,loop
2095.986,65853180,loop
2096.092,65853180,loop
2096.197,65853180,loop
2096.302,65853180,loop
2096.407,65853180,loop
2096.512,65853180,loop
2096.617,65853180,loop
2096.723,65853180,loop
2096.828,65853180,loop
2096.933,65853180,loop
2097.038,65853180,loop
2097.143,65853180,loop
2097.248,65853180,loop
2097.354,65853180,loop
2097.459,65853180,loop
2097.564,65853180,loop
2097.669,65853180,loop
2097.774,65853180,loop
2097.879,65853180,loop
2097.985,65853180,loop
2098.090,65853180,loop
2098.195,65853180,loop
2098.300,65853180,loop
2098.405,65853180,loop
2098.510,65853180,loop
2098.615,65853180,loop
2098.721,65853180,loop
2098.826,65853180,loop
2098.931,65853180,loop
2099.036,65853180,loop
2099.141,65853180,loop
2099.246,65853180,loop
2099.352,65853180,loop
2099.457,65853180,loop
2099.562,65853180,loop
2099.667,65853180,loop
2099.772,65853180,loop
2099.877,65853180,loop
2099.983,65853180,loop
2100.088,65853180,loop
2100.193,65853180,loop
2100.298,65853180,loop
2100.403,65853436,loop
2100.509,65853436,loop
2100.614,65853436,loop
2100.719,65853436,loop
2100.824,65853436,loop
2100.929,65853436,loop
2101.034,65853436,loop
2101.140,65853436,loop
2101.245,65853436,loop
2101.350,65853436,loop
2101.455,65853436,loop
2101.560,65853436,loop
2101.665,65853436,loop
2101.771,65853436,loop
2101.876,65853436,loop
2101.981,65853436,loop
2102.086,65853436,loop
2102.191,65853436,loop
2102.296,65853436,loop
2102.402,65853436,loop
2102.507,65853436,loop
2102.612,65853436,loop
2102.717,65853436,loop
2102.822,65853436,loop
2102.927,65853436,loop
2103.033,65853436,loop
2103.138,65853436,loop
2103.243,65853436,loop
2103.348,65853436,loop
2103.453,65853436,loop
2103.558,65853436,loop
2103.664,65853436,loop
2103.769,65853436,loop
2103.874,65853436,loop
2103.979,65853436,loop
2104.084,65853436,loop
2104.189,65853436,loop
2104.294,65853436,loop
2104.400,65853436,loop
2104.505,65853436,loop
2104.610,65853436,loop
2104.715,65853436,loop
2104.820,65853436,loop
2104.925,65853436,loop
2105.031,65853436,loop
2105.136,65853436,loop
2105.241,65853436,loop
2105.346,65853436,loop
2105.451,65853436,loop
2105.557,65853436,loop
2105.662,65853436,loop
2105.767,65853436,loop
2105.872,65853436,loop
2105.977,65853436,loop
2106.082,65853436,loop
2106.188,65853436,loop
2106.293,65853436,loop
2106.398,65853436,loop
2106.503,65853436,loop
2106.608,65853436,loop
2106.713,65853436,loop
2106.819,65853436,loop
2106.924,65853436,loop
2107.029,65853436,loop
2107.134,65853436,loop
2107.239,65853436,loop
2107.344,65853436,loop
2107.450,65853436,loop
2107.555,65853436,loop
2107.660,65853436,loop
2107.765,65853436,loop
2107.870,65853436,loop
2107.975,65853436,loop
2108.080,65853436,loop
2108.186,65853436,loop
2108.291,65853436,loop
2108.396,65853436,loop
2108.501,65853436,loop
2108.606,65853436,loop
2108.711,65853436,loop
2108.817,65853436,loop
2108.922,65853436,loop
2109.027,65853436,loop
2109.132,65853436,loop
2109.237,65853436,loop
2109.342,65853436,loop
2109.448,65853436,loop
2109.553,65853436,loop
2109.658,65853436,loop
2109.763,65853436,loop
2109.868,65853436,loop
2109.973,65853436,loop
2110.079,65853436,loop
2110.184,65853436,loop
2110.289,65853436,loop
2110.394,65853436,loop
2110.499,65853436,loop
2110.604,65853692,loop
2110.710,65853692,loop
2110.815,65853692,loop
2110.920,65853692,loop
2111.025,65853692,loop
2111.130,65853692,loop
2111.235,65853692,loop
2111.341,65853692,loop
2111.446,65853692,loop
2111.551,65853692,loop
2111.656,65853692,loop
2111.761,65853692,loop
2111.866,65853692,loop
2111.972,65853692,loop
2112.077,65853692,loop
2112.182,65853692,loop
2112.287,65853692,loop
2112.392,65853692,loop
2112.497,65853692,loop
2112.603,65853692,loop
2112.708,65853692,loop
2112.813,65853692,loop
2112.918,65853692,loop
2113.023,65853692,loop
2113.128,65853692,loop
2113.234,65853692,loop
2113.339,65853692,loop
2113.444,65853692,loop
2113.549,65853692,loop
2113.654,65853692,loop
2113.759,65853692,loop
2113.865,65853692,loop
2113.970,65853692,loop
2114.075,65853692,loop
2114.180,65853692,loop
2114.285,65853692,loop
2114.390,65853692,loop
2114.496,65853692,loop
2114.601,65853692,loop
2114.706,65853692,loop
2114.811,65853692,loop
2114.916,65853692,loop
2115.021,65853692,loop
2115.127,65853692,loop
2115.232,65853692,loop
2115.337,65853692,loop
2115.442,65853692,loop
2115.547,65853692,loop
2115.652,65853692,loop
2115.758,65853692,loop
2115.863,65853692,loop
2115.968,65853692,loop
2116.073,65853692,loop
2116.178,65853692,loop
2116.283,65853692,loop
2116.389,65853692,loop
2116.494,65853692,loop
2116.599,65853692,loop
2116.704,65853692,loop
2116.809,65853692,loop
2116.914,65853692,loop
2117.020,65853692,loop
2117.125,65853692,loop
2117.230,65853692,loop
2117.335,65853692,loop
2117.440,65853692,loop
2117.545,65853692,loop
2117.651,65853692,loop
2117.756,65853692,loop
2117.861,65853692,loop
2117.966,65853692,loop
2118.071,65853692,loop
2118.176,65853692,loop
2118.281,65853692,loop
2118.387,65853692,loop
2118.492,65853692,loop
2118.597,65853692,loop
2118.702,65853692,loop
2118.807,65853692,loop
2118.912,65853692,loop
2119.018,65853692,loop
2119.123,65853692,loop
2119.228,65853692,loop
2119.333,65853692,loop
2119.438,65853692,loop
2119.543,65853692,loop
2119.649,65853692,loop
2119.754,65853692,loop
2119.859,65853692,loop
2119.964,65853692,loop
2120.069,65853692,loop
2120.174,65853692,loop
2120.280,65853692,loop
2120.385,65853692,loop
2120.490,65853692,loop
2120.595,65853692,loop
2120.700,65853692,loop
2120.805,65853692,loop
2120.911,65853948,loop
2121.016,65853948,loop
2121.121,65853948,loop
2121.226,65853948,loop
2121.331,65853948,loop
2121.436,65853948,loop
2121.542,65853948,loop
2121.647,65853948,loop
2121.752,65853948,loop
2121.857,65853948,loop
2121.962,65853948,loop
2122.067,65853948,loop
2122.173,65853948,loop
2122.278,65853948,loop
2122.383,65853948,loop
2122.488,65853948,loop
2122.593,65853948,loop
2122.698,65853948,loop
2122.804,65853948,loop
2122.909,65853948,loop
2123.014,65853948,loop
2123.119,65853948,loop
2123.224,65853948,loop
2123.329,65853948,loop
2123.435,65853948,loop
2123.540,65853948,loop
2123.645,65853948,loop
2123.750,65853948,loop
2123.855,65853948,loop
2123.960,65853948,loop
2124.066,65853948,loop
2124.171,65853948,loop
2124.276,65853948,loop
2124.381,65853948,loop
2124.486,65853948,loop
2124.591,65853948,loop
2124.697,65853948,loop
2124.802,65853948,loop
2124.907,65853948,loop
2125.012,65853948,loop
2125.117,65853948,loop
2125.222,65853948,loop
2125.328,65853948,loop
2125.433,65853948,loop
2125.538,65853948,loop
2125.643,65853948,loop
2125.748,65853948,loop
2125.853,65853948,loop
2125.959,65853948,loop
2126.064,65853948,loop
2126.169,65853948,loop
2126.274,65853948,loop
2126.379,65853948,loop
2126.484,65853948,loop
2126.590,65853948,loop
2126.695,65853948,loop
2126.800,65853948,loop
2126.905,65853948,loop
2127.010,65853948,loop
2127.115,65853948,loop
2127.221,65853948,loop
2127.326,65853948,loop
2127.431,65853948,loop
2127.536,65853948,loop
2127.641,65853948,loop
2127.746,65853948,loop
2127.852,65853948,loop
2127.957,65853948,loop
2128.062,65853948,loop
2128.167,65853948,loop
2128.272,65853948,loop
2128.377,65853948,loop
2128.482,65853948,loop
2128.588,65853948,loop
2128.693,65853948,loop
2128.798,65853948,loop
2128.903,65853948,loop
2129.008,65853948,loop
2129.113,65853948,loop
2129.219,65853948,loop
2129.324,65853948,loop
2129.429,65853948,loop
2129.534,65853948,loop
2129.639,65853948,loop
2129.744,65853948,loop
2129.850,65853948,loop
2129.955,65853948,loop
2130.060,65853948,loop
2130.165,65853948,loop
2130.270,65853948,loop
2130.375,65853948,loop
2130.481,65853948,loop
2130.586,65853948,loop
2130.691,65853948,loop
2130.796,65853948,loop
2130.901,65853948,loop
2131.006,65853948,loop
2131.112,65854204,loop
2131.217,65854204,loop
2131.322,65854204,loop
2131.427,65854204,loop
2131.532,65854204,loop
2131.637,65854204,loop
2131.743,65854204,loop
2131.848,65854204,loop
2131.953,65854204,loop
2132.058,65854204,loop
2132.163,65854204,loop
2132.268,65854204,loop
2132.374,65854204,loop
2132.479,65854204,loop
2132.584,65854204,loop
2132.689,65854204,loop
2132.794,65854204,loop
2132.899,65854204,loop
2133.005,65854204,loop
2133.110,65854204,loop
2133.215,65854204,loop
2133.320,65854204,loop
2133.425,65854204,loop
2133.530,65854204,loop
2133.636,65854204,loop
2133.741,65854204,loop
2133.846,65854204,loop
2133.951,65854204,loop
2134.056,65854204,loop
2134.161,65854204,loop
2134.267,65854204,loop
2134.372,65854204,loop
2134.477,65854204,loop
2134.582,65854204,loop
2134.687,65854204,loop
2134.792,65854204,loop
2134.898,65854204,loop
2135.003,65854204,loop
2135.108,65854204,loop
2135.213,65854204,loop
2135.318,65854204,loop
2135.423,65854204,loop
2135.529,65854204,loop
2135.634,65854204,loop
2135.739,65854204,loop
2135.844,65854204,loop
2135.949,65854204,loop
2136.054,65854204,loop
2136.160,65854204,loop
2136.265,65854204,loop
2136.370,65854204,loop
2136.475,65854204,loop
2136.580,65854204,loop
2136.685,65854204,loop
2136.791,65854204,loop
2136.896,65854204,loop
2137.001,65854204,loop
2137.106,65854204,loop
2137.212,65854204,loop
2137.317,65854204,loop
2137.422,65854204,loop
2137.527,65854204,loop
2137.632,65854204,loop
2137.738,65854204,loop
2137.843,65854204,loop
2137.948,65854204,loop
2138.053,65854204,loop
2138.158,65854204,loop
2138.263,65854204,loop
2138.369,65854204,loop
2138.474,65854204,loop
2138.579,65854204,loop
2138.684,65854204,loop
2138.789,65854204,loop
2138.894,65854204,loop
2139.000,65854204,loop
2139.105,65854204,loop
2139.210,65854204,loop
2139.315,65854204,loop
2139.420,65854204,loop
2139.525,65854204,loop
2139.631,65854204,loop
2139.736,65854204,loop
2139.841,65854204,loop
2139.946,65854204,loop
2140.051,65854204,loop
2140.156,65854204,loop
2140.262,65854204,loop
2140.367,65854204,loop
2140.472,65854204,loop
2140.578,65854204,loop
2140.683,65854204,loop
2140.788,65854204,loop
2140.893,65854204,loop
2140.998,65854204,loop
2141.103,65854204,loop
2141.209,65854204,loop
2141.314,65854204,loop
2141.419,65854460,loop
2141.524,65854460,loop
2141.629,65854460,loop
2141.734,65854460,loop
2141.840,65854460,loop
2141.945,65854460,loop
2142.050,65854460,loop
2142.155,65854460,loop
2142.260,65854460,loop
2142.365,65854460,loop
2142.471,65854460,loop
2142.576,65854460,loop
2142.681,65854460,loop
2142.786,65854460,loop
2142.891,65854460,loop
2142.996,65854460,loop
2143.102,65854460,loop
2143.207,65854460,loop
2143.312,65854460,loop
2143.417,65854460,loop
2143.522,65854460,loop
2143.627,65854460,loop
2143.733,65854460,loop
2143.838,65854460,loop
2143.943,65854460,loop
2144.048,65854460,loop
2144.153,65854460,loop
2144.258,65854460,loop
2144.364,65854460,loop
2144.469,65854460,loop
2144.574,65854460,loop
2144.679,65854460,loop
2144.784,65854460,loop
2144.889,65854460,loop
2144.995,65854460,loop
2145.100,65854460,loop
2145.205,65854460,loop
2145.310,65854460,loop
2145.415,65854460,loop
2145.520,65854460,loop
2145.626,65854460,loop
2145.731,65854460,loop
2145.836,65854460,loop
2145.941,65854460,loop
2146.046,65854460,loop
2146.151,65854460,loop
2146.257,65854460,loop
2146.362,65854460,loop
2146.467,65854460,loop
2146.572,65854460,loop
2146.677,65854460,loop
2146.782,65854460,loop
2146.888,65854460,loop
2146.993,65854460,loop
2147.098,65854460,loop
2147.203,65854460,loop
2147.308,65854460,loop
2147.413,65854460,loop
2147.519,65854460,loop
2147.624,65854460,loop
2147.729,65854460,loop
2147.834,65854460,loop
2147.939,65854460,loop
2148.044,65854460,loop
2148.150,65854460,loop
2148.255,65854460,loop
2148.360,65854460,loop
2148.465,65856508,loop
2148.570,65856508,loop
2148.675,65856508,loop
2148.781,65856508,loop
2148.886,65856508,loop
2148.991,65856508,loop
2149.096,65856508,loop
2149.201,65856508,loop
2149.306,65856508,loop
2149.411,65856508,loop
2149.517,65856508,loop
2149.622,65856508,loop
2149.727,65856508,loop
2149.832,65856508,loop
2149.937,65856508,loop
2150.042,65856508,loop
2150.148,65856508,loop
2150.253,65856508,loop
2150.358,65856508,loop
2150.463,65856508,loop
2150.568,65856508,loop
2150.673,65856508,loop
2150.779,65856508,loop
2150.884,65856508,loop
2150.989,65856508,loop
2151.094,65856508,loop
2151.199,65856508,loop
2151.304,65856508,loop
2151.410,65856508,loop
2151.515,65856508,loop
2151.620,65856764,loop
2151.725,65856764,loop
2151.830,65856764,loop
2151.935,65856764,loop
2152.041,65856764,loop
2152.146,65856764,loop
2152.251,65856764,loop
2152.356,65856764,loop
2152.461,65856764,loop
2152.566,65856764,loop
2152.672,65856764,loop
2152.777,65856764,loop
2152.882,65856764,loop
2152.987,65856764,loop
2153.092,65856764,loop
2153.197,65856764,loop
2153.303,65856764,loop
2153.408,65856764,loop
2153.513,65856764,loop
2153.618,65856764,loop
2153.723,65856764,loop
2153.828,65856764,loop
2153.934,65856764,loop
2154.039,65856764,loop
2154.144,65856764,loop
2154.249,65856764,loop
2154.354,65856764,loop
2154.459,65856764,loop
2154.565,65856764,loop
2154.670,65856764,loop
2154.775,65856764,loop
2154.880,65856764,loop
2154.985,65856764,loop
2155.090,65856764,loop
2155.196,65856764,loop
2155.301,65856764,loop
2155.406,65856764,loop
2155.511,65856764,loop
2155.616,65856764,loop
2155.721,65856764,loop
2155.827,65856764,loop
2155.932,65856764,loop
2156.037,65856764,loop
2156.142,65856764,loop
2156.247,65856764,loop
2156.352,65856764,loop
2156.458,65856764,loop
2156.563,65856764,loop
2156.668,65856764,loop
2156.773,65856764,loop
2156.878,65856764,loop
2156.983,65856764,loop
2157.089,65856764,loop
2157.194,65856764,loop
2157.299,65856764,loop
2157.404,65856764,loop
2157.509,65856764,loop
2157.614,65856764,loop
2157.720,65856764,loop
2157.825,65856764,loop
2157.930,65856764,loop
2158.035,65856764,loop
2158.140,65856764,loop
2158.245,65856764,loop
2158.351,65856764,loop
2158.456,65856764,loop
2158.561,65856764,loop
2158.666,65856764,loop
2158.771,65856764,loop
2158.876,65856764,loop
2158.982,65856764,loop
2159.087,65856764,loop
2159.192,65856764,loop
2159.297,65856764,loop
2159.402,65856764,loop
2159.507,65856764,loop
2159.613,65856764,loop
2159.718,65856764,loop
2159.823,65856764,loop
2159.928,65856764,loop
2160.033,65856764,loop
2160.138,65856764,loop
2160.244,65856764,loop
2160.349,65856764,loop
2160.454,65856764,loop
2160.559,65856764,loop
2160.664,65856764,loop
2160.769,65856764,loop
2160.875,65856764,loop
2160.980,65856764,loop
2161.085,65856764,loop
2161.190,65856764,loop
2161.295,65856764,loop
2161.400,65856764,loop
2161.506,65856764,loop
2161.611,65856764,loop
2161.716,65856764,loop
2161.821,65857020,loop
2161.926,65857020,loop
2162.031,65857020,loop
2162.137,65857020,loop
2162.242,65857020,loop
2162.347,65857020,loop
2162.452,65857020,loop
2162.557,65857020,loop
2162.662,65857020,loop
2162.768,65857020,loop
2162.873,65857020,loop
2162.978,65857020,loop
2163.083,65857020,loop
2163.188,65857020,loop
2163.293,65857020,loop
2163.399,65857020,loop
2163.504,65857020,loop
2163.609,65857020,loop
2163.714,65857020,loop
2163.819,65857020,loop
2163.925,65857020,loop
2164.030,65857020,loop
2164.135,65857020,loop
2164.240,65857020,loop
2164.345,65857020,loop
2164.450,65857020,loop
2164.556,65857020,loop
2164.661,65857020,loop
2164.766,65857020,loop
2164.871,65857020,loop
2164.976,65857020,loop
2165.081,65857020,loop
2165.187,65857020,loop
2165.292,65857020,loop
2165.397,65857020,loop
2165.502,65857020,loop
2165.607,65857020,loop
2165.712,65857020,loop
2165.818,65857020,loop
2165.923,65857020,loop
2166.028,65857020,loop
2166.133,65857020,loop
2166.238,65857020,loop
2166.343,65857020,loop
2166.449,65857020,loop
2166.554,65857020,loop
2166.659,65857020,loop
2166.764,65857020,loop
2166.869,65857020,loop
2166.974,65857020,loop
2167.080,65857020,loop
2167.185,65857020,loop
2167.290,65857020,loop
2167.395,65857020,loop
2167.500,65857020,loop
2167.605,65857020,loop
2167.711,65857020,loop
2167.816,65857020,loop
2167.921,65857020,loop
2168.026,65857020,loop
2168.131,65857020,loop
2168.236,65857020,loop
2168.342,65857020,loop
2168.447,65857020,loop
2168.552,65857020,loop
2168.657,65857020,loop
2168.762,65857020,loop
2168.867,65857020,loop
2168.973,65857020,loop
2169.078,65857020,loop
2169.183,65857020,loop
2169.288,65857020,loop
2169.393,65857020,loop
2169.498,65857020,loop
2169.604,65857020,loop
2169.709,65857020,loop
2169.814,65857020,loop
2169.919,65857020,loop
2170.024,65857020,loop
2170.129,65857020,loop
2170.235,65857020,loop
2170.340,65857020,loop
2170.445,65857020,loop
2170.550,65857020,loop
2170.655,65857020,loop
2170.760,65857020,loop
2170.866,65857020,loop
2170.971,65857020,loop
2171.076,65857020,loop
2171.181,65857020,loop
2171.286,65857020,loop
2171.391,65857020,loop
2171.497,65857020,loop
2171.602,65857020,loop
2171.707,65857020,loop
2171.812,65857020,loop
2171.917,65857020,loop
2172.022,65857020,loop
2172.128,65857276,loop
2172.233,65857276,loop
2172.338,65857276,loop
2172.443,65857276,loop
2172.548,65857276,loop
2172.653,65857276,loop
2172.759,65857276,loop
2172.864,65857276,loop
2172.969,65857276,loop
2173.074,65857276,loop
2173.179,65857276,loop
2173.284,65857276,loop
2173.390,65857276,loop
2173.495,65857276,loop
2173.600,65857276,loop
2173.705,65857276,loop
2173.810,65857276,loop
2173.915,65857276,loop
2174.021,65857276,loop
2174.126,65857276,loop
2174.231,65857276,loop
2174.336,65857276,loop
2174.441,65857276,loop
2174.546,65857276,loop
2174.652,65857276,loop
2174.757,65857276,loop
2174.862,65857276,loop
2174.967,65857276,loop
2175.072,65857276,loop
2175.177,65857276,loop
2175.282,65857276,loop
2175.388,65857276,loop
2175.493,65857276,loop
2175.598,65857276,loop
2175.703,65857276,loop
2175.808,65857276,loop
2175.913,65857276,loop
2176.019,65857276,loop
2176.124,65857276,loop
2176.229,65857276,loop
2176.334,65857276,loop
2176.439,65857276,loop
2176.544,65857276,loop
2176.650,65857276,loop
2176.755,65857276,loop
2176.860,65857276,loop
2176.965,65857276,loop
2177.070,65857276,loop
2177.176,65857276,loop
2177.281,65857276,loop
2177.386,65857276,loop
2177.491,65857276,loop
2177.596,65857276,loop
2177.701,65857276,loop
2177.806,65857276,loop
2177.912,65857276,loop
2178.017,65857276,loop
2178.122,65857276,loop
2178.228,65857276,loop
2178.333,65857276,loop
2178.439,65857276,loop
2178.544,65857276,loop
2178.649,65857276,loop
2178.754,65857276,loop
2178.859,65857276,loop
2178.964,65857276,loop
2179.070,65857276,loop
2179.175,65857276,loop
2179.280,65857276,loop
2179.385,65857276,loop
2179.490,65857276,loop
2179.595,65857276,loop
2179.701,65857276,loop
2179.806,65857276,loop
2179.911,65857276,loop
2180.016,65857276,loop
2180.121,65857276,loop
2180.226,65857276,loop
2180.332,65857276,loop
2180.437,65857276,loop
2180.542,65857276,loop
2180.647,65857276,loop
2180.752,65857276,loop
2180.857,65857276,loop
2180.963,65857276,loop
2181.068,65857276,loop
2181.173,65857276,loop
2181.278,65857276,loop
2181.383,65857276,loop
2181.488,65857276,loop
2181.594,65857276,loop
2181.699,65857276,loop
2181.804,65857276,loop
2181.909,65857276,loop
2182.014,65857276,loop
2182.119,65857276,loop
2182.225,65857276,loop
2182.330,65857532,loop
2182.435,65857532,loop
2182.540,65857532,loop
2182.645,65857532,loop
2182.750,65857532,loop
2182.856,65857532,loop
2182.961,65857532,loop
2183.066,65857532,loop
2183.171,65857532,loop
2183.276,65857532,loop
2183.381,65857532,loop
2183.487,65857532,loop
2183.592,65857532,loop
2183.697,65857532,loop
2183.802,65857532,loop
2183.907,65857532,loop
2184.012,65857532,loop
2184.118,65857532,loop
2184.223,65857532,loop
2184.328,65857532,loop
2184.434,65857532,loop
2184.539,65857532,loop
2184.644,65857532,loop
2184.749,65857532,loop
2184.854,65857532,loop
2184.959,65857532,loop
2185.065,65857532,loop
2185.170,65857532,loop
2185.275,65857532,loop
2185.380,65857532,loop
2185.485,65857532,loop
2185.590,65857532,loop
2185.696,65857532,loop
2185.801,65857532,loop
2185.906,65857532,loop
2186.011,65857532,loop
2186.116,65857532,loop
2186.221,65857532,loop
2186.327,65857532,loop
2186.432,65857532,loop
2186.537,65857532,loop
2186.642,65857532,loop
2186.747,65857532,loop
2186.852,65857532,loop
2186.958,65857532,loop
2187.063,65857532,loop
2187.168,65857532,loop
2187.273,65857532,loop
2187.378,65857532,loop
2187.483,65857532,loop
2187.589,65857532,loop
2187.694,65857532,loop
2187.799,65857532,loop
2187.904,65857532,loop
2188.009,65857532,loop
2188.114,65857532,loop
2188.220,65857532,loop
2188.325,65857532,loop
2188.430,65857532,loop
2188.535,65857532,loop
2188.640,65857532,loop
2188.745,65857532,loop
2188.851,65857532,loop
2188.956,65857532,loop
2189.061,65857532,loop
2189.166,65857532,loop
2189.271,65857532,loop
2189.376,65857532,loop
2189.482,65857532,loop
2189.587,65857532,loop
2189.692,65857532,loop
2189.797,65857532,loop
2189.902,65857532,loop
2190.007,65857532,loop
2190.113,65857532,loop
2190.218,65857532,loop
2190.323,65857532,loop
2190.428,65857532,loop
2190.533,65857532,loop
2190.638,65857532,loop
2190.744,65857532,loop
2190.849,65857532,loop
2190.954,65857532,loop
2191.059,65857532,loop
2191.164,65857532,loop
2191.269,65857532,loop
2191.375,65857532,loop
2191.480,65857532,loop
2191.585,65857532,loop
2191.690,65857532,loop
2191.795,65857532,loop
2191.900,65857532,loop
2192.006,65857532,loop
2192.111,65857532,loop
2192.216,65857532,loop
2192.321,65857532,loop
2192.426,65857532,loop
2192.531,65857788,loop
2192.637,65857788,loop
2192.742,65857788,loop
2192.847,65857788,loop
2192.952,65857788,loop
2193.057,65857788,loop
2193.162,65857788,loop
2193.268,65857788,loop
2193.373,65857788,loop
2193.478,65857788,loop
2193.583,65857788,loop
2193.688,65857788,loop
2193.793,65857788,loop
2193.899,65857788,loop
2194.004,65857788,loop
2194.109,65857788,loop
2194.214,65857788,loop
2194.319,65857788,loop
2194.424,65857788,loop
2194.530,65857788,loop
2194.635,65857788,loop
2194.740,65857788,loop
2194.845,65857788,loop
2194.950,65857788,loop
2195.055,65857788,loop
2195.161,65857788,loop
2195.266,65857788,loop
2195.371,65857788,loop
2195.476,65857788,loop
2195.581,65857788,loop
2195.686,65857788,loop
2195.792,65857788,loop
2195.897,65857788,loop
2196.002,65857788,loop
2196.107,65857788,loop
2196.212,65857788,loop
2196.317,65857788,loop
2196.423,65857788,loop
2196.528,65857788,loop
2196.633,65857788,loop
2196.738,65857788,loop
2196.843,65857788,loop
2196.948,65857788,loop
2197.053,65857788,loop
2197.159,65857788,loop
2197.264,65857788,loop
2197.369,65857788,loop
2197.474,65857788,loop
2197.579,65857788,loop
2197.685,65857788,loop
2197.790,65857788,loop
2197.895,65857788,loop
2198.000,65857788,loop
2198.105,65857788,loop
2198.210,65857788,loop
2198.316,65857788,loop
2198.421,65857788,loop
2198.526,65857788,loop
2198.631,65857788,loop
2198.736,65857788,loop
2198.841,65857788,loop
2198.947,65857788,loop
2199.052,65857788,loop
2199.157,65857788,loop
2199.262,65857788,loop
2199.367,65857788,loop
2199.472,65857788,loop
2199.577,65857788,loop
2199.683,65857788,loop
2199.788,65857788,loop
2199.893,65857788,loop
2199.998,65857788,loop
2200.103,65857788,loop
2200.208,65857788,loop
2200.314,65857788,loop
2200.419,65857788,loop
2200.524,65857788,loop
2200.629,65857788,loop
2200.734,65857788,loop
2200.839,65857788,loop
2200.945,65857788,loop
2201.050,65857788,loop
2201.155,65857788,loop
2201.260,65857788,loop
2201.365,65857788,loop
2201.470,65857788,loop
2201.576,65857788,loop
2201.681,65857788,loop
2201.786,65857788,loop
2201.891,65857788,loop
2201.996,65857788,loop
2202.101,65857788,loop
2202.207,65857788,loop
2202.312,65857788,loop
2202.417,65857788,loop
2202.522,65857788,loop
2202.627,65857788,loop
2202.733,65857788,loop
2202.838,65858044,loop
2202.943,65858044,loop
2203.048,65858044,loop
2203.153,65858044,loop
2203.258,65858044,loop
2203.364,65858044,loop
2203.469,65858044,loop
2203.574,65858044,loop
2203.679,65858044,loop
2203.784,65858044,loop
2203.889,65858044,loop
2203.994,65858044,loop
2204.100,65858044,loop
2204.205,65858044,loop
2204.310,65858044,loop
2204.415,65858044,loop
2204.520,65858044,loop
2204.625,65858044,loop
2204.731,65858044,loop
2204.836,65858044,loop
2204.941,65858044,loop
2205.046,65858044,loop
2205.151,65858044,loop
2205.256,65858044,loop
2205.362,65858044,loop
2205.467,65858044,loop
2205.572,65858044,loop
2205.677,65858044,loop
2205.782,65858044,loop
2205.887,65858044,loop
2205.993,65858044,loop
2206.098,65858044,loop
2206.203,65858044,loop
2206.308,65858044,loop
2206.413,65858044,loop
2206.518,65858044,loop
2206.624,65858044,loop
2206.729,65858044,loop
2206.834,65858044,loop
2206.939,65858044,loop
2207.044,65858044,loop
2207.149,65858044,loop
2207.255,65858044,loop
2207.360,65858044,loop
2207.465,65858044,loop
2207.570,65858044,loop
2207.675,65858044,loop
2207.780,65858044,loop
2207.886,65858044,loop
2207.991,65858044,loop
2208.096,65858044,loop
2208.201,65858044,loop
2208.306,65858044,loop
2208.411,65860092,loop
2208.517,65860092,loop
2208.622,65860092,loop
2208.727,65860092,loop
2208.832,65860092,loop
2208.937,65860092,loop
2209.042,65860092,loop
2209.148,65860092,loop
2209.253,65860092,loop
2209.358,65860092,loop
2209.463,65860092,loop
2209.568,65860092,loop
2209.673,65860092,loop
2209.779,65860092,loop
2209.884,65860092,loop
2209.989,65860092,loop
2210.094,65860092,loop
2210.199,65860092,loop
2210.304,65860092,loop
2210.410,65860092,loop
2210.515,65860092,loop
2210.620,65860092,loop
2210.725,65860092,loop
2210.830,65860092,loop
2210.935,65860092,loop
2211.041,65860092,loop
2211.146,65860092,loop
2211.251,65860092,loop
2211.356,65860092,loop
2211.461,65860092,loop
2211.566,65860092,loop
2211.672,65860092,loop
2211.777,65860092,loop
2211.882,65860092,loop
2211.987,65860092,loop
2212.092,65860092,loop
2212.197,65860092,loop
2212.303,65860092,loop
2212.408,65860092,loop
2212.513,65860092,loop
2212.618,65860092,loop
2212.723,65860092,loop
2212.828,65860092,loop
2212.934,65860092,loop
2213.039,65860348,loop
2213.144,65860348,loop
2213.249,65860348,loop
2213.354,65860348,loop
2213.459,65860348,loop
2213.565,65860348,loop
2213.670,65860348,loop
2213.775,65860348,loop
2213.880,65860348,loop
2213.985,65860348,loop
2214.090,65860348,loop
2214.196,65860348,loop
2214.301,65860348,loop
2214.406,65860348,loop
2214.511,65860348,loop
2214.616,65860348,loop
2214.721,65860348,loop
2214.827,65860348,loop
2214.932,65860348,loop
2215.037,65860348,loop
2215.142,65860348,loop
2215.247,65860348,loop
2215.352,65860348,loop
2215.458,65860348,loop
2215.563,65860348,loop
2215.668,65860348,loop
2215.773,65860348,loop
2215.878,65860348,loop
2215.983,65860348,loop
2216.089,65860348,loop
2216.194,65860348,loop
2216.299,65860348,loop
2216.404,65860348,loop
2216.509,65860348,loop
2216.614,65860348,loop
2216.720,65860348,loop
2216.825,65860348,loop
2216.930,65860348,loop
2217.035,65860348,loop
2217.140,65860348,loop
2217.245,65860348,loop
2217.350,65860348,loop
2217.456,65860348,loop
2217.561,65860348,loop
2217.666,65860348,loop
2217.771,65860348,loop
2217.876,65860348,loop
2217.982,65860348,loop
2218.087,65860348,loop
2218.192,65860348,loop
2218.297,65860348,loop
2218.402,65860348,loop
2218.507,65860348,loop
2218.613,65860348,loop
2218.718,65860348,loop
2218.823,65860348,loop
2218.928,65860348,loop
2219.033,65860348,loop
2219.138,65860348,loop
2219.244,65860348,loop
2219.349,65860348,loop
2219.454,65860348,loop
2219.559,65860348,loop
2219.664,65860348,loop
2219.769,65860348,loop
2219.874,65860348,loop
2219.980,65860348,loop
2220.085,65860348,loop
2220.190,65860348,loop
2220.295,65860348,loop
2220.400,65860348,loop
2220.505,65860348,loop
2220.611,65860348,loop
2220.716,65860348,loop
2220.821,65860348,loop
2220.926,65860348,loop
2221.031,65860348,loop
2221.136,65860348,loop
2221.242,65860348,loop
2221.347,65860348,loop
2221.452,65860348,loop
2221.557,65860348,loop
2221.662,65860348,loop
2221.767,65860348,loop
2221.873,65860348,loop
2221.978,65860348,loop
2222.083,65860348,loop
2222.188,65860348,loop
2222.293,65860348,loop
2222.398,65860348,loop
2222.504,65860348,loop
2222.609,65860348,loop
2222.714,65860348,loop
2222.819,65860348,loop
2222.924,65860348,loop
2223.029,65860348,loop
2223.135,65860348,loop
2223.240,65860508,loop
2223.345,65860604,loop
2223.450,65860604,loop
2223.555,65860604,loop
2223.661,65860604,loop
2223.766,65860604,loop
2223.871,65860604,loop
2223.976,65860604,loop
2224.081,65860604,loop
2224.186,65860604,loop
2224.292,65860604,loop
2224.397,65860604,loop
2224.502,65860604,loop
2224.607,65860604,loop
2224.712,65860604,loop
2224.817,65860604,loop
2224.923,65860604,loop
2225.028,65860604,loop
2225.133,65860604,loop
2225.238,65860604,loop
2225.343,65860604,loop
2225.448,65860604,loop
2225.554,65860604,loop
2225.659,65860604,loop
2225.764,65860604,loop
2225.869,65860604,loop
2225.974,65860604,loop
2226.079,65860604,loop
2226.185,65860604,loop
2226.290,65860604,loop
2226.395,65860604,loop
2226.500,65860604,loop
2226.605,65860604,loop
2226.710,65860604,loop
2226.816,65860604,loop
2226.921,65860604,loop
2227.026,65860604,loop
2227.131,65860604,loop
2227.236,65860604,loop
2227.341,65860604,loop
2227.447,65860604,loop
2227.552,65860604,loop
2227.657,65860604,loop
2227.762,65860604,loop
2227.867,65860604,loop
2227.972,65860604,loop
2228.078,65860604,loop
2228.183,65860604,loop
2228.288,65860604,loop
2228.393,65860604,loop
2228.498,65860604,loop
2228.603,65860604,loop
2228.709,65860604,loop
2228.814,65860604,loop
2228.919,65860604,loop
2229.024,65860604,loop
2229.129,65860604,loop
2229.234,65860604,loop
2229.340,65860604,loop
2229.445,65860604,loop
2229.550,65860604,loop
2229.655,65860604,loop
2229.760,65860604,loop
2229.865,65860604,loop
2229.971,65860604,loop
2230.076,65860604,loop
2230.181,65860604,loop
2230.286,65860604,loop
2230.391,65860604,loop
2230.496,65860604,loop
2230.602,65860604,loop
2230.707,65860604,loop
2230.812,65860604,loop
2230.917,65860604,loop
2231.022,65860604,loop
2231.127,65860604,loop
2231.233,65860604,loop
2231.338,65860604,loop
2231.443,65860604,loop
2231.548,65860604,loop
2231.653,65860604,loop
2231.758,65860604,loop
2231.864,65860604,loop
2231.969,65860604,loop
2232.074,65860604,loop
2232.179,65860604,loop
2232.284,65860604,loop
2232.389,65860604,loop
2232.495,65860604,loop
2232.600,65860604,loop
2232.705,65860604,loop
2232.810,65860604,loop
2232.915,65860604,loop
2233.020,65860604,loop
2233.126,65860604,loop
2233.231,65860604,loop
2233.336,65860604,loop
2233.441,65860604,loop
2233.546,65860860,loop
2233.651,65860860,loop
2233.757,65860860,loop
2233.862,65860860,loop
2233.967,65860860,loop
2234.072,65860860,loop
2234.177,65860860,loop
2234.282,65860860,loop
2234.388,65860860,loop
2234.493,65860860,loop
2234.598,65860860,loop
2234.703,65860860,loop
2234.808,65860860,loop
2234.913,65860860,loop
2235.019,65860860,loop
2235.124,65860860,loop
2235.229,65860860,loop
2235.334,65860860,loop
2235.439,65860860,loop
2235.544,65860860,loop
2235.649,65860860,loop
2235.755,65860860,loop
2235.860,65860860,loop
2235.965,65860860,loop
2236.070,65860860,loop
2236.175,65860860,loop
2236.281,65860860,loop
2236.386,65860860,loop
2236.491,65860860,loop
2236.596,65860860,loop
2236.701,65860860,loop
2236.806,65860860,loop
2236.912,65860860,loop
2237.017,65860860,loop
2237.122,65860860,loop
2237.227,65860860,loop
2237.332,65860860,loop
2237.437,65860860,loop
2237.543,65860860,loop
2237.648,65860860,loop
2237.753,65860860,loop
2237.858,65860860,loop
2237.963,65860860,loop
2238.068,65860860,loop
2238.174,65860860,loop
2238.279,65860860,loop
2238.384,65860860,loop
2238.489,65860860,loop
2238.594,65860860,loop
2238.699,65860860,loop
2238.805,65860860,loop
2238.910,65860860,loop
2239.015,65860860,loop
2239.120,65860860,loop
2239.225,65860860,loop
2239.330,65860860,loop
2239.436,65860860,loop
2239.541,65860860,loop
2239.646,65860860,loop
2239.751,65860860,loop
2239.856,65860860,loop
2239.961,65860860,loop
2240.067,65860860,loop
2240.172,65860860,loop
2240.277,65860860,loop
2240.382,65860860,loop
2240.487,65860860,loop
2240.592,65860860,loop
2240.697,65860860,loop
2240.803,65860860,loop
2240.908,65860860,loop
2241.013,65860860,loop
2241.118,65860860,loop
2241.223,65860860,loop
2241.328,65860860,loop
2241.434,65860860,loop
2241.539,65860860,loop
2241.644,65860860,loop
2241.749,65860860,loop
2241.854,65860860,loop
2241.959,65860860,loop
2242.065,65860860,loop
2242.170,65860860,loop
2242.275,65860860,loop
2242.380,65860860,loop
2242.485,65860860,loop
2242.590,65860860,loop
2242.696,65860860,loop
2242.801,65860860,loop
2242.906,65860860,loop
2243.011,65860860,loop
2243.116,65860860,loop
2243.221,65860860,loop
2243.327,65860860,loop
2243.432,65860860,loop
2243.537,65860860,loop
2243.642,65860860,loop
2243.747,65861116,loop
2243.852,65861116,loop
2243.958,65861116,loop
2244.063,65861116,loop
2244.168,65861116,loop
2244.273,65861116,loop
2244.378,65861116,loop
2244.483,65861116,loop
2244.589,65861116,loop
2244.694,65861116,loop
2244.799,65861116,loop
2244.904,65861116,loop
2245.009,65861116,loop
2245.114,65861116,loop
2245.220,65861116,loop
2245.325,65861116,loop
2245.430,65861116,loop
2245.535,65861116,loop
2245.640,65861116,loop
2245.745,65861116,loop
2245.851,65861116,loop
2245.956,65861116,loop
2246.061,65861116,loop
2246.166,65861116,loop
2246.271,65861116,loop
2246.376,65861116,loop
2246.482,65861116,loop
2246.587,65861116,loop
2246.692,65861116,loop
2246.797,65861116,loop
2246.902,65861116,loop
2247.007,65861116,loop
2247.113,65861116,loop
2247.218,65861116,loop
2247.323,65861116,loop
2247.428,65861116,loop
2247.533,65861116,loop
2247.638,65861116,loop
2247.744,65861116,loop
2247.849,65861116,loop
2247.954,65861116,loop
2248.059,65861116,loop
2248.164,65861116,loop
2248.269,65861116,loop
2248.375,65861116,loop
2248.480,65861116,loop
2248.585,65861116,loop
2248.690,65861116,loop
2248.795,65861116,loop
2248.900,65861116,loop
2249.006,65861116,loop
2249.111,65861116,loop
2249.216,65861116,loop
2249.321,65861116,loop
2249.426,65861116,loop
2249.531,65861116,loop
2249.637,65861116,loop
2249.742,65861116,loop
2249.847,65861116,loop
2249.952,65861116,loop
2250.057,65861116,loop
2250.162,65861116,loop
2250.268,65861116,loop
2250.373,65861116,loop
2250.478,65861116,loop
2250.583,65861116,loop
2250.688,65861116,loop
2250.793,65861116,loop
2250.899,65861116,loop
2251.004,65861116,loop
2251.109,65861116,loop
2251.214,65861116,loop
2251.319,65861116,loop
2251.424,65861116,loop
2251.530,65861116,loop
2251.635,65861116,loop
2251.740,65861116,loop
2251.845,65861116,loop
2251.950,65861116,loop
2252.055,65861116,loop
2252.161,65861116,loop
2252.266,65861116,loop
2252.371,65861116,loop
2252.476,65861116,loop
2252.581,65861116,loop
2252.686,65861116,loop
2252.791,65861116,loop
2252.897,65861116,loop
2253.002,65861116,loop
2253.107,65861116,loop
2253.212,65861116,loop
2253.317,65861116,loop
2253.422,65861116,loop
2253.528,65861116,loop
2253.633,65861116,loop
2253.738,65861116,loop
2253.843,65861116,loop
2253.948,65861116,loop
2254.054,65861372,loop
2254.159,65861372,loop
2254.264,65861372,loop
2254.370,65861372,loop
2254.475,65861372,loop
2254.580,65861372,loop
2254.685,65861372,loop
2254.790,65861372,loop
2254.895,65861372,loop
2255.001,65861372,loop
2255.106,65861372,loop
2255.211,65861372,loop
2255.316,65861372,loop
2255.421,65861372,loop
2255.526,65861372,loop
2255.632,65861372,loop
2255.737,65861372,loop
2255.842,65861372,loop
2255.947,65861372,loop
2256.052,65861372,loop
2256.157,65861372,loop
2256.263,65861372,loop
2256.368,65861372,loop
2256.473,65861372,loop
2256.578,65861372,loop
2256.683,65861372,loop
2256.788,65861372,loop
2256.894,65861372,loop
2256.999,65861372,loop
2257.104,65861372,loop
2257.209,65861372,loop
2257.314,65861372,loop
2257.419,65861372,loop
2257.525,65861372,loop
2257.630,65861372,loop
2257.735,65861372,loop
2257.840,65861372,loop
2257.945,65861372,loop
2258.050,65861372,loop
2258.156,65861372,loop
2258.261,65861372,loop
2258.366,65861372,loop
2258.471,65861372,loop
2258.576,65861372,loop
2258.681,65861372,loop
2258.787,65861372,loop
2258.892,65861372,loop
2258.997,65861372,loop
2259.102,65861372,loop
2259.207,65861372,loop
2259.312,65861372,loop
2259.418,65861372,loop
2259.523,65861372,loop
2259.628,65861372,loop
2259.733,65861372,loop
2259.838,65861372,loop
2259.943,65861372,loop
2260.049,65861372,loop
2260.154,65861372,loop
2260.259,65861372,loop
2260.364,65861372,loop
2260.469,65861372,loop
2260.574,65861372,loop
2260.680,65861372,loop
2260.785,65861372,loop
2260.890,65861372,loop
2260.995,65861372,loop
2261.100,65861372,loop
2261.205,65861372,loop
2261.311,65861372,loop
2261.416,65861372,loop
2261.521,65861372,loop
2261.626,65861372,loop
2261.731,65861372,loop
2261.836,65861372,loop
2261.941,65861372,loop
2262.047,65861372,loop
2262.152,65861372,loop
2262.257,65861372,loop
2262.362,65861372,loop
2262.467,65861372,loop
2262.572,65861372,loop
2262.678,65861372,loop
2262.783,65861372,loop
2262.888,65861372,loop
2262.993,65861372,loop
2263.098,65861372,loop
2263.203,65861372,loop
2263.309,65861372,loop
2263.414,65861372,loop
2263.519,65861372,loop
2263.624,65861372,loop
2263.729,65861372,loop
2263.834,65861372,loop
2263.940,65861372,loop
2264.045,65861372,loop
2264.150,65861372,loop
2264.255,65861628,loop
2264.360,65861628,loop
2264.465,65861628,loop
2264.571,65861628,loop
2264.676,65861628,loop
2264.781,65861628,loop
2264.886,65861628,loop
2264.991,65861628,loop
2265.096,65861628,loop
2265.202,65861628,loop
2265.307,65861628,loop
2265.412,65861628,loop
2265.517,65861628,loop
2265.622,65861628,loop
2265.727,65861628,loop
2265.833,65861628,loop
2265.938,65861628,loop
2266.043,65861628,loop
2266.148,65861628,loop
2266.253,65861628,loop
2266.358,65861628,loop
2266.464,65861628,loop
2266.569,65861628,loop
2266.674,65861628,loop
2266.779,65861628,loop
2266.884,65861628,loop
2266.989,65861628,loop
2267.095,65861628,loop
2267.200,65861628,loop
2267.305,65861628,loop
2267.410,65861628,loop
2267.515,65861628,loop
2267.620,65861628,loop
2267.726,65861628,loop
2267.831,65861628,loop
2267.936,65861628,loop
2268.041,65861628,loop
2268.146,65861628,loop
2268.251,65863676,loop
2268.357,65863676,loop
2268.462,65863676,loop
2268.567,65863676,loop
2268.672,65863676,loop
2268.777,65863676,loop
2268.882,65863676,loop
2268.988,65863676,loop
2269.093,65863676,loop
2269.198,65863676,loop
2269.303,65863676,loop
2269.408,65863676,loop
2269.513,65863676,loop
2269.619,65863676,loop
2269.724,65863676,loop
2269.829,65863676,loop
2269.934,65863676,loop
2270.039,65863676,loop
2270.144,65863676,loop
2270.250,65863676,loop
2270.355,65863676,loop
2270.460,65863676,loop
2270.565,65863676,loop
2270.670,65863676,loop
2270.775,65863676,loop
2270.881,65863676,loop
2270.986,65863676,loop
2271.091,65863676,loop
2271.196,65863676,loop
2271.301,65863676,loop
2271.406,65863676,loop
2271.512,65863676,loop
2271.617,65863676,loop
2271.722,65863676,loop
2271.827,65863676,loop
2271.932,65863676,loop
2272.037,65863676,loop
2272.143,65863676,loop
2272.248,65863676,loop
2272.353,65863676,loop
2272.458,65863676,loop
2272.563,65863676,loop
2272.668,65863676,loop
2272.774,65863676,loop
2272.879,65863676,loop
2272.984,65863676,loop
2273.089,65863676,loop
2273.194,65863676,loop
2273.299,65863676,loop
2273.405,65863676,loop
2273.510,65863676,loop
2273.615,65863676,loop
2273.720,65863676,loop
2273.825,65863676,loop
2273.930,65863676,loop
2274.036,65863676,loop
2274.141,65863676,loop
2274.246,65863676,loop
2274.351,65863676,loop
2274.456,65863932,loop
2274.561,65863932,loop
2274.667,65863932,loop
2274.772,65863932,loop
2274.877,65863932,loop
2274.982,65863932,loop
2275.087,65863932,loop
2275.192,65863932,loop
2275.298,65863932,loop
2275.403,65863932,loop
2275.508,65863932,loop
2275.613,65863932,loop
2275.718,65863932,loop
2275.823,65863932,loop
2275.929,65863932,loop
2276.034,65863932,loop
2276.139,65863932,loop
2276.244,65863932,loop
2276.349,65863932,loop
2276.454,65863932,loop
2276.559,65863932,loop
2276.665,65863932,loop
2276.770,65863932,loop
2276.875,65863932,loop
2276.980,65863932,loop
2277.085,65863932,loop
2277.190,65863932,loop
2277.296,65863932,loop
2277.401,65863932,loop
2277.506,65863932,loop
2277.611,65863932,loop
2277.716,65863932,loop
2277.821,65863932,loop
2277.927,65863932,loop
2278.032,65863932,loop
2278.137,65863932,loop
2278.242,65863932,loop
2278.347,65863932,loop
2278.452,65863932,loop
2278.558,65863932,loop
2278.663,65863932,loop
2278.768,65863932,loop
2278.873,65863932,loop
2278.978,65863932,loop
2279.083,65863932,loop
2279.189,65863932,loop
2279.294,65863932,loop
2279.399,65863932,loop
2279.504,65863932,loop
2279.609,65863932,loop
2279.714,65863932,loop
2279.820,65863932,loop
2279.925,65863932,loop
2280.030,65863932,loop
2280.135,65863932,loop
2280.240,65863932,loop
2280.345,65863932,loop
2280.451,65863932,loop
2280.556,65863932,loop
2280.661,65863932,loop
2280.766,65863932,loop
2280.871,65863932,loop
2280.976,65863932,loop
2281.082,65863932,loop
2281.187,65863932,loop
2281.292,65863932,loop
2281.397,65863932,loop
2281.502,65863932,loop
2281.607,65863932,loop
2281.713,65863932,loop
2281.818,65863932,loop
2281.923,65863932,loop
2282.028,65863932,loop
2282.133,65863932,loop
2282.238,65863932,loop
2282.344,65863932,loop
2282.449,65863932,loop
2282.554,65863932,loop
2282.659,65863932,loop
2282.764,65863932,loop
2282.869,65863932,loop
2282.975,65863932,loop
2283.080,65863932,loop
2283.185,65863932,loop
2283.290,65863932,loop
2283.395,65863932,loop
2283.500,65863932,loop
2283.606,65863932,loop
2283.711,65863932,loop
2283.816,65863932,loop
2283.921,65863932,loop
2284.026,65863932,loop
2284.131,65863932,loop
2284.237,65863932,loop
2284.342,65863932,loop
2284.447,65863932,loop
2284.552,65863932,loop
2284.657,65863932,loop
2284.762,65864188,loop
2284.868,65864188,loop
2284.973,65864188,loop
2285.078,65864188,loop
2285.183,65864188,loop
2285.288,65864188,loop
2285.393,65864188,loop
2285.499,65864188,loop
2285.604,65864188,loop
2285.709,65864188,loop
2285.814,65864188,loop
2285.919,65864188,loop
2286.024,65864188,loop
2286.130,65864188,loop
2286.235,65864188,loop
2286.340,65864188,loop
2286.445,65864188,loop
2286.550,65864188,loop
2286.655,65864188,loop
2286.761,65864188,loop
2286.866,65864188,loop
2286.971,65864188,loop
2287.076,65864188,loop
2287.181,65864188,loop
2287.286,65864188,loop
2287.392,65864188,loop
2287.497,65864188,loop
2287.602,65864188,loop
2287.707,65864188,loop
2287.812,65864188,loop
2287.917,65864188,loop
2288.023,65864188,loop
2288.128,65864188,loop
2288.233,65864188,loop
2288.338,65864188,loop
2288.443,65864188,loop
2288.548,65864188,loop
2288.653,65864188,loop
2288.759,65864188,loop
2288.864,65864188,loop
2288.969,65864188,loop
2289.074,65864188,loop
2289.179,65864188,loop
2289.284,65864188,loop
2289.390,65864188,loop
2289.495,65864188,loop
2289.600,65864188,loop
2289.705,65864188,loop
2289.810,65864188,loop
2289.916,65864188,loop
2290.021,65864188,loop
2290.126,65864188,loop
2290.231,65864188,loop
2290.336,65864188,loop
2290.441,65864188,loop
2290.546,65864188,loop
2290.652,65864188,loop
2290.757,65864188,loop
2290.862,65864188,loop
2290.967,65864188,loop
2291.072,65864188,loop
2291.178,65864188,loop
2291.283,65864188,loop
2291.388,65864188,loop
2291.493,65864188,loop
2291.598,65864188,loop
2291.703,65864188,loop
2291.809,65864188,loop
2291.914,65864188,loop
2292.019,65864188,loop
2292.124,65864188,loop
2292.229,65864188,loop
2292.334,65864188,loop
2292.440,65864188,loop
2292.545,65864188,loop
2292.650,65864188,loop
2292.755,65864188,loop
2292.860,65864188,loop
2292.965,65864188,loop
2293.071,65864188,loop
2293.176,65864188,loop
2293.281,65864188,loop
2293.386,65864188,loop
2293.491,65864188,loop
2293.596,65864188,loop
2293.702,65864188,loop
2293.807,65864188,loop
2293.912,65864188,loop
2294.017,65864188,loop
2294.122,65864188,loop
2294.227,65864188,loop
2294.333,65864188,loop
2294.438,65864188,loop
2294.543,65864188,loop
2294.648,65864188,loop
2294.753,65864188,loop
2294.858,65864188,loop
2294.964,65864444,loop
2295.069,65864444,loop
2295.174,65864444,loop
2295.279,65864444,loop
2295.384,65864444,loop
2295.489,65864444,loop
2295.595,65864444,loop
2295.700,65864444,loop
2295.805,65864444,loop
2295.910,65864444,loop
2296.015,65864444,loop
2296.120,65864444,loop
2296.226,65864444,loop
2296.331,65864444,loop
2296.436,65864444,loop
2296.541,65864444,loop
2296.646,65864444,loop
2296.751,65864444,loop
2296.857,65864444,loop
2296.962,65864444,loop
2297.067,65864444,loop
2297.172,65864444,loop
2297.277,65864444,loop
2297.382,65864444,loop
2297.488,65864444,loop
2297.593,65864444,loop
2297.698,65864444,loop
2297.803,65864444,loop
2297.908,65864444,loop
2298.013,65864444,loop
2298.119,65864444,loop
2298.224,65864444,loop
2298.329,65864444,loop
2298.434,65864444,loop
2298.539,65864444,loop
2298.644,65864444,loop
2298.750,65864444,loop
2298.855,65864444,loop
2298.960,65864444,loop
2299.065,65864444,loop
2299.170,65864444,loop
2299.275,65864444,loop
2299.380,65864444,loop
2299.486,65864444,loop
2299.591,65864444,loop
2299.696,65864444,loop
2299.801,65864444,loop
2299.906,65864444,loop
2300.012,65864444,loop
2300.117,65864444,loop
2300.222,65864444,loop
2300.327,65864444,loop
2300.432,65864444,loop
2300.537,65864444,loop
2300.643,65864444,loop
2300.748,65864444,loop
2300.853,65864444,loop
2300.958,65864444,loop
2301.063,65864444,loop
2301.168,65864444,loop
2301.274,65864444,loop
2301.379,65864444,loop
2301.484,65864444,loop
2301.589,65864444,loop
2301.694,65864444,loop
2301.799,65864444,loop
2301.905,65864444,loop
2302.010,65864444,loop
2302.115,65864444,loop
2302.220,65864444,loop
2302.325,65864444,loop
2302.430,65864444,loop
2302.536,65864444,loop
2302.641,65864444,loop
2302.746,65864444,loop
2302.851,65864444,loop
2302.956,65864444,loop
2303.061,65864444,loop
2303.167,65864444,loop
2303.272,65864444,loop
2303.377,65864444,loop
2303.482,65864444,loop
2303.587,65864444,loop
2303.692,65864444,loop
2303.798,65864444,loop
2303.903,65864444,loop
2304.008,65864444,loop
2304.113,65864444,loop
2304.218,65864444,loop
2304.323,65864444,loop
2304.429,65864444,loop
2304.534,65864444,loop
2304.639,65864444,loop
2304.744,65864444,loop
2304.849,65864444,loop
2304.954,65864444,loop
2305.060,65864444,loop
2305.165,65864700,loop
2305.270,65864700,loop
2305.375,65864700,loop
2305.480,65864700,loop
2305.585,65864700,loop
2305.691,65864700,loop
2305.796,65864700,loop
2305.901,65864700,loop
2306.006,65864700,loop
2306.111,65864700,loop
2306.216,65864700,loop
2306.322,65864700,loop
2306.427,65864700,loop
2306.532,65864700,loop
2306.637,65864700,loop
2306.742,65864700,loop
2306.847,65864700,loop
2306.953,65864700,loop
2307.058,65864700,loop
2307.163,65864700,loop
2307.268,65864700,loop
2307.373,65864700,loop
2307.478,65864700,loop
2307.584,65864700,loop
2307.689,65864700,loop
2307.794,65864700,loop
2307.899,65864700,loop
2308.004,65864700,loop
2308.109,65864700,loop
2308.215,65864700,loop
2308.320,65864700,loop
2308.425,65864700,loop
2308.531,65864700,loop
2308.636,65864700,loop
2308.741,65864700,loop
2308.846,65864700,loop
2308.951,65864700,loop
2309.056,65864700,loop
2309.162,65864700,loop
2309.267,65864700,loop
2309.372,65864700,loop
2309.477,65864700,loop
2309.582,65864700,loop
2309.687,65864700,loop
2309.793,65864700,loop
2309.898,65864700,loop
2310.003,65864700,loop
2310.108,65864700,loop
2310.213,65864700,loop
2310.318,65864700,loop
2310.424,65864700,loop
2310.529,65864700,loop
2310.634,65864700,loop
2310.739,65864700,loop
2310.844,65864700,loop
2310.949,65864700,loop
2311.055,65864700,loop
2311.160,65864700,loop
2311.265,65864700,loop
2311.370,65864700,loop
2311.475,65864700,loop
2311.580,65864700,loop
2311.686,65864700,loop
2311.791,65864700,loop
2311.896,65864700,loop
2312.001,65864700,loop
2312.106,65864700,loop
2312.211,65864700,loop
2312.317,65864700,loop
2312.422,65864700,loop
2312.527,65864700,loop
2312.632,65864700,loop
2312.737,65864700,loop
2312.842,65864700,loop
2312.947,65864700,loop
2313.053,65864700,loop
2313.158,65864700,loop
2313.263,65864700,loop
2313.368,65864700,loop
2313.473,65864700,loop
2313.579,65864700,loop
2313.684,65864700,loop
2313.789,65864700,loop
2313.894,65864700,loop
2313.999,65864700,loop
2314.104,65864700,loop
2314.210,65864700,loop
2314.315,65864700,loop
2314.420,65864700,loop
2314.525,65864700,loop
2314.630,65864700,loop
2314.735,65864700,loop
2314.841,65864700,loop
2314.946,65864700,loop
2315.051,65864700,loop
2315.156,65864700,loop
2315.261,65864700,loop
2315.366,65864700,loop
2315.472,65864956,loop
2315.577,65864956,loop
2315.682,65864956,loop
2315.787,65864956,loop
2315.892,65864956,loop
2315.997,65864956,loop
2316.103,65864956,loop
2316.208,65864956,loop
2316.313,65864956,loop
2316.418,65864956,loop
2316.523,65864956,loop
2316.628,65864956,loop
2316.734,65864956,loop
2316.839,65864956,loop
2316.944,65864956,loop
2317.049,65864956,loop
2317.154,65864956,loop
2317.259,65864956,loop
2317.365,65864956,loop
2317.470,65864956,loop
2317.575,65864956,loop
2317.680,65864956,loop
2317.785,65864956,loop
2317.890,65864956,loop
2317.996,65864956,loop
2318.101,65864956,loop
2318.206,65864956,loop
2318.311,65864956,loop
2318.416,65864956,loop
2318.521,65864956,loop
2318.627,65864956,loop
2318.732,65864956,loop
2318.837,65864956,loop
2318.942,65864956,loop
2319.047,65864956,loop
2319.152,65864956,loop
2319.258,65864956,loop
2319.363,65864956,loop
2319.468,65864956,loop
2319.573,65864956,loop
2319.678,65864956,loop
2319.783,65864956,loop
2319.889,65864956,loop
2319.994,65864956,loop
2320.099,65864956,loop
2320.204,65864956,loop
2320.309,65864956,loop
2320.414,65864956,loop
2320.520,65864956,loop
2320.625,65864956,loop
2320.730,65864956,loop
2320.835,65864956,loop
2320.940,65864956,loop
2321.045,65864956,loop
2321.151,65864956,loop
2321.256,65864956,loop
2321.361,65864956,loop
2321.466,65864956,loop
2321.571,65864956,loop
2321.676,65864956,loop
2321.782,65864956,loop
2321.887,65864956,loop
2321.992,65864956,loop
2322.097,65864956,loop
2322.202,65864956,loop
2322.307,65864956,loop
2322.413,65864956,loop
2322.518,65864956,loop
2322.623,65864956,loop
2322.728,65864956,loop
2322.833,65864956,loop
2322.938,65864956,loop
2323.044,65864956,loop
2323.149,65864956,loop
2323.254,65864956,loop
2323.359,65864956,loop
2323.464,65864956,loop
2323.569,65864956,loop
2323.674,65864956,loop
2323.780,65864956,loop
2323.885,65864956,loop
2323.990,65864956,loop
2324.095,65864956,loop
2324.200,65864956,loop
2324.305,65864956,loop
2324.411,65864956,loop
2324.516,65864956,loop
2324.621,65864956,loop
2324.726,65864956,loop
2324.831,65864956,loop
2324.936,65864956,loop
2325.042,65864956,loop
2325.147,65864956,loop
2325.252,65864956,loop
2325.357,65864956,loop
2325.462,65864956,loop
2325.568,65864956,loop
2325.673,65865212,loop
2325.778,65865212,loop
2325.883,65865212,loop
2325.988,65865212,loop
2326.093,65865212,loop
2326.199,65865212,loop
2326.304,65865212,loop
2326.409,65865212,loop
2326.514,65865212,loop
2326.619,65865212,loop
2326.724,65865212,loop
2326.829,65865212,loop
2326.935,65865212,loop
2327.040,65865212,loop
2327.145,65865212,loop
2327.250,65865212,loop
2327.355,65865212,loop
2327.460,65865212,loop
2327.566,65865212,loop
2327.671,65865212,loop
2327.776,65865212,loop
2327.881,65865212,loop
2327.986,65865212,loop
2328.091,65865212,loop
2328.197,65865212,loop
2328.302,65867260,loop
2328.407,65867260,loop
2328.512,65867260,loop
2328.617,65867260,loop
2328.722,65867260,loop
2328.828,65867260,loop
2328.933,65867260,loop
2329.038,65867260,loop
2329.143,65867260,loop
2329.248,65867260,loop
2329.353,65867260,loop
2329.459,65867260,loop
2329.564,65867260,loop
2329.669,65867260,loop
2329.774,65867260,loop
2329.879,65867260,loop
2329.984,65867260,loop
2330.090,65867260,loop
2330.195,65867260,loop
2330.300,65867260,loop
2330.405,65867260,loop
2330.510,65867260,loop
2330.615,65867260,loop
2330.721,65867260,loop
2330.826,65867260,loop
2330.931,65867260,loop
2331.036,65867260,loop
2331.141,65867260,loop
2331.246,65867260,loop
2331.352,65867260,loop
2331.457,65867260,loop
2331.562,65867260,loop
2331.667,65867260,loop
2331.772,65867260,loop
2331.877,65867260,loop
2331.983,65867260,loop
2332.088,65867260,loop
2332.193,65867260,loop
2332.298,65867260,loop
2332.403,65867260,loop
2332.508,65867260,loop
2332.614,65867260,loop
2332.719,65867260,loop
2332.824,65867260,loop
2332.929,65867260,loop
2333.034,65867260,loop
2333.139,65867260,loop
2333.245,65867260,loop
2333.350,65867260,loop
2333.455,65867260,loop
2333.560,65867260,loop
2333.665,65867260,loop
2333.770,65867260,loop
2333.876,65867260,loop
2333.981,65867260,loop
2334.086,65867260,loop
2334.191,65867260,loop
2334.296,65867260,loop
2334.401,65867260,loop
2334.506,65867260,loop
2334.612,65867260,loop
2334.717,65867260,loop
2334.822,65867260,loop
2334.927,65867260,loop
2335.032,65867260,loop
2335.137,65867260,loop
2335.243,65867260,loop
2335.348,65867260,loop
2335.453,65867260,loop
2335.558,65867260,loop
2335.663,65867260,loop
2335.768,65867260,loop
2335.874,65867260,loop
2335.979,65867516,loop
2336.084,65867516,loop
2336.189,65867516,loop
2336.294,65867516,loop
2336.400,65867516,loop
2336.505,65867516,loop
2336.610,65867516,loop
2336.715,65867516,loop
2336.820,65867516,loop
2336.925,65867516,loop
2337.030,65867516,loop
2337.136,65867516,loop
2337.241,65867516,loop
2337.346,65867516,loop
2337.451,65867516,loop
2337.556,65867516,loop
2337.661,65867516,loop
2337.767,65867516,loop
2337.872,65867516,loop
2337.977,65867516,loop
2338.082,65867516,loop
2338.187,65867516,loop
2338.292,65867516,loop
2338.398,65867516,loop
2338.503,65867516,loop
2338.608,65867516,loop
2338.713,65867516,loop
2338.818,65867516,loop
2338.923,65867516,loop
2339.029,65867516,loop
2339.134,65867516,loop
2339.239,65867516,loop
2339.344,65867516,loop
2339.449,65867516,loop
2339.554,65867516,loop
2339.660,65867516,loop
2339.765,65867516,loop
2339.870,65867516,loop
2339.975,65867516,loop
2340.080,65867516,loop
2340.185,65867516,loop
2340.291,65867516,loop
2340.396,65867516,loop
2340.501,65867516,loop
2340.606,65867516,loop
2340.711,65867516,loop
2340.816,65867516,loop
2340.922,65867516,loop
2341.027,65867516,loop
2341.132,65867516,loop
2341.237,65867516,loop
2341.342,65867516,loop
2341.447,65867516,loop
2341.553,65867516,loop
2341.658,65867516,loop
2341.763,65867516,loop
2341.868,65867516,loop
2341.973,65867516,loop
2342.078,65867516,loop
2342.184,65867516,loop
2342.289,65867516,loop
2342.394,65867516,loop
2342.499,65867516,loop
2342.604,65867516,loop
2342.709,65867516,loop
2342.815,65867516,loop
2342.920,65867516,loop
2343.025,65867516,loop
2343.130,65867516,loop
2343.235,65867516,loop
2343.340,65867516,loop
2343.446,65867516,loop
2343.551,65867516,loop
2343.656,65867516,loop
2343.761,65867516,loop
2343.866,65867516,loop
2343.971,65867516,loop
2344.077,65867516,loop
2344.182,65867516,loop
2344.287,65867516,loop
2344.392,65867516,loop
2344.497,65867516,loop
2344.602,65867516,loop
2344.707,65867516,loop
2344.813,65867516,loop
2344.918,65867516,loop
2345.023,65867516,loop
2345.128,65867516,loop
2345.233,65867516,loop
2345.338,65867516,loop
2345.444,65867516,loop
2345.549,65867516,loop
2345.654,65867516,loop
2345.759,65867516,loop
2345.864,65867516,loop
2345.969,65867516,loop
2346.075,65867516,loop
2346.180,65867772,loop
2346.285,65867772,loop
2346.390,65867772,loop
2346.495,65867772,loop
2346.600,65867772,loop
2346.706,65867772,loop
2346.811,65867772,loop
2346.916,65867772,loop
2347.021,65867772,loop
2347.126,65867772,loop
2347.231,65867772,loop
2347.337,65867772,loop
2347.442,65867772,loop
2347.547,65867772,loop
2347.652,65867772,loop
2347.757,65867772,loop
2347.862,65867772,loop
2347.968,65867772,loop
2348.073,65867772,loop
2348.178,65867772,loop
2348.283,65867772,loop
2348.388,65867772,loop
2348.493,65867772,loop
2348.599,65867772,loop
2348.704,65867772,loop
2348.809,65867772,loop
2348.914,65867772,loop
2349.019,65867772,loop
2349.124,65867772,loop
2349.230,65867772,loop
2349.335,65867772,loop
2349.440,65867772,loop
2349.545,65867772,loop
2349.650,65867772,loop
2349.755,65867772,loop
2349.861,65867772,loop
2349.966,65867772,loop
2350.071,65867772,loop
2350.176,65867772,loop
2350.281,65867772,loop
2350.386,65867772,loop
2350.491,65867772,loop
2350.597,65867772,loop
2350.702,65867772,loop
2350.807,65867772,loop
2350.912,65867772,loop
2351.017,65867772,loop
2351.123,65867772,loop
2351.228,65867772,loop
2351.333,65867772,loop
2351.438,65867772,loop
2351.543,65867772,loop
2351.648,65867772,loop
2351.754,65867772,loop
2351.859,65867772,loop
2351.964,65867772,loop
2352.069,65867772,loop
2352.174,65867772,loop
2352.279,65867772,loop
2352.384,65867772,loop
2352.490,65867772,loop
2352.595,65867772,loop
2352.700,65867772,loop
2352.805,65867772,loop
2352.910,65867772,loop
2353.015,65867772,loop
2353.121,65867772,loop
2353.226,65867772,loop
2353.331,65867772,loop
2353.436,65867772,loop
2353.541,65867772,loop
2353.646,65867772,loop
2353.752,65867772,loop
2353.857,65867772,loop
2353.962,65867772,loop
2354.067,65867772,loop
2354.172,65867772,loop
2354.277,65867772,loop
2354.383,65867772,loop
2354.488,65867772,loop
2354.593,65867772,loop
2354.698,65867772,loop
2354.803,65867772,loop
2354.908,65867772,loop
2355.014,65867772,loop
2355.119,65867772,loop
2355.224,65867772,loop
2355.329,65867772,loop
2355.434,65867772,loop
2355.539,65867772,loop
2355.645,65867772,loop
2355.750,65867772,loop
2355.855,65867772,loop
2355.960,65867772,loop
2356.065,65867772,loop
2356.170,65867772,loop
2356.276,65867772,loop
2356.381,65868028,loop
2356.486,65868028,loop
2356.591,65868028,loop
2356.696,65868028,loop
2356.801,65868028,loop
2356.907,65868028,loop
2357.012,65868028,loop
2357.117,65868028,loop
2357.222,65868028,loop
2357.327,65868028,loop
2357.432,65868028,loop
2357.538,65868028,loop
2357.643,65868028,loop
2357.748,65868028,loop
2357.853,65868028,loop
2357.958,65868028,loop
2358.063,65868028,loop
2358.169,65868028,loop
2358.274,65868028,loop
2358.379,65868028,loop
2358.484,65868028,loop
2358.589,65868028,loop
2358.694,65868028,loop
2358.800,65868028,loop
2358.905,65868028,loop
2359.010,65868028,loop
2359.115,65868028,loop
2359.220,65868028,loop
2359.325,65868028,loop
2359.431,65868028,loop
2359.536,65868028,loop
2359.641,65868028,loop
2359.746,65868028,loop
2359.851,65868028,loop
2359.956,65868028,loop
2360.062,65868028,loop
2360.167,65868028,loop
2360.272,65868028,loop
2360.377,65868028,loop
2360.482,65868028,loop
2360.587,65868028,loop
2360.693,65868028,loop
2360.798,65868028,loop
2360.903,65868028,loop
2361.008,65868028,loop
2361.113,65868028,loop
2361.218,65868028,loop
2361.324,65868028,loop
2361.429,65868028,loop
2361.534,65868028,loop
2361.639,65868028,loop
2361.744,65868028,loop
2361.849,65868028,loop
2361.955,65868028,loop
2362.060,65868028,loop
2362.165,65868028,loop
2362.270,65868028,loop
2362.375,65868028,loop
2362.480,65868028,loop
2362.586,65868028,loop
2362.691,65868028,loop
2362.796,65868028,loop
2362.901,65868028,loop
2363.006,65868028,loop
2363.111,65868028,loop
2363.217,65868028,loop
2363.322,65868028,loop
2363.427,65868028,loop
2363.532,65868028,loop
2363.637,65868028,loop
2363.742,65868028,loop
2363.848,65868028,loop
2363.953,65868028,loop
2364.058,65868028,loop
2364.163,65868028,loop
2364.268,65868028,loop
2364.373,65868028,loop
2364.479,65868028,loop
2364.584,65868028,loop
2364.689,65868028,loop
2364.794,65868028,loop
2364.899,65868028,loop
2365.004,65868028,loop
2365.109,65868028,loop
2365.215,65868028,loop
2365.320,65868028,loop
2365.425,65868028,loop
2365.530,65868028,loop
2365.635,65868028,loop
2365.740,65868028,loop
2365.846,65868028,loop
2365.951,65868028,loop
2366.056,65868028,loop
2366.161,65868028,loop
2366.266,65868028,loop
2366.371,65868028,loop
2366.477,65868028,loop
2366.582,65868028,loop
2366.687,65868284,loop
2366.792,65868284,loop
2366.897,65868284,loop
2367.002,65868284,loop
2367.108,65868284,loop
2367.213,65868284,loop
2367.318,65868284,loop
2367.423,65868284,loop
2367.528,65868284,loop
2367.633,65868284,loop
2367.739,65868284,loop
2367.844,65868284,loop
2367.949,65868284,loop
2368.054,65868284,loop
2368.159,65868284,loop
2368.264,65868284,loop
2368.370,65868284,loop
2368.475,65868284,loop
2368.580,65868284,loop
2368.685,65868284,loop
2368.790,65868284,loop
2368.895,65868284,loop
2369.001,65868284,loop
2369.106,65868284,loop
2369.211,65868284,loop
2369.316,65868284,loop
2369.421,65868284,loop
2369.526,65868284,loop
2369.632,65868284,loop
2369.737,65868284,loop
2369.842,65868284,loop
2369.947,65868284,loop
2370.052,65868284,loop
2370.157,65868284,loop
2370.263,65868284,loop
2370.368,65868284,loop
2370.473,65868284,loop
2370.578,65868284,loop
2370.683,65868284,loop
2370.788,65868284,loop
2370.894,65868284,loop
2370.999,65868284,loop
2371.104,65868284,loop
2371.209,65868284,loop
2371.314,65868284,loop
2371.419,65868284,loop
2371.525,65868284,loop
2371.630,65868284,loop
2371.735,65868284,loop
2371.840,65868284,loop
2371.945,65868284,loop
2372.050,65868284,loop
2372.156,65868284,loop
2372.261,65868284,loop
2372.366,65868284,loop
2372.471,65868284,loop
2372.576,65868284,loop
2372.681,65868284,loop
2372.787,65868284,loop
2372.892,65868284,loop
2372.997,65868284,loop
2373.102,65868284,loop
2373.207,65868284,loop
2373.312,65868284,loop
2373.418,65868284,loop
2373.523,65868284,loop
2373.628,65868284,loop
2373.733,65868284,loop
2373.838,65868284,loop
2373.943,65868284,loop
2374.048,65868284,loop
2374.154,65868284,loop
2374.259,65868284,loop
2374.364,65868284,loop
2374.469,65868284,loop
2374.574,65868284,loop
2374.679,65868284,loop
2374.785,65868284,loop
2374.890,65868284,loop
2374.995,65868284,loop
2375.100,65868284,loop
2375.205,65868284,loop
2375.310,65868284,loop
2375.416,65868284,loop
2375.521,65868284,loop
2375.626,65868284,loop
2375.731,65868284,loop
2375.836,65868284,loop
2375.941,65868284,loop
2376.047,65868284,loop
2376.152,65868284,loop
2376.257,65868284,loop
2376.362,65868284,loop
2376.467,65868284,loop
2376.572,65868284,loop
2376.678,65868284,loop
2376.783,65868284,loop
2376.888,65868540,loop
2376.993,65868540,loop
2377.098,65868540,loop
2377.203,65868540,loop
2377.309,65868540,loop
2377.414,65868540,loop
2377.519,65868540,loop
2377.624,65868540,loop
2377.729,65868540,loop
2377.834,65868540,loop
2377.940,65868540,loop
2378.045,65868540,loop
2378.150,65868540,loop
2378.255,65868540,loop
2378.360,65868540,loop
2378.465,65868540,loop
2378.571,65868540,loop
2378.676,65868540,loop
2378.781,65868540,loop
2378.886,65868540,loop
2378.991,65868540,loop
2379.096,65868540,loop
2379.202,65868540,loop
2379.307,65868540,loop
2379.412,65868540,loop
2379.517,65868540,loop
2379.622,65868540,loop
2379.727,65868540,loop
2379.833,65868540,loop
2379.938,65868540,loop
2380.043,65868540,loop
2380.148,65868540,loop
2380.253,65868540,loop
2380.358,65868540,loop
2380.464,65868540,loop
2380.569,65868540,loop
2380.674,65868540,loop
2380.779,65868540,loop
2380.884,65868540,loop
2380.989,65868540,loop
2381.095,65868540,loop
2381.200,65868540,loop
2381.305,65868540,loop
2381.410,65868540,loop
2381.515,65868540,loop
2381.620,65868540,loop
2381.726,65868540,loop
2381.831,65868540,loop
2381.936,65868540,loop
2382.041,65868540,loop
2382.146,65868540,loop
2382.251,65868540,loop
2382.357,65868540,loop
2382.462,65868540,loop
2382.567,65868540,loop
2382.672,65868540,loop
2382.777,65868540,loop
2382.882,65868540,loop
2382.988,65868540,loop
2383.093,65868540,loop
2383.198,65868540,loop
2383.303,65868540,loop
2383.408,65868540,loop
2383.513,65868540,loop
2383.619,65868540,loop
2383.724,65868540,loop
2383.829,65868540,loop
2383.934,65868540,loop
2384.039,65868540,loop
2384.144,65868540,loop
2384.250,65868540,loop
2384.355,65868540,loop
2384.460,65868540,loop
2384.565,65868540,loop
2384.670,65868540,loop
2384.776,65868540,loop
2384.881,65868540,loop
2384.986,65868540,loop
2385.091,65868540,loop
2385.196,65868540,loop
2385.301,65868540,loop
2385.407,65868540,loop
2385.512,65868540,loop
2385.617,65868540,loop
2385.722,65868540,loop
2385.827,65868540,loop
2385.932,65868540,loop
2386.038,65868540,loop
2386.143,65868540,loop
2386.248,65868540,loop
2386.353,65868540,loop
2386.458,65868540,loop
2386.563,65868540,loop
2386.669,65868540,loop
2386.774,65868540,loop
2386.879,65868540,loop
2386.984,65868540,loop
2387.089,65868796,loop
2387.194,65868796,loop
2387.300,65868796,loop
2387.405,65868796,loop
2387.510,65868796,loop
2387.615,65868796,loop
2387.720,65868796,loop
2387.825,65868796,loop
2387.931,65868796,loop
2388.036,65868796,loop
2388.141,65868796,loop
2388.246,65870844,loop
2388.351,65870844,loop
2388.456,65870844,loop
2388.562,65870844,loop
2388.667,65870844,loop
2388.772,65870844,loop
2388.877,65870844,loop
2388.982,65870844,loop
2389.087,65870844,loop
2389.192,65870844,loop
2389.298,65870844,loop
2389.403,65870844,loop
2389.508,65870844,loop
2389.613,65870844,loop
2389.718,65870844,loop
2389.823,65870844,loop
2389.929,65870844,loop
2390.034,65870844,loop
2390.139,65870844,loop
2390.244,65870844,loop
2390.349,65870844,loop
2390.454,65870844,loop
2390.560,65870844,loop
2390.665,65870844,loop
2390.770,65870844,loop
2390.875,65870844,loop
2390.980,65870844,loop
2391.085,65870844,loop
2391.191,65870844,loop
2391.296,65870844,loop
2391.401,65870844,loop
2391.506,65870844,loop
2391.611,65870844,loop
2391.716,65870844,loop
2391.822,65870844,loop
2391.927,65870844,loop
2392.032,65870844,loop
2392.137,65870844,loop
2392.242,65870844,loop
2392.348,65870844,loop
2392.453,65870844,loop
2392.558,65870844,loop
2392.663,65870844,loop
2392.768,65870844,loop
2392.873,65870844,loop
2392.978,65870844,loop
2393.084,65870844,loop
2393.189,65870844,loop
2393.294,65870844,loop
2393.399,65870844,loop
2393.504,65870844,loop
2393.609,65870844,loop
2393.715,65870844,loop
2393.820,65870844,loop
2393.925,65870844,loop
2394.030,65870844,loop
2394.135,65870844,loop
2394.240,65870844,loop
2394.346,65870844,loop
2394.451,65870844,loop
2394.556,65870844,loop
2394.661,65870844,loop
2394.766,65870844,loop
2394.871,65870844,loop
2394.977,65870844,loop
2395.082,65870844,loop
2395.187,65870844,loop
2395.292,65870844,loop
2395.397,65870844,loop
2395.502,65870844,loop
2395.608,65870844,loop
2395.713,65870844,loop
2395.818,65870844,loop
2395.923,65870844,loop
2396.028,65870844,loop
2396.133,65870844,loop
2396.239,65870844,loop
2396.344,65870844,loop
2396.449,65870844,loop
2396.554,65870844,loop
2396.659,65870844,loop
2396.764,65870844,loop
2396.870,65870844,loop
2396.975,65870844,loop
2397.080,65870844,loop
2397.185,65870844,loop
2397.290,65870844,loop
2397.395,65871100,loop
2397.501,65871100,loop
2397.606,65871100,loop
2397.711,65871100,loop
2397.816,65871100,loop
2397.921,65871100,loop
2398.026,65871100,loop
2398.132,65871100,loop
2398.237,65871100,loop
2398.342,65871100,loop
2398.447,65871100,loop
2398.552,65871100,loop
2398.657,65871100,loop
2398.763,65871100,loop
2398.868,65871100,loop
2398.973,65871100,loop
2399.078,65871100,loop
2399.183,65871100,loop
2399.288,65871100,loop
2399.394,65871100,loop
2399.499,65871100,loop
2399.604,65871100,loop
2399.709,65871100,loop
2399.814,65871100,loop
2399.919,65871100,loop
2400.025,65871100,loop
2400.130,65871100,loop
2400.235,65871100,loop
2400.340,65871100,loop
2400.445,65871100,loop
2400.550,65871100,loop
2400.655,65871100,loop
2400.761,65871100,loop
2400.866,65871100,loop
2400.971,65871100,loop
2401.076,65871100,loop
2401.181,65871100,loop
2401.286,65871100,loop
2401.392,65871100,loop
2401.497,65871100,loop
2401.602,65871100,loop
2401.707,65871100,loop
2401.812,65871100,loop
2401.917,65871100,loop
2402.023,65871100,loop
2402.128,65871100,loop
2402.233,65871100,loop
2402.338,65871100,loop
2402.443,65871100,loop
2402.549,65871100,loop
2402.654,65871100,loop
2402.759,65871100,loop
2402.864,65871100,loop
2402.969,65871100,loop
2403.074,65871100,loop
2403.179,65871100,loop
2403.285,65871100,loop
2403.390,65871100,loop
2403.495,65871100,loop
2403.600,65871100,loop
2403.705,65871100,loop
2403.810,65871100,loop
2403.916,65871100,loop
2404.021,65871100,loop
2404.126,65871100,loop
2404.231,65871100,loop
2404.336,65871100,loop
2404.441,65871100,loop
2404.547,65871100,loop
2404.652,65871100,loop
2404.757,65871100,loop
2404.862,65871100,loop
2404.967,65871100,loop
2405.072,65871100,loop
2405.178,65871100,loop
2405.283,65871100,loop
2405.388,65871100,loop
2405.493,65871100,loop
2405.598,65871100,loop
2405.703,65871100,loop
2405.809,65871100,loop
2405.914,65871100,loop
2406.019,65871100,loop
2406.124,65871100,loop
2406.229,65871100,loop
2406.334,65871100,loop
2406.440,65871100,loop
2406.545,65871100,loop
2406.650,65871100,loop
2406.755,65871100,loop
2406.860,65871100,loop
2406.965,65871100,loop
2407.071,65871100,loop
2407.176,65871100,loop
2407.281,65871100,loop
2407.386,65871100,loop
2407.491,65871100,loop
2407.596,65871356,loop
2407.702,65871356,loop
2407.807,65871356,loop
2407.912,65871356,loop
2408.017,65871356,loop
2408.123,65871356,loop
2408.228,65871356,loop
2408.333,65871356,loop
2408.439,65871356,loop
2408.544,65871356,loop
2408.649,65871356,loop
2408.754,65871356,loop
2408.859,65871356,loop
2408.964,65871356,loop
2409.070,65871356,loop
2409.175,65871356,loop
2409.280,65871356,loop
2409.385,65871356,loop
2409.490,65871356,loop
2409.595,65871356,loop
2409.701,65871356,loop
2409.806,65871356,loop
2409.911,65871356,loop
2410.016,65871356,loop
2410.121,65871356,loop
2410.226,65871356,loop
2410.332,65871356,loop
2410.437,65871356,loop
2410.542,65871356,loop
2410.647,65871356,loop
2410.752,65871356,loop
2410.857,65871356,loop
2410.963,65871356,loop
2411.068,65871356,loop
2411.173,65871356,loop
2411.278,65871356,loop
2411.383,65871356,loop
2411.488,65871356,loop
2411.594,65871356,loop
2411.699,65871356,loop
2411.804,65871356,loop
2411.909,65871356,loop
2412.014,65871356,loop
2412.119,65871356,loop
2412.225,65871356,loop
2412.330,65871356,loop
2412.435,65871356,loop
2412.540,65871356,loop
2412.645,65871356,loop
2412.750,65871356,loop
2412.856,65871356,loop
2412.961,65871356,loop
2413.066,65871356,loop
2413.171,65871356,loop
2413.276,65871356,loop
2413.381,65871356,loop
2413.487,65871356,loop
2413.592,65871356,loop
2413.697,65871356,loop
2413.802,65871356,loop
2413.907,65871356,loop
2414.012,65871356,loop
2414.118,65871356,loop
2414.223,65871356,loop
2414.328,65871356,loop
2414.433,65871356,loop
2414.538,65871356,loop
2414.643,65871356,loop
2414.749,65871356,loop
2414.854,65871356,loop
2414.959,65871356,loop
2415.064,65871356,loop
2415.169,65871356,loop
2415.274,65871356,loop
2415.380,65871356,loop
2415.485,65871356,loop
2415.590,65871356,loop
2415.695,65871356,loop
2415.800,65871356,loop
2415.905,65871356,loop
2416.011,65871356,loop
2416.116,65871356,loop
2416.221,65871356,loop
2416.326,65871356,loop
2416.431,65871356,loop
2416.536,65871356,loop
2416.642,65871356,loop
2416.747,65871356,loop
2416.852,65871356,loop
2416.957,65871356,loop
2417.062,65871356,loop
2417.167,65871356,loop
2417.273,65871356,loop
2417.378,65871356,loop
2417.483,65871356,loop
2417.588,65871356,loop
2417.693,65871356,loop
2417.799,65871452,loop
2417.904,65871612,loop
2418.009,65871612,loop
2418.114,65871612,loop
2418.219,65871612,loop
2418.325,65871612,loop
2418.430,65871612,loop
2418.535,65871612,loop
2418.640,65871612,loop
2418.745,65871612,loop
2418.850,65871612,loop
2418.956,65871612,loop
2419.061,65871612,loop
2419.166,65871612,loop
2419.271,65871612,loop
2419.376,65871612,loop
2419.481,65871612,loop
2419.587,65871612,loop
2419.692,65871612,loop
2419.797,65871612,loop
2419.902,65871612,loop
2420.007,65871612,loop
2420.112,65871612,loop
2420.218,65871612,loop
2420.323,65871612,loop
2420.428,65871612,loop
2420.533,65871612,loop
2420.638,65871612,loop
2420.743,65871612,loop
2420.849,65871612,loop
2420.954,65871612,loop
2421.059,65871612,loop
2421.164,65871612,loop
2421.269,65871612,loop
2421.374,65871612,loop
2421.480,65871612,loop
2421.585,65871612,loop
2421.690,65871612,loop
2421.795,65871612,loop
2421.900,65871612,loop
2422.005,65871612,loop
2422.111,65871612,loop
2422.216,65871612,loop
2422.321,65871612,loop
2422.426,65871612,loop
2422.531,65871612,loop
2422.636,65871612,loop
2422.742,65871612,loop
2422.847,65871612,loop
2422.952,65871612,loop
2423.057,65871612,loop
2423.162,65871612,loop
2423.267,65871612,loop
2423.373,65871612,loop
2423.478,65871612,loop
2423.583,65871612,loop
2423.688,65871612,loop
2423.793,65871612,loop
2423.898,65871612,loop
2424.004,65871612,loop
2424.109,65871612,loop
2424.214,65871612,loop
2424.319,65871612,loop
2424.424,65871612,loop
2424.529,65871612,loop
2424.635,65871612,loop
2424.740,65871612,loop
2424.845,65871612,loop
2424.950,65871612,loop
2425.055,65871612,loop
2425.160,65871612,loop
2425.266,65871612,loop
2425.371,65871612,loop
2425.476,65871612,loop
2425.581,65871612,loop
2425.686,65871612,loop
2425.791,65871612,loop
2425.897,65871612,loop
2426.002,65871612,loop
2426.107,65871612,loop
2426.212,65871612,loop
2426.317,65871612,loop
2426.422,65871612,loop
2426.528,65871612,loop
2426.633,65871612,loop
2426.738,65871612,loop
2426.843,65871612,loop
2426.948,65871612,loop
2427.053,65871612,loop
2427.159,65871612,loop
2427.264,65871612,loop
2427.369,65871612,loop
2427.474,65871612,loop
2427.579,65871612,loop
2427.684,65871612,loop
2427.790,65871612,loop
2427.895,65871612,loop
2428.000,65871612,loop
2428.105,65871868,loop
2428.210,65871868,loop
2428.315,65871868,loop
2428.421,65871868,loop
2428.526,65871868,loop
2428.631,65871868,loop
2428.736,65871868,loop
2428.841,65871868,loop
2428.946,65871868,loop
2429.052,65871868,loop
2429.157,65871868,loop
2429.262,65871868,loop
2429.367,65871868,loop
2429.472,65871868,loop
2429.577,65871868,loop
2429.683,65871868,loop
2429.788,65871868,loop
2429.893,65871868,loop
2429.998,65871868,loop
2430.103,65871868,loop
2430.208,65871868,loop
2430.314,65871868,loop
2430.419,65871868,loop
2430.524,65871868,loop
2430.629,65871868,loop
2430.734,65871868,loop
2430.839,65871868,loop
2430.944,65871868,loop
2431.050,65871868,loop
2431.155,65871868,loop
2431.260,65871868,loop
2431.365,65871868,loop
2431.470,65871868,loop
2431.575,65871868,loop
2431.681,65871868,loop
2431.786,65871868,loop
2431.891,65871868,loop
2431.996,65871868,loop
2432.101,65871868,loop
2432.206,65871868,loop
2432.312,65871868,loop
2432.417,65871868,loop
2432.522,65871868,loop
2432.627,65871868,loop
2432.732,65871868,loop
2432.838,65871868,loop
2432.943,65871868,loop
2433.048,65871868,loop
2433.153,65871868,loop
2433.258,65871868,loop
2433.363,65871868,loop
2433.469,65871868,loop
2433.574,65871868,loop
2433.679,65871868,loop
2433.784,65871868,loop
2433.889,65871868,loop
2433.994,65871868,loop
2434.100,65871868,loop
2434.205,65871868,loop
2434.310,65871868,loop
2434.415,65871868,loop
2434.520,65871868,loop
2434.625,65871868,loop
2434.731,65871868,loop
2434.836,65871868,loop
2434.941,65871868,loop
2435.046,65871868,loop
2435.151,65871868,loop
2435.256,65871868,loop
2435.362,65871868,loop
2435.467,65871868,loop
2435.572,65871868,loop
2435.677,65871868,loop
2435.782,65871868,loop
2435.887,65871868,loop
2435.993,65871868,loop
2436.098,65871868,loop
2436.203,65871868,loop
2436.308,65871868,loop
2436.413,65871868,loop
2436.518,65871868,loop
2436.624,65871868,loop
2436.729,65871868,loop
2436.834,65871868,loop
2436.939,65871868,loop
2437.044,65871868,loop
2437.149,65871868,loop
2437.255,65871868,loop
2437.360,65871868,loop
2437.465,65871868,loop
2437.570,65871868,loop
2437.675,65871868,loop
2437.780,65871868,loop
2437.886,65871868,loop
2437.991,65871868,loop
2438.096,65871868,loop
2438.201,65871868,loop
2438.306,65872124,loop
2438.411,65872124,loop
2438.517,65872124,loop
2438.622,65872124,loop
2438.727,65872124,loop
2438.832,65872124,loop
2438.937,65872124,loop
2439.042,65872124,loop
2439.148,65872124,loop
2439.253,65872124,loop
2439.358,65872124,loop
2439.463,65872124,loop
2439.568,65872124,loop
2439.673,65872124,loop
2439.779,65872124,loop
2439.884,65872124,loop
2439.989,65872124,loop
2440.094,65872124,loop
2440.199,65872124,loop
2440.304,65872124,loop
2440.410,65872124,loop
2440.515,65872124,loop
2440.620,65872124,loop
2440.726,65872124,loop
2440.831,65872124,loop
2440.936,65872124,loop
2441.041,65872124,loop
2441.146,65872124,loop
2441.251,65872124,loop
2441.357,65872124,loop
2441.462,65872124,loop
2441.567,65872124,loop
2441.672,65872124,loop
2441.777,65872124,loop
2441.882,65872124,loop
2441.988,65872124,loop
2442.093,65872124,loop
2442.198,65872124,loop
2442.303,65872124,loop
2442.408,65872124,loop
2442.513,65872124,loop
2442.619,65872124,loop
2442.724,65872124,loop
2442.829,65872124,loop
2442.934,65872124,loop
2443.039,65872124,loop
2443.144,65872124,loop
2443.250,65872124,loop
2443.355,65872124,loop
2443.460,65872124,loop
2443.565,65872124,loop
2443.670,65872124,loop
2443.775,65872124,loop
2443.881,65872124,loop
2443.986,65872124,loop
2444.091,65872124,loop
2444.196,65872124,loop
2444.301,65872124,loop
2444.406,65872124,loop
2444.512,65872124,loop
2444.617,65872124,loop
2444.722,65872124,loop
2444.827,65872124,loop
2444.932,65872124,loop
2445.037,65872124,loop
2445.143,65872124,loop
2445.248,65872124,loop
2445.353,65872124,loop
2445.458,65872124,loop
2445.563,65872124,loop
2445.668,65872124,loop
2445.773,65872124,loop
2445.879,65872124,loop
2445.984,65872124,loop
2446.089,65872124,loop
2446.194,65872124,loop
2446.299,65872124,loop
2446.405,65872124,loop
2446.510,65872124,loop
2446.615,65872124,loop
2446.720,65872124,loop
2446.825,65872124,loop
2446.930,65872124,loop
2447.036,65872124,loop
2447.141,65872124,loop
2447.246,65872124,loop
2447.351,65872124,loop
2447.456,65872124,loop
2447.561,65872124,loop
2447.667,65872124,loop
2447.772,65872124,loop
2447.877,65872124,loop
2447.982,65872124,loop
2448.087,65872124,loop
2448.192,65872124,loop
2448.298,65874172,loop
2448.403,65874172,loop
2448.508,65874172,loop
2448.613,65874428,loop
2448.718,65874428,loop
2448.823,65874428,loop
2448.929,65874428,loop
2449.034,65874428,loop
2449.139,65874428,loop
2449.244,65874428,loop
2449.349,65874428,loop
2449.454,65874428,loop
2449.560,65874428,loop
2449.665,65874428,loop
2449.770,65874428,loop
2449.875,65874428,loop
2449.980,65874428,loop
2450.085,65874428,loop
2450.190,65874428,loop
2450.296,65874428,loop
2450.401,65874428,loop
2450.506,65874428,loop
2450.611,65874428,loop
2450.716,65874428,loop
2450.821,65874428,loop
2450.927,65874428,loop
2451.032,65874428,loop
2451.137,65874428,loop
2451.242,65874428,loop
2451.347,65874428,loop
2451.452,65874428,loop
2451.558,65874428,loop
2451.663,65874428,loop
2451.768,65874428,loop
2451.873,65874428,loop
2451.978,65874428,loop
2452.083,65874428,loop
2452.189,65874428,loop
2452.294,65874428,loop
2452.399,65874428,loop
2452.504,65874428,loop
2452.609,65874428,loop
2452.714,65874428,loop
2452.820,65874428,loop
2452.925,65874428,loop
2453.030,65874428,loop
2453.135,65874428,loop
2453.240,65874428,loop
2453.345,65874428,loop
2453.451,65874428,loop
2453.556,65874428,loop
2453.661,65874428,loop
2453.766,65874428,loop
2453.871,65874428,loop
2453.976,65874428,loop
2454.082,65874428,loop
2454.187,65874428,loop
2454.292,65874428,loop
2454.397,65874428,loop
2454.502,65874428,loop
2454.607,65874428,loop
2454.713,65874428,loop
2454.818,65874428,loop
2454.923,65874428,loop
2455.028,65874428,loop
2455.133,65874428,loop
2455.238,65874428,loop
2455.344,65874428,loop
2455.449,65874428,loop
2455.554,65874428,loop
2455.659,65874428,loop
2455.764,65874428,loop
2455.869,65874428,loop
2455.975,65874428,loop
2456.080,65874428,loop
2456.185,65874428,loop
2456.290,65874428,loop
2456.395,65874428,loop
2456.500,65874428,loop
2456.605,65874428,loop
2456.711,65874428,loop
2456.816,65874428,loop
2456.921,65874428,loop
2457.026,65874428,loop
2457.131,65874428,loop
2457.236,65874428,loop
2457.342,65874428,loop
2457.447,65874428,loop
2457.552,65874428,loop
2457.657,65874428,loop
2457.762,65874428,loop
2457.867,65874428,loop
2457.973,65874428,loop
2458.078,65874428,loop
2458.183,65874428,loop
2458.288,65874428,loop
2458.393,65874428,loop
2458.498,65874428,loop
2458.604,65874428,loop
2458.709,65874428,loop
2458.814,65874684,loop
2458.919,65874684,loop
2459.024,65874684,loop
2459.129,65874684,loop
2459.235,65874684,loop
2459.340,65874684,loop
2459.445,65874684,loop
2459.550,65874684,loop
2459.655,65874684,loop
2459.760,65874684,loop
2459.866,65874684,loop
2459.971,65874684,loop
2460.076,65874684,loop
2460.181,65874684,loop
2460.286,65874684,loop
2460.391,65874684,loop
2460.497,65874684,loop
2460.602,65874684,loop
2460.707,65874684,loop
2460.812,65874684,loop
2460.917,65874684,loop
2461.022,65874684,loop
2461.128,65874684,loop
2461.233,65874684,loop
2461.338,65874684,loop
2461.443,65874684,loop
2461.548,65874684,loop
2461.653,65874684,loop
2461.759,65874684,loop
2461.864,65874684,loop
2461.969,65874684,loop
2462.074,65874684,loop
2462.179,65874684,loop
2462.284,65874684,loop
2462.390,65874684,loop
2462.495,65874684,loop
2462.600,65874684,loop
2462.705,65874684,loop
2462.810,65874684,loop
2462.915,65874684,loop
2463.021,65874684,loop
2463.126,65874684,loop
2463.231,65874684,loop
2463.336,65874684,loop
2463.441,65874684,loop
2463.546,65874684,loop
2463.652,65874684,loop
2463.757,65874684,loop
2463.862,65874684,loop
2463.967,65874684,loop
2464.072,65874684,loop
2464.177,65874684,loop
2464.283,65874684,loop
2464.388,65874684,loop
2464.493,65874684,loop
2464.598,65874684,loop
2464.703,65874684,loop
2464.808,65874684,loop
2464.914,65874684,loop
2465.019,65874684,loop
2465.124,65874684,loop
2465.229,65874684,loop
2465.334,65874684,loop
2465.439,65874684,loop
2465.545,65874684,loop
2465.650,65874684,loop
2465.755,65874684,loop
2465.860,65874684,loop
2465.965,65874684,loop
2466.070,65874684,loop
2466.176,65874684,loop
2466.281,65874684,loop
2466.386,65874684,loop
2466.491,65874684,loop
2466.596,65874684,loop
2466.701,65874684,loop
2466.806,65874684,loop
2466.912,65874684,loop
2467.017,65874684,loop
2467.122,65874684,loop
2467.227,65874684,loop
2467.332,65874684,loop
2467.437,65874684,loop
2467.543,65874684,loop
2467.648,65874684,loop
2467.753,65874684,loop
2467.858,65874684,loop
2467.963,65874684,loop
2468.068,65874684,loop
2468.174,65874684,loop
2468.279,65874684,loop
2468.384,65874684,loop
2468.489,65874684,loop
2468.594,65874684,loop
2468.700,65874684,loop
2468.805,65874684,loop
2468.910,65874684,loop
2469.015,65874940,loop
2469.120,65874940,loop
2469.225,65874940,loop
2469.331,65874940,loop
2469.436,65874940,loop
2469.541,65874940,loop
2469.646,65874940,loop
2469.751,65874940,loop
2469.856,65874940,loop
2469.962,65874940,loop
2470.067,65874940,loop
2470.172,65874940,loop
2470.277,65874940,loop
2470.382,65874940,loop
2470.487,65874940,loop
2470.593,65874940,loop
2470.698,65874940,loop
2470.803,65874940,loop
2470.908,65874940,loop
2471.013,65874940,loop
2471.118,65874940,loop
2471.224,65874940,loop
2471.329,65874940,loop
2471.434,65874940,loop
2471.539,65874940,loop
2471.644,65874940,loop
2471.749,65874940,loop
2471.855,65874940,loop
2471.960,65874940,loop
2472.065,65874940,loop
2472.170,65874940,loop
2472.275,65874940,loop
2472.380,65874940,loop
2472.486,65874940,loop
2472.591,65874940,loop
2472.696,65874940,loop
2472.801,65874940,loop
2472.906,65874940,loop
2473.011,65874940,loop
2473.117,65874940,loop
2473.222,65874940,loop
2473.327,65874940,loop
2473.432,65874940,loop
2473.537,65874940,loop
2473.642,65874940,loop
2473.748,65874940,loop
2473.853,65874940,loop
2473.958,65874940,loop
2474.063,65874940,loop
2474.168,65874940,loop
2474.273,65874940,loop
2474.379,65874940,loop
2474.484,65874940,loop
2474.589,65874940,loop
2474.694,65874940,loop
2474.799,65874940,loop
2474.904,65874940,loop
2475.010,65874940,loop
2475.115,65874940,loop
2475.220,65874940,loop
2475.325,65874940,loop
2475.430,65874940,loop
2475.535,65874940,loop
2475.641,65874940,loop
2475.746,65874940,loop
2475.851,65874940,loop
2475.956,65874940,loop
2476.061,65874940,loop
2476.166,65874940,loop
2476.272,65874940,loop
2476.377,65874940,loop
2476.482,65874940,loop
2476.587,65874940,loop
2476.692,65874940,loop
2476.798,65874940,loop
2476.903,65874940,loop
2477.008,65874940,loop
2477.113,65874940,loop
2477.218,65874940,loop
2477.323,65874940,loop
2477.429,65874940,loop
2477.534,65874940,loop
2477.639,65874940,loop
2477.744,65874940,loop
2477.849,65874940,loop
2477.954,65874940,loop
2478.060,65874940,loop
2478.165,65874940,loop
2478.270,65874940,loop
2478.375,65874940,loop
2478.480,65874940,loop
2478.585,65874940,loop
2478.691,65874940,loop
2478.796,65874940,loop
2478.901,65874940,loop
2479.006,65874940,loop
2479.111,65874940,loop
2479.216,65874940,loop
2479.322,65875196,loop
2479.427,65875196,loop
2479.532,65875196,loop
2479.637,65875196,loop
2479.742,65875196,loop
2479.847,65875196,loop
2479.953,65875196,loop
2480.058,65875196,loop
2480.163,65875196,loop
2480.268,65875196,loop
2480.373,65875196,loop
2480.478,65875196,loop
2480.584,65875196,loop
2480.689,65875196,loop
2480.794,65875196,loop
2480.899,65875196,loop
2481.004,65875196,loop
2481.109,65875196,loop
2481.215,65875196,loop
2481.320,65875196,loop
2481.425,65875196,loop
2481.530,65875196,loop
2481.635,65875196,loop
2481.740,65875196,loop
2481.846,65875196,loop
2481.951,65875196,loop
2482.056,65875196,loop
2482.161,65875196,loop
2482.266,65875196,loop
2482.371,65875196,loop
2482.477,65875196,loop
2482.582,65875196,loop
2482.687,65875196,loop
2482.792,65875196,loop
2482.897,65875196,loop
2483.002,65875196,loop
2483.108,65875196,loop
2483.213,65875196,loop
2483.318,65875196,loop
2483.423,65875196,loop
2483.528,65875196,loop
2483.633,65875196,loop
2483.738,65875196,loop
2483.844,65875196,loop
2483.949,65875196,loop
2484.054,65875196,loop
2484.159,65875196,loop
2484.264,65875196,loop
2484.370,65875196,loop
2484.475,65875196,loop
2484.580,65875196,loop
2484.685,65875196,loop
2484.790,65875196,loop
2484.895,65875196,loop
2485.001,65875196,loop
2485.106,65875196,loop
2485.211,65875196,loop
2485.316,65875196,loop
2485.421,65875196,loop
2485.526,65875196,loop
2485.631,65875196,loop
2485.737,65875196,loop
2485.842,65875196,loop
2485.947,65875196,loop
2486.052,65875196,loop
2486.157,65875196,loop
2486.262,65875196,loop
2486.368,65875196,loop
2486.473,65875196,loop
2486.578,65875196,loop
2486.683,65875196,loop
2486.788,65875196,loop
2486.893,65875196,loop
2486.999,65875196,loop
2487.104,65875196,loop
2487.209,65875196,loop
2487.314,65875196,loop
2487.419,65875196,loop
2487.524,65875196,loop
2487.630,65875196,loop
2487.735,65875196,loop
2487.840,65875196,loop
2487.945,65875196,loop
2488.050,65875196,loop
2488.155,65875196,loop
2488.261,65875196,loop
2488.366,65875196,loop
2488.471,65875196,loop
2488.576,65875196,loop
2488.681,65875196,loop
2488.786,65875196,loop
2488.892,65875196,loop
2488.997,65875196,loop
2489.102,65875196,loop
2489.207,65875196,loop
2489.312,65875196,loop
2489.417,65875196,loop
2489.523,65875452,loop
2489.628,65875452,loop
2489.733,65875452,loop
2489.838,65875452,loop
2489.943,65875452,loop
2490.048,65875452,loop
2490.154,65875452,loop
2490.259,65875452,loop
2490.364,65875452,loop
2490.469,65875452,loop
2490.574,65875452,loop
2490.679,65875452,loop
2490.785,65875452,loop
2490.890,65875452,loop
2490.995,65875452,loop
2491.100,65875452,loop
2491.205,65875452,loop
2491.310,65875452,loop
2491.416,65875452,loop
2491.521,65875452,loop
2491.626,65875452,loop
2491.731,65875452,loop
2491.836,65875452,loop
2491.941,65875452,loop
2492.047,65875452,loop
2492.152,65875452,loop
2492.257,65875452,loop
2492.362,65875452,loop
2492.467,65875452,loop
2492.572,65875452,loop
2492.678,65875452,loop
2492.783,65875452,loop
2492.888,65875452,loop
2492.993,65875452,loop
2493.098,65875452,loop
2493.203,65875452,loop
2493.309,65875452,loop
2493.414,65875452,loop
2493.519,65875452,loop
2493.624,65875452,loop
2493.729,65875452,loop
2493.834,65875452,loop
2493.939,65875452,loop
2494.045,65875452,loop
2494.150,65875452,loop
2494.255,65875452,loop
2494.360,65875452,loop
2494.465,65875452,loop
2494.571,65875452,loop
2494.676,65875452,loop
2494.781,65875452,loop
2494.886,65875452,loop
2494.991,65875452,loop
2495.096,65875452,loop
2495.202,65875452,loop
2495.307,65875452,loop
2495.412,65875452,loop
2495.517,65875452,loop
2495.622,65875452,loop
2495.727,65875452,loop
2495.832,65875452,loop
2495.938,65875452,loop
2496.043,65875452,loop
2496.148,65875452,loop
2496.253,65875452,loop
2496.358,65875452,loop
2496.463,65875452,loop
2496.569,65875452,loop
2496.674,65875452,loop
2496.779,65875452,loop
2496.884,65875452,loop
2496.990,65875452,loop
2497.095,65875452,loop
2497.200,65875452,loop
2497.305,65875452,loop
2497.410,65875452,loop
2497.516,65875452,loop
2497.621,65875452,loop
2497.727,65875452,loop
2497.832,65875452,loop
2497.937,65875452,loop
2498.042,65875452,loop
2498.147,65875452,loop
2498.252,65875452,loop
2498.358,65875452,loop
2498.463,65875452,loop
2498.568,65875452,loop
2498.673,65875452,loop
2498.778,65875452,loop
2498.883,65875452,loop
2498.989,65875452,loop
2499.094,65875452,loop
2499.199,65875452,loop
2499.304,65875452,loop
2499.409,65875452,loop
2499.514,65875452,loop
2499.620,65875452,loop
2499.725,65875708,loop
2499.830,65875708,loop
2499.935,65875708,loop
2500.040,65875708,loop
2500.145,65875708,loop
2500.251,65875708,loop
2500.356,65875708,loop
2500.461,65875708,loop
2500.566,65875708,loop
2500.671,65875708,loop
2500.776,65875708,loop
2500.882,65875708,loop
2500.987,65875708,loop
2501.092,65875708,loop
2501.197,65875708,loop
2501.302,65875708,loop
2501.407,65875708,loop
2501.513,65875708,loop
2501.618,65875708,loop
2501.723,65875708,loop
2501.828,65875708,loop
2501.933,65875708,loop
2502.038,65875708,loop
2502.144,65875708,loop
2502.249,65875708,loop
2502.354,65875708,loop
2502.459,65875708,loop
2502.564,65875708,loop
2502.669,65875708,loop
2502.775,65875708,loop
2502.880,65875708,loop
2502.985,65875708,loop
2503.090,65875708,loop
2503.195,65875708,loop
2503.300,65875708,loop
2503.406,65875708,loop
2503.511,65875708,loop
2503.616,65875708,loop
2503.721,65875708,loop
2503.826,65875708,loop
2503.931,65875708,loop
2504.037,65875708,loop
2504.142,65875708,loop
2504.247,65875708,loop
2504.352,65875708,loop
2504.457,65875708,loop
2504.562,65875708,loop
2504.668,65875708,loop
2504.773,65875708,loop
2504.878,65875708,loop
2504.983,65875708,loop
2505.088,65875708,loop
2505.193,65875708,loop
2505.299,65875708,loop
2505.404,65875708,loop
2505.509,65875708,loop
2505.614,65875708,loop
2505.719,65875708,loop
2505.824,65875708,loop
2505.930,65875708,loop
2506.035,65875708,loop
2506.140,65875708,loop
2506.245,65875708,loop
2506.350,65875708,loop
2506.455,65875708,loop
2506.560,65875708,loop
2506.666,65875708,loop
2506.771,65875708,loop
2506.876,65875708,loop
2506.981,65875708,loop
2507.086,65875708,loop
2507.191,65875708,loop
2507.297,65875708,loop
2507.402,65875708,loop
2507.507,65875708,loop
2507.612,65875708,loop
2507.717,65875708,loop
2507.822,65875708,loop
2507.928,65875708,loop
2508.033,65875708,loop
2508.138,65875712,loop
2508.243,65875716,loop
2508.348,65875716,loop
2508.453,65875724,loop
2508.559,65875724,loop
2508.664,65875728,loop
2508.769,65875732,loop
2508.874,65875736,loop
2508.979,65875740,loop
2509.084,65875744,loop
2509.190,65875748,loop
2509.295,65875752,loop
2509.400,65875752,loop
2509.505,65875760,loop
2509.610,65875760,loop
2509.715,65875764,loop
2509.821,65875768,loop
2509.926,65875772,loop
2510.031,65876032,loop
2510.136,65876036,loop
2510.241,65876040,loop
2510.346,65876044,loop
2510.452,65876044,loop
2510.557,65876052,loop
2510.662,65876052,loop
2510.767,65876056,loop
2510.872,65876060,loop
2510.977,65876064,loop
2511.083,65876068,loop
2511.188,65876072,loop
2511.293,65876076,loop
2511.398,65876080,loop
2511.503,65876080,loop
2511.608,65876088,loop
2511.714,65876088,loop
2511.819,65876092,loop
2511.924,65876096,loop
2512.029,65876100,loop
2512.134,65876104,loop
2512.239,65876108,loop
2512.345,65876112,loop
2512.450,65876116,loop
2512.555,65876120,loop
2512.660,65876120,loop
2512.765,65876128,loop
2512.870,65876128,loop
2512.976,65876132,loop
2513.081,65876136,loop
2513.186,65876140,loop
2513.291,65876144,loop
2513.396,65876148,loop
2513.501,65876152,loop
2513.607,65876156,loop
2513.712,65876160,loop
2513.817,65876160,loop
2513.922,65876164,loop
2514.027,65876168,loop
2514.132,65876172,loop
2514.238,65876176,loop
2514.343,65876180,loop
2514.448,65876184,loop
2514.553,65876184,loop
2514.658,65876192,loop
2514.763,65876196,loop
2514.869,65876196,loop
2514.974,65876200,loop
2515.079,65876204,loop
2515.184,65876208,loop
2515.289,65876212,loop
2515.394,65876216,loop
2515.500,65876220,loop
2515.605,65876224,loop
2515.710,65876228,loop
2515.815,65876228,loop
2515.920,65876232,loop
2516.025,65876236,loop
2516.131,65876240,loop
2516.236,65876244,loop
2516.341,65876248,loop
2516.446,65876252,loop
2516.551,65876256,loop
2516.656,65876260,loop
2516.762,65876264,loop
2516.867,65876264,loop
2516.972,65876268,loop
2517.077,65876272,loop
2517.182,65876276,loop
2517.287,65876280,loop
2517.393,65876284,loop
2517.498,65876288,loop
2517.603,65876292,loop
2517.708,65876296,loop
2517.813,65876296,loop
2517.918,65876300,loop
2518.023,65876304,loop
2518.129,65876308,loop
2518.234,65876312,loop
2518.339,65876316,loop
2518.444,65876320,loop
2518.549,65876324,loop
2518.654,65876328,loop
2518.760,65876332,loop
2518.865,65876332,loop
2518.970,65876336,loop
2519.075,65876340,loop
2519.180,65876344,loop
2519.285,65876348,loop
2519.391,65876352,loop
2519.496,65876356,loop
2519.601,65876360,loop
2519.706,65876364,loop
2519.811,65876368,loop
2519.916,65876368,loop
2520.022,65876372,loop
2520.127,65876376,loop
2520.232,65876636,loop
2520.337,65876640,loop
2520.442,65876644,loop
2520.547,65876648,loop
2520.653,65876652,loop
2520.758,65876656,loop
2520.863,65876660,loop
2520.968,65876660,loop
2521.073,65876664,loop
2521.178,65876668,loop
2521.284,65876672,loop
2521.389,65876676,loop
2521.494,65876680,loop
2521.599,65876684,loop
2521.704,65876688,loop
2521.809,65876692,loop
2521.915,65876696,loop
2522.020,65876696,loop
2522.125,65876700,loop
2522.230,65876704,loop
2522.335,65876708,loop
2522.440,65876712,loop
2522.546,65876716,loop
2522.651,65876720,loop
2522.756,65876724,loop
2522.861,65876728,loop
2522.966,65876728,loop
2523.071,65876732,loop
2523.177,65876736,loop
2523.282,65876740,loop
2523.387,65876744,loop
2523.492,65876748,loop
2523.597,65876752,loop
2523.702,65876756,loop
2523.808,65876760,loop
2523.913,65876764,loop
2524.018,65876764,loop
2524.123,65876768,loop
2524.228,65876776,loop
2524.333,65876776,loop
2524.439,65876780,loop
2524.544,65876784,loop
2524.649,65876788,loop
2524.754,65876792,loop
2524.859,65876796,loop
2524.964,65876800,loop
2525.070,65876800,loop
2525.175,65876808,loop
2525.280,65876808,loop
2525.385,65876812,loop
2525.490,65876816,loop
2525.595,65876820,loop
2525.701,65876824,loop
2525.806,65876828,loop
2525.911,65876832,loop
2526.016,65876836,loop
2526.121,65876840,loop
2526.226,65876844,loop
2526.332,65876844,loop
2526.437,65876848,loop
2526.542,65876852,loop
2526.647,65876856,loop
2526.752,65876860,loop
2526.857,65876864,loop
2526.963,65876868,loop
2527.068,65876868,loop
2527.173,65876876,loop
2527.278,65876880,loop
2527.383,65876880,loop
2527.488,65876884,loop
2527.594,65876888,loop
2527.699,65876892,loop
2527.804,65876896,loop
2527.909,65876900,loop
2528.014,65876904,loop
2528.119,65876904,loop
2528.225,65876912,loop
2528.330,65876912,loop
2528.435,65876916,loop
2528.540,65876920,loop
2528.645,65876924,loop
2528.750,65876928,loop
2528.856,65876932,loop
2528.961,65876936,loop
2529.066,65876940,loop
2529.171,65876944,loop
2529.276,65876944,loop
2529.381,65876952,loop
2529.487,65876952,loop
2529.592,65876956,loop
2529.697,65876960,loop
2529.802,65876964,loop
2529.907,65876968,loop
2530.012,65876972,loop
2530.118,65876976,loop
2530.223,65876980,loop
2530.328,65876980,loop
2530.433,65876988,loop
2530.538,65877244,loop
2530.643,65877248,loop
2530.749,65877252,loop
2530.854,65877256,loop
2530.959,65877260,loop
2531.064,65877264,loop
2531.169,65877268,loop
2531.274,65877272,loop
2531.380,65877272,loop
2531.485,65877276,loop
2531.590,65877280,loop
2531.695,65877284,loop
2531.800,65877288,loop
2531.905,65877292,loop
2532.011,65877296,loop
2532.116,65877300,loop
2532.221,65877304,loop
2532.326,65877304,loop
2532.431,65877312,loop
2532.536,65877312,loop
2532.642,65877316,loop
2532.747,65877320,loop
2532.852,65877324,loop
2532.957,65877328,loop
2533.057,65877724,loop
2534.011,65527208,loop
2534.111,65712672,loop
2535.409,65730168,loop
2535.515,65730176,loop
2535.620,65730180,loop
2535.725,65730184,loop
2535.830,65730188,loop
2535.935,65730192,loop
2536.040,65730196,loop
2536.146,65730200,loop
2536.251,65730204,loop
2536.356,65730208,loop
2536.461,65730212,loop
2536.566,65730212,loop
2536.671,65730220,loop
2536.777,65730224,loop
2536.882,65730228,loop
2536.987,65730228,loop
2537.092,65730236,loop
2537.197,65730240,loop
2537.302,65730240,loop
2537.407,65730248,loop
2537.513,65730252,loop
2537.618,65730252,loop
2537.723,65730256,loop
2537.828,65730260,loop
2537.933,65730264,loop
2538.038,65730268,loop
2538.144,65730272,loop
2538.249,65730276,loop
2538.354,65730280,loop
2538.459,65730284,loop
2538.564,65730288,loop
2538.669,65730292,loop
2538.775,65730296,loop
2538.880,65730300,loop
2538.985,65730304,loop
2539.090,65730308,loop
2539.195,65730312,loop
2539.300,65730316,loop
2539.405,65730316,loop
2539.511,65730324,loop
2539.616,65730328,loop
2539.721,65730328,loop
2539.826,65730336,loop
2539.931,65730340,loop
2540.036,65730340,loop
2540.142,65730348,loop
2540.247,65730352,loop
2540.352,65730352,loop
2540.457,65730360,loop
2540.562,65730360,loop
2540.667,65730364,loop
2540.773,65730624,loop
2540.878,65730628,loop
2540.983,65730632,loop
2541.088,65730636,loop
2541.193,65730640,loop
2541.298,65730644,loop
2541.404,65730648,loop
2541.509,65730652,loop
2541.614,65730656,loop
2541.719,65730660,loop
2541.824,65730664,loop
2541.929,65730668,loop
2542.034,65730672,loop
2542.140,65730672,loop
2542.245,65730680,loop
2542.350,65730684,loop
2542.455,65730684,loop
2542.560,65730692,loop
2542.665,65730692,loop
2542.771,65730696,loop
2542.876,65730704,loop
2542.981,65730704,loop
2543.086,65730708,loop
2543.191,65730716,loop
2543.296,65730716,loop
2543.402,65730720,loop
2543.507,65730724,loop
2543.612,65730728,loop
2543.717,65730732,loop
2543.822,65730736,loop
2543.927,65730740,loop
2544.032,65730744,loop
2544.138,65730748,loop
2544.243,65730752,loop
2544.348,65730756,loop
2544.453,65730760,loop
2544.558,65730764,loop
2544.663,65730768,loop
2544.769,65730772,loop
2544.874,65730772,loop
2544.979,65730780,loop
2545.084,65730784,loop
2545.189,65730784,loop
2545.294,65730792,loop
2545.400,65730792,loop
2545.505,65730796,loop
2545.610,65730800,loop
2545.715,65730804,loop
2545.820,65730808,loop
2545.925,65730812,loop
2546.030,65730816,loop
2546.136,65730820,loop
2546.241,65730824,loop
2546.346,65730828,loop
2546.451,65730832,loop
2546.556,65730836,loop
2546.661,65730840,loop
2546.767,65730844,loop
2546.872,65730848,loop
2546.977,65730848,loop
2547.082,65730856,loop
2547.187,65730860,loop
2547.292,65730860,loop
2547.397,65730868,loop
2547.503,65730872,loop
2547.608,65730872,loop
2547.713,65730880,loop
2547.818,65730884,loop
2547.923,65730884,loop
2548.028,65730888,loop
2548.134,65730896,loop
2548.239,65730896,loop
2548.344,65730900,loop
2548.449,65730904,loop
2548.554,65730908,loop
2548.659,65730912,loop
2548.765,65730916,loop
2548.870,65730920,loop
2548.975,65730924,loop
2549.080,65730928,loop
2549.185,65730932,loop
2549.290,65730936,loop
2549.395,65730940,loop
2549.501,65730944,loop
2549.606,65730948,loop
2549.711,65730952,loop
2549.816,65730956,loop
2549.921,65730960,loop
2550.026,65730960,loop
2550.132,65730968,loop
2550.237,65730972,loop
2550.342,65730972,loop
2550.447,65730980,loop
2550.552,65730984,loop
2550.657,65730984,loop
2550.763,65730992,loop
2550.868,65730996,loop
2550.973,65731252,loop
2551.078,65731256,loop
2551.183,65731260,loop
2551.288,65731264,loop
2551.394,65731268,loop
2551.499,65731272,loop
2551.604,65731276,loop
2551.709,65731280,loop
2551.814,65731284,loop
2551.919,65731288,loop
2552.024,65731292,loop
2552.130,65731296,loop
2552.235,65731300,loop
2552.340,65731304,loop
2552.445,65731304,loop
2552.550,65731312,loop
2552.655,65731316,loop
2552.761,65731316,loop
2552.866,65731324,loop
2552.971,65731328,loop
2553.076,65731328,loop
2553.181,65731336,loop
2553.286,65731340,loop
2553.391,65731340,loop
2553.497,65731348,loop
2553.602,65731352,loop
2553.707,65731352,loop
2553.812,65731356,loop
2553.917,65731360,loop
2554.022,65731364,loop
2554.128,65731368,loop
2554.233,65731372,loop
2554.338,65731376,loop
2554.443,65731380,loop
2554.548,65731384,loop
2554.653,65731388,loop
2554.759,65731392,loop
2554.864,65731396,loop
2554.969,65731400,loop
2555.074,65731404,loop
2555.179,65731408,loop
2555.284,65731412,loop
2555.389,65731416,loop
2555.495,65731416,loop
2555.600,65731424,loop
2555.705,65731428,loop
2555.810,65731428,loop
2555.915,65731436,loop
2556.020,65731440,loop
2556.126,65731440,loop
2556.231,65731444,loop
2556.336,65731452,loop
2556.441,65731452,loop
2556.546,65731456,loop
2556.651,65731464,loop
2556.757,65731464,loop
2556.862,65731468,loop
2556.967,65731472,loop
2557.072,65731476,loop
2557.177,65731480,loop
2557.282,65731484,loop
2557.387,65731488,loop
2557.493,65731492,loop
2557.598,65731496,loop
2557.703,65731500,loop
2557.808,65731504,loop
2557.913,65731508,loop
2558.018,65731512,loop
2558.124,65731516,loop
2558.229,65731520,loop
2558.334,65731524,loop
2558.439,65731528,loop
2558.544,65731532,loop
2558.649,65731536,loop
2558.755,65731540,loop
2558.860,65731544,loop
2558.965,65731548,loop
2559.070,65731548,loop
2559.175,65731552,loop
2559.280,65731556,loop
2559.385,65731560,loop
2559.491,65731568,loop
2559.596,65731568,loop
2559.701,65731572,loop
2559.806,65731576,loop
2559.911,65731580,loop
2560.016,65731584,loop
2560.122,65731588,loop
2560.227,65731592,loop
2560.332,65731596,loop
2560.437,65731600,loop
2560.542,65731604,loop
2560.647,65731608,loop
2560.753,65731612,loop
2560.858,65731616,loop
2560.963,65731620,loop
2561.068,65731624,loop
2561.173,65731884,loop
2561.278,65731888,loop
2561.384,65731892,loop
2561.489,65731896,loop
2561.594,65731900,loop
2561.699,65731900,loop
2561.804,65731904,loop
2561.909,65731908,loop
2562.014,65731912,loop
2562.120,65731916,loop
2562.225,65731920,loop
2562.330,65731924,loop
2562.435,65731928,loop
2562.540,65731932,loop
2562.645,65731936,loop
2562.751,65731940,loop
2562.856,65731944,loop
2562.961,65731948,loop
2563.066,65731952,loop
2563.171,65731956,loop
2563.276,65731960,loop
2563.382,65731964,loop
2563.487,65731968,loop
2563.592,65731972,loop
2563.697,65731976,loop
2563.802,65731980,loop
2563.907,65731980,loop
2564.012,65731988,loop
2564.118,65731992,loop
2564.223,65731996,loop
2564.328,65731996,loop
2564.433,65732000,loop
2564.538,65732004,loop
2564.643,65732008,loop
2564.749,65732012,loop
2564.854,65732016,loop
2564.959,65732020,loop
2565.064,65732024,loop
2565.169,65732028,loop
2565.274,65732032,loop
2565.380,65732036,loop
2565.485,65732040,loop
2565.590,65732044,loop
2565.695,65732048,loop
2565.800,65732052,loop
2565.905,65732056,loop
2566.010,65732060,loop
2566.116,65732064,loop
2566.221,65732068,loop
2566.326,65732072,loop
2566.431,65732076,loop
2566.536,65732080,loop
2566.641,65732080,loop
2566.747,65732084,loop
2566.852,65732088,loop
2566.957,65732092,loop
2567.062,65732096,loop
2567.167,65732100,loop
2567.272,65732104,loop
2567.378,65732108,loop
2567.483,65732112,loop
2567.588,65732116,loop
2567.693,65732120,loop
2567.798,65732124,loop
2567.903,65734172,loop
2568.008,65734172,loop
2568.114,65734172,loop
2568.219,65734172,loop
2568.324,65734172,loop
2568.429,65734172,loop
2568.534,65734172,loop
2568.639,65734172,loop
2568.745,65734172,loop
2568.850,65734172,loop
2568.955,65734172,loop
2569.060,65734172,loop
2569.165,65734172,loop
2569.270,65734172,loop
2569.375,65734172,loop
2569.481,65734172,loop
2569.586,65734172,loop
2569.691,65734172,loop
2569.796,65734172,loop
2569.901,65734172,loop
2570.006,65734172,loop
2570.112,65734172,loop
2570.217,65734172,loop
2570.322,65734172,loop
2570.427,65734172,loop
2570.532,65734172,loop
2570.637,65734172,loop
2570.742,65734172,loop
2570.848,65734172,loop
2570.953,65734172,loop
2571.058,65734172,loop
2571.163,65734172,loop
2571.268,65734172,loop
2571.373,65734172,loop
2571.479,65734428,loop
2571.584,65734428,loop
2571.689,65734428,loop
2571.794,65734428,loop
2571.899,65734428,loop
2572.004,65734428,loop
2572.110,65734428,loop
2572.215,65734428,loop
2572.320,65734428,loop
2572.425,65734428,loop
2572.530,65734428,loop
2572.635,65734428,loop
2572.740,65734428,loop
2572.846,65734428,loop
2572.951,65734428,loop
2573.056,65734428,loop
2573.161,65734428,loop
2573.266,65734428,loop
2573.371,65734428,loop
2573.477,65734428,loop
2573.582,65734428,loop
2573.687,65734428,loop
2573.792,65734428,loop
2573.897,65734428,loop
2574.002,65734428,loop
2574.107,65734428,loop
2574.213,65734428,loop
2574.318,65734428,loop
2574.423,65734428,loop
2574.528,65734428,loop
2574.633,65734428,loop
2574.738,65734428,loop
2574.844,65734428,loop
2574.949,65734428,loop
2575.054,65734428,loop
2575.159,65734428,loop
2575.264,65734428,loop
2575.369,65734428,loop
2575.474,65734428,loop
2575.580,65734428,loop
2575.685,65734428,loop
2575.790,65734428,loop
2575.895,65734428,loop
2576.000,65734428,loop
2576.105,65734428,loop
2576.211,65734428,loop
2576.316,65734428,loop
2576.421,65734428,loop
2576.526,65734428,loop
2576.631,65734428,loop
2576.736,65734428,loop
2576.841,65734428,loop
2576.947,65734428,loop
2577.052,65734428,loop
2577.157,65734428,loop
2577.262,65734428,loop
2577.367,65734428,loop
2577.472,65734428,loop
2577.578,65734428,loop
2577.683,65734428,loop
2577.788,65734428,loop
2577.893,65734428,loop
2577.998,65734428,loop
2578.103,65734428,loop
2578.209,65734428,loop
2578.314,65734428,loop
2578.419,65734428,loop
2578.524,65734428,loop
2578.629,65734428,loop
2578.734,65734428,loop
2578.839,65734428,loop
2578.945,65734428,loop
2579.050,65734428,loop
2579.155,65734428,loop
2579.260,65734428,loop
2579.365,65734428,loop
2579.470,65734428,loop
2579.576,65734428,loop
2579.681,65734428,loop
2579.786,65734428,loop
2579.891,65734428,loop
2579.996,65734428,loop
2580.101,65734428,loop
2580.207,65734428,loop
2580.312,65734428,loop
2580.417,65734428,loop
2580.522,65734428,loop
2580.627,65734428,loop
2580.732,65734428,loop
2580.837,65734428,loop
2580.943,65734428,loop
2581.048,65734428,loop
2581.153,65734428,loop
2581.258,65734428,loop
2581.363,65734428,loop
2581.468,65734428,loop
2581.574,65734428,loop
2581.679,65734684,loop
2581.784,65734684,loop
2581.889,65734684,loop
2581.994,65734684,loop
2582.099,65734684,loop
2582.205,65734684,loop
2582.310,65734684,loop
2582.415,65734684,loop
2582.520,65734684,loop
2582.625,65734684,loop
2582.730,65734684,loop
2582.835,65734684,loop
2582.941,65734684,loop
2583.046,65734684,loop
2583.151,65734684,loop
2583.256,65734684,loop
2583.361,65734684,loop
2583.466,65734684,loop
2583.572,65734684,loop
2583.677,65734684,loop
2583.782,65734684,loop
2583.887,65734684,loop
2583.992,65734684,loop
2584.097,65734684,loop
2584.203,65734684,loop
2584.308,65734684,loop
2584.413,65734684,loop
2584.518,65734684,loop
2584.623,65734684,loop
2584.728,65734684,loop
2584.833,65734684,loop
2584.939,65734684,loop
2585.044,65734684,loop
2585.149,65734684,loop
2585.254,65734684,loop
2585.359,65734684,loop
2585.464,65734684,loop
2585.570,65734684,loop
2585.675,65734684,loop
2585.780,65734684,loop
2585.885,65734684,loop
2585.990,65734684,loop
2586.095,65734684,loop
2586.201,65734684,loop
2586.306,65734684,loop
2586.411,65734684,loop
2586.516,65734684,loop
2586.621,65734684,loop
2586.726,65734684,loop
2586.831,65734684,loop
2586.937,65734684,loop
2587.042,65734684,loop
2587.147,65734684,loop
2587.252,65734684,loop
2587.357,65734684,loop
2587.462,65734684,loop
2587.568,65734684,loop
2587.673,65734684,loop
2587.778,65734684,loop
2587.883,65734684,loop
2587.988,65734684,loop
2588.093,65734684,loop
2588.199,65734684,loop
2588.304,65734684,loop
2588.409,65734684,loop
2588.514,65734684,loop
2588.619,65734684,loop
2588.724,65734684,loop
2588.829,65734684,loop
2588.935,65734684,loop
2589.040,65734684,loop
2589.145,65734684,loop
2589.250,65734684,loop
2589.355,65734684,loop
2589.460,65734684,loop
2589.566,65734684,loop
2589.671,65734684,loop
2589.776,65734684,loop
2589.881,65734684,loop
2589.986,65734684,loop
2590.091,65734684,loop
2590.197,65734684,loop
2590.302,65734684,loop
2590.407,65734684,loop
2590.512,65734684,loop
2590.617,65734684,loop
2590.722,65734684,loop
2590.827,65734684,loop
2590.933,65734684,loop
2591.038,65734684,loop
2591.143,65734684,loop
2591.248,65734684,loop
2591.353,65734684,loop
2591.458,65734684,loop
2591.564,65734684,loop
2591.669,65734684,loop
2591.774,65734684,loop
2591.879,65734796,loop
2592.068,65734940,loop
2592.173,65734940,loop
2592.278,65734940,loop
2592.383,65734940,loop
2592.488,65734940,loop
2592.593,65734940,loop
2592.699,65734940,loop
2592.804,65734940,loop
2592.909,65734940,loop
2593.014,65734940,loop
2593.119,65734940,loop
2593.224,65734940,loop
2593.330,65734940,loop
2593.435,65734940,loop
2593.540,65734940,loop
2593.645,65734940,loop
2593.750,65734940,loop
2593.855,65734940,loop
2593.961,65734940,loop
2594.066,65734940,loop
2594.171,65734940,loop
2594.276,65734940,loop
2594.381,65734940,loop
2594.486,65734940,loop
2594.591,65734940,loop
2594.697,65734940,loop
2594.802,65734940,loop
2594.907,65734940,loop
2595.012,65734940,loop
2595.117,65734940,loop
2595.222,65734940,loop
2595.328,65734940,loop
2595.433,65734940,loop
2595.538,65734940,loop
2595.643,65734940,loop
2595.748,65734940,loop
2595.853,65734940,loop
2595.958,65734940,loop
2596.064,65734940,loop
2596.169,65734940,loop
2596.274,65734940,loop
2596.379,65734940,loop
2596.484,65734940,loop
2596.589,65734940,loop
2596.695,65734940,loop
2596.800,65734940,loop
2596.905,65734940,loop
2597.010,65734940,loop
2597.115,65734940,loop
2597.220,65734940,loop
2597.326,65734940,loop
2597.431,65734940,loop
2597.536,65734940,loop
2597.641,65734940,loop
2597.746,65734940,loop
2597.851,65734940,loop
2597.956,65734940,loop
2598.062,65734940,loop
2598.167,65734940,loop
2598.272,65734940,loop
2598.377,65734940,loop
2598.482,65734940,loop
2598.587,65734940,loop
2598.693,65734940,loop
2598.798,65734940,loop
2598.903,65734940,loop
2599.008,65734940,loop
2599.113,65734940,loop
2599.218,65734940,loop
2599.324,65734940,loop
2599.429,65734940,loop
2599.534,65734940,loop
2599.639,65734940,loop
2599.744,65734940,loop
2599.849,65734940,loop
2599.954,65734940,loop
2600.060,65734940,loop
2600.165,65734940,loop
2600.270,65734940,loop
2600.375,65734940,loop
2600.480,65734940,loop
2600.585,65734940,loop
2600.691,65734940,loop
2600.796,65734940,loop
2600.901,65734940,loop
2601.006,65734940,loop
2601.111,65734940,loop
2601.216,65734940,loop
2601.322,65734940,loop
2601.427,65734940,loop
2601.532,65734940,loop
2601.637,65734940,loop
2601.742,65734940,loop
2601.847,65734940,loop
2601.952,65734940,loop
2602.058,65734940,loop
2602.163,65735196,loop
2602.268,65735196,loop
2602.373,65735196,loop
2602.478,65735196,loop
2602.583,65735196,loop
2602.689,65735196,loop
2602.794,65735196,loop
2602.899,65735196,loop
2603.004,65735196,loop
2603.109,65735196,loop
2603.214,65735196,loop
2603.320,65735196,loop
2603.425,65735196,loop
2603.530,65735196,loop
2603.635,65735196,loop
2603.740,65735196,loop
2603.845,65735196,loop
2603.950,65735196,loop
2604.056,65735196,loop
2604.161,65735196,loop
2604.266,65735196,loop
2604.371,65735196,loop
2604.476,65735196,loop
2604.581,65735196,loop
2604.687,65735196,loop
2604.792,65735196,loop
2604.897,65735196,loop
2605.002,65735196,loop
2605.107,65735196,loop
2605.212,65735196,loop
2605.318,65735196,loop
2605.423,65735196,loop
2605.528,65735196,loop
2605.633,65735196,loop
2605.738,65735196,loop
2605.843,65735196,loop
2605.949,65735196,loop
2606.054,65735196,loop
2606.159,65735196,loop
2606.264,65735196,loop
2606.369,65735196,loop
2606.474,65735196,loop
2606.579,65735196,loop
2606.685,65735196,loop
2606.790,65735196,loop
2606.895,65735196,loop
2607.000,65735196,loop
2607.105,65735196,loop
2607.210,65735196,loop
2607.316,65735196,loop
2607.421,65735196,loop
2607.526,65735196,loop
2607.631,65735196,loop
2607.736,65735196,loop
2607.841,65735196,loop
2607.947,65735196,loop
2608.052,65735196,loop
2608.157,65735196,loop
2608.262,65735196,loop
2608.367,65735196,loop
2608.472,65735196,loop
2608.577,65735196,loop
2608.683,65735196,loop
2608.788,65735196,loop
2608.893,65735196,loop
2608.998,65735196,loop
2609.103,65735196,loop
2609.208,65735196,loop
2609.314,65735196,loop
2609.419,65735196,loop
2609.524,65735196,loop
2609.629,65735196,loop
2609.734,65735196,loop
2609.839,65735196,loop
2609.944,65735196,loop
2610.050,65735196,loop
2610.155,65735196,loop
2610.260,65735196,loop
2610.365,65735196,loop
2610.470,65735196,loop
2610.575,65735196,loop
2610.681,65735196,loop
2610.786,65735196,loop
2610.891,65735196,loop
2610.996,65735196,loop
2611.101,65735196,loop
2611.206,65735196,loop
2611.311,65735196,loop
2611.417,65735196,loop
2611.522,65735196,loop
2611.627,65735196,loop
2611.732,65735196,loop
2611.837,65735196,loop
2611.942,65735196,loop
2612.048,65735196,loop
2612.153,65735196,loop
2612.258,65735196,loop
2612.363,65735452,loop
2612.468,65735452,loop
2612.573,65735452,loop
2612.679,65735452,loop
2612.784,65735452,loop
2612.889,65735452,loop
2612.994,65735452,loop
2613.099,65735452,loop
2613.204,65735452,loop
2613.309,65735452,loop
2613.415,65735452,loop
2613.520,65735452,loop
2613.625,65735452,loop
2613.730,65735452,loop
2613.835,65735452,loop
2613.940,65735452,loop
2614.046,65735452,loop
2614.151,65735452,loop
2614.256,65735452,loop
2614.361,65735452,loop
2614.466,65735452,loop
2614.571,65735452,loop
2614.677,65735452,loop
2614.782,65735452,loop
2614.887,65735452,loop
2614.992,65735452,loop
2615.097,65735452,loop
2615.202,65735452,loop
2615.307,65735452,loop
2615.413,65735452,loop
2615.518,65735452,loop
2615.623,65735452,loop
2615.728,65735452,loop
2615.833,65735452,loop
2615.938,65735452,loop
2616.044,65735452,loop
2616.149,65735452,loop
2616.254,65735452,loop
2616.359,65735452,loop
2616.464,65735452,loop
2616.569,65735452,loop
2616.675,65735452,loop
2616.780,65735452,loop
2616.885,65735452,loop
2616.990,65735452,loop
2617.095,65735452,loop
2617.200,65735452,loop
2617.305,65735452,loop
2617.411,65735452,loop
2617.516,65735452,loop
2617.621,65735452,loop
2617.726,65735452,loop
2617.831,65735452,loop
2617.936,65735452,loop
2618.042,65735452,loop
2618.147,65735452,loop
2618.252,65735452,loop
2618.357,65735452,loop
2618.462,65735452,loop
2618.567,65735452,loop
2618.672,65735452,loop
2618.778,65735452,loop
2618.883,65735452,loop
2618.988,65735452,loop
2619.093,65735452,loop
2619.198,65735452,loop
2619.303,65735452,loop
2619.409,65735452,loop
2619.514,65735452,loop
2619.619,65735452,loop
2619.724,65735452,loop
2619.829,65735452,loop
2619.934,65735452,loop
2620.040,65735452,loop
2620.145,65735452,loop
2620.250,65735452,loop
2620.355,65735452,loop
2620.460,65735452,loop
2620.565,65735452,loop
2620.670,65735452,loop
2620.776,65735452,loop
2620.881,65735452,loop
2620.986,65735452,loop
2621.091,65735452,loop
2621.196,65735452,loop
2621.301,65735452,loop
2621.407,65735452,loop
2621.512,65735452,loop
2621.617,65735452,loop
2621.722,65735452,loop
2621.827,65735452,loop
2621.932,65735452,loop
2622.037,65735452,loop
2622.143,65735452,loop
2622.248,65735452,loop
2622.353,65735452,loop
2622.458,65735452,loop
2622.563,65735452,loop
2622.668,65735708,loop
2622.774,65735708,loop
2622.879,65735708,loop
2622.984,65735708,loop
2623.089,65735708,loop
2623.194,65735708,loop
2623.299,65735708,loop
2623.405,65735708,loop
2623.510,65735708,loop
2623.615,65735708,loop
2623.720,65735708,loop
2623.825,65735708,loop
2623.930,65737756,loop
2624.036,65737756,loop
2624.141,65737756,loop
2624.246,65737756,loop
2624.351,65737756,loop
2624.456,65737756,loop
2624.561,65737756,loop
2624.667,65737756,loop
2624.772,65737756,loop
2624.877,65737756,loop
2624.982,65737756,loop
2625.087,65737756,loop
2625.192,65737756,loop
2625.297,65737756,loop
2625.403,65737756,loop
2625.508,65737756,loop
2625.613,65737756,loop
2625.718,65737756,loop
2625.823,65737756,loop
2625.928,65737756,loop
2626.034,65737756,loop
2626.139,65737756,loop
2626.244,65737756,loop
2626.349,65737756,loop
2626.454,65737756,loop
2626.559,65737756,loop
2626.664,65737756,loop
2626.770,65737756,loop
2626.875,65737756,loop
2626.980,65737756,loop
2627.085,65737756,loop
2627.190,65737756,loop
2627.295,65737756,loop
2627.401,65737756,loop
2627.506,65737756,loop
2627.611,65737756,loop
2627.716,65737756,loop
2627.821,65737756,loop
2627.926,65737756,loop
2628.031,65737756,loop
2628.137,65737756,loop
2628.242,65737756,loop
2628.347,65737756,loop
2628.452,65737756,loop
2628.557,65737756,loop
2628.662,65737756,loop
2628.768,65737756,loop
2628.873,65737756,loop
2628.978,65737756,loop
2629.083,65737756,loop
2629.188,65737756,loop
2629.293,65737756,loop
2629.399,65737756,loop
2629.504,65737756,loop
2629.609,65737756,loop
2629.714,65737756,loop
2629.819,65737756,loop
2629.924,65737756,loop
2630.029,65737756,loop
2630.135,65737756,loop
2630.240,65737756,loop
2630.345,65737756,loop
2630.450,65737756,loop
2630.555,65737756,loop
2630.660,65737756,loop
2630.766,65737756,loop
2630.871,65737756,loop
2630.976,65737756,loop
2631.081,65737756,loop
2631.186,65737756,loop
2631.291,65737756,loop
2631.396,65737756,loop
2631.502,65737756,loop
2631.607,65737756,loop
2631.712,65737756,loop
2631.817,65737756,loop
2631.922,65737756,loop
2632.027,65737756,loop
2632.133,65737756,loop
2632.238,65737756,loop
2632.343,65737756,loop
2632.448,65737756,loop
2632.553,65737756,loop
2632.658,65737756,loop
2632.764,65737756,loop
2632.869,65738012,loop
2632.974,65738012,loop
2633.079,65738012,loop
2633.184,65738012,loop
2633.289,65738012,loop
2633.395,65738012,loop
2633.500,65738012,loop
2633.605,65738012,loop
2633.710,65738012,loop
2633.815,65738012,loop
2633.920,65738012,loop
2634.025,65738012,loop
2634.131,65738012,loop
2634.236,65738012,loop
2634.341,65738012,loop
2634.446,65738012,loop
2634.551,65738012,loop
2634.656,65738012,loop
2634.762,65738012,loop
2634.867,65738012,loop
2634.972,65738012,loop
2635.077,65738012,loop
2635.182,65738012,loop
2635.287,65738012,loop
2635.393,65738012,loop
2635.498,65738012,loop
2635.603,65738012,loop
2635.708,65738012,loop
2635.813,65738012,loop
2635.918,65738012,loop
2636.023,65738012,loop
2636.129,65738012,loop
2636.234,65738012,loop
2636.339,65738012,loop
2636.444,65738012,loop
2636.549,65738012,loop
2636.654,65738012,loop
2636.760,65738012,loop
2636.865,65738012,loop
2636.970,65738012,loop
2637.075,65738012,loop
2637.180,65738012,loop
2637.285,65738012,loop
2637.391,65738012,loop
2637.496,65738012,loop
2637.601,65738012,loop
2637.706,65738012,loop
2637.811,65738012,loop
2637.916,65738012,loop
2638.021,65738012,loop
2638.127,65738012,loop
2638.232,65738012,loop
2638.337,65738012,loop
2638.442,65738012,loop
2638.547,65738012,loop
2638.652,65738012,loop
2638.758,65738012,loop
2638.863,65738012,loop
2638.968,65738012,loop
2639.073,65738012,loop
2639.178,65738012,loop
2639.283,65738012,loop
2639.389,65738012,loop
2639.494,65738012,loop
2639.599,65738012,loop
2639.704,65738012,loop
2639.809,65738012,loop
2639.914,65738012,loop
2640.020,65738012,loop
2640.125,65738012,loop
2640.230,65738012,loop
2640.335,65738012,loop
2640.440,65738012,loop
2640.545,65738012,loop
2640.651,65738012,loop
2640.756,65738012,loop
2640.861,65738012,loop
2640.966,65738012,loop
2641.071,65738012,loop
2641.176,65738012,loop
2641.282,65738012,loop
2641.387,65738012,loop
2641.492,65738012,loop
2641.597,65738012,loop
2641.702,65738012,loop
2641.807,65738012,loop
2641.913,65738012,loop
2642.018,65738012,loop
2642.123,65738012,loop
2642.228,65738012,loop
2642.333,65738012,loop
2642.438,65738012,loop
2642.544,65738012,loop
2642.649,65738012,loop
2642.754,65738012,loop
2642.859,65738012,loop
2642.964,65738012,loop
2643.069,65738012,loop
2643.174,65738268,loop
2643.280,65738268,loop
2643.385,65738268,loop
2643.490,65738268,loop
2643.595,65738268,loop
2643.700,65738268,loop
2643.805,65738268,loop
2643.911,65738268,loop
2644.016,65738268,loop
2644.121,65738268,loop
2644.226,65738268,loop
2644.331,65738268,loop
2644.436,65738268,loop
2644.542,65738268,loop
2644.647,65738268,loop
2644.752,65738268,loop
2644.857,65738268,loop
2644.962,65738268,loop
2645.067,65738268,loop
2645.172,65738268,loop
2645.278,65738268,loop
2645.383,65738268,loop
2645.488,65738268,loop
2645.593,65738268,loop
2645.698,65738268,loop
2645.803,65738268,loop
2645.909,65738268,loop
2646.014,65738268,loop
2646.119,65738268,loop
2646.224,65738268,loop
2646.329,65738268,loop
2646.434,65738268,loop
2646.540,65738268,loop
2646.645,65738268,loop
2646.750,65738268,loop
2646.855,65738268,loop
2646.960,65738268,loop
2647.065,65738268,loop
2647.170,65738268,loop
2647.276,65738268,loop
2647.381,65738268,loop
2647.486,65738268,loop
2647.591,65738268,loop
2647.696,65738268,loop
2647.801,65738268,loop
2647.907,65738268,loop
2648.012,65738268,loop
2648.117,65738268,loop
2648.222,65738268,loop
2648.327,65738268,loop
2648.432,65738268,loop
2648.537,65738268,loop
2648.643,65738268,loop
2648.748,65738268,loop
2648.853,65738268,loop
2648.958,65738268,loop
2649.063,65738268,loop
2649.168,65738268,loop
2649.274,65738268,loop
2649.379,65738268,loop
2649.484,65738268,loop
2649.589,65738268,loop
2649.694,65738268,loop
2649.799,65738268,loop
2649.904,65738268,loop
2650.010,65738268,loop
2650.115,65738268,loop
2650.220,65738268,loop
2650.325,65738268,loop
2650.430,65738268,loop
2650.535,65738268,loop
2650.641,65738268,loop
2650.746,65738268,loop
2650.851,65738268,loop
2650.956,65738268,loop
2651.061,65738268,loop
2651.166,65738268,loop
2651.272,65738268,loop
2651.377,65738268,loop
2651.482,65738268,loop
2651.587,65738268,loop
2651.692,65738268,loop
2651.797,65738268,loop
2651.902,65738268,loop
2652.008,65738268,loop
2652.113,65738268,loop
2652.218,65738268,loop
2652.323,65738268,loop
2652.428,65738268,loop
2652.533,65738268,loop
2652.639,65738268,loop
2652.744,65738268,loop
2652.849,65738268,loop
2652.954,65738268,loop
2653.059,65738268,loop
2653.164,65738268,loop
2653.270,65738268,loop
2653.375,65738524,loop
2653.480,65738524,loop
2653.585,65738524,loop
2653.690,65738524,loop
2653.795,65738524,loop
2653.900,65738524,loop
2654.006,65738524,loop
2654.111,65738524,loop
2654.216,65738524,loop
2654.321,65738524,loop
2654.426,65738524,loop
2654.531,65738524,loop
2654.637,65738524,loop
2654.742,65738524,loop
2654.847,65738524,loop
2654.952,65738524,loop
2655.057,65738524,loop
2655.162,65738524,loop
2655.268,65738524,loop
2655.373,65738524,loop
2655.478,65738524,loop
2655.583,65738524,loop
2655.688,65738524,loop
2655.793,65738524,loop
2655.898,65738524,loop
2656.004,65738524,loop
2656.109,65738524,loop
2656.214,65738524,loop
2656.319,65738524,loop
2656.424,65738524,loop
2656.529,65738524,loop
2656.635,65738524,loop
2656.740,65738524,loop
2656.845,65738524,loop
2656.950,65738524,loop
2657.055,65738524,loop
2657.160,65738524,loop
2657.265,65738524,loop
2657.371,65738524,loop
2657.476,65738524,loop
2657.581,65738524,loop
2657.686,65738524,loop
2657.791,65738524,loop
2657.896,65738524,loop
2658.002,65738524,loop
2658.107,65738524,loop
2658.212,65738524,loop
2658.317,65738524,loop
2658.422,65738524,loop
2658.527,65738524,loop
2658.633,65738524,loop
2658.738,65738524,loop
2658.843,65738524,loop
2658.948,65738524,loop
2659.053,65738524,loop
2659.158,65738524,loop
2659.263,65738524,loop
2659.369,65738524,loop
2659.474,65738524,loop
2659.579,65738524,loop
2659.684,65738524,loop
2659.789,65738524,loop
2659.894,65738524,loop
2660.000,65738524,loop
2660.105,65738524,loop
2660.210,65738524,loop
2660.315,65738524,loop
2660.420,65738524,loop
2660.525,65738524,loop
2660.631,65738524,loop
2660.736,65738524,loop
2660.841,65738524,loop
2660.946,65738524,loop
2661.051,65738524,loop
2661.156,65738524,loop
2661.262,65738524,loop
2661.367,65738524,loop
2661.472,65738524,loop
2661.577,65738524,loop
2661.682,65738524,loop
2661.787,65738524,loop
2661.892,65738524,loop
2661.998,65738524,loop
2662.103,65738524,loop
2662.208,65738524,loop
2662.313,65738524,loop
2662.418,65738524,loop
2662.523,65738524,loop
2662.629,65738524,loop
2662.734,65738524,loop
2662.839,65738524,loop
2662.944,65738524,loop
2663.049,65738524,loop
2663.154,65738524,loop
2663.259,65738524,loop
2663.365,65738524,loop
2663.470,65738524,loop
2663.575,65738780,loop
2663.680,65738780,loop
2663.785,65738780,loop
2663.890,65738780,loop
2663.996,65738780,loop
2664.101,65738780,loop
2664.206,65738780,loop
2664.311,65738780,loop
2664.416,65738780,loop
2664.521,65738780,loop
2664.627,65738780,loop
2664.732,65738780,loop
2664.837,65738780,loop
2664.942,65738780,loop
2665.047,65738780,loop
2665.152,65738780,loop
2665.257,65738780,loop
2665.363,65738780,loop
2665.468,65738780,loop
2665.573,65738780,loop
2665.678,65738780,loop
2665.783,65738780,loop
2665.888,65738780,loop
2665.994,65738780,loop
2666.099,65738780,loop
2666.204,65738780,loop
2666.309,65738780,loop
2666.414,65738780,loop
2666.519,65738780,loop
2666.624,65738780,loop
2666.730,65738780,loop
2666.835,65738780,loop
2666.940,65738780,loop
2667.045,65738780,loop
2667.150,65738780,loop
2667.255,65738780,loop
2667.361,65738780,loop
2667.466,65738780,loop
2667.571,65738780,loop
2667.676,65738780,loop
2667.781,65738780,loop
2667.886,65738780,loop
2667.991,65738780,loop
2668.097,65738780,loop
2668.202,65738780,loop
2668.307,65738780,loop
2668.412,65738780,loop
2668.517,65738780,loop
2668.622,65738780,loop
2668.728,65738780,loop
2668.833,65738780,loop
2668.938,65738780,loop
2669.043,65738780,loop
2669.148,65738780,loop
2669.253,65738780,loop
2669.359,65738780,loop
2669.464,65738780,loop
2669.569,65738780,loop
2669.674,65738780,loop
2669.779,65738780,loop
2669.884,65738780,loop
2669.990,65738780,loop
2670.095,65738780,loop
2670.200,65738780,loop
2670.305,65738780,loop
2670.410,65738780,loop
2670.515,65738780,loop
2670.620,65738780,loop
2670.726,65738780,loop
2670.831,65738780,loop
2670.936,65738780,loop
2671.041,65738780,loop
2671.146,65738780,loop
2671.251,65738780,loop
2671.357,65738780,loop
2671.462,65738780,loop
2671.567,65738780,loop
2671.672,65738780,loop
2671.777,65738780,loop
2671.882,65738780,loop
2671.987,65738780,loop
2672.093,65738780,loop
2672.198,65738780,loop
2672.303,65738780,loop
2672.408,65738780,loop
2672.513,65738780,loop
2672.618,65738780,loop
2672.724,65738780,loop
2672.829,65738780,loop
2672.934,65738780,loop
2673.039,65738780,loop
2673.144,65738780,loop
2673.249,65738780,loop
2673.355,65738780,loop
2673.460,65738780,loop
2673.565,65738780,loop
2673.670,65738780,loop
2673.775,65738780,loop
2673.880,65739036,loop
2673.985,65739036,loop
2674.091,65739036,loop
2674.196,65739036,loop
2674.301,65739036,loop
2674.406,65739036,loop
2674.511,65739036,loop
2674.616,65739036,loop
2674.722,65739036,loop
2674.827,65739036,loop
2674.932,65739036,loop
2675.037,65739036,loop
2675.142,65739036,loop
2675.247,65739036,loop
2675.352,65739036,loop
2675.458,65739036,loop
2675.563,65739036,loop
2675.668,65739036,loop
2675.773,65739036,loop
2675.878,65739036,loop
2675.983,65739036,loop
2676.089,65739036,loop
2676.194,65739036,loop
2676.299,65739036,loop
2676.404,65739036,loop
2676.509,65739036,loop
2676.614,65739036,loop
2676.720,65739036,loop
2676.825,65739036,loop
2676.930,65739036,loop
2677.035,65739036,loop
2677.140,65739036,loop
2677.245,65739036,loop
2677.350,65739036,loop
2677.456,65739036,loop
2677.561,65739036,loop
2677.666,65739036,loop
2677.771,65739036,loop
2677.876,65739036,loop
2677.981,65739036,loop
2678.087,65739036,loop
2678.192,65739036,loop
2678.297,65739036,loop
2678.402,65739036,loop
2678.507,65739036,loop
2678.612,65739036,loop
2678.717,65739036,loop
2678.823,65739036,loop
2678.928,65739036,loop
2679.033,65739036,loop
2679.138,65739036,loop
2679.243,65739036,loop
2679.348,65739036,loop
2679.454,65739036,loop
2679.559,65739036,loop
2679.664,65739036,loop
2679.769,65739036,loop
2679.874,65739036,loop
2679.979,65739036,loop
2680.085,65741084,loop
2680.190,65741084,loop
2680.295,65741084,loop
2680.400,65741084,loop
2680.505,65741084,loop
2680.610,65741084,loop
2680.716,65741084,loop
2680.821,65741084,loop
2680.926,65741084,loop
2681.031,65741084,loop
2681.136,65741084,loop
2681.241,65741084,loop
2681.346,65741084,loop
2681.452,65741084,loop
2681.557,65741084,loop
2681.662,65741084,loop
2681.767,65741084,loop
2681.872,65741084,loop
2681.977,65741084,loop
2682.083,65741084,loop
2682.188,65741084,loop
2682.293,65741084,loop
2682.398,65741084,loop
2682.503,65741084,loop
2682.608,65741084,loop
2682.713,65741084,loop
2682.819,65741084,loop
2682.924,65741084,loop
2683.029,65741084,loop
2683.134,65741084,loop
2683.239,65741084,loop
2683.344,65741084,loop
2683.450,65741084,loop
2683.555,65741084,loop
2683.660,65741084,loop
2683.766,65741084,loop
2683.871,65741084,loop
2683.976,65741084,loop
2684.081,65741340,loop
2684.186,65741340,loop
2684.291,65741340,loop
2684.397,65741340,loop
2684.502,65741340,loop
2684.607,65741340,loop
2684.712,65741340,loop
2684.817,65741340,loop
2684.922,65741340,loop
2685.027,65741340,loop
2685.133,65741340,loop
2685.238,65741340,loop
2685.343,65741340,loop
2685.448,65741340,loop
2685.553,65741340,loop
2685.658,65741340,loop
2685.764,65741340,loop
2685.869,65741340,loop
2685.974,65741340,loop
2686.079,65741340,loop
2686.184,65741340,loop
2686.289,65741340,loop
2686.395,65741340,loop
2686.500,65741340,loop
2686.605,65741340,loop
2686.710,65741340,loop
2686.815,65741340,loop
2686.920,65741340,loop
2687.025,65741340,loop
2687.131,65741340,loop
2687.236,65741340,loop
2687.341,65741340,loop
2687.446,65741340,loop
2687.551,65741340,loop
2687.656,65741340,loop
2687.762,65741340,loop
2687.867,65741340,loop
2687.972,65741340,loop
2688.077,65741340,loop
2688.182,65741340,loop
2688.287,65741340,loop
2688.393,65741340,loop
2688.498,65741340,loop
2688.603,65741340,loop
2688.708,65741340,loop
2688.813,65741340,loop
2688.918,65741340,loop
2689.023,65741340,loop
2689.129,65741340,loop
2689.234,65741340,loop
2689.339,65741340,loop
2689.444,65741340,loop
2689.549,65741340,loop
2689.654,65741340,loop
2689.760,65741340,loop
2689.865,65741340,loop
2689.970,65741340,loop
2690.075,65741340,loop
2690.180,65741340,loop
2690.285,65741340,loop
2690.390,65741340,loop
2690.496,65741340,loop
2690.601,65741340,loop
2690.706,65741340,loop
2690.811,65741340,loop
2690.916,65741340,loop
2691.021,65741340,loop
2691.127,65741340,loop
2691.232,65741340,loop
2691.337,65741340,loop
2691.442,65741340,loop
2691.547,65741340,loop
2691.652,65741340,loop
2691.758,65741340,loop
2691.863,65741340,loop
2691.968,65741340,loop
2692.073,65741340,loop
2692.178,65741340,loop
2692.283,65741340,loop
2692.389,65741340,loop
2692.494,65741340,loop
2692.599,65741340,loop
2692.704,65741340,loop
2692.809,65741340,loop
2692.914,65741340,loop
2693.019,65741340,loop
2693.125,65741340,loop
2693.230,65741340,loop
2693.335,65741340,loop
2693.440,65741340,loop
2693.545,65741340,loop
2693.650,65741340,loop
2693.756,65741340,loop
2693.861,65741340,loop
2693.966,65741340,loop
2694.071,65741340,loop
2694.176,65741340,loop
2694.281,65741596,loop
2694.392,65741596,loop
2694.497,65741596,loop
2694.602,65741596,loop
2694.707,65741596,loop
2694.812,65741596,loop
2694.917,65741596,loop
2695.023,65741596,loop
2695.128,65741596,loop
2695.233,65741596,loop
2695.338,65741596,loop
2695.443,65741596,loop
2695.548,65741596,loop
2695.654,65741596,loop
2695.759,65741596,loop
2695.864,65741596,loop
2695.969,65741596,loop
2696.074,65741596,loop
2696.179,65741596,loop
2696.284,65741596,loop
2696.390,65741596,loop
2696.495,65741596,loop
2696.600,65741596,loop
2696.705,65741596,loop
2696.810,65741596,loop
2696.915,65741596,loop
2697.021,65741596,loop
2697.126,65741596,loop
2697.231,65741596,loop
2697.336,65741596,loop
2697.441,65741596,loop
2697.546,65741596,loop
2697.652,65741596,loop
2697.757,65741596,loop
2697.862,65741596,loop
2697.967,65741596,loop
2698.072,65741596,loop
2698.177,65741596,loop
2698.282,65741596,loop
2698.388,65741596,loop
2698.493,65741596,loop
2698.598,65741596,loop
2698.703,65741596,loop
2698.808,65741596,loop
2698.913,65741596,loop
2699.019,65741596,loop
2699.124,65741596,loop
2699.229,65741596,loop
2699.334,65741596,loop
2699.439,65741596,loop
2699.544,65741596,loop
2699.650,65741596,loop
2699.755,65741596,loop
2699.860,65741596,loop
2699.965,65741596,loop
2700.070,65741596,loop
2700.175,65741596,loop
2700.280,65741596,loop
2700.386,65741596,loop
2700.491,65741596,loop
2700.596,65741596,loop
2700.701,65741596,loop
2700.806,65741596,loop
2700.911,65741596,loop
2701.017,65741596,loop
2701.122,65741596,loop
2701.227,65741596,loop
2701.332,65741596,loop
2701.437,65741596,loop
2701.542,65741596,loop
2701.648,65741596,loop
2701.753,65741596,loop
2701.858,65741596,loop
2701.963,65741596,loop
2702.068,65741596,loop
2702.173,65741596,loop
2702.278,65741596,loop
2702.384,65741596,loop
2702.489,65741596,loop
2702.594,65741596,loop
2702.699,65741596,loop
2702.804,65741596,loop
2702.909,65741596,loop
2703.015,65741596,loop
2703.120,65741596,loop
2703.225,65741596,loop
2703.330,65741596,loop
2703.435,65741596,loop
2703.540,65741596,loop
2703.646,65741596,loop
2703.751,65741596,loop
2703.856,65741596,loop
2703.961,65741596,loop
2704.066,65741596,loop
2704.171,65741596,loop
2704.277,65741596,loop
2704.382,65741596,loop
2704.487,65741596,loop
2704.592,65741852,loop
2704.697,65741852,loop
2704.802,65741852,loop
2704.907,65741852,loop
2705.013,65741852,loop
2705.118,65741852,loop
2705.223,65741852,loop
2705.328,65741852,loop
2705.433,65741852,loop
2705.538,65741852,loop
2705.644,65741852,loop
2705.749,65741852,loop
2705.854,65741852,loop
2705.959,65741852,loop
2706.064,65741852,loop
2706.169,65741852,loop
2706.274,65741852,loop
2706.380,65741852,loop
2706.485,65741852,loop
2706.590,65741852,loop
2706.695,65741852,loop
2706.800,65741852,loop
2706.905,65741852,loop
2707.011,65741852,loop
2707.116,65741852,loop
2707.221,65741852,loop
2707.326,65741852,loop
2707.431,65741852,loop
2707.536,65741852,loop
2707.641,65741852,loop
2707.747,65741852,loop
2707.852,65741852,loop
2707.957,65741852,loop
2708.062,65741852,loop
2708.167,65741852,loop
2708.272,65741852,loop
2708.378,65741852,loop
2708.483,65741852,loop
2708.588,65741852,loop
2708.693,65741852,loop
2708.798,65741852,loop
2708.903,65741852,loop
2709.009,65741852,loop
2709.114,65741852,loop
2709.219,65741852,loop
2709.324,65741852,loop
2709.429,65741852,loop
2709.534,65741852,loop
2709.639,65741852,loop
2709.745,65741852,loop
2709.850,65741852,loop
2709.955,65741852,loop
2710.060,65741852,loop
2710.165,65741852,loop
2710.270,65741852,loop
2710.376,65741852,loop
2710.481,65741852,loop
2710.586,65741852,loop
2710.691,65741852,loop
2710.796,65741852,loop
2710.901,65741852,loop
2711.007,65741852,loop
2711.112,65741852,loop
2711.217,65741852,loop
2711.322,65741852,loop
2711.427,65741852,loop
2711.532,65741852,loop
2711.637,65741852,loop
2711.743,65741852,loop
2711.848,65741852,loop
2711.953,65741852,loop
2712.058,65741852,loop
2712.163,65741852,loop
2712.268,65741852,loop
2712.374,65741852,loop
2712.479,65741852,loop
2712.584,65741852,loop
2712.689,65741852,loop
2712.794,65741852,loop
2712.899,65741852,loop
2713.005,65741852,loop
2713.110,65741852,loop
2713.215,65741852,loop
2713.320,65741852,loop
2713.425,65741852,loop
2713.530,65741852,loop
2713.635,65741852,loop
2713.741,65741852,loop
2713.846,65741852,loop
2713.951,65741852,loop
2714.056,65741852,loop
2714.161,65741852,loop
2714.266,65741852,loop
2714.372,65741852,loop
2714.477,65741852,loop
2714.582,65741852,loop
2714.687,65741852,loop
2714.792,65742108,loop
2714.897,65742108,loop
2715.003,65742108,loop
2715.108,65742108,loop
2715.213,65742108,loop
2715.318,65742108,loop
2715.423,65742108,loop
2715.528,65742108,loop
2715.634,65742108,loop
2715.739,65742108,loop
2715.844,65742108,loop
2715.949,65742108,loop
2716.054,65742108,loop
2716.159,65742108,loop
2716.264,65742108,loop
2716.370,65742108,loop
2716.475,65742108,loop
2716.580,65742108,loop
2716.685,65742108,loop
2716.790,65742108,loop
2716.895,65742108,loop
2717.001,65742108,loop
2717.106,65742108,loop
2717.211,65742108,loop
2717.316,65742108,loop
2717.421,65742108,loop
2717.526,65742108,loop
2717.632,65742108,loop
2717.737,65742108,loop
2717.842,65742108,loop
2717.947,65742108,loop
2718.052,65742108,loop
2718.157,65742108,loop
2718.262,65742108,loop
2718.368,65742108,loop
2718.473,65742108,loop
2718.578,65742108,loop
2718.683,65742108,loop
2718.788,65742108,loop
2718.893,65742108,loop
2718.999,65742108,loop
2719.104,65742108,loop
2719.209,65742108,loop
2719.314,65742108,loop
2719.419,65742108,loop
2719.524,65742108,loop
2719.630,65742108,loop
2719.735,65742108,loop
2719.840,65742108,loop
2719.945,65742108,loop
2720.050,65742108,loop
2720.155,65742108,loop
2720.260,65742108,loop
2720.366,65742108,loop
2720.471,65742108,loop
2720.576,65742108,loop
2720.681,65742108,loop
2720.787,65742108,loop
2720.892,65742108,loop
2720.997,65742108,loop
2721.102,65742108,loop
2721.208,65742108,loop
2721.313,65742108,loop
2721.418,65742108,loop
2721.523,65742108,loop
2721.628,65742108,loop
2721.733,65742108,loop
2721.839,65742108,loop
2721.944,65742108,loop
2722.049,65742108,loop
2722.154,65742108,loop
2722.259,65742108,loop
2722.364,65742108,loop
2722.470,65742108,loop
2722.575,65742108,loop
2722.680,65742108,loop
2722.785,65742108,loop
2722.890,65742108,loop
2722.995,65742108,loop
2723.100,65742108,loop
2723.206,65742108,loop
2723.311,65742108,loop
2723.416,65742108,loop
2723.521,65742108,loop
2723.626,65742108,loop
2723.731,65742108,loop
2723.837,65742108,loop
2723.942,65742108,loop
2724.047,65742108,loop
2724.152,65742108,loop
2724.257,65742108,loop
2724.363,65742108,loop
2724.468,65742108,loop
2724.573,65742108,loop
2724.678,65742108,loop
2724.783,65742108,loop
2724.888,65742108,loop
2724.994,65742108,loop
2725.099,65742364,loop
2725.204,65742364,loop
2725.309,65742364,loop
2725.414,65742364,loop
2725.519,65742364,loop
2725.625,65742364,loop
2725.730,65742364,loop
2725.835,65742364,loop
2725.940,65742364,loop
2726.045,65742364,loop
2726.150,65742364,loop
2726.255,65742364,loop
2726.361,65742364,loop
2726.466,65742364,loop
2726.571,65742364,loop
2726.676,65742364,loop
2726.781,65742364,loop
2726.886,65742364,loop
2726.992,65742364,loop
2727.097,65742364,loop
2727.202,65742364,loop
2727.307,65742364,loop
2727.412,65742364,loop
2727.517,65742364,loop
2727.623,65742364,loop
2727.728,65742364,loop
2727.833,65742364,loop
2727.938,65742364,loop
2728.043,65742364,loop
2728.148,65742364,loop
2728.253,65742364,loop
2728.359,65742364,loop
2728.464,65742364,loop
2728.569,65742364,loop
2728.674,65742364,loop
2728.779,65742364,loop
2728.884,65742364,loop
2728.990,65742364,loop
2729.095,65742364,loop
2729.200,65742364,loop
2729.305,65742364,loop
2729.410,65742364,loop
2729.515,65742364,loop
2729.620,65742364,loop
2729.726,65742364,loop
2729.831,65742364,loop
2729.936,65742364,loop
2730.041,65742364,loop
2730.146,65742364,loop
2730.251,65742364,loop
2730.357,65742364,loop
2730.462,65742364,loop
2730.567,65742364,loop
2730.672,65742364,loop
2730.777,65742364,loop
2730.882,65742364,loop
2730.987,65742364,loop
2731.093,65742364,loop
2731.198,65742364,loop
2731.303,65742364,loop
2731.408,65742364,loop
2731.513,65742364,loop
2731.618,65742364,loop
2731.724,65742364,loop
2731.829,65742364,loop
2731.934,65742364,loop
2732.039,65742364,loop
2732.144,65742364,loop
2732.249,65742364,loop
2732.355,65742364,loop
2732.460,65742364,loop
2732.565,65742364,loop
2732.670,65742364,loop
2732.775,65742364,loop
2732.880,65742364,loop
2732.985,65742364,loop
2733.091,65742364,loop
2733.196,65742364,loop
2733.301,65742364,loop
2733.406,65742364,loop
2733.511,65742364,loop
2733.616,65742364,loop
2733.722,65742364,loop
2733.827,65742364,loop
2733.932,65742364,loop
2734.037,65742364,loop
2734.142,65742364,loop
2734.247,65742364,loop
2734.352,65742364,loop
2734.458,65742364,loop
2734.563,65742364,loop
2734.668,65742364,loop
2734.773,65742364,loop
2734.878,65742364,loop
2734.983,65742364,loop
2735.089,65742364,loop
2735.194,65742364,loop
2735.299,65742620,loop
2735.404,65742620,loop
2735.509,65742620,loop
2735.614,65742620,loop
2735.720,65742620,loop
2735.825,65742620,loop
2735.930,65742620,loop
2736.035,65742620,loop
2736.140,65742620,loop
2736.245,65744668,loop
2736.351,65744668,loop
2736.456,65744668,loop
2736.561,65744668,loop
2736.666,65744668,loop
2736.771,65744668,loop
2736.876,65744668,loop
2736.982,65744668,loop
2737.087,65744668,loop
2737.192,65744668,loop
2737.297,65744668,loop
2737.402,65744668,loop
2737.507,65744668,loop
2737.612,65744668,loop
2737.718,65744668,loop
2737.823,65744668,loop
2737.928,65744668,loop
2738.033,65744668,loop
2738.138,65744668,loop
2738.243,65744668,loop
2738.349,65744668,loop
2738.454,65744668,loop
2738.559,65744668,loop
2738.664,65744668,loop
2738.769,65744668,loop
2738.874,65744668,loop
2738.980,65744668,loop
2739.085,65744668,loop
2739.190,65744668,loop
2739.295,65744668,loop
2739.400,65744668,loop
2739.505,65744668,loop
2739.610,65744668,loop
2739.716,65744668,loop
2739.821,65744668,loop
2739.926,65744668,loop
2740.031,65744668,loop
2740.136,65744668,loop
2740.241,65744668,loop
2740.346,65744668,loop
2740.452,65744668,loop
2740.557,65744668,loop
2740.662,65744668,loop
2740.767,65744668,loop
2740.872,65744668,loop
2740.977,65744668,loop
2741.083,65744668,loop
2741.188,65744668,loop
2741.293,65744668,loop
2741.398,65744668,loop
2741.503,65744668,loop
2741.608,65744668,loop
2741.714,65744668,loop
2741.819,65744668,loop
2741.924,65744668,loop
2742.029,65744668,loop
2742.134,65744668,loop
2742.239,65744668,loop
2742.345,65744668,loop
2742.450,65744668,loop
2742.555,65744668,loop
2742.660,65744668,loop
2742.765,65744668,loop
2742.870,65744668,loop
2742.975,65744668,loop
2743.081,65744668,loop
2743.186,65744668,loop
2743.291,65744668,loop
2743.396,65744668,loop
2743.501,65744668,loop
2743.606,65744668,loop
2743.712,65744668,loop
2743.817,65744668,loop
2743.922,65744668,loop
2744.027,65744668,loop
2744.132,65744668,loop
2744.237,65744668,loop
2744.343,65744668,loop
2744.448,65744668,loop
2744.553,65744668,loop
2744.658,65744668,loop
2744.763,65744668,loop
2744.868,65744668,loop
2744.973,65744668,loop
2745.079,65744668,loop
2745.184,65744668,loop
2745.289,65744668,loop
2745.394,65744668,loop
2745.499,65744924,loop
2745.604,65744924,loop
2745.710,65744924,loop
2745.815,65744924,loop
2745.920,65744924,loop
2746.025,65744924,loop
2746.130,65744924,loop
2746.235,65744924,loop
2746.341,65744924,loop
2746.446,65744924,loop
2746.551,65744924,loop
2746.656,65744924,loop
2746.761,65744924,loop
2746.866,65744924,loop
2746.972,65744924,loop
2747.077,65744924,loop
2747.182,65744924,loop
2747.287,65744924,loop
2747.392,65744924,loop
2747.497,65744924,loop
2747.602,65744924,loop
2747.708,65744924,loop
2747.813,65744924,loop
2747.918,65744924,loop
2748.023,65744924,loop
2748.128,65744924,loop
2748.233,65744924,loop
2748.339,65744924,loop
2748.444,65744924,loop
2748.549,65744924,loop
2748.654,65744924,loop
2748.759,65744924,loop
2748.864,65744924,loop
2748.970,65744924,loop
2749.075,65744924,loop
2749.180,65744924,loop
2749.285,65744924,loop
2749.390,65744924,loop
2749.495,65744924,loop
2749.600,65744924,loop
2749.706,65744924,loop
2749.811,65744924,loop
2749.916,65744924,loop
2750.021,65744924,loop
2750.126,65744924,loop
2750.231,65744924,loop
2750.337,65744924,loop
2750.442,65744924,loop
2750.547,65744924,loop
2750.652,65744924,loop
2750.757,65744924,loop
2750.862,65744924,loop
2750.968,65744924,loop
2751.073,65744924,loop
2751.178,65744924,loop
2751.283,65744924,loop
2751.388,65744924,loop
2751.493,65744924,loop
2751.598,65744924,loop
2751.704,65744924,loop
2751.809,65744924,loop
2751.914,65744924,loop
2752.019,65744924,loop
2752.124,65744924,loop
2752.229,65744924,loop
2752.335,65744924,loop
2752.440,65744924,loop
2752.545,65744924,loop
2752.650,65744924,loop
2752.755,65744924,loop
2752.860,65744924,loop
2752.966,65744924,loop
2753.071,65744924,loop
2753.176,65744924,loop
2753.281,65744924,loop
2753.386,65744924,loop
2753.491,65744924,loop
2753.596,65744924,loop
2753.702,65744924,loop
2753.807,65744924,loop
2753.912,65744924,loop
2754.017,65744924,loop
2754.122,65744924,loop
2754.227,65744924,loop
2754.333,65744924,loop
2754.438,65744924,loop
2754.543,65744924,loop
2754.648,65744924,loop
2754.753,65744924,loop
2754.858,65744924,loop
2754.964,65744924,loop
2755.069,65744924,loop
2755.174,65744924,loop
2755.279,65744924,loop
2755.384,65744924,loop
2755.489,65744924,loop
2755.594,65744924,loop
2755.700,65744924,loop
2755.805,65745180,loop
2755.910,65745180,loop
2756.015,65745180,loop
2756.120,65745180,loop
2756.225,65745180,loop
2756.331,65745180,loop
2756.436,65745180,loop
2756.541,65745180,loop
2756.646,65745180,loop
2756.751,65745180,loop
2756.856,65745180,loop
2756.962,65745180,loop
2757.067,65745180,loop
2757.172,65745180,loop
2757.277,65745180,loop
2757.382,65745180,loop
2757.487,65745180,loop
2757.592,65745180,loop
2757.698,65745180,loop
2757.803,65745180,loop
2757.908,65745180,loop
2758.013,65745180,loop
2758.118,65745180,loop
2758.223,65745180,loop
2758.329,65745180,loop
2758.434,65745180,loop
2758.539,65745180,loop
2758.644,65745180,loop
2758.749,65745180,loop
2758.854,65745180,loop
2758.960,65745180,loop
2759.065,65745180,loop
2759.170,65745180,loop
2759.275,65745180,loop
2759.380,65745180,loop
2759.485,65745180,loop
2759.590,65745180,loop
2759.696,65745180,loop
2759.801,65745180,loop
2759.906,65745180,loop
2760.011,65745180,loop
2760.116,65745180,loop
2760.221,65745180,loop
2760.327,65745180,loop
2760.432,65745180,loop
2760.537,65745180,loop
2760.642,65745180,loop
2760.747,65745180,loop
2760.852,65745180,loop
2760.958,65745180,loop
2761.063,65745180,loop
2761.168,65745180,loop
2761.273,65745180,loop
2761.378,65745180,loop
2761.483,65745180,loop
2761.588,65745180,loop
2761.694,65745180,loop
2761.799,65745180,loop
2761.904,65745180,loop
2762.009,65745180,loop
2762.114,65745180,loop
2762.219,65745180,loop
2762.325,65745180,loop
2762.430,65745180,loop
2762.535,65745180,loop
2762.640,65745180,loop
2762.745,65745180,loop
2762.850,65745180,loop
2762.956,65745180,loop
2763.061,65745180,loop
2763.166,65745180,loop
2763.271,65745180,loop
2763.376,65745180,loop
2763.481,65745180,loop
2763.587,65745180,loop
2763.692,65745180,loop
2763.797,65745180,loop
2763.902,65745180,loop
2764.007,65745180,loop
2764.112,65745180,loop
2764.217,65745180,loop
2764.323,65745180,loop
2764.428,65745180,loop
2764.533,65745180,loop
2764.638,65745180,loop
2764.743,65745180,loop
2764.848,65745180,loop
2764.954,65745180,loop
2765.059,65745180,loop
2765.164,65745180,loop
2765.269,65745180,loop
2765.374,65745180,loop
2765.479,65745180,loop
2765.585,65745180,loop
2765.690,65745180,loop
2765.795,65745180,loop
2765.900,65745180,loop
2766.005,65745436,loop
2766.110,65745436,loop
2766.215,65745436,loop
2766.321,65745436,loop
2766.426,65745436,loop
2766.531,65745436,loop
2766.636,65745436,loop
2766.741,65745436,loop
2766.846,65745436,loop
2766.952,65745436,loop
2767.057,65745436,loop
2767.162,65745436,loop
2767.267,65745436,loop
2767.372,65745436,loop
2767.477,65745436,loop
2767.582,65745436,loop
2767.688,65745436,loop
2767.793,65745436,loop
2767.898,65745436,loop
2768.003,65745436,loop
2768.108,65745436,loop
2768.213,65745436,loop
2768.319,65745436,loop
2768.424,65745436,loop
2768.529,65745436,loop
2768.634,65745436,loop
2768.739,65745436,loop
2768.844,65745436,loop
2768.950,65745436,loop
2769.055,65745436,loop
2769.160,65745436,loop
2769.265,65745436,loop
2769.370,65745436,loop
2769.475,65745436,loop
2769.580,65745436,loop
2769.686,65745436,loop
2769.791,65745436,loop
2769.896,65745436,loop
2770.001,65745436,loop
2770.106,65745436,loop
2770.211,65745436,loop
2770.317,65745436,loop
2770.422,65745436,loop
2770.527,65745436,loop
2770.632,65745436,loop
2770.737,65745436,loop
2770.842,65745436,loop
2770.947,65745436,loop
2771.053,65745436,loop
2771.158,65745436,loop
2771.263,65745436,loop
2771.368,65745436,loop
2771.473,65745436,loop
2771.578,65745436,loop
2771.684,65745436,loop
2771.789,65745436,loop
2771.894,65745436,loop
2771.999,65745436,loop
2772.104,65745436,loop
2772.209,65745436,loop
2772.315,65745436,loop
2772.420,65745436,loop
2772.525,65745436,loop
2772.630,65745436,loop
2772.735,65745436,loop
2772.840,65745436,loop
2772.945,65745436,loop
2773.051,65745436,loop
2773.156,65745436,loop
2773.261,65745436,loop
2773.366,65745436,loop
2773.471,65745436,loop
2773.576,65745436,loop
2773.682,65745436,loop
2773.787,65745436,loop
2773.892,65745436,loop
2773.997,65745436,loop
2774.102,65745436,loop
2774.207,65745436,loop
2774.313,65745436,loop
2774.418,65745436,loop
2774.523,65745436,loop
2774.628,65745436,loop
2774.733,65745436,loop
2774.838,65745436,loop
2774.943,65745436,loop
2775.049,65745436,loop
2775.154,65745436,loop
2775.259,65745436,loop
2775.364,65745436,loop
2775.469,65745436,loop
2775.574,65745436,loop
2775.680,65745436,loop
2775.785,65745436,loop
2775.890,65745436,loop
2775.995,65745436,loop
2776.100,65745436,loop
2776.205,65745692,loop
2776.311,65745692,loop
2776.416,65745692,loop
2776.521,65745692,loop
2776.626,65745692,loop
2776.731,65745692,loop
2776.836,65745692,loop
2776.941,65745692,loop
2777.047,65745692,loop
2777.152,65745692,loop
2777.257,65745692,loop
2777.362,65745692,loop
2777.467,65745692,loop
2777.572,65745692,loop
2777.678,65745692,loop
2777.783,65745692,loop
2777.888,65745692,loop
2777.993,65745692,loop
2778.098,65745692,loop
2778.203,65745692,loop
2778.309,65745692,loop
2778.414,65745692,loop
2778.519,65745692,loop
2778.624,65745692,loop
2778.729,65745692,loop
2778.834,65745692,loop
2778.939,65745692,loop
2779.045,65745692,loop
2779.150,65745692,loop
2779.255,65745692,loop
2779.360,65745692,loop
2779.465,65745692,loop
2779.570,65745692,loop
2779.676,65745692,loop
2779.781,65745692,loop
2779.886,65745692,loop
2779.991,65745692,loop
2780.096,65745692,loop
2780.201,65745692,loop
2780.307,65745692,loop
2780.412,65745692,loop
2780.517,65745692,loop
2780.622,65745692,loop
2780.727,65745692,loop
2780.832,65745692,loop
2780.937,65745692,loop
2781.043,65745692,loop
2781.148,65745692,loop
2781.253,65745692,loop
2781.358,65745692,loop
2781.463,65745692,loop
2781.568,65745692,loop
2781.674,65745692,loop
2781.779,65745692,loop
2781.884,65745692,loop
2781.989,65745692,loop
2782.094,65745692,loop
2782.199,65745692,loop
2782.305,65745692,loop
2782.410,65745692,loop
2782.515,65745692,loop
2782.620,65745692,loop
2782.725,65745692,loop
2782.830,65745692,loop
2782.935,65745692,loop
2783.041,65745692,loop
2783.146,65745692,loop
2783.251,65745692,loop
2783.356,65745692,loop
2783.461,65745692,loop
2783.566,65745692,loop
2783.672,65745692,loop
2783.777,65745692,loop
2783.882,65745692,loop
2783.987,65745692,loop
2784.092,65745692,loop
2784.197,65745692,loop
2784.302,65745692,loop
2784.408,65745692,loop
2784.513,65745692,loop
2784.618,65745692,loop
2784.723,65745692,loop
2784.828,65745692,loop
2784.933,65745692,loop
2785.039,65745692,loop
2785.144,65745692,loop
2785.249,65745692,loop
2785.354,65745692,loop
2785.459,65745692,loop
2785.564,65745692,loop
2785.670,65745692,loop
2785.775,65745692,loop
2785.880,65745692,loop
2785.985,65745692,loop
2786.090,65745692,loop
2786.195,65745692,loop
2786.300,65745692,loop
2786.406,65745692,loop
2786.511,65745948,loop
2786.616,65745948,loop
2786.721,65745948,loop
2786.826,65745948,loop
2786.931,65745948,loop
2787.037,65745948,loop
2787.142,65745948,loop
2787.247,65745948,loop
2787.352,65745948,loop
2787.457,65745948,loop
2787.562,65745948,loop
2787.668,65745948,loop
2787.773,65745948,loop
2787.878,65745948,loop
2787.983,65745948,loop
2788.088,65745948,loop
2788.193,65745948,loop
2788.298,65745948,loop
2788.404,65745948,loop
2788.509,65745948,loop
2788.614,65745948,loop
2788.719,65745948,loop
2788.824,65745948,loop
2788.929,65745948,loop
2789.035,65745948,loop
2789.140,65745948,loop
2789.245,65745948,loop
2789.350,65745948,loop
2789.455,65745948,loop
2789.560,65745948,loop
2789.665,65745948,loop
2789.771,65745948,loop
2789.876,65745948,loop
2789.981,65745948,loop
2790.086,65745948,loop
2790.191,65745948,loop
2790.296,65745948,loop
2790.402,65745948,loop
2790.507,65745948,loop
2790.612,65745948,loop
2790.717,65745948,loop
2790.822,65745948,loop
2790.927,65745948,loop
2791.033,65745948,loop
2791.138,65745948,loop
2791.243,65745948,loop
2791.348,65745948,loop
2791.453,65745948,loop
2791.558,65745948,loop
2791.663,65745948,loop
2791.769,65745948,loop
2791.874,65745948,loop
2791.979,65745948,loop
2792.084,65745948,loop
2792.189,65745948,loop
2792.294,65745948,loop
2792.400,65747996,loop
2792.505,65747996,loop
2792.610,65747996,loop
2792.715,65747996,loop
2792.820,65747996,loop
2792.925,65747996,loop
2793.031,65747996,loop
2793.136,65747996,loop
2793.241,65747996,loop
2793.346,65747996,loop
2793.451,65747996,loop
2793.556,65747996,loop
2793.661,65747996,loop
2793.767,65747996,loop
2793.872,65747996,loop
2793.977,65747996,loop
2794.082,65747996,loop
2794.187,65747996,loop
2794.292,65747996,loop
2794.398,65747996,loop
2794.503,65747996,loop
2794.608,65747996,loop
2794.713,65747996,loop
2794.818,65747996,loop
2794.923,65747996,loop
2795.028,65747996,loop
2795.134,65747996,loop
2795.239,65747996,loop
2795.344,65747996,loop
2795.449,65747996,loop
2795.554,65747996,loop
2795.659,65747996,loop
2795.765,65747996,loop
2795.870,65747996,loop
2795.975,65747996,loop
2796.080,65747996,loop
2796.185,65747996,loop
2796.290,65747996,loop
2796.395,65747996,loop
2796.501,65747996,loop
2796.606,65747996,loop
2796.711,65748252,loop
2796.816,65748252,loop
2796.921,65748252,loop
2797.026,65748252,loop
2797.132,65748252,loop
2797.237,65748252,loop
2797.342,65748252,loop
2797.447,65748252,loop
2797.552,65748252,loop
2797.657,65748252,loop
2797.763,65748252,loop
2797.868,65748252,loop
2797.973,65748252,loop
2798.078,65748252,loop
2798.183,65748252,loop
2798.288,65748252,loop
2798.393,65748252,loop
2798.499,65748252,loop
2798.604,65748252,loop
2798.709,65748252,loop
2798.814,65748252,loop
2798.919,65748252,loop
2799.024,65748252,loop
2799.130,65748252,loop
2799.235,65748252,loop
2799.340,65748252,loop
2799.445,65748252,loop
2799.550,65748252,loop
2799.655,65748252,loop
2799.761,65748252,loop
2799.866,65748252,loop
2799.971,65748252,loop
2800.076,65748252,loop
2800.181,65748252,loop
2800.286,65748252,loop
2800.391,65748252,loop
2800.497,65748252,loop
2800.602,65748252,loop
2800.707,65748252,loop
2800.812,65748252,loop
2800.917,65748252,loop
2801.022,65748252,loop
2801.128,65748252,loop
2801.233,65748252,loop
2801.338,65748252,loop
2801.443,65748252,loop
2801.548,65748252,loop
2801.653,65748252,loop
2801.759,65748252,loop
2801.864,65748252,loop
2801.969,65748252,loop
2802.074,65748252,loop
2802.179,65748252,loop
2802.284,65748252,loop
2802.389,65748252,loop
2802.495,65748252,loop
2802.600,65748252,loop
2802.705,65748252,loop
2802.810,65748252,loop
2802.915,65748252,loop
2803.020,65748252,loop
2803.126,65748252,loop
2803.231,65748252,loop
2803.336,65748252,loop
2803.441,65748252,loop
2803.546,65748252,loop
2803.651,65748252,loop
2803.757,65748252,loop
2803.862,65748252,loop
2803.967,65748252,loop
2804.072,65748252,loop
2804.177,65748252,loop
2804.282,65748252,loop
2804.387,65748252,loop
2804.493,65748252,loop
2804.598,65748252,loop
2804.703,65748252,loop
2804.808,65748252,loop
2804.913,65748252,loop
2805.018,65748252,loop
2805.124,65748252,loop
2805.229,65748252,loop
2805.334,65748252,loop
2805.439,65748252,loop
2805.544,65748252,loop
2805.649,65748252,loop
2805.755,65748252,loop
2805.860,65748252,loop
2805.965,65748252,loop
2806.070,65748252,loop
2806.175,65748252,loop
2806.280,65748252,loop
2806.385,65748252,loop
2806.491,65748252,loop
2806.596,65748252,loop
2806.701,65748252,loop
2806.806,65748252,loop
2806.911,65748252,loop
2807.016,65748508,loop
2807.122,65748508,loop
2807.227,65748508,loop
2807.332,65748508,loop
2807.437,65748508,loop
2807.542,65748508,loop
2807.647,65748508,loop
2807.752,65748508,loop
2807.858,65748508,loop
2807.963,65748508,loop
2808.068,65748508,loop
2808.173,65748508,loop
2808.278,65748508,loop
2808.383,65748508,loop
2808.489,65748508,loop
2808.594,65748508,loop
2808.699,65748508,loop
2808.804,65748508,loop
2808.909,65748508,loop
2809.014,65748508,loop
2809.119,65748508,loop
2809.225,65748508,loop
2809.330,65748508,loop
2809.435,65748508,loop
2809.540,65748508,loop
2809.645,65748508,loop
2809.751,65748508,loop
2809.856,65748508,loop
2809.961,65748508,loop
2810.066,65748508,loop
2810.171,65748508,loop
2810.276,65748508,loop
2810.382,65748508,loop
2810.487,65748508,loop
2810.592,65748508,loop
2810.697,65748508,loop
2810.802,65748508,loop
2810.907,65748508,loop
2811.012,65748508,loop
2811.118,65748508,loop
2811.223,65748508,loop
2811.328,65748508,loop
2811.433,65748508,loop
2811.538,65748508,loop
2811.643,65748508,loop
2811.749,65748508,loop
2811.854,65748508,loop
2811.959,65748508,loop
2812.064,65748508,loop
2812.169,65748508,loop
2812.274,65748508,loop
2812.379,65748508,loop
2812.485,65748508,loop
2812.590,65748508,loop
2812.695,65748508,loop
2812.800,65748508,loop
2812.905,65748508,loop
2813.010,65748508,loop
2813.116,65748508,loop
2813.221,65748508,loop
2813.326,65748508,loop
2813.431,65748508,loop
2813.536,65748508,loop
2813.641,65748508,loop
2813.746,65748508,loop
2813.852,65748508,loop
2813.957,65748508,loop
2814.062,65748508,loop
2814.167,65748508,loop
2814.272,65748508,loop
2814.377,65748508,loop
2814.483,65748508,loop
2814.588,65748508,loop
2814.693,65748508,loop
2814.798,65748508,loop
2814.903,65748508,loop
2815.008,65748508,loop
2815.113,65748508,loop
2815.219,65748508,loop
2815.324,65748508,loop
2815.429,65748508,loop
2815.534,65748508,loop
2815.639,65748508,loop
2815.744,65748508,loop
2815.850,65748508,loop
2815.955,65748508,loop
2816.060,65748508,loop
2816.165,65748508,loop
2816.270,65748508,loop
2816.375,65748508,loop
2816.481,65748508,loop
2816.586,65748508,loop
2816.691,65748508,loop
2816.796,65748508,loop
2816.901,65748508,loop
2817.006,65748508,loop
2817.111,65748508,loop
2817.217,65748764,loop
2817.322,65748764,loop
2817.427,65748764,loop
2817.532,65748764,loop
2817.637,65748764,loop
2817.742,65748764,loop
2817.848,65748764,loop
2817.953,65748764,loop
2818.058,65748764,loop
2818.163,65748764,loop
2818.268,65748764,loop
2818.373,65748764,loop
2818.479,65748764,loop
2818.584,65748764,loop
2818.689,65748764,loop
2818.794,65748764,loop
2818.899,65748764,loop
2819.004,65748764,loop
2819.109,65748764,loop
2819.215,65748764,loop
2819.320,65748764,loop
2819.425,65748764,loop
2819.530,65748764,loop
2819.635,65748764,loop
2819.740,65748764,loop
2819.846,65748764,loop
2819.951,65748764,loop
2820.056,65748764,loop
2820.161,65748764,loop
2820.266,65748764,loop
2820.371,65748764,loop
2820.477,65748764,loop
2820.582,65748764,loop
2820.687,65748764,loop
2820.792,65748764,loop
2820.897,65748764,loop
2821.003,65748764,loop
2821.108,65748764,loop
2821.213,65748764,loop
2821.318,65748764,loop
2821.423,65748764,loop
2821.528,65748764,loop
2821.634,65748764,loop
2821.739,65748764,loop
2821.844,65748764,loop
2821.949,65748764,loop
2822.054,65748764,loop
2822.159,65748764,loop
2822.265,65748764,loop
2822.370,65748764,loop
2822.475,65748764,loop
2822.580,65748764,loop
2822.685,65748764,loop
2822.790,65748764,loop
2822.895,65748764,loop
2823.001,65748764,loop
2823.106,65748764,loop
2823.211,65748764,loop
2823.316,65748764,loop
2823.421,65748764,loop
2823.526,65748764,loop
2823.632,65748764,loop
2823.737,65748764,loop
2823.842,65748764,loop
2823.947,65748764,loop
2824.052,65748764,loop
2824.157,65748764,loop
2824.263,65748764,loop
2824.368,65748764,loop
2824.473,65748764,loop
2824.578,65748764,loop
2824.683,65748764,loop
2824.788,65748764,loop
2824.893,65748764,loop
2824.999,65748764,loop
2825.104,65748764,loop
2825.209,65748764,loop
2825.314,65748764,loop
2825.419,65748764,loop
2825.524,65748764,loop
2825.630,65748764,loop
2825.735,65748764,loop
2825.840,65748764,loop
2825.945,65748764,loop
2826.050,65748764,loop
2826.155,65748764,loop
2826.261,65748764,loop
2826.366,65748764,loop
2826.471,65748764,loop
2826.576,65748764,loop
2826.681,65748764,loop
2826.786,65748764,loop
2826.891,65748764,loop
2826.997,65748764,loop
2827.102,65748764,loop
2827.207,65748764,loop
2827.312,65748764,loop
2827.417,65749020,loop
2827.522,65749020,loop
2827.628,65749020,loop
2827.733,65749020,loop
2827.838,65749020,loop
2827.943,65749020,loop
2828.048,65749020,loop
2828.153,65749020,loop
2828.259,65749020,loop
2828.364,65749020,loop
2828.469,65749020,loop
2828.574,65749020,loop
2828.679,65749020,loop
2828.784,65749020,loop
2828.889,65749020,loop
2828.995,65749020,loop
2829.100,65749020,loop
2829.205,65749020,loop
2829.310,65749020,loop
2829.415,65749020,loop
2829.520,65749020,loop
2829.626,65749020,loop
2829.731,65749020,loop
2829.836,65749020,loop
2829.941,65749020,loop
2830.046,65749020,loop
2830.151,65749020,loop
2830.257,65749020,loop
2830.362,65749020,loop
2830.467,65749020,loop
2830.572,65749020,loop
2830.677,65749020,loop
2830.782,65749020,loop
2830.887,65749020,loop
2830.993,65749020,loop
2831.098,65749020,loop
2831.203,65749020,loop
2831.308,65749020,loop
2831.413,65749020,loop
2831.518,65749020,loop
2831.624,65749020,loop
2831.729,65749020,loop
2831.834,65749020,loop
2831.939,65749020,loop
2832.044,65749020,loop
2832.149,65749020,loop
2832.254,65749020,loop
2832.360,65749020,loop
2832.465,65749020,loop
2832.570,65749020,loop
2832.675,65749020,loop
2832.780,65749020,loop
2832.885,65749020,loop
2832.991,65749020,loop
2833.096,65749020,loop
2833.201,65749020,loop
2833.306,65749020,loop
2833.411,65749020,loop
2833.516,65749020,loop
2833.622,65749020,loop
2833.727,65749020,loop
2833.832,65749020,loop
2833.937,65749020,loop
2834.042,65749020,loop
2834.147,65749020,loop
2834.252,65749020,loop
2834.358,65749020,loop
2834.463,65749020,loop
2834.568,65749020,loop
2834.673,65749020,loop
2834.778,65749020,loop
2834.883,65749020,loop
2834.989,65749020,loop
2835.094,65749020,loop
2835.199,65749020,loop
2835.304,65749020,loop
2835.409,65749020,loop
2835.514,65749020,loop
2835.619,65749020,loop
2835.725,65749020,loop
2835.830,65749020,loop
2835.935,65749020,loop
2836.040,65749020,loop
2836.145,65749020,loop
2836.250,65749020,loop
2836.356,65749020,loop
2836.461,65749020,loop
2836.566,65749020,loop
2836.671,65749020,loop
2836.776,65749020,loop
2836.881,65749020,loop
2836.986,65749020,loop
2837.092,65749020,loop
2837.197,65749020,loop
2837.302,65749020,loop
2837.407,65749020,loop
2837.512,65749020,loop
2837.617,65749020,loop
2837.723,65749276,loop
2837.828,65749276,loop
2837.933,65749276,loop
2838.038,65749276,loop
2838.143,65749276,loop
2838.248,65749276,loop
2838.354,65749276,loop
2838.459,65749276,loop
2838.564,65749276,loop
2838.669,65749276,loop
2838.774,65749276,loop
2838.879,65749276,loop
2838.984,65749276,loop
2839.090,65749276,loop
2839.195,65749276,loop
2839.300,65749276,loop
2839.405,65749276,loop
2839.510,65749276,loop
2839.615,65749276,loop
2839.721,65749276,loop
2839.826,65749276,loop
2839.931,65749276,loop
2840.036,65749276,loop
2840.141,65749276,loop
2840.246,65749276,loop
2840.351,65749276,loop
2840.457,65749276,loop
2840.562,65749276,loop
2840.667,65749276,loop
2840.772,65749276,loop
2840.877,65749276,loop
2840.982,65749276,loop
2841.088,65749276,loop
2841.193,65749276,loop
2841.298,65749276,loop
2841.403,65749276,loop
2841.508,65749276,loop
2841.613,65749276,loop
2841.718,65749276,loop
2841.824,65749276,loop
2841.929,65749276,loop
2842.034,65749276,loop
2842.139,65749276,loop
2842.244,65749276,loop
2842.349,65749276,loop
2842.455,65749276,loop
2842.560,65749276,loop
2842.665,65749276,loop
2842.770,65749276,loop
2842.875,65749276,loop
2842.980,65749276,loop
2843.086,65749276,loop
2843.191,65749276,loop
2843.296,65749276,loop
2843.401,65749276,loop
2843.506,65749276,loop
2843.611,65749276,loop
2843.716,65749276,loop
2843.822,65749276,loop
2843.927,65749276,loop
2844.032,65749276,loop
2844.137,65749276,loop
2844.242,65749276,loop
2844.347,65749276,loop
2844.453,65749276,loop
2844.558,65749276,loop
2844.663,65749276,loop
2844.768,65749276,loop
2844.873,65749276,loop
2844.978,65749276,loop
2845.084,65749276,loop
2845.189,65749276,loop
2845.294,65749276,loop
2845.399,65749276,loop
2845.504,65749276,loop
2845.609,65749276,loop
2845.715,65749276,loop
2845.820,65749276,loop
2845.925,65749276,loop
2846.030,65749276,loop
2846.135,65749276,loop
2846.240,65749276,loop
2846.345,65749276,loop
2846.451,65749276,loop
2846.556,65749276,loop
2846.661,65749276,loop
2846.766,65749276,loop
2846.871,65749276,loop
2846.976,65749276,loop
2847.082,65749276,loop
2847.187,65749276,loop
2847.292,65749276,loop
2847.397,65749276,loop
2847.502,65749276,loop
2847.607,65749276,loop
2847.713,65749276,loop
2847.818,65749276,loop
2847.923,65749532,loop
2848.028,65749532,loop
2848.133,65749532,loop
2848.238,65749532,loop
2848.343,65749532,loop
2848.449,65751580,loop
2848.554,65751580,loop
2848.659,65751580,loop
2848.764,65751580,loop
2848.869,65751580,loop
2848.974,65751580,loop
2849.080,65751580,loop
2849.185,65751580,loop
2849.290,65751580,loop
2849.395,65751580,loop
2849.500,65751580,loop
2849.605,65751580,loop
2849.711,65751580,loop
2849.816,65751580,loop
2849.921,65751580,loop
2850.026,65751580,loop
2850.131,65751580,loop
2850.236,65751580,loop
2850.341,65751580,loop
2850.447,65751580,loop
2850.552,65751580,loop
2850.657,65751580,loop
2850.762,65751580,loop
2850.867,65751580,loop
2850.972,65751580,loop
2851.078,65751580,loop
2851.183,65751580,loop
2851.288,65751580,loop
2851.393,65751580,loop
2851.498,65751580,loop
2851.603,65751580,loop
2851.708,65751580,loop
2851.814,65751580,loop
2851.919,65751580,loop
2852.024,65751580,loop
2852.129,65751580,loop
2852.234,65751580,loop
2852.339,65751580,loop
2852.445,65751580,loop
2852.550,65751580,loop
2852.655,65751580,loop
2852.760,65751580,loop
2852.865,65751580,loop
2852.970,65751580,loop
2853.076,65751580,loop
2853.181,65751580,loop
2853.286,65751580,loop
2853.391,65751580,loop
2853.496,65751580,loop
2853.601,65751580,loop
2853.706,65751580,loop
2853.812,65751580,loop
2853.917,65751580,loop
2854.022,65751580,loop
2854.127,65751580,loop
2854.232,65751580,loop
2854.337,65751580,loop
2854.443,65751580,loop
2854.548,65751580,loop
2854.653,65751580,loop
2854.758,65751580,loop
2854.863,65751580,loop
2854.968,65751580,loop
2855.074,65751580,loop
2855.179,65751580,loop
2855.284,65751580,loop
2855.389,65751580,loop
2855.494,65751580,loop
2855.599,65751580,loop
2855.704,65751580,loop
2855.810,65751580,loop
2855.915,65751580,loop
2856.020,65751580,loop
2856.125,65751580,loop
2856.230,65751580,loop
2856.335,65751580,loop
2856.441,65751580,loop
2856.546,65751580,loop
2856.651,65751580,loop
2856.756,65751580,loop
2856.861,65751580,loop
2856.966,65751580,loop
2857.072,65751580,loop
2857.177,65751580,loop
2857.282,65751580,loop
2857.387,65751580,loop
2857.492,65751580,loop
2857.597,65751580,loop
2857.703,65751580,loop
2857.808,65751580,loop
2857.913,65751580,loop
2858.018,65751580,loop
2858.123,65751836,loop
2858.228,65751836,loop
2858.333,65751836,loop
2858.439,65751836,loop
2858.544,65751836,loop
2858.649,65751836,loop
2858.754,65751836,loop
2858.859,65751836,loop
2858.964,65751836,loop
2859.070,65751836,loop
2859.175,65751836,loop
2859.280,65751836,loop
2859.385,65751836,loop
2859.490,65751836,loop
2859.595,65751836,loop
2859.701,65751836,loop
2859.806,65751836,loop
2859.911,65751836,loop
2860.016,65751836,loop
2860.121,65751836,loop
2860.226,65751836,loop
2860.331,65751836,loop
2860.437,65751836,loop
2860.542,65751836,loop
2860.647,65751836,loop
2860.752,65751836,loop
2860.857,65751836,loop
2860.962,65751836,loop
2861.068,65751836,loop
2861.173,65751836,loop
2861.278,65751836,loop
2861.383,65751836,loop
2861.488,65751836,loop
2861.593,65751836,loop
2861.699,65751836,loop
2861.804,65751836,loop
2861.909,65751836,loop
2862.014,65751836,loop
2862.119,65751836,loop
2862.224,65751836,loop
2862.329,65751836,loop
2862.435,65751836,loop
2862.540,65751836,loop
2862.645,65751836,loop
2862.750,65751836,loop
2862.855,65751836,loop
2862.960,65751836,loop
2863.066,65751836,loop
2863.171,65751836,loop
2863.276,65751836,loop
2863.381,65751836,loop
2863.487,65751836,loop
2863.592,65751836,loop
2863.697,65751836,loop
2863.803,65751836,loop
2863.908,65751836,loop
2864.013,65751836,loop
2864.118,65751836,loop
2864.223,65751836,loop
2864.328,65751836,loop
2864.434,65751836,loop
2864.539,65751836,loop
2864.644,65751836,loop
2864.749,65751836,loop
2864.854,65751836,loop
2864.959,65751836,loop
2865.064,65751836,loop
2865.170,65751836,loop
2865.275,65751836,loop
2865.380,65751836,loop
2865.485,65751836,loop
2865.590,65751836,loop
2865.695,65751836,loop
2865.801,65751836,loop
2865.906,65751836,loop
2866.011,65751836,loop
2866.116,65751836,loop
2866.221,65751836,loop
2866.326,65751836,loop
2866.432,65751836,loop
2866.537,65751836,loop
2866.642,65751836,loop
2866.747,65751836,loop
2866.852,65751836,loop
2866.957,65751836,loop
2867.062,65751836,loop
2867.168,65751836,loop
2867.273,65751836,loop
2867.378,65751836,loop
2867.483,65751836,loop
2867.588,65751836,loop
2867.693,65751836,loop
2867.799,65751836,loop
2867.904,65751836,loop
2868.009,65751836,loop
2868.114,65751836,loop
2868.219,65751836,loop
2868.324,65751836,loop
2868.430,65752092,loop
2868.535,65752092,loop
2868.640,65752092,loop
2868.745,65752092,loop
2868.850,65752092,loop
2868.955,65752092,loop
2869.061,65752092,loop
2869.166,65752092,loop
2869.271,65752092,loop
2869.376,65752092,loop
2869.481,65752092,loop
2869.586,65752092,loop
2869.691,65752092,loop
2869.797,65752092,loop
2869.902,65752092,loop
2870.007,65752092,loop
2870.112,65752092,loop
2870.217,65752092,loop
2870.322,65752092,loop
2870.428,65752092,loop
2870.533,65752092,loop
2870.638,65752092,loop
2870.743,65752092,loop
2870.848,65752092,loop
2870.953,65752092,loop
2871.059,65752092,loop
2871.164,65752092,loop
2871.269,65752092,loop
2871.374,65752092,loop
2871.479,65752092,loop
2871.584,65752092,loop
2871.689,65752092,loop
2871.795,65752092,loop
2871.900,65752092,loop
2872.005,65752092,loop
2872.110,65752092,loop
2872.215,65752092,loop
2872.320,65752092,loop
2872.426,65752092,loop
2872.531,65752092,loop
2872.636,65752092,loop
2872.741,65752092,loop
2872.846,65752092,loop
2872.951,65752092,loop
2873.057,65752092,loop
2873.162,65752092,loop
2873.267,65752092,loop
2873.372,65752092,loop
2873.477,65752092,loop
2873.587,65752092,loop
2873.693,65752092,loop
2873.798,65752092,loop
2873.903,65752092,loop
2874.008,65752092,loop
2874.113,65752092,loop
2874.218,65752092,loop
2874.324,65752092,loop
2874.429,65752092,loop
2874.534,65752092,loop
2874.639,65752092,loop
2874.744,65752092,loop
2874.849,65752092,loop
2874.954,65752092,loop
2875.060,65752092,loop
2875.165,65752092,loop
2875.270,65752092,loop
2875.375,65752092,loop
2875.480,65752092,loop
2875.585,65752092,loop
2875.691,65752092,loop
2875.796,65752092,loop
2875.901,65752092,loop
2876.006,65752092,loop
2876.111,65752092,loop
2876.216,65752092,loop
2876.321,65752092,loop
2876.427,65752092,loop
2876.532,65752092,loop
2876.637,65752092,loop
2876.742,65752092,loop
2876.847,65752092,loop
2876.952,65752092,loop
2877.058,65752092,loop
2877.163,65752092,loop
2877.268,65752092,loop
2877.373,65752092,loop
2877.478,65752092,loop
2877.583,65752092,loop
2877.689,65752092,loop
2877.794,65752092,loop
2877.899,65752092,loop
2878.004,65752092,loop
2878.109,65752092,loop
2878.214,65752092,loop
2878.319,65752092,loop
2878.425,65752092,loop
2878.530,65752092,loop
2878.635,65752348,loop
2878.740,65752348,loop
2878.845,65752348,loop
2878.950,65752348,loop
2879.056,65752348,loop
2879.161,65752348,loop
2879.266,65752348,loop
2879.371,65752348,loop
2879.476,65752348,loop
2879.581,65752348,loop
2879.687,65752348,loop
2879.792,65752348,loop
2879.897,65752348,loop
2880.002,65752348,loop
2880.107,65752348,loop
2880.212,65752348,loop
2880.318,65752348,loop
2880.423,65752348,loop
2880.528,65752348,loop
2880.633,65752348,loop
2880.738,65752348,loop
2880.843,65752348,loop
2880.948,65752348,loop
2881.054,65752348,loop
2881.159,65752348,loop
2881.264,65752348,loop
2881.369,65752348,loop
2881.474,65752348,loop
2881.579,65752348,loop
2881.685,65752348,loop
2881.790,65752348,loop
2881.895,65752348,loop
2882.000,65752348,loop
2882.105,65752348,loop
2882.210,65752348,loop
2882.315,65752348,loop
2882.421,65752348,loop
2882.526,65752348,loop
2882.631,65752348,loop
2882.736,65752348,loop
2882.841,65752348,loop
2882.946,65752348,loop
2883.052,65752348,loop
2883.157,65752348,loop
2883.262,65752348,loop
2883.367,65752348,loop
2883.472,65752348,loop
2883.577,65752348,loop
2883.683,65752348,loop
2883.788,65752348,loop
2883.893,65752348,loop
2883.998,65752348,loop
2884.103,65752348,loop
2884.208,65752348,loop
2884.314,65752348,loop
2884.419,65752348,loop
2884.524,65752348,loop
2884.629,65752348,loop
2884.734,65752348,loop
2884.839,65752348,loop
2884.944,65752348,loop
2885.050,65752348,loop
2885.155,65752348,loop
2885.260,65752348,loop
2885.365,65752348,loop
2885.470,65752348,loop
2885.575,65752348,loop
2885.681,65752348,loop
2885.786,65752348,loop
2885.891,65752348,loop
2885.996,65752348,loop
2886.101,65752348,loop
2886.206,65752348,loop
2886.311,65752348,loop
2886.417,65752348,loop
2886.522,65752348,loop
2886.627,65752348,loop
2886.732,65752348,loop
2886.837,65752348,loop
2886.942,65752348,loop
2887.048,65752348,loop
2887.153,65752348,loop
2887.258,65752348,loop
2887.363,65752348,loop
2887.468,65752348,loop
2887.573,65752348,loop
2887.678,65752348,loop
2887.784,65752348,loop
2887.889,65752348,loop
2887.994,65752348,loop
2888.099,65752348,loop
2888.204,65752348,loop
2888.309,65752348,loop
2888.415,65752348,loop
2888.520,65752348,loop
2888.625,65752348,loop
2888.730,65752348,loop
2888.835,65752348,loop
2888.940,65752604,loop
2889.045,65752604,loop
2889.151,65752604,loop
2889.256,65752604,loop
2889.361,65752604,loop
2889.466,65752604,loop
2889.571,65752604,loop
2889.676,65752604,loop
2889.782,65752604,loop
2889.887,65752604,loop
2889.992,65752604,loop
2890.097,65752604,loop
2890.202,65752604,loop
2890.307,65752604,loop
2890.413,65752604,loop
2890.518,65752604,loop
2890.623,65752604,loop
2890.728,65752604,loop
2890.833,65752604,loop
2890.938,65752604,loop
2891.044,65752604,loop
2891.149,65752604,loop
2891.254,65752604,loop
2891.359,65752604,loop
2891.464,65752604,loop
2891.569,65752604,loop
2891.674,65752604,loop
2891.780,65752604,loop
2891.885,65752604,loop
2891.990,65752604,loop
2892.095,65752604,loop
2892.200,65752604,loop
2892.305,65752604,loop
2892.411,65752604,loop
2892.516,65752604,loop
2892.621,65752604,loop
2892.726,65752604,loop
2892.831,65752604,loop
2892.936,65752604,loop
2893.042,65752604,loop
2893.147,65752604,loop
2893.252,65752604,loop
2893.357,65752604,loop
2893.462,65752604,loop
2893.567,65752604,loop
2893.672,65752604,loop
2893.778,65752604,loop
2893.883,65752604,loop
2893.988,65752604,loop
2894.093,65752604,loop
2894.198,65752604,loop
2894.303,65752604,loop
2894.409,65752604,loop
2894.514,65752604,loop
2894.619,65752604,loop
2894.724,65752604,loop
2894.829,65752604,loop
2894.934,65752604,loop
2895.039,65752604,loop
2895.145,65752604,loop
2895.250,65752604,loop
2895.355,65752604,loop
2895.460,65752604,loop
2895.565,65752604,loop
2895.670,65752604,loop
2895.776,65752604,loop
2895.881,65752604,loop
2895.986,65752604,loop
2896.091,65752604,loop
2896.196,65752604,loop
2896.301,65752604,loop
2896.407,65752604,loop
2896.512,65752604,loop
2896.617,65752604,loop
2896.722,65752604,loop
2896.827,65752604,loop
2896.932,65752604,loop
2897.037,65752604,loop
2897.143,65752604,loop
2897.248,65752604,loop
2897.353,65752604,loop
2897.458,65752604,loop
2897.563,65752604,loop
2897.668,65752604,loop
2897.774,65752604,loop
2897.879,65752604,loop
2897.984,65752604,loop
2898.089,65752604,loop
2898.194,65752604,loop
2898.299,65752604,loop
2898.404,65752604,loop
2898.510,65752604,loop
2898.615,65752604,loop
2898.720,65752604,loop
2898.825,65752604,loop
2898.930,65752604,loop
2899.035,65752604,loop
2899.141,65752860,loop
2899.246,65752860,loop
2899.351,65752860,loop
2899.456,65752860,loop
2899.561,65752860,loop
2899.666,65752860,loop
2899.771,65752860,loop
2899.877,65752860,loop
2899.982,65752860,loop
2900.087,65752860,loop
2900.192,65752860,loop
2900.297,65752860,loop
2900.402,65752860,loop
2900.508,65752860,loop
2900.613,65752860,loop
2900.718,65752860,loop
2900.823,65752860,loop
2900.928,65752860,loop
2901.033,65752860,loop
2901.139,65752860,loop
2901.244,65752860,loop
2901.349,65752860,loop
2901.454,65752860,loop
2901.559,65752860,loop
2901.664,65752860,loop
2901.769,65752860,loop
2901.875,65752860,loop
2901.980,65752860,loop
2902.085,65752860,loop
2902.190,65752860,loop
2902.295,65752860,loop
2902.400,65752860,loop
2902.506,65752860,loop
2902.611,65752860,loop
2902.716,65752860,loop
2902.821,65752860,loop
2902.926,65752860,loop
2903.031,65752860,loop
2903.137,65752860,loop
2903.242,65752860,loop
2903.347,65752860,loop
2903.452,65752860,loop
2903.557,65752860,loop
2903.662,65752860,loop
2903.767,65752860,loop
2903.873,65752860,loop
2903.978,65752860,loop
2904.083,65752860,loop
2904.188,65752860,loop
2904.293,65752860,loop
2904.398,65752860,loop
2904.504,65754908,loop
2904.609,65754908,loop
2904.714,65754908,loop
2904.819,65754908,loop
2904.924,65754908,loop
2905.029,65754908,loop
2905.134,65754908,loop
2905.240,65754908,loop
2905.345,65754908,loop
2905.450,65754908,loop
2905.555,65754908,loop
2905.660,65754908,loop
2905.765,65754908,loop
2905.871,65754908,loop
2905.976,65754908,loop
2906.081,65754908,loop
2906.186,65754908,loop
2906.291,65754908,loop
2906.396,65754908,loop
2906.502,65754908,loop
2906.607,65754908,loop
2906.712,65754908,loop
2906.817,65754908,loop
2906.922,65754908,loop
2907.027,65754908,loop
2907.132,65754908,loop
2907.238,65754908,loop
2907.343,65754908,loop
2907.448,65754908,loop
2907.553,65754908,loop
2907.658,65754908,loop
2907.763,65754908,loop
2907.869,65754908,loop
2907.974,65754908,loop
2908.079,65754908,loop
2908.184,65754908,loop
2908.289,65754908,loop
2908.394,65754908,loop
2908.500,65754908,loop
2908.605,65754908,loop
2908.710,65754908,loop
2908.815,65754908,loop
2908.920,65754908,loop
2909.025,65754908,loop
2909.130,65754908,loop
2909.236,65754908,loop
2909.341,65755164,loop
2909.446,65755164,loop
2909.551,65755164,loop
2909.656,65755164,loop
2909.761,65755164,loop
2909.867,65755164,loop
2909.972,65755164,loop
2910.077,65755164,loop
2910.182,65755164,loop
2910.287,65755164,loop
2910.392,65755164,loop
2910.498,65755164,loop
2910.603,65755164,loop
2910.708,65755164,loop
2910.813,65755164,loop
2910.918,65755164,loop
2911.023,65755164,loop
2911.128,65755164,loop
2911.234,65755164,loop
2911.339,65755164,loop
2911.444,65755164,loop
2911.549,65755164,loop
2911.654,65755164,loop
2911.759,65755164,loop
2911.865,65755164,loop
2911.970,65755164,loop
2912.075,65755164,loop
2912.180,65755164,loop
2912.285,65755164,loop
2912.390,65755164,loop
2912.496,65755164,loop
2912.601,65755164,loop
2912.706,65755164,loop
2912.811,65755164,loop
2912.916,65755164,loop
2913.021,65755164,loop
2913.126,65755164,loop
2913.232,65755164,loop
2913.337,65755164,loop
2913.442,65755164,loop
2913.547,65755164,loop
2913.652,65755164,loop
2913.757,65755164,loop
2913.862,65755164,loop
2913.968,65755164,loop
2914.073,65755164,loop
2914.178,65755164,loop
2914.283,65755164,loop
2914.388,65755164,loop
2914.494,65755164,loop
2914.599,65755164,loop
2914.704,65755164,loop
2914.809,65755164,loop
2914.914,65755164,loop
2915.019,65755164,loop
2915.124,65755164,loop
2915.230,65755164,loop
2915.335,65755164,loop
2915.440,65755164,loop
2915.545,65755164,loop
2915.650,65755164,loop
2915.755,65755164,loop
2915.861,65755164,loop
2915.966,65755164,loop
2916.071,65755164,loop
2916.176,65755164,loop
2916.281,65755164,loop
2916.386,65755164,loop
2916.492,65755164,loop
2916.597,65755164,loop
2916.702,65755164,loop
2916.807,65755164,loop
2916.912,65755164,loop
2917.017,65755164,loop
2917.122,65755164,loop
2917.228,65755164,loop
2917.333,65755164,loop
2917.438,65755164,loop
2917.543,65755164,loop
2917.648,65755164,loop
2917.753,65755164,loop
2917.859,65755164,loop
2917.964,65755164,loop
2918.069,65755164,loop
2918.174,65755164,loop
2918.279,65755164,loop
2918.384,65755164,loop
2918.489,65755164,loop
2918.595,65755164,loop
2918.700,65755164,loop
2918.805,65755164,loop
2918.910,65755164,loop
2919.015,65755164,loop
2919.120,65755164,loop
2919.226,65755164,loop
2919.331,65755164,loop
2919.436,65755164,loop
2919.541,65755164,loop
2919.646,65755420,loop
2919.751,65755420,loop
2919.857,65755420,loop
2919.962,65755420,loop
2920.067,65755420,loop
2920.172,65755420,loop
2920.277,65755420,loop
2920.382,65755420,loop
2920.487,65755420,loop
2920.593,65755420,loop
2920.698,65755420,loop
2920.803,65755420,loop
2920.908,65755420,loop
2921.013,65755420,loop
2921.118,65755420,loop
2921.224,65755420,loop
2921.329,65755420,loop
2921.434,65755420,loop
2921.539,65755420,loop
2921.644,65755420,loop
2921.749,65755420,loop
2921.855,65755420,loop
2921.960,65755420,loop
2922.065,65755420,loop
2922.170,65755420,loop
2922.275,65755420,loop
2922.380,65755420,loop
2922.486,65755420,loop
2922.591,65755420,loop
2922.696,65755420,loop
2922.802,65755420,loop
2922.907,65755420,loop
2923.012,65755420,loop
2923.117,65755420,loop
2923.222,65755420,loop
2923.327,65755420,loop
2923.433,65755420,loop
2923.538,65755420,loop
2923.643,65755420,loop
2923.748,65755420,loop
2923.853,65755420,loop
2923.958,65755420,loop
2924.064,65755420,loop
2924.169,65755420,loop
2924.274,65755420,loop
2924.379,65755420,loop
2924.484,65755420,loop
2924.589,65755420,loop
2924.694,65755420,loop
2924.800,65755420,loop
2924.905,65755420,loop
2925.010,65755420,loop
2925.115,65755420,loop
2925.220,65755420,loop
2925.325,65755420,loop
2925.431,65755420,loop
2925.536,65755420,loop
2925.641,65755420,loop
2925.746,65755420,loop
2925.851,65755420,loop
2925.956,65755420,loop
2926.062,65755420,loop
2926.167,65755420,loop
2926.272,65755420,loop
2926.377,65755420,loop
2926.482,65755420,loop
2926.587,65755420,loop
2926.693,65755420,loop
2926.798,65755420,loop
2926.903,65755420,loop
2927.008,65755420,loop
2927.113,65755420,loop
2927.218,65755420,loop
2927.323,65755420,loop
2927.429,65755420,loop
2927.534,65755420,loop
2927.639,65755420,loop
2927.744,65755420,loop
2927.849,65755420,loop
2927.954,65755420,loop
2928.060,65755420,loop
2928.165,65755420,loop
2928.270,65755420,loop
2928.375,65755420,loop
2928.480,65755420,loop
2928.585,65755420,loop
2928.691,65755420,loop
2928.796,65755420,loop
2928.901,65755420,loop
2929.006,65755420,loop
2929.111,65755420,loop
2929.216,65755420,loop
2929.321,65755420,loop
2929.427,65755420,loop
2929.532,65755420,loop
2929.637,65755420,loop
2929.742,65755420,loop
2929.847,65755676,loop
2929.952,65755676,loop
2930.058,65755676,loop
2930.163,65755676,loop
2930.268,65755676,loop
2930.373,65755676,loop
2930.478,65755676,loop
2930.583,65755676,loop
2930.688,65755676,loop
2930.794,65755676,loop
2930.899,65755676,loop
2931.004,65755676,loop
2931.109,65755676,loop
2931.214,65755676,loop
2931.319,65755676,loop
2931.425,65755676,loop
2931.530,65755676,loop
2931.635,65755676,loop
2931.740,65755676,loop
2931.845,65755676,loop
2931.950,65755676,loop
2932.056,65755676,loop
2932.161,65755676,loop
2932.266,65755676,loop
2932.371,65755676,loop
2932.476,65755676,loop
2932.581,65755676,loop
2932.686,65755676,loop
2932.792,65755676,loop
2932.897,65755676,loop
2933.002,65755676,loop
2933.107,65755676,loop
2933.212,65755676,loop
2933.317,65755676,loop
2933.423,65755676,loop
2933.528,65755676,loop
2933.633,65755676,loop
2933.738,65755676,loop
2933.843,65755676,loop
2933.948,65755676,loop
2934.054,65755676,loop
2934.159,65755676,loop
2934.264,65755676,loop
2934.369,65755676,loop
2934.474,65755676,loop
2934.579,65755676,loop
2934.684,65755676,loop
2934.790,65755676,loop
2934.895,65755676,loop
2935.000,65755676,loop
2935.105,65755676,loop
2935.210,65755676,loop
2935.316,65755676,loop
2935.421,65755676,loop
2935.526,65755676,loop
2935.631,65755676,loop
2935.736,65755676,loop
2935.841,65755676,loop
2935.946,65755676,loop
2936.052,65755676,loop
2936.157,65755676,loop
2936.262,65755676,loop
2936.367,65755676,loop
2936.472,65755676,loop
2936.577,65755676,loop
2936.683,65755676,loop
2936.788,65755676,loop
2936.893,65755676,loop
2936.998,65755676,loop
2937.103,65755676,loop
2937.208,65755676,loop
2937.313,65755676,loop
2937.419,65755676,loop
2937.524,65755676,loop
2937.629,65755676,loop
2937.734,65755676,loop
2937.839,65755676,loop
2937.944,65755676,loop
2938.050,65755676,loop
2938.155,65755676,loop
2938.260,65755676,loop
2938.365,65755676,loop
2938.470,65755676,loop
2938.575,65755676,loop
2938.681,65755676,loop
2938.786,65755676,loop
2938.891,65755676,loop
2938.996,65755676,loop
2939.101,65755676,loop
2939.206,65755676,loop
2939.312,65755676,loop
2939.417,65755676,loop
2939.522,65755676,loop
2939.627,65755676,loop
2939.732,65755676,loop
2939.837,65755676,loop
2939.942,65755676,loop
2940.048,65755932,loop
2940.153,65755932,loop
2940.258,65755932,loop
2940.363,65755932,loop
2940.468,65755932,loop
2940.573,65755932,loop
2940.679,65755932,loop
2940.784,65755932,loop
2940.889,65755932,loop
2940.994,65755932,loop
2941.099,65755932,loop
2941.204,65755932,loop
2941.309,65755932,loop
2941.415,65755932,loop
2941.520,65755932,loop
2941.625,65755932,loop
2941.730,65755932,loop
2941.835,65755932,loop
2941.940,65755932,loop
2942.046,65755932,loop
2942.151,65755932,loop
2942.256,65755932,loop
2942.361,65755932,loop
2942.466,65755932,loop
2942.571,65755932,loop
2942.676,65755932,loop
2942.782,65755932,loop
2942.887,65755932,loop
2942.992,65755932,loop
2943.097,65755932,loop
2943.202,65755932,loop
2943.307,65755932,loop
2943.413,65755932,loop
2943.518,65755932,loop
2943.623,65755932,loop
2943.728,65755932,loop
2943.833,65755932,loop
2943.938,65755932,loop
2944.043,65755932,loop
2944.149,65755932,loop
2944.254,65755932,loop
2944.359,65755932,loop
2944.464,65755932,loop
2944.569,65755932,loop
2944.674,65755932,loop
2944.780,65755932,loop
2944.885,65755932,loop
2944.990,65755932,loop
2945.095,65755932,loop
2945.200,65755932,loop
2945.305,65755932,loop
2945.410,65755932,loop
2945.516,65755932,loop
2945.621,65755932,loop
2945.726,65755932,loop
2945.831,65755932,loop
2945.936,65755932,loop
2946.041,65755932,loop
2946.147,65755932,loop
2946.252,65755932,loop
2946.357,65755932,loop
2946.462,65755932,loop
2946.567,65755932,loop
2946.672,65755932,loop
2946.777,65755932,loop
2946.883,65755932,loop
2946.988,65755932,loop
2947.093,65755932,loop
2947.198,65755932,loop
2947.303,65755932,loop
2947.408,65755932,loop
2947.514,65755932,loop
2947.619,65755932,loop
2947.724,65755932,loop
2947.829,65755932,loop
2947.934,65755932,loop
2948.039,65755932,loop
2948.144,65755932,loop
2948.250,65755932,loop
2948.355,65755932,loop
2948.460,65755932,loop
2948.565,65755932,loop
2948.670,65755932,loop
2948.775,65755932,loop
2948.881,65755932,loop
2948.986,65755932,loop
2949.091,65755932,loop
2949.196,65755932,loop
2949.301,65755932,loop
2949.406,65755932,loop
2949.512,65755932,loop
2949.617,65755932,loop
2949.722,65755932,loop
2949.827,65755932,loop
2949.932,65755932,loop
2950.037,65755932,loop
2950.142,65755932,loop
2950.248,65755932,loop
2950.353,65756188,loop
2950.458,65756188,loop
2950.563,65756188,loop
2950.668,65756188,loop
2950.773,65756188,loop
2950.879,65756188,loop
2950.984,65756188,loop
2951.089,65756188,loop
2951.194,65756188,loop
2951.299,65756188,loop
2951.404,65756188,loop
2951.509,65756188,loop
2951.615,65756188,loop
2951.720,65756188,loop
2951.825,65756188,loop
2951.930,65756188,loop
2952.035,65756188,loop
2952.140,65756188,loop
2952.246,65756188,loop
2952.351,65756188,loop
2952.456,65756188,loop
2952.561,65756188,loop
2952.666,65756188,loop
2952.771,65756188,loop
2952.877,65756188,loop
2952.982,65756188,loop
2953.087,65756188,loop
2953.192,65756188,loop
2953.297,65756188,loop
2953.402,65756188,loop
2953.507,65756188,loop
2953.613,65756188,loop
2953.718,65756188,loop
2953.823,65756188,loop
2953.928,65756188,loop
2954.033,65756188,loop
2954.138,65756188,loop
2954.244,65756188,loop
2954.349,65756188,loop
2954.454,65756188,loop
2954.559,65756188,loop
2954.664,65756188,loop
2954.769,65756188,loop
2954.874,65756188,loop
2954.980,65756188,loop
2955.085,65756188,loop
2955.190,65756188,loop
2955.295,65756188,loop
2955.400,65756188,loop
2955.505,65756188,loop
2955.611,65756188,loop
2955.716,65756188,loop
2955.821,65756188,loop
2955.926,65756188,loop
2956.031,65756188,loop
2956.136,65756188,loop
2956.242,65756188,loop
2956.347,65756188,loop
2956.452,65756188,loop
2956.557,65756188,loop
2956.662,65756188,loop
2956.767,65756188,loop
2956.872,65756188,loop
2956.978,65756188,loop
2957.083,65756188,loop
2957.188,65756188,loop
2957.293,65756188,loop
2957.398,65756188,loop
2957.503,65756188,loop
2957.609,65756188,loop
2957.714,65756188,loop
2957.819,65756188,loop
2957.924,65756188,loop
2958.029,65756188,loop
2958.134,65756188,loop
2958.240,65756188,loop
2958.345,65756188,loop
2958.450,65756188,loop
2958.555,65756188,loop
2958.660,65756188,loop
2958.765,65756188,loop
2958.870,65756188,loop
2958.976,65756188,loop
2959.081,65756188,loop
2959.186,65756188,loop
2959.291,65756188,loop
2959.396,65756188,loop
2959.501,65756188,loop
2959.607,65756188,loop
2959.712,65756188,loop
2959.817,65756188,loop
2959.922,65756188,loop
2960.027,65756188,loop
2960.132,65756188,loop
2960.238,65756188,loop
2960.343,65758236,loop
2960.448,65758236,loop
2960.553,65758492,loop
2960.658,65758492,loop
2960.763,65758492,loop
2960.869,65758492,loop
2960.974,65758492,loop
2961.079,65758492,loop
2961.184,65758492,loop
2961.289,65758492,loop
2961.394,65758492,loop
2961.499,65758492,loop
2961.605,65758492,loop
2961.710,65758492,loop
2961.815,65758492,loop
2961.920,65758492,loop
2962.025,65758492,loop
2962.130,65758492,loop
2962.236,65758492,loop
2962.341,65758492,loop
2962.446,65758492,loop
2962.551,65758492,loop
2962.656,65758492,loop
2962.761,65758492,loop
2962.867,65758492,loop
2962.972,65758492,loop
2963.077,65758492,loop
2963.182,65758492,loop
2963.287,65758492,loop
2963.392,65758492,loop
2963.497,65758492,loop
2963.603,65758492,loop
2963.708,65758492,loop
2963.813,65758492,loop
2963.918,65758492,loop
2964.023,65758492,loop
2964.128,65758492,loop
2964.234,65758492,loop
2964.339,65758492,loop
2964.444,65758492,loop
2964.549,65758492,loop
2964.654,65758492,loop
2964.759,65758492,loop
2964.864,65758492,loop
2964.970,65758492,loop
2965.075,65758492,loop
2965.180,65758492,loop
2965.285,65758492,loop
2965.390,65758492,loop
2965.495,65758492,loop
2965.601,65758492,loop
2965.706,65758492,loop
2965.811,65758492,loop
2965.916,65758492,loop
2966.021,65758492,loop
2966.126,65758492,loop
2966.232,65758492,loop
2966.337,65758492,loop
2966.442,65758492,loop
2966.547,65758492,loop
2966.652,65758492,loop
2966.757,65758492,loop
2966.862,65758492,loop
2966.968,65758492,loop
2967.073,65758492,loop
2967.178,65758492,loop
2967.283,65758492,loop
2967.388,65758492,loop
2967.493,65758492,loop
2967.599,65758492,loop
2967.704,65758492,loop
2967.809,65758492,loop
2967.914,65758492,loop
2968.019,65758492,loop
2968.124,65758492,loop
2968.229,65758492,loop
2968.335,65758492,loop
2968.440,65758492,loop
2968.545,65758492,loop
2968.650,65758492,loop
2968.755,65758492,loop
2968.860,65758492,loop
2968.966,65758492,loop
2969.071,65758492,loop
2969.176,65758492,loop
2969.281,65758492,loop
2969.386,65758492,loop
2969.491,65758492,loop
2969.597,65758492,loop
2969.702,65758492,loop
2969.807,65758492,loop
2969.912,65758492,loop
2970.017,65758492,loop
2970.122,65758492,loop
2970.227,65758492,loop
2970.333,65758492,loop
2970.438,65758492,loop
2970.543,65758492,loop
2970.648,65758492,loop
2970.753,65758492,loop
2970.858,65758748,loop
2970.964,65758748,loop
2971.069,65758748,loop
2971.174,65758748,loop
2971.279,65758748,loop
2971.384,65758748,loop
2971.489,65758748,loop
2971.594,65758748,loop
2971.700,65758748,loop
2971.805,65758748,loop
2971.910,65758748,loop
2972.015,65758748,loop
2972.120,65758748,loop
2972.225,65758748,loop
2972.331,65758748,loop
2972.436,65758748,loop
2972.541,65758748,loop
2972.646,65758748,loop
2972.751,65758748,loop
2972.856,65758748,loop
2972.962,65758748,loop
2973.067,65758748,loop
2973.172,65758748,loop
2973.277,65758748,loop
2973.382,65758748,loop
2973.487,65758748,loop
2973.592,65758748,loop
2973.698,65758748,loop
2973.803,65758748,loop
2973.908,65758748,loop
2974.013,65758748,loop
2974.118,65758748,loop
2974.223,65758748,loop
2974.329,65758748,loop
2974.434,65758748,loop
2974.539,65758748,loop
2974.644,65758748,loop
2974.749,65758748,loop
2974.854,65758748,loop
2974.960,65758748,loop
2975.065,65758748,loop
2975.170,65758748,loop
2975.275,65758748,loop
2975.380,65758748,loop
2975.485,65758748,loop
2975.590,65758748,loop
2975.696,65758748,loop
2975.801,65758748,loop
2975.906,65758748,loop
2976.059,65758748,loop
2976.164,65758748,loop
2976.269,65758748,loop
2976.374,65758748,loop
2976.479,65758748,loop
2976.584,65758748,loop
2976.690,65758748,loop
2976.795,65758748,loop
2976.900,65758748,loop
2977.005,65758748,loop
2977.110,65758748,loop
2977.215,65758748,loop
2977.321,65758748,loop
2977.426,65758748,loop
2977.531,65758748,loop
2977.636,65758748,loop
2977.741,65758748,loop
2977.846,65758748,loop
2977.951,65758748,loop
2978.057,65758748,loop
2978.162,65758748,loop
2978.267,65758748,loop
2978.372,65758748,loop
2978.477,65758748,loop
2978.582,65758748,loop
2978.688,65758748,loop
2978.793,65758748,loop
2978.898,65758748,loop
2979.003,65758748,loop
2979.108,65758748,loop
2979.213,65758748,loop
2979.319,65758748,loop
2979.424,65758748,loop
2979.529,65758748,loop
2979.634,65758748,loop
2979.739,65758748,loop
2979.844,65758748,loop
2979.949,65758748,loop
2980.055,65758748,loop
2980.160,65758748,loop
2980.265,65758748,loop
2980.370,65758748,loop
2980.475,65758748,loop
2980.580,65758748,loop
2980.686,65758748,loop
2980.791,65758748,loop
2980.896,65758748,loop
2981.001,65758972,loop
2981.112,65759004,loop
2981.217,65759004,loop
2981.322,65759004,loop
2981.427,65759004,loop
2981.532,65759004,loop
2981.638,65759004,loop
2981.743,65759004,loop
2981.848,65759004,loop
2981.953,65759004,loop
2982.058,65759004,loop
2982.163,65759004,loop
2982.268,65759004,loop
2982.374,65759004,loop
2982.479,65759004,loop
2982.584,65759004,loop
2982.689,65759004,loop
2982.794,65759004,loop
2982.899,65759004,loop
2983.004,65759004,loop
2983.110,65759004,loop
2983.215,65759004,loop
2983.320,65759004,loop
2983.425,65759004,loop
2983.530,65759004,loop
2983.636,65759004,loop
2983.741,65759004,loop
2983.846,65759004,loop
2983.951,65759004,loop
2984.056,65759004,loop
2984.161,65759004,loop
2984.266,65759004,loop
2984.372,65759004,loop
2984.477,65759004,loop
2984.582,65759004,loop
2984.687,65759004,loop
2984.792,65759004,loop
2984.897,65759004,loop
2985.003,65759004,loop
2985.108,65759004,loop
2985.213,65759004,loop
2985.318,65759004,loop
2985.423,65759004,loop
2985.528,65759004,loop
2985.633,65759004,loop
2985.739,65759004,loop
2985.844,65759004,loop
2985.949,65759004,loop
2986.054,65759004,loop
2986.159,65759004,loop
2986.264,65759004,loop
2986.370,65759004,loop
2986.475,65759004,loop
2986.580,65759004,loop
2986.685,65759004,loop
2986.790,65759004,loop
2986.895,65759004,loop
2987.000,65759004,loop
2987.106,65759004,loop
2987.211,65759004,loop
2987.316,65759004,loop
2987.421,65759004,loop
2987.526,65759004,loop
2987.631,65759004,loop
2987.737,65759004,loop
2987.842,65759004,loop
2987.947,65759004,loop
2988.052,65759004,loop
2988.157,65759004,loop
2988.262,65759004,loop
2988.368,65759004,loop
2988.473,65759004,loop
2988.578,65759004,loop
2988.683,65759004,loop
2988.788,65759004,loop
2988.893,65759004,loop
2988.998,65759004,loop
2989.104,65759004,loop
2989.209,65759004,loop
2989.314,65759004,loop
2989.419,65759004,loop
2989.524,65759004,loop
2989.629,65759004,loop
2989.734,65759004,loop
2989.840,65759004,loop
2989.945,65759004,loop
2990.050,65759004,loop
2990.155,65759004,loop
2990.260,65759004,loop
2990.365,65759004,loop
2990.471,65759004,loop
2990.576,65759004,loop
2990.681,65759004,loop
2990.786,65759004,loop
2990.891,65759004,loop
2990.996,65759004,loop
2991.101,65759004,loop
2991.207,65759004,loop
2991.312,65759260,loop
2991.417,65759260,loop
2991.522,65759260,loop
2991.627,65759260,loop
2991.732,65759260,loop
2991.838,65759260,loop
2991.943,65759260,loop
2992.048,65759260,loop
2992.153,65759260,loop
2992.258,65759260,loop
2992.363,65759260,loop
2992.469,65759260,loop
2992.574,65759260,loop
2992.679,65759260,loop
2992.784,65759260,loop
2992.889,65759260,loop
2992.994,65759260,loop
2993.100,65759260,loop
2993.205,65759260,loop
2993.310,65759260,loop
2993.415,65759260,loop
2993.520,65759260,loop
2993.625,65759260,loop
2993.730,65759260,loop
2993.836,65759260,loop
2993.941,65759260,loop
2994.046,65759260,loop
2994.151,65759260,loop
2994.256,65759260,loop
2994.361,65759260,loop
2994.467,65759260,loop
2994.572,65759260,loop
2994.677,65759260,loop
2994.782,65759260,loop
2994.887,65759260,loop
2994.992,65759260,loop
2995.097,65759260,loop
2995.203,65759260,loop
2995.308,65759260,loop
2995.413,65759260,loop
2995.518,65759260,loop
2995.623,65759260,loop
2995.728,65759260,loop
2995.834,65759260,loop
2995.939,65759260,loop
2996.044,65759260,loop
2996.149,65759260,loop
2996.254,65759260,loop
2996.359,65759260,loop
2996.465,65759260,loop
2996.570,65759260,loop
2996.675,65759260,loop
2996.780,65759260,loop
2996.885,65759260,loop
2996.990,65759260,loop
2997.095,65759260,loop
2997.201,65759260,loop
2997.306,65759260,loop
2997.411,65759260,loop
2997.516,65759260,loop
2997.621,65759260,loop
2997.727,65759260,loop
2997.832,65759260,loop
2997.937,65759260,loop
2998.042,65759260,loop
2998.147,65759260,loop
2998.252,65759260,loop
2998.357,65759260,loop
2998.463,65759260,loop
2998.568,65759260,loop
2998.673,65759260,loop
2998.778,65759260,loop
2998.883,65759260,loop
2998.988,65759260,loop
2999.094,65759260,loop
2999.199,65759260,loop
2999.304,65759260,loop
2999.409,65759260,loop
2999.514,65759260,loop
2999.619,65759260,loop
2999.724,65759260,loop
2999.830,65759260,loop
2999.935,65759260,loop
3000.040,65759260,loop
3000.145,65759260,loop
3000.250,65759260,loop
3000.355,65759260,loop
3000.461,65759260,loop
3000.566,65759260,loop
3000.671,65759260,loop
3000.776,65759260,loop
3000.881,65759260,loop
3000.986,65759260,loop
3001.091,65759260,loop
3001.197,65759260,loop
3001.302,65759260,loop
3001.407,65759260,loop
3001.512,65759516,loop
3001.617,65759516,loop
3001.722,65759516,loop
3001.828,65759516,loop
3001.933,65759516,loop
3002.038,65759516,loop
3002.143,65759516,loop
3002.248,65759516,loop
3002.353,65759516,loop
3002.458,65759516,loop
3002.564,65759516,loop
3002.669,65759516,loop
3002.774,65759516,loop
3002.879,65759516,loop
3002.984,65759516,loop
3003.089,65759516,loop
3003.195,65759516,loop
3003.300,65759516,loop
3003.405,65759516,loop
3003.510,65759516,loop
3003.615,65759516,loop
3003.720,65759516,loop
3003.826,65759516,loop
3003.931,65759516,loop
3004.036,65759516,loop
3004.141,65759516,loop
3004.246,65759516,loop
3004.351,65759516,loop
3004.456,65759516,loop
3004.562,65759516,loop
3004.667,65759516,loop
3004.772,65759516,loop
3004.877,65759516,loop
3004.982,65759516,loop
3005.087,65759516,loop
3005.193,65759516,loop
3005.298,65759516,loop
3005.403,65759516,loop
3005.508,65759516,loop
3005.613,65759516,loop
3005.718,65759516,loop
3005.823,65759516,loop
3005.929,65759516,loop
3006.034,65759516,loop
3006.139,65759516,loop
3006.244,65759516,loop
3006.349,65759516,loop
3006.454,65759516,loop
3006.560,65759516,loop
3006.665,65759516,loop
3006.770,65759516,loop
3006.875,65759516,loop
3006.980,65759516,loop
3007.085,65759516,loop
3007.191,65759516,loop
3007.296,65759516,loop
3007.401,65759516,loop
3007.506,65759516,loop
3007.611,65759516,loop
3007.716,65759516,loop
3007.822,65759516,loop
3007.927,65759516,loop
3008.032,65759516,loop
3008.137,65759516,loop
3008.242,65759516,loop
3008.347,65759516,loop
3008.452,65759516,loop
3008.558,65759516,loop
3008.663,65759516,loop
3008.768,65759516,loop
3008.873,65759516,loop
3008.978,65759516,loop
3009.083,65759516,loop
3009.189,65759516,loop
3009.294,65759516,loop
3009.399,65759516,loop
3009.504,65759516,loop
3009.609,65759516,loop
3009.714,65759516,loop
3009.820,65759516,loop
3009.925,65759516,loop
3010.030,65759516,loop
3010.135,65759516,loop
3010.240,65759516,loop
3010.345,65759516,loop
3010.450,65759516,loop
3010.556,65759516,loop
3010.661,65759516,loop
3010.766,65759516,loop
3010.871,65759516,loop
3010.976,65759516,loop
3011.081,65759516,loop
3011.187,65759516,loop
3011.292,65759516,loop
3011.397,65759516,loop
3011.502,65759516,loop
3011.607,65759516,loop
3011.712,65759516,loop
3011.817,65759772,loop
3011.923,65759772,loop
3012.028,65759772,loop
3012.133,65759772,loop
3012.238,65759772,loop
3012.343,65759772,loop
3012.448,65759772,loop
3012.554,65759772,loop
3012.659,65759772,loop
3012.764,65759772,loop
3012.869,65759772,loop
3012.974,65759772,loop
3013.079,65759772,loop
3013.184,65759772,loop
3013.290,65759772,loop
3013.395,65759772,loop
3013.500,65759772,loop
3013.605,65759772,loop
3013.710,65759772,loop
3013.815,65759772,loop
3013.921,65759772,loop
3014.026,65759772,loop
3014.131,65759772,loop
3014.236,65759772,loop
3014.341,65759772,loop
3014.446,65759772,loop
3014.551,65759772,loop
3014.657,65759772,loop
3014.762,65759772,loop
3014.867,65759772,loop
3014.972,65759772,loop
3015.077,65759772,loop
3015.182,65759772,loop
3015.288,65759772,loop
3015.393,65759772,loop
3015.498,65759772,loop
3015.603,65759772,loop
3015.708,65759772,loop
3015.813,65759772,loop
3015.918,65759772,loop
3016.024,65759772,loop
3016.129,65761820,loop
3016.234,65761820,loop
3016.339,65761820,loop
3016.444,65761820,loop
3016.549,65761820,loop
3016.655,65761820,loop
3016.760,65761820,loop
3016.865,65761820,loop
3016.970,65761820,loop
3017.075,65761820,loop
3017.180,65761820,loop
3017.286,65761820,loop
3017.391,65761820,loop
3017.496,65761820,loop
3017.601,65761820,loop
3017.706,65761820,loop
3017.811,65761820,loop
3017.916,65761820,loop
3018.022,65761820,loop
3018.127,65761820,loop
3018.232,65761820,loop
3018.337,65761820,loop
3018.442,65761820,loop
3018.547,65761820,loop
3018.653,65761820,loop
3018.758,65761820,loop
3018.863,65761820,loop
3018.968,65761820,loop
3019.073,65761820,loop
3019.178,65761820,loop
3019.284,65761820,loop
3019.389,65761820,loop
3019.494,65761820,loop
3019.599,65761820,loop
3019.704,65761820,loop
3019.809,65761820,loop
3019.915,65761820,loop
3020.020,65761820,loop
3020.125,65761820,loop
3020.230,65761820,loop
3020.335,65761820,loop
3020.440,65761820,loop
3020.545,65761820,loop
3020.651,65761820,loop
3020.756,65761820,loop
3020.861,65761820,loop
3020.966,65761820,loop
3021.071,65761820,loop
3021.176,65761820,loop
3021.282,65761820,loop
3021.387,65761820,loop
3021.492,65761820,loop
3021.597,65761820,loop
3021.702,65761820,loop
3021.807,65761820,loop
3021.912,65761820,loop
3022.018,65762076,loop
3022.123,65762076,loop
3022.228,65762076,loop
3022.333,65762076,loop
3022.438,65762076,loop
3022.543,65762076,loop
3022.649,65762076,loop
3022.754,65762076,loop
3022.859,65762076,loop
3022.964,65762076,loop
3023.069,65762076,loop
3023.174,65762076,loop
3023.280,65762076,loop
3023.385,65762076,loop
3023.490,65762076,loop
3023.595,65762076,loop
3023.700,65762076,loop
3023.805,65762076,loop
3023.910,65762076,loop
3024.016,65762076,loop
3024.121,65762076,loop
3024.226,65762076,loop
3024.331,65762076,loop
3024.436,65762076,loop
3024.541,65762076,loop
3024.647,65762076,loop
3024.752,65762076,loop
3024.857,65762076,loop
3024.962,65762076,loop
3025.067,65762076,loop
3025.172,65762076,loop
3025.277,65762076,loop
3025.383,65762076,loop
3025.488,65762076,loop
3025.593,65762076,loop
3025.698,65762076,loop
3025.803,65762076,loop
3025.908,65762076,loop
3026.014,65762076,loop
3026.119,65762076,loop
3026.224,65762076,loop
3026.329,65762076,loop
3026.434,65762076,loop
3026.539,65762076,loop
3026.645,65762076,loop
3026.750,65762076,loop
3026.855,65762076,loop
3026.960,65762076,loop
3027.065,65762076,loop
3027.170,65762076,loop
3027.275,65762076,loop
3027.381,65762076,loop
3027.486,65762076,loop
3027.591,65762076,loop
3027.696,65762076,loop
3027.801,65762076,loop
3027.906,65762076,loop
3028.012,65762076,loop
3028.117,65762076,loop
3028.222,65762076,loop
3028.327,65762076,loop
3028.432,65762076,loop
3028.537,65762076,loop
3028.643,65762076,loop
3028.748,65762076,loop
3028.853,65762076,loop
3028.958,65762076,loop
3029.063,65762076,loop
3029.168,65762076,loop
3029.273,65762076,loop
3029.379,65762076,loop
3029.484,65762076,loop
3029.589,65762076,loop
3029.694,65762076,loop
3029.799,65762076,loop
3029.904,65762076,loop
3030.010,65762076,loop
3030.115,65762076,loop
3030.220,65762076,loop
3030.325,65762076,loop
3030.430,65762076,loop
3030.535,65762076,loop
3030.641,65762076,loop
3030.746,65762076,loop
3030.851,65762076,loop
3030.956,65762076,loop
3031.061,65762076,loop
3031.166,65762076,loop
3031.272,65762076,loop
3031.377,65762076,loop
3031.482,65762076,loop
3031.587,65762076,loop
3031.692,65762076,loop
3031.797,65762076,loop
3031.902,65762076,loop
3032.008,65762076,loop
3032.113,65762076,loop
3032.218,65762332,loop
3032.323,65762332,loop
3032.428,65762332,loop
3032.533,65762332,loop
3032.639,65762332,loop
3032.744,65762332,loop
3032.849,65762332,loop
3032.954,65762332,loop
3033.059,65762332,loop
3033.164,65762332,loop
3033.269,65762332,loop
3033.375,65762332,loop
3033.480,65762332,loop
3033.585,65762332,loop
3033.690,65762332,loop
3033.795,65762332,loop
3033.900,65762332,loop
3034.006,65762332,loop
3034.111,65762332,loop
3034.216,65762332,loop
3034.321,65762332,loop
3034.426,65762332,loop
3034.531,65762332,loop
3034.637,65762332,loop
3034.742,65762332,loop
3034.847,65762332,loop
3034.952,65762332,loop
3035.057,65762332,loop
3035.162,65762332,loop
3035.267,65762332,loop
3035.373,65762332,loop
3035.478,65762332,loop
3035.583,65762332,loop
3035.688,65762332,loop
3035.793,65762332,loop
3035.898,65762332,loop
3036.004,65762332,loop
3036.109,65762332,loop
3036.214,65762332,loop
3036.319,65762332,loop
3036.424,65762332,loop
3036.529,65762332,loop
3036.635,65762332,loop
3036.740,65762332,loop
3036.845,65762332,loop
3036.950,65762332,loop
3037.055,65762332,loop
3037.160,65762332,loop
3037.265,65762332,loop
3037.371,65762332,loop
3037.476,65762332,loop
3037.581,65762332,loop
3037.686,65762332,loop
3037.791,65762332,loop
3037.896,65762332,loop
3038.002,65762332,loop
3038.107,65762332,loop
3038.212,65762332,loop
3038.317,65762332,loop
3038.422,65762332,loop
3038.527,65762332,loop
3038.632,65762332,loop
3038.738,65762332,loop
3038.843,65762332,loop
3038.948,65762332,loop
3039.053,65762332,loop
3039.158,65762332,loop
3039.263,65762332,loop
3039.369,65762332,loop
3039.474,65762332,loop
3039.579,65762332,loop
3039.684,65762332,loop
3039.789,65762332,loop
3039.894,65762332,loop
3040.000,65762332,loop
3040.105,65762332,loop
3040.210,65762332,loop
3040.315,65762332,loop
3040.420,65762332,loop
3040.525,65762332,loop
3040.630,65762332,loop
3040.736,65762332,loop
3040.841,65762332,loop
3040.946,65762332,loop
3041.051,65762332,loop
3041.156,65762332,loop
3041.261,65762332,loop
3041.367,65762332,loop
3041.472,65762332,loop
3041.577,65762332,loop
3041.682,65762332,loop
3041.787,65762332,loop
3041.892,65762332,loop
3041.998,65762332,loop
3042.103,65762332,loop
3042.208,65762332,loop
3042.313,65762332,loop
3042.418,65762332,loop
3042.523,65762588,loop
3042.766,65762588,loop
3042.871,65762588,loop
3042.976,65762588,loop
3043.082,65762588,loop
3043.187,65762588,loop
3043.292,65762588,loop
3043.397,65762588,loop
3043.502,65762588,loop
3043.607,65762588,loop
3043.713,65762588,loop
3043.818,65762588,loop
3043.923,65762588,loop
3044.028,65762588,loop
3044.133,65762588,loop
3044.238,65762588,loop
3044.343,65762588,loop
3044.449,65762588,loop
3044.554,65762588,loop
3044.659,65762588,loop
3044.764,65762588,loop
3044.869,65762588,loop
3044.974,65762588,loop
3045.080,65762588,loop
3045.185,65762588,loop
3045.290,65762588,loop
3045.395,65762588,loop
3045.500,65762588,loop
3045.605,65762588,loop
3045.710,65762588,loop
3045.816,65762588,loop
3045.921,65762588,loop
3046.026,65762588,loop
3046.131,65762588,loop
3046.236,65762588,loop
3046.341,65762588,loop
3046.447,65762588,loop
3046.552,65762588,loop
3046.657,65762588,loop
3046.762,65762588,loop
3046.867,65762588,loop
3046.972,65762588,loop
3047.078,65762588,loop
3047.183,65762588,loop
3047.288,65762588,loop
3047.393,65762588,loop
3047.498,65762588,loop
3047.603,65762588,loop
3047.708,65762588,loop
3047.814,65762588,loop
3047.919,65762588,loop
3048.024,65762588,loop
3048.129,65762588,loop
3048.234,65762588,loop
3048.339,65762588,loop
3048.445,65762588,loop
3048.550,65762588,loop
3048.655,65762588,loop
3048.760,65762588,loop
3048.865,65762588,loop
3048.970,65762588,loop
3049.075,65762588,loop
3049.181,65762588,loop
3049.286,65762588,loop
3049.391,65762588,loop
3049.496,65762588,loop
3049.601,65762588,loop
3049.706,65762588,loop
3049.812,65762588,loop
3049.917,65762588,loop
3050.022,65762588,loop
3050.127,65762588,loop
3050.232,65762588,loop
3050.337,65762588,loop
3050.443,65762588,loop
3050.548,65762588,loop
3050.653,65762588,loop
3050.758,65762588,loop
3050.863,65762588,loop
3050.968,65762588,loop
3051.073,65762588,loop
3051.179,65762588,loop
3051.284,65762588,loop
3051.389,65762588,loop
3051.494,65762588,loop
3051.599,65762588,loop
3051.704,65762588,loop
3051.810,65762588,loop
3051.915,65762588,loop
3052.020,65762588,loop
3052.125,65762588,loop
3052.230,65762588,loop
3052.335,65762588,loop
3052.440,65762588,loop
3052.546,65762588,loop
3052.651,65762588,loop
3052.756,65762844,loop
3052.861,65762844,loop
3052.966,65762844,loop
3053.071,65762844,loop
3053.177,65762844,loop
3053.282,65762844,loop
3053.387,65762844,loop
3053.492,65762844,loop
3053.597,65762844,loop
3053.702,65762844,loop
3053.808,65762844,loop
3053.913,65762844,loop
3054.018,65762844,loop
3054.123,65762844,loop
3054.228,65762844,loop
3054.333,65762844,loop
3054.438,65762844,loop
3054.544,65762844,loop
3054.649,65762844,loop
3054.754,65762844,loop
3054.859,65762844,loop
3054.964,65762844,loop
3055.069,65762844,loop
3055.175,65762844,loop
3055.280,65762844,loop
3055.385,65762844,loop
3055.490,65762844,loop
3055.595,65762844,loop
3055.700,65762844,loop
3055.806,65762844,loop
3055.911,65762844,loop
3056.016,65762844,loop
3056.121,65762844,loop
3056.226,65762844,loop
3056.331,65762844,loop
3056.436,65762844,loop
3056.542,65762844,loop
3056.647,65762844,loop
3056.752,65762844,loop
3056.857,65762844,loop
3056.962,65762844,loop
3057.067,65762844,loop
3057.173,65762844,loop
3057.278,65762844,loop
3057.383,65762844,loop
3057.488,65762844,loop
3057.593,65762844,loop
3057.698,65762844,loop
3057.803,65762844,loop
3057.909,65762844,loop
3058.014,65762844,loop
3058.119,65762844,loop
3058.224,65762844,loop
3058.329,65762844,loop
3058.434,65762844,loop
3058.540,65762844,loop
3058.645,65762844,loop
3058.750,65762844,loop
3058.855,65762844,loop
3058.960,65762844,loop
3059.065,65762844,loop
3059.171,65762844,loop
3059.276,65762844,loop
3059.381,65762844,loop
3059.486,65762844,loop
3059.591,65762844,loop
3059.696,65762844,loop
3059.801,65762844,loop
3059.907,65762844,loop
3060.012,65762844,loop
3060.117,65762844,loop
3060.222,65762844,loop
3060.327,65762844,loop
3060.432,65762844,loop
3060.538,65762844,loop
3060.643,65762844,loop
3060.748,65762844,loop
3060.853,65762844,loop
3060.958,65762844,loop
3061.063,65762844,loop
3061.169,65762844,loop
3061.274,65762844,loop
3061.379,65762844,loop
3061.484,65762844,loop
3061.589,65762844,loop
3061.694,65762844,loop
3061.799,65762844,loop
3061.905,65762844,loop
3062.010,65762844,loop
3062.115,65762844,loop
3062.220,65762844,loop
3062.325,65762844,loop
3062.430,65762844,loop
3062.535,65762844,loop
3062.641,65762844,loop
3062.746,65762844,loop
3062.851,65762844,loop
3062.956,65763100,loop
3063.061,65763100,loop
3063.166,65763100,loop
3063.272,65763100,loop
3063.377,65763100,loop
3063.482,65763100,loop
3063.587,65763100,loop
3063.692,65763100,loop
3063.797,65763100,loop
3063.903,65763100,loop
3064.008,65763100,loop
3064.113,65763100,loop
3064.218,65763100,loop
3064.323,65763100,loop
3064.428,65763100,loop
3064.534,65763100,loop
3064.639,65763100,loop
3064.744,65763100,loop
3064.849,65763100,loop
3064.954,65763100,loop
3065.059,65763100,loop
3065.164,65763100,loop
3065.270,65763100,loop
3065.375,65763100,loop
3065.480,65763100,loop
3065.585,65763100,loop
3065.690,65763100,loop
3065.795,65763100,loop
3065.901,65763100,loop
3066.006,65763100,loop
3066.111,65763100,loop
3066.216,65763100,loop
3066.321,65763100,loop
3066.426,65763100,loop
3066.531,65763100,loop
3066.637,65763100,loop
3066.742,65763100,loop
3066.847,65763100,loop
3066.952,65763100,loop
3067.057,65763100,loop
3067.162,65763100,loop
3067.268,65763100,loop
3067.373,65763100,loop
3067.478,65763100,loop
3067.583,65763100,loop
3067.688,65763100,loop
3067.793,65763100,loop
3067.899,65763100,loop
3068.004,65763100,loop
3068.109,65763100,loop
3068.214,65763100,loop
3068.319,65763100,loop
3068.424,65763100,loop
3068.529,65763100,loop
3068.635,65763100,loop
3068.740,65763100,loop
3068.845,65763100,loop
3068.950,65763100,loop
3069.055,65763100,loop
3069.160,65763100,loop
3069.266,65763100,loop
3069.371,65763100,loop
3069.476,65763100,loop
3069.581,65763100,loop
3069.686,65763100,loop
3069.791,65763100,loop
3069.897,65763100,loop
3070.002,65763100,loop
3070.107,65763100,loop
3070.212,65763100,loop
3070.317,65763100,loop
3070.422,65763100,loop
3070.527,65763100,loop
3070.633,65763100,loop
3070.738,65763100,loop
3070.843,65763100,loop
3070.948,65763100,loop
3071.053,65763100,loop
3071.158,65763100,loop
3071.264,65763100,loop
3071.369,65763100,loop
3071.474,65763100,loop
3071.579,65763100,loop
3071.684,65763100,loop
3071.789,65763100,loop
3071.895,65763100,loop
3072.000,65765148,loop
3072.105,65765148,loop
3072.210,65765148,loop
3072.315,65765148,loop
3072.420,65765148,loop
3072.525,65765148,loop
3072.631,65765148,loop
3072.736,65765148,loop
3072.841,65765148,loop
3072.946,65765148,loop
3073.051,65765148,loop
3073.156,65765148,loop
3073.262,65765404,loop
3073.367,65765404,loop
3073.472,65765404,loop
3073.577,65765404,loop
3073.682,65765404,loop
3073.787,65765404,loop
3073.892,65765404,loop
3073.998,65765404,loop
3074.103,65765404,loop
3074.208,65765404,loop
3074.313,65765404,loop
3074.418,65765404,loop
3074.523,65765404,loop
3074.629,65765404,loop
3074.734,65765404,loop
3074.839,65765404,loop
3074.944,65765404,loop
3075.049,65765404,loop
3075.154,65765404,loop
3075.260,65765404,loop
3075.365,65765404,loop
3075.470,65765404,loop
3075.575,65765404,loop
3075.680,65765404,loop
3075.785,65765404,loop
3075.890,65765404,loop
3075.996,65765404,loop
3076.101,65765404,loop
3076.206,65765404,loop
3076.311,65765404,loop
3076.416,65765404,loop
3076.521,65765404,loop
3076.627,65765404,loop
3076.732,65765404,loop
3076.837,65765404,loop
3076.942,65765404,loop
3077.047,65765404,loop
3077.152,65765404,loop
3077.258,65765404,loop
3077.363,65765404,loop
3077.468,65765404,loop
3077.573,65765404,loop
3077.678,65765404,loop
3077.783,65765404,loop
3077.888,65765404,loop
3077.994,65765404,loop
3078.099,65765404,loop
3078.204,65765404,loop
3078.309,65765404,loop
3078.414,65765404,loop
3078.519,65765404,loop
3078.625,65765404,loop
3078.730,65765404,loop
3078.835,65765404,loop
3078.940,65765404,loop
3079.045,65765404,loop
3079.150,65765404,loop
3079.256,65765404,loop
3079.361,65765404,loop
3079.466,65765404,loop
3079.571,65765404,loop
3079.676,65765404,loop
3079.781,65765404,loop
3079.886,65765404,loop
3079.992,65765404,loop
3080.097,65765404,loop
3080.202,65765404,loop
3080.307,65765404,loop
3080.412,65765404,loop
3080.517,65765404,loop
3080.623,65765404,loop
3080.728,65765404,loop
3080.833,65765404,loop
3080.938,65765404,loop
3081.043,65765404,loop
3081.148,65765404,loop
3081.254,65765404,loop
3081.359,65765404,loop
3081.464,65765404,loop
3081.569,65765404,loop
3081.674,65765404,loop
3081.779,65765404,loop
3081.884,65765404,loop
3081.990,65765404,loop
3082.095,65765404,loop
3082.200,65765404,loop
3082.305,65765404,loop
3082.410,65765404,loop
3082.515,65765404,loop
3082.621,65765404,loop
3082.726,65765404,loop
3082.831,65765404,loop
3082.936,65765404,loop
3083.041,65765404,loop
3083.146,65765404,loop
3083.251,65765404,loop
3083.357,65765404,loop
3083.462,65765660,loop
3083.567,65765660,loop
3083.672,65765660,loop
3083.777,65765660,loop
3083.882,65765660,loop
3083.988,65765660,loop
3084.093,65765660,loop
3084.198,65765660,loop
3084.303,65765660,loop
3084.408,65765660,loop
3084.513,65765660,loop
3084.618,65765660,loop
3084.724,65765660,loop
3084.829,65765660,loop
3084.934,65765660,loop
3085.039,65765660,loop
3085.144,65765660,loop
3085.249,65765660,loop
3085.355,65765660,loop
3085.460,65765660,loop
3085.565,65765660,loop
3085.670,65765660,loop
3085.775,65765660,loop
3085.880,65765660,loop
3085.986,65765660,loop
3086.091,65765660,loop
3086.196,65765660,loop
3086.301,65765660,loop
3086.406,65765660,loop
3086.511,65765660,loop
3086.617,65765660,loop
3086.722,65765660,loop
3086.827,65765660,loop
3086.932,65765660,loop
3087.037,65765660,loop
3087.142,65765660,loop
3087.247,65765660,loop
3087.353,65765660,loop
3087.458,65765660,loop
3087.563,65765660,loop
3087.668,65765660,loop
3087.773,65765660,loop
3087.878,65765660,loop
3087.984,65765660,loop
3088.089,65765660,loop
3088.194,65765660,loop
3088.299,65765660,loop
3088.404,65765660,loop
3088.509,65765660,loop
3088.615,65765660,loop
3088.720,65765660,loop
3088.825,65765660,loop
3088.930,65765660,loop
3089.035,65765660,loop
3089.140,65765660,loop
3089.245,65765660,loop
3089.351,65765660,loop
3089.456,65765660,loop
3089.561,65765660,loop
3089.666,65765660,loop
3089.771,65765660,loop
3089.876,65765660,loop
3089.982,65765660,loop
3090.087,65765660,loop
3090.192,65765660,loop
3090.297,65765660,loop
3090.402,65765660,loop
3090.507,65765660,loop
3090.613,65765660,loop
3090.718,65765660,loop
3090.823,65765660,loop
3090.928,65765660,loop
3091.033,65765660,loop
3091.138,65765660,loop
3091.244,65765660,loop
3091.349,65765660,loop
3091.454,65765660,loop
3091.559,65765660,loop
3091.664,65765660,loop
3091.769,65765660,loop
3091.875,65765660,loop
3091.980,65765660,loop
3092.085,65765660,loop
3092.190,65765660,loop
3092.295,65765660,loop
3092.400,65765660,loop
3092.506,65765660,loop
3092.611,65765660,loop
3092.716,65765660,loop
3092.821,65765660,loop
3092.926,65765660,loop
3093.031,65765660,loop
3093.136,65765660,loop
3093.242,65765660,loop
3093.347,65765660,loop
3093.452,65765660,loop
3093.557,65765660,loop
3093.662,65765916,loop
3093.767,65765916,loop
3093.873,65765916,loop
3093.978,65765916,loop
3094.083,65765916,loop
3094.188,65765916,loop
3094.293,65765916,loop
3094.398,65765916,loop
3094.503,65765916,loop
3094.609,65765916,loop
3094.714,65765916,loop
3094.819,65765916,loop
3094.924,65765916,loop
3095.029,65765916,loop
3095.134,65765916,loop
3095.240,65765916,loop
3095.345,65765916,loop
3095.450,65765916,loop
3095.555,65765916,loop
3095.660,65765916,loop
3095.765,65765916,loop
3095.871,65765916,loop
3095.976,65765916,loop
3096.081,65765916,loop
3096.186,65765916,loop
3096.291,65765916,loop
3096.396,65765916,loop
3096.502,65765916,loop
3096.607,65765916,loop
3096.712,65765916,loop
3096.817,65765916,loop
3096.922,65765916,loop
3097.027,65765916,loop
3097.132,65765916,loop
3097.238,65765916,loop
3097.343,65765916,loop
3097.448,65765916,loop
3097.553,65765916,loop
3097.658,65765916,loop
3097.763,65765916,loop
3097.869,65765916,loop
3097.974,65765916,loop
3098.079,65765916,loop
3098.184,65765916,loop
3098.290,65765916,loop
3098.395,65765916,loop
3098.500,65765916,loop
3098.605,65765916,loop
3098.710,65765916,loop
3098.815,65765916,loop
3098.921,65765916,loop
3099.026,65765916,loop
3099.131,65765916,loop
3099.236,65765916,loop
3099.341,65765916,loop
3099.446,65765916,loop
3099.551,65765916,loop
3099.657,65765916,loop
3099.762,65765916,loop
3099.867,65765916,loop
3099.972,65765916,loop
3100.077,65765916,loop
3100.182,65765916,loop
3100.288,65765916,loop
3100.393,65765916,loop
3100.498,65765916,loop
3100.603,65765916,loop
3100.708,65765916,loop
3100.813,65765916,loop
3100.919,65765916,loop
3101.024,65765916,loop
3101.129,65765916,loop
3101.234,65765916,loop
3101.339,65765916,loop
3101.444,65765916,loop
3101.549,65765916,loop
3101.655,65765916,loop
3101.760,65765916,loop
3101.865,65765916,loop
3101.970,65765916,loop
3102.075,65765916,loop
3102.180,65765916,loop
3102.286,65765916,loop
3102.391,65765916,loop
3102.496,65765916,loop
3102.601,65765916,loop
3102.707,65765916,loop
3102.812,65765916,loop
3102.917,65765916,loop
3103.023,65765916,loop
3103.128,65765916,loop
3103.233,65765916,loop
3103.338,65765916,loop
3103.443,65765916,loop
3103.548,65765916,loop
3103.654,65765916,loop
3103.759,65765916,loop
3103.864,65765916,loop
3103.969,65766172,loop
3104.074,65766172,loop
3104.179,65766172,loop
3104.285,65766172,loop
3104.390,65766172,loop
3104.495,65766172,loop
3104.600,65766172,loop
3104.705,65766172,loop
3104.810,65766172,loop
3104.915,65766172,loop
3105.021,65766172,loop
3105.126,65766172,loop
3105.231,65766172,loop
3105.336,65766172,loop
3105.441,65766172,loop
3105.546,65766172,loop
3105.652,65766172,loop
3105.757,65766172,loop
3105.862,65766172,loop
3105.967,65766172,loop
3106.072,65766172,loop
3106.177,65766172,loop
3106.283,65766172,loop
3106.388,65766172,loop
3106.493,65766172,loop
3106.598,65766172,loop
3106.703,65766172,loop
3106.808,65766172,loop
3106.913,65766172,loop
3107.019,65766172,loop
3107.124,65766172,loop
3107.229,65766172,loop
3107.334,65766172,loop
3107.439,65766172,loop
3107.544,65766172,loop
3107.650,65766172,loop
3107.755,65766172,loop
3107.860,65766172,loop
3107.965,65766172,loop
3108.070,65766172,loop
3108.175,65766172,loop
3108.280,65766172,loop
3108.386,65766172,loop
3108.491,65766172,loop
3108.596,65766172,loop
3108.701,65766172,loop
3108.806,65766172,loop
3108.911,65766172,loop
3109.017,65766172,loop
3109.122,65766172,loop
3109.227,65766172,loop
3109.332,65766172,loop
3109.437,65766172,loop
3109.542,65766172,loop
3109.648,65766172,loop
3109.753,65766172,loop
3109.858,65766172,loop
3109.963,65766172,loop
3110.068,65766172,loop
3110.173,65766172,loop
3110.279,65766172,loop
3110.384,65766172,loop
3110.489,65766172,loop
3110.594,65766172,loop
3110.699,65766172,loop
3110.804,65766172,loop
3110.909,65766172,loop
3111.015,65766172,loop
3111.120,65766172,loop
3111.225,65766172,loop
3111.330,65766172,loop
3111.435,65766172,loop
3111.540,65766172,loop
3111.646,65766172,loop
3111.751,65766172,loop
3111.856,65766172,loop
3111.961,65766172,loop
3112.066,65766172,loop
3112.171,65766172,loop
3112.277,65766172,loop
3112.382,65766172,loop
3112.487,65766172,loop
3112.592,65766172,loop
3112.697,65766172,loop
3112.802,65766172,loop
3112.907,65766172,loop
3113.013,65766172,loop
3113.118,65766172,loop
3113.223,65766172,loop
3113.328,65766172,loop
3113.433,65766172,loop
3113.538,65766172,loop
3113.644,65766172,loop
3113.749,65766172,loop
3113.854,65766172,loop
3113.959,65766172,loop
3114.064,65766172,loop
3114.169,65766428,loop
3114.274,65766428,loop
3114.380,65766428,loop
3114.485,65766428,loop
3114.590,65766428,loop
3114.695,65766428,loop
3114.800,65766428,loop
3114.905,65766428,loop
3115.011,65766428,loop
3115.116,65766428,loop
3115.221,65766428,loop
3115.326,65766428,loop
3115.431,65766428,loop
3115.536,65766428,loop
3115.641,65766428,loop
3115.747,65766428,loop
3115.852,65766428,loop
3115.957,65766428,loop
3116.062,65766428,loop
3116.167,65766428,loop
3116.272,65766428,loop
3116.378,65766428,loop
3116.483,65766428,loop
3116.588,65766428,loop
3116.693,65766428,loop
3116.798,65766428,loop
3116.903,65766428,loop
3117.009,65766428,loop
3117.114,65766428,loop
3117.219,65766428,loop
3117.324,65766428,loop
3117.429,65766428,loop
3117.534,65766428,loop
3117.639,65766428,loop
3117.745,65766428,loop
3117.850,65766428,loop
3117.955,65766428,loop
3118.060,65766428,loop
3118.165,65766428,loop
3118.270,65766428,loop
3118.376,65766428,loop
3118.481,65766428,loop
3118.586,65766428,loop
3118.691,65766428,loop
3118.796,65766428,loop
3118.901,65766428,loop
3119.007,65766428,loop
3119.112,65766428,loop
3119.217,65766428,loop
3119.322,65766428,loop
3119.427,65766428,loop
3119.532,65766428,loop
3119.638,65766428,loop
3119.743,65766428,loop
3119.848,65766428,loop
3119.953,65766428,loop
3120.058,65766428,loop
3120.163,65766428,loop
3120.268,65766428,loop
3120.374,65766428,loop
3120.479,65766428,loop
3120.584,65766428,loop
3120.689,65766428,loop
3120.794,65766428,loop
3120.899,65766428,loop
3121.005,65766428,loop
3121.110,65766428,loop
3121.215,65766428,loop
3121.320,65766428,loop
3121.425,65766428,loop
3121.530,65766428,loop
3121.636,65766428,loop
3121.741,65766428,loop
3121.846,65766428,loop
3121.951,65766428,loop
3122.056,65766428,loop
3122.161,65766428,loop
3122.266,65766428,loop
3122.372,65766428,loop
3122.477,65766428,loop
3122.582,65766428,loop
3122.687,65766428,loop
3122.792,65766428,loop
3122.897,65766428,loop
3123.003,65766428,loop
3123.108,65766428,loop
3123.213,65766428,loop
3123.318,65766428,loop
3123.423,65766428,loop
3123.528,65766428,loop
3123.634,65766428,loop
3123.739,65766428,loop
3123.844,65766428,loop
3123.949,65766428,loop
3124.054,65766428,loop
3124.159,65766428,loop
3124.264,65766428,loop
3124.370,65766684,loop
3124.475,65766684,loop
3124.580,65766684,loop
3124.685,65766684,loop
3124.790,65766684,loop
3124.895,65766684,loop
3125.001,65766684,loop
3125.106,65766684,loop
3125.211,65766684,loop
3125.316,65766684,loop
3125.421,65766684,loop
3125.526,65766684,loop
3125.631,65766684,loop
3125.737,65766684,loop
3125.842,65766684,loop
3125.947,65766684,loop
3126.052,65766684,loop
3126.157,65766684,loop
3126.262,65766684,loop
3126.368,65766684,loop
3126.473,65766684,loop
3126.578,65766684,loop
3126.683,65766684,loop
3126.788,65766684,loop
3126.893,65766684,loop
3126.999,65766684,loop
3127.104,65766684,loop
3127.209,65766684,loop
3127.314,65766684,loop
3127.419,65766684,loop
3127.524,65766684,loop
3127.629,65766684,loop
3127.735,65766684,loop
3127.840,65768732,loop
3127.945,65768732,loop
3128.050,65768732,loop
3128.155,65768732,loop
3128.260,65768732,loop
3128.366,65768732,loop
3128.471,65768732,loop
3128.576,65768732,loop
3128.681,65768732,loop
3128.786,65768732,loop
3128.891,65768732,loop
3128.997,65768732,loop
3129.102,65768732,loop
3129.207,65768732,loop
3129.312,65768732,loop
3129.417,65768732,loop
3129.522,65768732,loop
3129.628,65768732,loop
3129.733,65768732,loop
3129.838,65768732,loop
3129.943,65768732,loop
3130.048,65768732,loop
3130.153,65768732,loop
3130.259,65768732,loop
3130.364,65768732,loop
3130.469,65768732,loop
3130.574,65768732,loop
3130.679,65768732,loop
3130.784,65768732,loop
3130.889,65768732,loop
3130.995,65768732,loop
3131.100,65768732,loop
3131.205,65768732,loop
3131.310,65768732,loop
3131.415,65768732,loop
3131.520,65768732,loop
3131.626,65768732,loop
3131.731,65768732,loop
3131.836,65768732,loop
3131.941,65768732,loop
3132.046,65768732,loop
3132.151,65768732,loop
3132.257,65768732,loop
3132.362,65768732,loop
3132.467,65768732,loop
3132.572,65768732,loop
3132.677,65768732,loop
3132.782,65768732,loop
3132.887,65768732,loop
3132.993,65768732,loop
3133.098,65768732,loop
3133.203,65768732,loop
3133.308,65768732,loop
3133.413,65768732,loop
3133.518,65768732,loop
3133.624,65768732,loop
3133.729,65768732,loop
3133.834,65768732,loop
3133.939,65768732,loop
3134.044,65768732,loop
3134.149,65768732,loop
3134.254,65768732,loop
3134.360,65768732,loop
3134.465,65768732,loop
3134.570,65768732,loop
3134.675,65768988,loop
3134.780,65768988,loop
3134.885,65768988,loop
3134.991,65768988,loop
3135.096,65768988,loop
3135.201,65768988,loop
3135.306,65768988,loop
3135.411,65768988,loop
3135.516,65768988,loop
3135.622,65768988,loop
3135.727,65768988,loop
3135.832,65768988,loop
3135.937,65768988,loop
3136.042,65768988,loop
3136.147,65768988,loop
3136.252,65768988,loop
3136.358,65768988,loop
3136.463,65768988,loop
3136.568,65768988,loop
3136.673,65768988,loop
3136.778,65768988,loop
3136.883,65768988,loop
3136.989,65768988,loop
3137.094,65768988,loop
3137.199,65768988,loop
3137.304,65768988,loop
3137.409,65768988,loop
3137.514,65768988,loop
3137.620,65768988,loop
3137.725,65768988,loop
3137.830,65768988,loop
3137.935,65768988,loop
3138.040,65768988,loop
3138.145,65768988,loop
3138.250,65768988,loop
3138.356,65768988,loop
3138.461,65768988,loop
3138.566,65768988,loop
3138.671,65768988,loop
3138.776,65768988,loop
3138.881,65768988,loop
3138.987,65768988,loop
3139.092,65768988,loop
3139.197,65768988,loop
3139.302,65768988,loop
3139.407,65768988,loop
3139.512,65768988,loop
3139.618,65768988,loop
3139.723,65768988,loop
3139.828,65768988,loop
3139.933,65768988,loop
3140.038,65768988,loop
3140.143,65768988,loop
3140.248,65768988,loop
3140.354,65768988,loop
3140.459,65768988,loop
3140.564,65768988,loop
3140.669,65768988,loop
3140.774,65768988,loop
3140.879,65768988,loop
3140.985,65768988,loop
3141.090,65768988,loop
3141.195,65768988,loop
3141.300,65768988,loop
3141.405,65768988,loop
3141.510,65768988,loop
3141.616,65768988,loop
3141.721,65768988,loop
3141.826,65768988,loop
3141.931,65768988,loop
3142.036,65768988,loop
3142.141,65768988,loop
3142.246,65768988,loop
3142.352,65768988,loop
3142.457,65768988,loop
3142.562,65768988,loop
3142.667,65768988,loop
3142.772,65768988,loop
3142.877,65768988,loop
3142.983,65768988,loop
3143.088,65768988,loop
3143.193,65768988,loop
3143.298,65768988,loop
3143.403,65768988,loop
3143.508,65768988,loop
3143.613,65768988,loop
3143.719,65768988,loop
3143.824,65768988,loop
3143.929,65768988,loop
3144.034,65768988,loop
3144.139,65768988,loop
3144.244,65768988,loop
3144.350,65768988,loop
3144.455,65768988,loop
3144.560,65768988,loop
3144.665,65768988,loop
3144.770,65768988,loop
3144.875,65769244,loop
3144.980,65769244,loop
3145.086,65769244,loop
3145.191,65769244,loop
3145.296,65769244,loop
3145.401,65769244,loop
3145.506,65769244,loop
3145.611,65769244,loop
3145.717,65769244,loop
3145.822,65769244,loop
3145.927,65769244,loop
3146.032,65769244,loop
3146.137,65769244,loop
3146.242,65769244,loop
3146.348,65769244,loop
3146.453,65769244,loop
3146.558,65769244,loop
3146.663,65769244,loop
3146.768,65769244,loop
3146.873,65769244,loop
3146.978,65769244,loop
3147.084,65769244,loop
3147.189,65769244,loop
3147.294,65769244,loop
3147.399,65769244,loop
3147.504,65769244,loop
3147.609,65769244,loop
3147.715,65769244,loop
3147.820,65769244,loop
3147.925,65769244,loop
3148.030,65769244,loop
3148.135,65769244,loop
3148.240,65769244,loop
3148.345,65769244,loop
3148.451,65769244,loop
3148.556,65769244,loop
3148.661,65769244,loop
3148.766,65769244,loop
3148.871,65769244,loop
3148.976,65769244,loop
3149.082,65769244,loop
3149.187,65769244,loop
3149.292,65769244,loop
3149.397,65769244,loop
3149.502,65769244,loop
3149.607,65769244,loop
3149.713,65769244,loop
3149.818,65769244,loop
3149.923,65769244,loop
3150.028,65769244,loop
3150.133,65769244,loop
3150.238,65769244,loop
3150.343,65769244,loop
3150.449,65769244,loop
3150.554,65769244,loop
3150.659,65769244,loop
3150.764,65769244,loop
3150.869,65769244,loop
3150.974,65769244,loop
3151.080,65769244,loop
3151.185,65769244,loop
3151.290,65769244,loop
3151.395,65769244,loop
3151.500,65769244,loop
3151.605,65769244,loop
3151.711,65769244,loop
3151.816,65769244,loop
3151.921,65769244,loop
3152.026,65769244,loop
3152.131,65769244,loop
3152.236,65769244,loop
3152.341,65769244,loop
3152.447,65769244,loop
3152.552,65769244,loop
3152.657,65769244,loop
3152.762,65769244,loop
3152.867,65769244,loop
3152.972,65769244,loop
3153.078,65769244,loop
3153.183,65769244,loop
3153.288,65769244,loop
3153.393,65769244,loop
3153.498,65769244,loop
3153.603,65769244,loop
3153.709,65769244,loop
3153.814,65769244,loop
3153.919,65769244,loop
3154.024,65769244,loop
3154.129,65769244,loop
3154.234,65769244,loop
3154.339,65769244,loop
3154.445,65769244,loop
3154.550,65769244,loop
3154.655,65769244,loop
3154.760,65769244,loop
3154.865,65769244,loop
3154.970,65769244,loop
3155.076,65769244,loop
3155.181,65769500,loop
3155.286,65769500,loop
3155.391,65769500,loop
3155.496,65769500,loop
3155.601,65769500,loop
3155.706,65769500,loop
3155.812,65769500,loop
3155.917,65769500,loop
3156.022,65769500,loop
3156.127,65769500,loop
3156.232,65769500,loop
3156.337,65769500,loop
3156.443,65769500,loop
3156.548,65769500,loop
3156.653,65769500,loop
3156.758,65769500,loop
3156.863,65769500,loop
3156.968,65769500,loop
3157.074,65769500,loop
3157.179,65769500,loop
3157.284,65769500,loop
3157.389,65769500,loop
3157.494,65769500,loop
3157.599,65769500,loop
3157.704,65769500,loop
3157.810,65769500,loop
3157.915,65769500,loop
3158.020,65769500,loop
3158.125,65769500,loop
3158.230,65769500,loop
3158.335,65769500,loop
3158.441,65769500,loop
3158.546,65769500,loop
3158.651,65769500,loop
3158.756,65769500,loop
3158.861,65769500,loop
3158.966,65769500,loop
3159.072,65769500,loop
3159.177,65769500,loop
3159.282,65769500,loop
3159.387,65769500,loop
3159.492,65769500,loop
3159.597,65769500,loop
3159.702,65769500,loop
3159.808,65769500,loop
3159.913,65769500,loop
3160.018,65769500,loop
3160.123,65769500,loop
3160.228,65769500,loop
3160.333,65769500,loop
3160.439,65769500,loop
3160.544,65769500,loop
3160.649,65769500,loop
3160.754,65769500,loop
3160.859,65769500,loop
3160.964,65769500,loop
3161.070,65769500,loop
3161.175,65769500,loop
3161.280,65769500,loop
3161.385,65769500,loop
3161.490,65769500,loop
3161.595,65769500,loop
3161.700,65769500,loop
3161.806,65769500,loop
3161.911,65769500,loop
3162.016,65769500,loop
3162.121,65769500,loop
3162.226,65769500,loop
3162.331,65769500,loop
3162.437,65769500,loop
3162.542,65769500,loop
3162.647,65769500,loop
3162.752,65769500,loop
3162.857,65769500,loop
3162.962,65769500,loop
3163.068,65769500,loop
3163.173,65769500,loop
3163.278,65769500,loop
3163.383,65769500,loop
3163.488,65769500,loop
3163.593,65769500,loop
3163.699,65769500,loop
3163.804,65769500,loop
3163.909,65769500,loop
3164.014,65769500,loop
3164.119,65769500,loop
3164.224,65769500,loop
3164.329,65769500,loop
3164.435,65769500,loop
3164.540,65769500,loop
3164.645,65769500,loop
3164.750,65769500,loop
3164.855,65769500,loop
3164.960,65769500,loop
3165.065,65769500,loop
3165.171,65769500,loop
3165.276,65769500,loop
3165.381,65769756,loop
3165.486,65769756,loop
3165.591,65769756,loop
3165.696,65769756,loop
3165.802,65769756,loop
3165.907,65769756,loop
3166.012,65769756,loop
3166.117,65769756,loop
3166.222,65769756,loop
3166.327,65769756,loop
3166.433,65769756,loop
3166.538,65769756,loop
3166.643,65769756,loop
3166.748,65769756,loop
3166.853,65769756,loop
3166.958,65769756,loop
3167.063,65769756,loop
3167.169,65769756,loop
3167.274,65769756,loop
3167.379,65769756,loop
3167.484,65769756,loop
3167.589,65769756,loop
3167.694,65769756,loop
3167.800,65769756,loop
3167.905,65769756,loop
3168.010,65769756,loop
3168.115,65769756,loop
3168.220,65769756,loop
3168.325,65769756,loop
3168.431,65769756,loop
3168.536,65769756,loop
3168.641,65769756,loop
3168.746,65769756,loop
3168.851,65769756,loop
3168.956,65769756,loop
3169.061,65769756,loop
3169.167,65769756,loop
3169.272,65769756,loop
3169.377,65769756,loop
3169.482,65769756,loop
3169.587,65769756,loop
3169.692,65769756,loop
3169.798,65769756,loop
3169.903,65769756,loop
3170.008,65769756,loop
3170.113,65769756,loop
3170.218,65769756,loop
3170.323,65769756,loop
3170.429,65769756,loop
3170.534,65769756,loop
3170.639,65769756,loop
3170.744,65769756,loop
3170.849,65769756,loop
3170.954,65769756,loop
3171.060,65769756,loop
3171.165,65769756,loop
3171.270,65769756,loop
3171.375,65769756,loop
3171.480,65769756,loop
3171.585,65769756,loop
3171.691,65769756,loop
3171.796,65769756,loop
3171.901,65769756,loop
3172.006,65769756,loop
3172.111,65769756,loop
3172.216,65769756,loop
3172.321,65769756,loop
3172.427,65769756,loop
3172.532,65769756,loop
3172.637,65769756,loop
3172.742,65769756,loop
3172.847,65769756,loop
3172.952,65769756,loop
3173.058,65769756,loop
3173.163,65769756,loop
3173.268,65769756,loop
3173.373,65769756,loop
3173.478,65769756,loop
3173.583,65769756,loop
3173.688,65769756,loop
3173.794,65769756,loop
3173.899,65769756,loop
3174.004,65769756,loop
3174.109,65769756,loop
3174.214,65769756,loop
3174.320,65769756,loop
3174.425,65769756,loop
3174.530,65769756,loop
3174.635,65769756,loop
3174.740,65769756,loop
3174.845,65769756,loop
3174.950,65769756,loop
3175.056,65769756,loop
3175.161,65769756,loop
3175.266,65769756,loop
3175.371,65769756,loop
3175.476,65769756,loop
3175.581,65770012,loop
3175.687,65770012,loop
3175.792,65770012,loop
3175.897,65770012,loop
3176.002,65770012,loop
3176.107,65770012,loop
3176.212,65770012,loop
3176.318,65770012,loop
3176.423,65770012,loop
3176.528,65770012,loop
3176.633,65770012,loop
3176.738,65770012,loop
3176.843,65770012,loop
3176.948,65770012,loop
3177.054,65770012,loop
3177.159,65770012,loop
3177.264,65770012,loop
3177.369,65770012,loop
3177.474,65770012,loop
3177.579,65770012,loop
3177.685,65770012,loop
3177.790,65770012,loop
3177.895,65770012,loop
3178.000,65770012,loop
3178.105,65770012,loop
3178.210,65770012,loop
3178.316,65770012,loop
3178.421,65770012,loop
3178.526,65770012,loop
3178.631,65770012,loop
3178.736,65770012,loop
3178.841,65770012,loop
3178.946,65770012,loop
3179.052,65770012,loop
3179.157,65770012,loop
3179.262,65770012,loop
3179.367,65770012,loop
3179.472,65770012,loop
3179.577,65770012,loop
3179.683,65770012,loop
3179.788,65770012,loop
3179.893,65770012,loop
3179.998,65770012,loop
3180.103,65770012,loop
3180.208,65770012,loop
3180.314,65770012,loop
3180.419,65770012,loop
3180.524,65770012,loop
3180.629,65770012,loop
3180.734,65770012,loop
3180.839,65770012,loop
3180.944,65770012,loop
3181.050,65770012,loop
3181.155,65770012,loop
3181.260,65770012,loop
3181.365,65770012,loop
3181.470,65770012,loop
3181.575,65770012,loop
3181.681,65770012,loop
3181.786,65770012,loop
3181.891,65770012,loop
3181.996,65770012,loop
3182.101,65770012,loop
3182.206,65770012,loop
3182.311,65770012,loop
3182.417,65770012,loop
3182.522,65770012,loop
3182.627,65770012,loop
3182.732,65770012,loop
3182.837,65770012,loop
3182.942,65770012,loop
3183.048,65770012,loop
3183.153,65770012,loop
3183.258,65770012,loop
3183.363,65770012,loop
3183.468,65770012,loop
3183.573,65770012,loop
3183.679,65772060,loop
3183.784,65772060,loop
3183.889,65772060,loop
3183.994,65772060,loop
3184.099,65772060,loop
3184.204,65772060,loop
3184.310,65772060,loop
3184.415,65772060,loop
3184.520,65772060,loop
3184.625,65772060,loop
3184.730,65772060,loop
3184.835,65772060,loop
3184.941,65772060,loop
3185.046,65772060,loop
3185.151,65772060,loop
3185.256,65772060,loop
3185.361,65772060,loop
3185.466,65772060,loop
3185.572,65772060,loop
3185.677,65772060,loop
3185.782,65772060,loop
3185.887,65772316,loop
3185.992,65772316,loop
3186.097,65772316,loop
3186.203,65772316,loop
3186.308,65772316,loop
3186.413,65772316,loop
3186.518,65772316,loop
3186.623,65772316,loop
3186.728,65772316,loop
3186.833,65772316,loop
3186.939,65772316,loop
3187.044,65772316,loop
3187.149,65772316,loop
3187.254,65772316,loop
3187.359,65772316,loop
3187.464,65772316,loop
3187.570,65772316,loop
3187.675,65772316,loop
3187.780,65772316,loop
3187.885,65772316,loop
3187.990,65772316,loop
3188.095,65772316,loop
3188.201,65772316,loop
3188.306,65772316,loop
3188.411,65772316,loop
3188.516,65772316,loop
3188.621,65772316,loop
3188.726,65772316,loop
3188.831,65772316,loop
3188.937,65772316,loop
3189.042,65772316,loop
3189.147,65772316,loop
3189.252,65772316,loop
3189.357,65772316,loop
3189.462,65772316,loop
3189.568,65772316,loop
3189.673,65772316,loop
3189.778,65772316,loop
3189.883,65772316,loop
3189.988,65772316,loop
3190.093,65772316,loop
3190.199,65772316,loop
3190.304,65772316,loop
3190.409,65772316,loop
3190.514,65772316,loop
3190.619,65772316,loop
3190.724,65772316,loop
3190.829,65772316,loop
3190.935,65772316,loop
3191.040,65772316,loop
3191.145,65772316,loop
3191.250,65772316,loop
3191.355,65772316,loop
3191.460,65772316,loop
3191.566,65772316,loop
3191.671,65772316,loop
3191.776,65772316,loop
3191.881,65772316,loop
3191.986,65772316,loop
3192.091,65772316,loop
3192.197,65772316,loop
3192.302,65772316,loop
3192.407,65772316,loop
3192.512,65772316,loop
3192.617,65772316,loop
3192.722,65772316,loop
3192.827,65772316,loop
3192.933,65772316,loop
3193.038,65772316,loop
3193.143,65772316,loop
3193.248,65772316,loop
3193.353,65772316,loop
3193.458,65772316,loop
3193.564,65772316,loop
3193.669,65772316,loop
3193.774,65772316,loop
3193.879,65772316,loop
3193.984,65772316,loop
3194.089,65772316,loop
3194.195,65772316,loop
3194.300,65772316,loop
3194.405,65772316,loop
3194.510,65772316,loop
3194.615,65772316,loop
3194.720,65772316,loop
3194.825,65772316,loop
3194.931,65772316,loop
3195.036,65772316,loop
3195.141,65772316,loop
3195.246,65772316,loop
3195.351,65772316,loop
3195.456,65772316,loop
3195.562,65772316,loop
3195.667,65772316,loop
3195.772,65772316,loop
3195.877,65772316,loop
3195.982,65772316,loop
3196.087,65772572,loop
3196.193,65772572,loop
3196.298,65772572,loop
3196.403,65772572,loop
3196.508,65772572,loop
3196.613,65772572,loop
3196.718,65772572,loop
3196.823,65772572,loop
3196.929,65772572,loop
3197.034,65772572,loop
3197.139,65772572,loop
3197.244,65772572,loop
3197.349,65772572,loop
3197.454,65772572,loop
3197.560,65772572,loop
3197.665,65772572,loop
3197.770,65772572,loop
3197.875,65772572,loop
3197.980,65772572,loop
3198.085,65772572,loop
3198.191,65772572,loop
3198.296,65772572,loop
3198.401,65772572,loop
3198.506,65772572,loop
3198.611,65772572,loop
3198.716,65772572,loop
3198.821,65772572,loop
3198.927,65772572,loop
3199.032,65772572,loop
3199.137,65772572,loop
3199.242,65772572,loop
3199.347,65772572,loop
3199.452,65772572,loop
3199.558,65772572,loop
3199.663,65772572,loop
3199.768,65772572,loop
3199.873,65772572,loop
3199.978,65772572,loop
3200.083,65772572,loop
3200.188,65772572,loop
3200.294,65772572,loop
3200.399,65772572,loop
3200.504,65772572,loop
3200.609,65772572,loop
3200.714,65772572,loop
3200.819,65772572,loop
3200.925,65772572,loop
3201.030,65772572,loop
3201.135,65772572,loop
3201.240,65772572,loop
3201.345,65772572,loop
3201.450,65772572,loop
3201.555,65772572,loop
3201.661,65772572,loop
3201.766,65772572,loop
3201.871,65772572,loop
3201.976,65772572,loop
3202.081,65772572,loop
3202.186,65772572,loop
3202.292,65772572,loop
3202.397,65772572,loop
3202.502,65772572,loop
3202.607,65772572,loop
3202.712,65772572,loop
3202.817,65772572,loop
3202.922,65772572,loop
3203.028,65772572,loop
3203.133,65772572,loop
3203.238,65772572,loop
3203.343,65772572,loop
3203.448,65772572,loop
3203.553,65772572,loop
3203.659,65772572,loop
3203.764,65772572,loop
3203.869,65772572,loop
3203.974,65772572,loop
3204.079,65772572,loop
3204.184,65772572,loop
3204.289,65772572,loop
3204.395,65772572,loop
3204.500,65772572,loop
3204.605,65772572,loop
3204.710,65772572,loop
3204.815,65772572,loop
3204.920,65772572,loop
3205.026,65772572,loop
3205.131,65772572,loop
3205.236,65772572,loop
3205.341,65772572,loop
3205.446,65772572,loop
3205.551,65772572,loop
3205.657,65772572,loop
3205.762,65772572,loop
3205.867,65772572,loop
3205.972,65772572,loop
3206.077,65772572,loop
3206.182,65772572,loop
3206.287,65772828,loop
3206.393,65772828,loop
3206.498,65772828,loop
3206.603,65772828,loop
3206.708,65772828,loop
3206.813,65772828,loop
3206.918,65772828,loop
3207.024,65772828,loop
3207.129,65772828,loop
3207.234,65772828,loop
3207.339,65772828,loop
3207.444,65772828,loop
3207.549,65772828,loop
3207.655,65772828,loop
3207.760,65772828,loop
3207.865,65772828,loop
3207.970,65772828,loop
3208.075,65772828,loop
3208.180,65772828,loop
3208.285,65772828,loop
3208.391,65772828,loop
3208.496,65772828,loop
3208.601,65772828,loop
3208.706,65772828,loop
3208.811,65772828,loop
3208.916,65772828,loop
3209.022,65772828,loop
3209.127,65772828,loop
3209.232,65772828,loop
3209.337,65772828,loop
3209.442,65772828,loop
3209.547,65772828,loop
3209.653,65772828,loop
3209.758,65772828,loop
3209.863,65772828,loop
3209.968,65772828,loop
3210.073,65772828,loop
3210.178,65772828,loop
3210.283,65772828,loop
3210.389,65772828,loop
3210.494,65772828,loop
3210.599,65772828,loop
3210.704,65772828,loop
3210.809,65772828,loop
3210.914,65772828,loop
3211.020,65772828,loop
3211.125,65772828,loop
3211.230,65772828,loop
3211.335,65772828,loop
3211.440,65772828,loop
3211.545,65772828,loop
3211.650,65772828,loop
3211.756,65772828,loop
3211.861,65772828,loop
3211.966,65772828,loop
3212.071,65772828,loop
3212.176,65772828,loop
3212.281,65772828,loop
3212.387,65772828,loop
3212.492,65772828,loop
3212.597,65772828,loop
3212.702,65772828,loop
3212.807,65772828,loop
3212.912,65772828,loop
3213.018,65772828,loop
3213.123,65772828,loop
3213.228,65772828,loop
3213.333,65772828,loop
3213.438,65772828,loop
3213.543,65772828,loop
3213.648,65772828,loop
3213.754,65772828,loop
3213.859,65772828,loop
3213.964,65772828,loop
3214.069,65772828,loop
3214.174,65772828,loop
3214.279,65772828,loop
3214.385,65772828,loop
3214.490,65772828,loop
3214.595,65772828,loop
3214.700,65772828,loop
3214.805,65772828,loop
3214.910,65772828,loop
3215.016,65772828,loop
3215.121,65772828,loop
3215.226,65772828,loop
3215.331,65772828,loop
3215.436,65772828,loop
3215.541,65772828,loop
3215.646,65772828,loop
3215.752,65772828,loop
3215.857,65772828,loop
3215.962,65772828,loop
3216.067,65772828,loop
3216.172,65772828,loop
3216.277,65772828,loop
3216.383,65772828,loop
3216.488,65772828,loop
3216.593,65773084,loop
3216.698,65773084,loop
3216.803,65773084,loop
3216.908,65773084,loop
3217.013,65773084,loop
3217.119,65773084,loop
3217.224,65773084,loop
3217.329,65773084,loop
3217.434,65773084,loop
3217.539,65773084,loop
3217.644,65773084,loop
3217.750,65773084,loop
3217.855,65773084,loop
3217.960,65773084,loop
3218.065,65773084,loop
3218.170,65773084,loop
3218.275,65773084,loop
3218.380,65773084,loop
3218.486,65773084,loop
3218.591,65773084,loop
3218.696,65773084,loop
3218.801,65773084,loop
3218.906,65773084,loop
3219.011,65773084,loop
3219.117,65773084,loop
3219.222,65773084,loop
3219.327,65773084,loop
3219.432,65773084,loop
3219.537,65773084,loop
3219.642,65773084,loop
3219.748,65773084,loop
3219.853,65773084,loop
3219.958,65773084,loop
3220.063,65773084,loop
3220.168,65773084,loop
3220.273,65773084,loop
3220.379,65773084,loop
3220.484,65773084,loop
3220.589,65773084,loop
3220.694,65773084,loop
3220.799,65773084,loop
3220.904,65773084,loop
3221.009,65773084,loop
3221.115,65773084,loop
3221.220,65773084,loop
3221.325,65773084,loop
3221.430,65773084,loop
3221.535,65773084,loop
3221.640,65773084,loop
3221.746,65773084,loop
3221.851,65773084,loop
3221.956,65773084,loop
3222.061,65773084,loop
3222.166,65773084,loop
3222.271,65773084,loop
3222.376,65773084,loop
3222.482,65773084,loop
3222.587,65773084,loop
3222.692,65773084,loop
3222.797,65773084,loop
3222.902,65773084,loop
3223.007,65773084,loop
3223.113,65773084,loop
3223.218,65773084,loop
3223.323,65773084,loop
3223.428,65773084,loop
3223.533,65773084,loop
3223.638,65773084,loop
3223.744,65773084,loop
3223.849,65773084,loop
3223.954,65773084,loop
3224.059,65773084,loop
3224.164,65773084,loop
3224.269,65773084,loop
3224.374,65773084,loop
3224.480,65773084,loop
3224.585,65773084,loop
3224.690,65773084,loop
3224.795,65773084,loop
3224.900,65773084,loop
3225.005,65773084,loop
3225.111,65773084,loop
3225.216,65773084,loop
3225.321,65773084,loop
3225.426,65773084,loop
3225.531,65773084,loop
3225.636,65773084,loop
3225.741,65773084,loop
3225.847,65773084,loop
3225.952,65773084,loop
3226.057,65773084,loop
3226.162,65773084,loop
3226.267,65773084,loop
3226.372,65773084,loop
3226.478,65773084,loop
3226.583,65773084,loop
3226.688,65773084,loop
3226.793,65773340,loop
3226.898,65773340,loop
3227.003,65773340,loop
3227.109,65773340,loop
3227.214,65773340,loop
3227.319,65773340,loop
3227.424,65773340,loop
3227.529,65773340,loop
3227.634,65773340,loop
3227.739,65773340,loop
3227.845,65773340,loop
3227.950,65773340,loop
3228.055,65773340,loop
3228.160,65773340,loop
3228.265,65773340,loop
3228.370,65773340,loop
3228.476,65773340,loop
3228.581,65773340,loop
3228.686,65773340,loop
3228.791,65773340,loop
3228.896,65773340,loop
3229.001,65773340,loop
3229.107,65773340,loop
3229.212,65773340,loop
3229.317,65773340,loop
3229.422,65773340,loop
3229.527,65773340,loop
3229.632,65773340,loop
3229.737,65773340,loop
3229.843,65773340,loop
3229.948,65773340,loop
3230.053,65773340,loop
3230.158,65773340,loop
3230.263,65773340,loop
3230.368,65773340,loop
3230.474,65773340,loop
3230.579,65773340,loop
3230.684,65773340,loop
3230.789,65773340,loop
3230.894,65773340,loop
3230.999,65773340,loop
3231.105,65773340,loop
3231.210,65773340,loop
3231.315,65773340,loop
3231.420,65773340,loop
3231.525,65773340,loop
3231.630,65773340,loop
3231.735,65773340,loop
3231.841,65773340,loop
3231.946,65773340,loop
3232.051,65773340,loop
3232.156,65773340,loop
3232.261,65773340,loop
3232.366,65773340,loop
3232.472,65773340,loop
3232.577,65773340,loop
3232.682,65773340,loop
3232.787,65773340,loop
3232.892,65773340,loop
3232.997,65773340,loop
3233.102,65773340,loop
3233.208,65773340,loop
3233.313,65773340,loop
3233.418,65773340,loop
3233.523,65773340,loop
3233.628,65773340,loop
3233.733,65773340,loop
3233.839,65773340,loop
3233.944,65773340,loop
3234.049,65773340,loop
3234.154,65773340,loop
3234.259,65773340,loop
3234.364,65773340,loop
3234.470,65773340,loop
3234.575,65773340,loop
3234.680,65773340,loop
3234.785,65773340,loop
3234.890,65773340,loop
3234.995,65773340,loop
3235.100,65773340,loop
3235.206,65773340,loop
3235.311,65773340,loop
3235.416,65773340,loop
3235.521,65773340,loop
3235.626,65773340,loop
3235.731,65773340,loop
3235.837,65773340,loop
3235.942,65773340,loop
3236.047,65773340,loop
3236.152,65773340,loop
3236.257,65773340,loop
3236.362,65773340,loop
3236.467,65773340,loop
3236.573,65773340,loop
3236.678,65773340,loop
3236.783,65773340,loop
3236.888,65773340,loop
3236.993,65773340,loop
3237.098,65773596,loop
3237.204,65773596,loop
3237.309,65773596,loop
3237.414,65773596,loop
3237.519,65773596,loop
3237.624,65773596,loop
3237.729,65773596,loop
3237.834,65773596,loop
3237.940,65773596,loop
3238.045,65773596,loop
3238.150,65773596,loop
3238.255,65773596,loop
3238.360,65773596,loop
3238.465,65773596,loop
3238.571,65773596,loop
3238.676,65773596,loop
3238.781,65773596,loop
3238.886,65773596,loop
3238.991,65773596,loop
3239.096,65773596,loop
3239.202,65773596,loop
3239.307,65773596,loop
3239.412,65773596,loop
3239.517,65775644,loop
3239.622,65775644,loop
3239.727,65775644,loop
3239.832,65775644,loop
3239.938,65775644,loop
3240.043,65775644,loop
3240.148,65775644,loop
3240.253,65775644,loop
3240.358,65775644,loop
3240.463,65775644,loop
3240.569,65775644,loop
3240.674,65775644,loop
3240.779,65775644,loop
3240.884,65775644,loop
3240.989,65775644,loop
3241.094,65775644,loop
3241.200,65775644,loop
3241.305,65775644,loop
3241.410,65775644,loop
3241.515,65775644,loop
3241.620,65775644,loop
3241.725,65775644,loop
3241.830,65775644,loop
3241.936,65775644,loop
3242.041,65775644,loop
3242.146,65775644,loop
3242.251,65775644,loop
3242.356,65775644,loop
3242.461,65775644,loop
3242.567,65775644,loop
3242.672,65775644,loop
3242.777,65775644,loop
3242.882,65775644,loop
3242.987,65775644,loop
3243.092,65775644,loop
3243.198,65775644,loop
3243.303,65775644,loop
3243.408,65775644,loop
3243.513,65775644,loop
3243.618,65775644,loop
3243.723,65775644,loop
3243.828,65775644,loop
3243.934,65775644,loop
3244.039,65775644,loop
3244.144,65775644,loop
3244.249,65775644,loop
3244.354,65775644,loop
3244.459,65775644,loop
3244.565,65775644,loop
3244.670,65775644,loop
3244.775,65775644,loop
3244.880,65775644,loop
3244.985,65775644,loop
3245.090,65775644,loop
3245.195,65775644,loop
3245.301,65775644,loop
3245.406,65775644,loop
3245.511,65775644,loop
3245.616,65775644,loop
3245.721,65775644,loop
3245.826,65775644,loop
3245.932,65775644,loop
3246.037,65775644,loop
3246.142,65775644,loop
3246.247,65775644,loop
3246.352,65775644,loop
3246.457,65775644,loop
3246.563,65775644,loop
3246.668,65775644,loop
3246.773,65775644,loop
3246.878,65775644,loop
3246.983,65775644,loop
3247.088,65775644,loop
3247.193,65775644,loop
3247.331,65775676,loop
3247.436,65775900,loop
3247.542,65775900,loop
3247.647,65775900,loop
3247.752,65775900,loop
3247.857,65775900,loop
3247.962,65775900,loop
3248.067,65775900,loop
3248.173,65775900,loop
3248.278,65775900,loop
3248.383,65775900,loop
3248.488,65775900,loop
3248.593,65775900,loop
3248.698,65775900,loop
3248.803,65775900,loop
3248.909,65775900,loop
3249.014,65775900,loop
3249.119,65775900,loop
3249.224,65775900,loop
3249.329,65775900,loop
3249.434,65775900,loop
3249.540,65775900,loop
3249.645,65775900,loop
3249.750,65775900,loop
3249.855,65775900,loop
3249.960,65775900,loop
3250.065,65775900,loop
3250.171,65775900,loop
3250.276,65775900,loop
3250.381,65775900,loop
3250.486,65775900,loop
3250.591,65775900,loop
3250.696,65775900,loop
3250.801,65775900,loop
3250.907,65775900,loop
3251.012,65775900,loop
3251.117,65775900,loop
3251.222,65775900,loop
3251.327,65775900,loop
3251.432,65775900,loop
3251.538,65775900,loop
3251.643,65775900,loop
3251.748,65775900,loop
3251.853,65775900,loop
3251.958,65775900,loop
3252.063,65775900,loop
3252.168,65775900,loop
3252.274,65775900,loop
3252.379,65775900,loop
3252.484,65775900,loop
3252.589,65775900,loop
3252.694,65775900,loop
3252.799,65775900,loop
3252.905,65775900,loop
3253.010,65775900,loop
3253.115,65775900,loop
3253.220,65775900,loop
3253.325,65775900,loop
3253.430,65775900,loop
3253.536,65775900,loop
3253.641,65775900,loop
3253.746,65775900,loop
3253.851,65775900,loop
3253.956,65775900,loop
3254.061,65775900,loop
3254.167,65775900,loop
3254.272,65775900,loop
3254.377,65775900,loop
3254.482,65775900,loop
3254.587,65775900,loop
3254.692,65775900,loop
3254.797,65775900,loop
3254.903,65775900,loop
3255.008,65775900,loop
3255.113,65775900,loop
3255.218,65775900,loop
3255.323,65775900,loop
3255.428,65775900,loop
3255.534,65775900,loop
3255.639,65775900,loop
3255.744,65775900,loop
3255.849,65775900,loop
3255.954,65775900,loop
3256.059,65775900,loop
3256.164,65775900,loop
3256.270,65775900,loop
3256.375,65775900,loop
3256.480,65775900,loop
3256.585,65775900,loop
3256.690,65775900,loop
3256.795,65775900,loop
3256.901,65775900,loop
3257.006,65775900,loop
3257.111,65775900,loop
3257.216,65775900,loop
3257.321,65775900,loop
3257.426,65775900,loop
3257.531,65776156,loop
3257.637,65776156,loop
3257.742,65776156,loop
3257.847,65776156,loop
3257.952,65776156,loop
3258.057,65776156,loop
3258.162,65776156,loop
3258.268,65776156,loop
3258.373,65776156,loop
3258.478,65776156,loop
3258.583,65776156,loop
3258.688,65776156,loop
3258.793,65776156,loop
3258.898,65776156,loop
3259.004,65776156,loop
3259.109,65776156,loop
3259.214,65776156,loop
3259.319,65776156,loop
3259.424,65776156,loop
3259.529,65776156,loop
3259.635,65776156,loop
3259.740,65776156,loop
3259.845,65776156,loop
3259.950,65776156,loop
3260.055,65776156,loop
3260.160,65776156,loop
3260.266,65776156,loop
3260.371,65776156,loop
3260.476,65776156,loop
3260.581,65776156,loop
3260.686,65776156,loop
3260.791,65776156,loop
3260.896,65776156,loop
3261.002,65776156,loop
3261.107,65776156,loop
3261.212,65776156,loop
3261.317,65776156,loop
3261.422,65776156,loop
3261.527,65776156,loop
3261.633,65776156,loop
3261.738,65776156,loop
3261.843,65776156,loop
3261.948,65776156,loop
3262.053,65776156,loop
3262.158,65776156,loop
3262.264,65776156,loop
3262.369,65776156,loop
3262.474,65776156,loop
3262.579,65776156,loop
3262.684,65776156,loop
3262.789,65776156,loop
3262.894,65776156,loop
3263.000,65776156,loop
3263.105,65776156,loop
3263.210,65776156,loop
3263.315,65776156,loop
3263.420,65776156,loop
3263.525,65776156,loop
3263.631,65776156,loop
3263.736,65776156,loop
3263.841,65776156,loop
3263.946,65776156,loop
3264.051,65776156,loop
3264.156,65776156,loop
3264.261,65776156,loop
3264.367,65776156,loop
3264.472,65776156,loop
3264.577,65776156,loop
3264.682,65776156,loop
3264.787,65776156,loop
3264.892,65776156,loop
3264.998,65776156,loop
3265.103,65776156,loop
3265.208,65776156,loop
3265.313,65776156,loop
3265.418,65776156,loop
3265.523,65776156,loop
3265.629,65776156,loop
3265.734,65776156,loop
3265.839,65776156,loop
3265.944,65776156,loop
3266.049,65776156,loop
3266.154,65776156,loop
3266.260,65776156,loop
3266.365,65776156,loop
3266.470,65776156,loop
3266.575,65776156,loop
3266.680,65776156,loop
3266.785,65776156,loop
3266.890,65776156,loop
3266.996,65776156,loop
3267.101,65776156,loop
3267.206,65776156,loop
3267.311,65776156,loop
3267.416,65776156,loop
3267.521,65776156,loop
3267.627,65776156,loop
3267.732,65776412,loop
3267.837,65776412,loop
3267.942,65776412,loop
3268.047,65776412,loop
3268.152,65776412,loop
3268.258,65776412,loop
3268.363,65776412,loop
3268.468,65776412,loop
3268.573,65776412,loop
3268.678,65776412,loop
3268.783,65776412,loop
3268.888,65776412,loop
3268.994,65776412,loop
3269.099,65776412,loop
3269.204,65776412,loop
3269.309,65776412,loop
3269.414,65776412,loop
3269.519,65776412,loop
3269.625,65776412,loop
3269.730,65776412,loop
3269.835,65776412,loop
3269.940,65776412,loop
3270.045,65776412,loop
3270.150,65776412,loop
3270.256,65776412,loop
3270.361,65776412,loop
3270.466,65776412,loop
3270.571,65776412,loop
3270.676,65776412,loop
3270.781,65776412,loop
3270.886,65776412,loop
3270.992,65776412,loop
3271.097,65776412,loop
3271.202,65776412,loop
3271.307,65776412,loop
3271.412,65776412,loop
3271.517,65776412,loop
3271.623,65776412,loop
3271.728,65776412,loop
3271.833,65776412,loop
3271.938,65776412,loop
3272.043,65776412,loop
3272.148,65776412,loop
3272.254,65776412,loop
3272.359,65776412,loop
3272.464,65776412,loop
3272.569,65776412,loop
3272.674,65776412,loop
3272.779,65776412,loop
3272.884,65776412,loop
3272.990,65776412,loop
3273.095,65776412,loop
3273.200,65776412,loop
3273.305,65776412,loop
3273.410,65776412,loop
3273.515,65776412,loop
3273.621,65776412,loop
3273.726,65776412,loop
3273.831,65776412,loop
3273.936,65776412,loop
3274.041,65776412,loop
3274.146,65776412,loop
3274.251,65776412,loop
3274.357,65776412,loop
3274.462,65776412,loop
3274.567,65776412,loop
3274.672,65776412,loop
3274.777,65776412,loop
3274.882,65776412,loop
3274.988,65776412,loop
3275.093,65776412,loop
3275.198,65776412,loop
3275.303,65776412,loop
3275.408,65776412,loop
3275.513,65776412,loop
3275.619,65776412,loop
3275.724,65776412,loop
3275.829,65776412,loop
3275.934,65776412,loop
3276.039,65776412,loop
3276.144,65776412,loop
3276.250,65776412,loop
3276.355,65776412,loop
3276.460,65776412,loop
3276.565,65776412,loop
3276.670,65776412,loop
3276.775,65776412,loop
3276.880,65776412,loop
3276.986,65776412,loop
3277.091,65776412,loop
3277.196,65776412,loop
3277.301,65776412,loop
3277.406,65776412,loop
3277.511,65776412,loop
3277.617,65776412,loop
3277.722,65776412,loop
3277.827,65776412,loop
3277.932,65776412,loop
3278.037,65776668,loop
3278.142,65776668,loop
3278.248,65776668,loop
3278.353,65776668,loop
3278.458,65776668,loop
3278.563,65776668,loop
3278.668,65776668,loop
3278.773,65776668,loop
3278.879,65776668,loop
3278.984,65776668,loop
3279.089,65776668,loop
3279.194,65776668,loop
3279.299,65776668,loop
3279.404,65776668,loop
3279.509,65776668,loop
3279.615,65776668,loop
3279.720,65776668,loop
3279.825,65776668,loop
3279.930,65776668,loop
3280.035,65776668,loop
3280.140,65776668,loop
3280.246,65776668,loop
3280.351,65776668,loop
3280.456,65776668,loop
3280.561,65776668,loop
3280.666,65776668,loop
3280.771,65776668,loop
3280.877,65776668,loop
3280.982,65776668,loop
3281.087,65776668,loop
3281.192,65776668,loop
3281.297,65776668,loop
3281.402,65776668,loop
3281.507,65776668,loop
3281.613,65776668,loop
3281.718,65776668,loop
3281.823,65776668,loop
3281.928,65776668,loop
3282.033,65776668,loop
3282.138,65776668,loop
3282.244,65776668,loop
3282.349,65776668,loop
3282.454,65776668,loop
3282.559,65776668,loop
3282.664,65776668,loop
3282.769,65776668,loop
3282.875,65776668,loop
3282.980,65776668,loop
3283.085,65776668,loop
3283.190,65776668,loop
3283.295,65776668,loop
3283.400,65776668,loop
3283.505,65776668,loop
3283.611,65776668,loop
3283.716,65776668,loop
3283.821,65776668,loop
3283.926,65776668,loop
3284.031,65776668,loop
3284.136,65776668,loop
3284.242,65776668,loop
3284.347,65776668,loop
3284.452,65776668,loop
3284.557,65776668,loop
3284.662,65776668,loop
3284.767,65776668,loop
3284.873,65776668,loop
3284.978,65776668,loop
3285.083,65776668,loop
3285.188,65776668,loop
3285.293,65776668,loop
3285.398,65776668,loop
3285.504,65776668,loop
3285.609,65776668,loop
3285.714,65776668,loop
3285.819,65776668,loop
3285.924,65776668,loop
3286.029,65776668,loop
3286.134,65776668,loop
3286.240,65776668,loop
3286.345,65776668,loop
3286.450,65776668,loop
3286.555,65776668,loop
3286.660,65776668,loop
3286.765,65776668,loop
3286.871,65776668,loop
3286.976,65776668,loop
3287.081,65776668,loop
3287.186,65776668,loop
3287.291,65776668,loop
3287.396,65776668,loop
3287.501,65776668,loop
3287.607,65776668,loop
3287.712,65776668,loop
3287.817,65776668,loop
3287.922,65776668,loop
3288.027,65776668,loop
3288.132,65776668,loop
3288.238,65776924,loop
3288.343,65776924,loop
3288.448,65776924,loop
3288.553,65776924,loop
3288.658,65776924,loop
3288.763,65776924,loop
3288.869,65776924,loop
3288.974,65776924,loop
3289.079,65776924,loop
3289.184,65776924,loop
3289.289,65776924,loop
3289.394,65776924,loop
3289.499,65776924,loop
3289.605,65776924,loop
3289.710,65776924,loop
3289.815,65776924,loop
3289.920,65776924,loop
3290.025,65776924,loop
3290.130,65776924,loop
3290.236,65776924,loop
3290.341,65776924,loop
3290.446,65776924,loop
3290.551,65776924,loop
3290.656,65776924,loop
3290.761,65776924,loop
3290.867,65776924,loop
3290.972,65776924,loop
3291.077,65776924,loop
3291.182,65776924,loop
3291.287,65776924,loop
3291.392,65776924,loop
3291.497,65776924,loop
3291.603,65776924,loop
3291.708,65776924,loop
3291.813,65776924,loop
3291.918,65776924,loop
3292.023,65776924,loop
3292.128,65776924,loop
3292.234,65776924,loop
3292.339,65776924,loop
3292.444,65776924,loop
3292.549,65776924,loop
3292.654,65776924,loop
3292.759,65776924,loop
3292.864,65776924,loop
3292.970,65776924,loop
3293.075,65776924,loop
3293.180,65776924,loop
3293.285,65776924,loop
3293.390,65776924,loop
3293.495,65776924,loop
3293.601,65776924,loop
3293.706,65776924,loop
3293.811,65776924,loop
3293.916,65776924,loop
3294.021,65776924,loop
3294.127,65776924,loop
3294.232,65776924,loop
3294.337,65776924,loop
3294.442,65776924,loop
3294.548,65776924,loop
3294.653,65776924,loop
3294.758,65776924,loop
3294.863,65776924,loop
3294.968,65776924,loop
3295.073,65776924,loop
3295.179,65776924,loop
3295.284,65776924,loop
3295.389,65776924,loop
3295.494,65778972,loop
3295.599,65778972,loop
3295.705,65778972,loop
3295.810,65778972,loop
3295.915,65778972,loop
3296.020,65778972,loop
3296.126,65778972,loop
3296.231,65778972,loop
3296.336,65778972,loop
3296.441,65778972,loop
3296.546,65778972,loop
3296.651,65778972,loop
3296.757,65778972,loop
3296.862,65778972,loop
3296.967,65778972,loop
3297.072,65778972,loop
3297.177,65778972,loop
3297.282,65778972,loop
3297.388,65778972,loop
3297.493,65778972,loop
3297.598,65778972,loop
3297.703,65778972,loop
3297.808,65778972,loop
3297.913,65778972,loop
3298.018,65778972,loop
3298.124,65778972,loop
3298.229,65778972,loop
3298.334,65778972,loop
3298.439,65779100,loop
3298.544,65779228,loop
3298.650,65779228,loop
3298.755,65779228,loop
3298.860,65779228,loop
3298.965,65779228,loop
3299.070,65779228,loop
3299.175,65779228,loop
3299.281,65779228,loop
3299.386,65779228,loop
3299.491,65779228,loop
3299.596,65779228,loop
3299.701,65779228,loop
3299.806,65779228,loop
3299.912,65779228,loop
3300.017,65779228,loop
3300.122,65779228,loop
3300.227,65779228,loop
3300.332,65779228,loop
3300.437,65779228,loop
3300.542,65779228,loop
3300.648,65779228,loop
3300.753,65779228,loop
3300.858,65779228,loop
3300.963,65779228,loop
3301.068,65779228,loop
3301.173,65779228,loop
3301.279,65779228,loop
3301.384,65779228,loop
3301.489,65779228,loop
3301.594,65779228,loop
3301.699,65779228,loop
3301.804,65779228,loop
3301.909,65779228,loop
3302.015,65779228,loop
3302.120,65779228,loop
3302.225,65779228,loop
3302.330,65779228,loop
3302.435,65779228,loop
3302.540,65779228,loop
3302.646,65779228,loop
3302.751,65779228,loop
3302.856,65779228,loop
3302.961,65779228,loop
3303.066,65779228,loop
3303.171,65779228,loop
3303.276,65779228,loop
3303.382,65779228,loop
3303.487,65779228,loop
3303.592,65779228,loop
3303.697,65779228,loop
3303.802,65779228,loop
3303.907,65779228,loop
3304.013,65779228,loop
3304.118,65779228,loop
3304.223,65779228,loop
3304.328,65779228,loop
3304.433,65779228,loop
3304.538,65779228,loop
3304.643,65779228,loop
3304.749,65779228,loop
3304.854,65779228,loop
3304.959,65779228,loop
3305.064,65779228,loop
3305.169,65779228,loop
3305.274,65779228,loop
3305.380,65779228,loop
3305.485,65779228,loop
3305.590,65779228,loop
3305.695,65779228,loop
3305.800,65779228,loop
3305.905,65779228,loop
3306.011,65779228,loop
3306.116,65779228,loop
3306.221,65779228,loop
3306.326,65779228,loop
3306.431,65779228,loop
3306.536,65779228,loop
3306.641,65779228,loop
3306.747,65779228,loop
3306.852,65779228,loop
3306.957,65779228,loop
3307.062,65779228,loop
3307.167,65779228,loop
3307.272,65779228,loop
3307.378,65779228,loop
3307.483,65779228,loop
3307.588,65779228,loop
3307.693,65779228,loop
3307.798,65779228,loop
3307.903,65779228,loop
3308.008,65779228,loop
3308.114,65779228,loop
3308.219,65779228,loop
3308.324,65779228,loop
3308.429,65779228,loop
3308.534,65779228,loop
3308.639,65779228,loop
3308.745,65779484,loop
3308.850,65779484,loop
3308.955,65779484,loop
3309.060,65779484,loop
3309.165,65779484,loop
3309.270,65779484,loop
3309.375,65779484,loop
3309.481,65779484,loop
3309.586,65779484,loop
3309.691,65779484,loop
3309.796,65779484,loop
3309.901,65779484,loop
3310.006,65779484,loop
3310.112,65779484,loop
3310.217,65779484,loop
3310.322,65779484,loop
3310.427,65779484,loop
3310.532,65779484,loop
3310.637,65779484,loop
3310.743,65779484,loop
3310.848,65779484,loop
3310.953,65779484,loop
3311.058,65779484,loop
3311.163,65779484,loop
3311.268,65779484,loop
3311.373,65779484,loop
3311.479,65779484,loop
3311.584,65779484,loop
3311.689,65779484,loop
3311.794,65779484,loop
3311.899,65779484,loop
3312.004,65779484,loop
3312.110,65779484,loop
3312.215,65779484,loop
3312.320,65779484,loop
3312.425,65779484,loop
3312.530,65779484,loop
3312.635,65779484,loop
3312.741,65779484,loop
3312.846,65779484,loop
3312.951,65779484,loop
3313.056,65779484,loop
3313.161,65779484,loop
3313.266,65779484,loop
3313.371,65779484,loop
3313.477,65779484,loop
3313.582,65779484,loop
3313.687,65779484,loop
3313.792,65779484,loop
3313.897,65779484,loop
3314.002,65779484,loop
3314.108,65779484,loop
3314.213,65779484,loop
3314.318,65779484,loop
3314.423,65779484,loop
3314.528,65779484,loop
3314.633,65779484,loop
3314.739,65779484,loop
3314.844,65779484,loop
3314.949,65779484,loop
3315.054,65779484,loop
3315.159,65779484,loop
3315.264,65779484,loop
3315.369,65779484,loop
3315.475,65779484,loop
3315.580,65779484,loop
3315.685,65779484,loop
3315.790,65779484,loop
3315.895,65779484,loop
3316.000,65779484,loop
3316.106,65779484,loop
3316.211,65779484,loop
3316.316,65779484,loop
3316.421,65779484,loop
3316.526,65779484,loop
3316.631,65779484,loop
3316.737,65779484,loop
3316.842,65779484,loop
3316.947,65779484,loop
3317.052,65779484,loop
3317.157,65779484,loop
3317.262,65779484,loop
3317.367,65779484,loop
3317.473,65779484,loop
3317.578,65779484,loop
3317.683,65779484,loop
3317.788,65779484,loop
3317.893,65779484,loop
3317.998,65779484,loop
3318.104,65779484,loop
3318.209,65779484,loop
3318.314,65779484,loop
3318.419,65779484,loop
3318.524,65779484,loop
3318.629,65779484,loop
3318.735,65779484,loop
3318.840,65779484,loop
3318.945,65779740,loop
3319.050,65779740,loop
3319.155,65779740,loop
3319.260,65779740,loop
3319.365,65779740,loop
3319.471,65779740,loop
3319.576,65779740,loop
3319.681,65779740,loop
3319.786,65779740,loop
3319.891,65779740,loop
3319.996,65779740,loop
3320.102,65779740,loop
3320.207,65779740,loop
3320.312,65779740,loop
3320.417,65779740,loop
3320.522,65779740,loop
3320.627,65779740,loop
3320.732,65779740,loop
3320.838,65779740,loop
3320.943,65779740,loop
3321.048,65779740,loop
3321.153,65779740,loop
3321.258,65779740,loop
3321.363,65779740,loop
3321.469,65779740,loop
3321.574,65779740,loop
3321.679,65779740,loop
3321.784,65779740,loop
3321.889,65779740,loop
3321.994,65779740,loop
3322.099,65779740,loop
3322.205,65779740,loop
3322.310,65779740,loop
3322.415,65779740,loop
3322.520,65779740,loop
3322.625,65779740,loop
3322.730,65779740,loop
3322.836,65779740,loop
3322.941,65779740,loop
3323.046,65779740,loop
3323.151,65779740,loop
3323.256,65779740,loop
3323.361,65779740,loop
3323.467,65779740,loop
3323.572,65779740,loop
3323.677,65779740,loop
3323.782,65779740,loop
3323.887,65779740,loop
3323.992,65779740,loop
3324.097,65779740,loop
3324.203,65779740,loop
3324.308,65779740,loop
3324.413,65779740,loop
3324.518,65779740,loop
3324.623,65779740,loop
3324.728,65779740,loop
3324.834,65779740,loop
3324.939,65779740,loop
3325.044,65779740,loop
3325.149,65779740,loop
3325.254,65779740,loop
3325.359,65779740,loop
3325.465,65779740,loop
3325.570,65779740,loop
3325.675,65779740,loop
3325.780,65779740,loop
3325.885,65779740,loop
3325.990,65779740,loop
3326.095,65779740,loop
3326.201,65779740,loop
3326.306,65779740,loop
3326.411,65779740,loop
3326.516,65779740,loop
3326.621,65779740,loop
3326.726,65779740,loop
3326.832,65779740,loop
3326.937,65779740,loop
3327.042,65779740,loop
3327.147,65779740,loop
3327.252,65779740,loop
3327.357,65779740,loop
3327.463,65779740,loop
3327.568,65779740,loop
3327.673,65779740,loop
3327.778,65779740,loop
3327.883,65779740,loop
3327.988,65779740,loop
3328.093,65779740,loop
3328.199,65779740,loop
3328.304,65779740,loop
3328.409,65779740,loop
3328.514,65779740,loop
3328.619,65779740,loop
3328.724,65779740,loop
3328.830,65779740,loop
3328.935,65779740,loop
3329.040,65779740,loop
3329.145,65779740,loop
3329.250,65779996,loop
3329.355,65779996,loop
3329.460,65779996,loop
3329.566,65779996,loop
3329.671,65779996,loop
3329.776,65779996,loop
3329.881,65779996,loop
3329.986,65779996,loop
3330.091,65779996,loop
3330.197,65779996,loop
3330.302,65779996,loop
3330.407,65779996,loop
3330.512,65779996,loop
3330.617,65779996,loop
3330.722,65779996,loop
3330.828,65779996,loop
3330.933,65779996,loop
3331.038,65779996,loop
3331.143,65779996,loop
3331.248,65779996,loop
3331.353,65779996,loop
3331.458,65779996,loop
3331.564,65779996,loop
3331.669,65779996,loop
3331.774,65779996,loop
3331.879,65779996,loop
3331.984,65779996,loop
3332.089,65779996,loop
3332.195,65779996,loop
3332.300,65779996,loop
3332.405,65779996,loop
3332.510,65779996,loop
3332.615,65779996,loop
3332.720,65779996,loop
3332.825,65779996,loop
3332.931,65779996,loop
3333.036,65779996,loop
3333.141,65779996,loop
3333.246,65779996,loop
3333.351,65779996,loop
3333.456,65779996,loop
3333.562,65779996,loop
3333.667,65779996,loop
3333.772,65779996,loop
3333.877,65779996,loop
3333.982,65779996,loop
3334.087,65779996,loop
3334.193,65779996,loop
3334.298,65779996,loop
3334.403,65779996,loop
3334.508,65779996,loop
3334.613,65779996,loop
3334.718,65779996,loop
3334.824,65779996,loop
3334.929,65779996,loop
3335.035,65779996,loop
3335.140,65779996,loop
3335.245,65779996,loop
3335.350,65779996,loop
3335.456,65779996,loop
3335.561,65779996,loop
3335.666,65779996,loop
3335.771,65779996,loop
3335.876,65779996,loop
3335.981,65779996,loop
3336.087,65779996,loop
3336.192,65779996,loop
3336.297,65779996,loop
3336.402,65779996,loop
3336.507,65779996,loop
3336.612,65779996,loop
3336.717,65779996,loop
3336.823,65779996,loop
3336.928,65779996,loop
3337.033,65779996,loop
3337.138,65779996,loop
3337.243,65779996,loop
3337.348,65779996,loop
3337.454,65779996,loop
3337.559,65779996,loop
3337.664,65779996,loop
3337.769,65779996,loop
3337.874,65779996,loop
3337.979,65779996,loop
3338.085,65779996,loop
3338.190,65779996,loop
3338.295,65779996,loop
3338.400,65779996,loop
3338.505,65779996,loop
3338.610,65779996,loop
3338.716,65779996,loop
3338.821,65779996,loop
3338.926,65779996,loop
3339.031,65779996,loop
3339.136,65779996,loop
3339.241,65779996,loop
3339.347,65779996,loop
3339.452,65780252,loop
3339.557,65780252,loop
3339.662,65780252,loop
3339.767,65780252,loop
3339.872,65780252,loop
3339.977,65780252,loop
3340.083,65780252,loop
3340.188,65780252,loop
3340.293,65780252,loop
3340.398,65780252,loop
3340.503,65780252,loop
3340.608,65780252,loop
3340.714,65780252,loop
3340.819,65780252,loop
3340.924,65780252,loop
3341.029,65780252,loop
3341.134,65780252,loop
3341.239,65780252,loop
3341.344,65780252,loop
3341.450,65780252,loop
3341.555,65780252,loop
3341.660,65780252,loop
3341.765,65780252,loop
3341.870,65780252,loop
3341.975,65780252,loop
3342.081,65780252,loop
3342.186,65780252,loop
3342.291,65780252,loop
3342.396,65780252,loop
3342.501,65780252,loop
3342.606,65780252,loop
3342.712,65780252,loop
3342.817,65780252,loop
3342.922,65780252,loop
3343.027,65780252,loop
3343.132,65780252,loop
3343.237,65780252,loop
3343.342,65780252,loop
3343.448,65780252,loop
3343.553,65780252,loop
3343.658,65780252,loop
3343.763,65780252,loop
3343.868,65780252,loop
3343.973,65780252,loop
3344.079,65780252,loop
3344.184,65780252,loop
3344.289,65780252,loop
3344.394,65780252,loop
3344.499,65780252,loop
3344.604,65780252,loop
3344.710,65780252,loop
3344.815,65780252,loop
3344.920,65780252,loop
3345.025,65780252,loop
3345.130,65780252,loop
3345.235,65780252,loop
3345.341,65780252,loop
3345.446,65780252,loop
3345.551,65780252,loop
3345.656,65780252,loop
3345.761,65780252,loop
3345.866,65780252,loop
3345.971,65780252,loop
3346.077,65780252,loop
3346.182,65780252,loop
3346.287,65780252,loop
3346.392,65780252,loop
3346.497,65780252,loop
3346.602,65780252,loop
3346.708,65780252,loop
3346.813,65780252,loop
3346.918,65780252,loop
3347.023,65780252,loop
3347.128,65780252,loop
3347.233,65780252,loop
3347.339,65780252,loop
3347.444,65780252,loop
3347.549,65780252,loop
3347.654,65780252,loop
3347.759,65780252,loop
3347.864,65780252,loop
3347.969,65780252,loop
3348.075,65780252,loop
3348.180,65780252,loop
3348.285,65780252,loop
3348.390,65780252,loop
3348.495,65780252,loop
3348.600,65780252,loop
3348.706,65780252,loop
3348.811,65780252,loop
3348.916,65780252,loop
3349.021,65780252,loop
3349.126,65780252,loop
3349.231,65780252,loop
3349.337,65780252,loop
3349.442,65780252,loop
3349.547,65780252,loop
3349.652,65780508,loop
3349.757,65780508,loop
3349.862,65780508,loop
3349.967,65780508,loop
3350.073,65780508,loop
3350.178,65780508,loop
3350.283,65780508,loop
3350.388,65780508,loop
3350.493,65780508,loop
3350.598,65780508,loop
3350.704,65780508,loop
3350.809,65780508,loop
3350.914,65780508,loop
3351.019,65780508,loop
3351.124,65780508,loop
3351.229,65780508,loop
3351.334,65782556,loop
3351.440,65782556,loop
3351.545,65782556,loop
3351.650,65782556,loop
3351.755,65782556,loop
3351.860,65782556,loop
3351.965,65782556,loop
3352.071,65782556,loop
3352.176,65782556,loop
3352.281,65782556,loop
3352.386,65782556,loop
3352.491,65782556,loop
3352.596,65782556,loop
3352.702,65782556,loop
3352.807,65782556,loop
3352.912,65782556,loop
3353.017,65782556,loop
3353.122,65782556,loop
3353.227,65782556,loop
3353.332,65782556,loop
3353.438,65782556,loop
3353.543,65782556,loop
3353.648,65782556,loop
3353.753,65782556,loop
3353.858,65782556,loop
3353.963,65782556,loop
3354.069,65782556,loop
3354.174,65782556,loop
3354.279,65782556,loop
3354.384,65782556,loop
3354.489,65782556,loop
3354.594,65782556,loop
3354.699,65782556,loop
3354.805,65782556,loop
3354.910,65782556,loop
3355.015,65782556,loop
3355.120,65782556,loop
3355.225,65782556,loop
3355.330,65782556,loop
3355.436,65782556,loop
3355.541,65782556,loop
3355.646,65782556,loop
3355.751,65782556,loop
3355.856,65782556,loop
3355.961,65782556,loop
3356.067,65782556,loop
3356.172,65782556,loop
3356.277,65782556,loop
3356.382,65782556,loop
3356.487,65782556,loop
3356.592,65782556,loop
3356.698,65782556,loop
3356.803,65782556,loop
3356.908,65782556,loop
3357.013,65782556,loop
3357.118,65782556,loop
3357.223,65782556,loop
3357.328,65782556,loop
3357.434,65782556,loop
3357.539,65782556,loop
3357.644,65782556,loop
3357.749,65782556,loop
3357.854,65782556,loop
3357.959,65782556,loop
3358.065,65782556,loop
3358.170,65782556,loop
3358.275,65782556,loop
3358.380,65782556,loop
3358.485,65782556,loop
3358.590,65782556,loop
3358.695,65782556,loop
3358.801,65782556,loop
3358.906,65782556,loop
3359.011,65782556,loop
3359.116,65782556,loop
3359.221,65782556,loop
3359.326,65782556,loop
3359.432,65782556,loop
3359.537,65782556,loop
3359.642,65782556,loop
3359.747,65782556,loop
3359.852,65782556,loop
3359.957,65782812,loop
3360.062,65782812,loop
3360.168,65782812,loop
3360.273,65782812,loop
3360.378,65782812,loop
3360.483,65782812,loop
3360.588,65782812,loop
3360.693,65782812,loop
3360.799,65782812,loop
3360.904,65782812,loop
3361.009,65782812,loop
3361.114,65782812,loop
3361.219,65782812,loop
3361.325,65782812,loop
3361.430,65782812,loop
3361.535,65782812,loop
3361.640,65782812,loop
3361.745,65782812,loop
3361.851,65782812,loop
3361.956,65782812,loop
3362.061,65782812,loop
3362.166,65782812,loop
3362.271,65782812,loop
3362.376,65782812,loop
3362.482,65782812,loop
3362.587,65782812,loop
3362.692,65782812,loop
3362.797,65782812,loop
3362.902,65782812,loop
3363.007,65782812,loop
3363.112,65782812,loop
3363.218,65782812,loop
3363.323,65782812,loop
3363.428,65782812,loop
3363.533,65782812,loop
3363.638,65782812,loop
3363.743,65782812,loop
3363.849,65782812,loop
3363.954,65782812,loop
3364.059,65782812,loop
3364.164,65782812,loop
3364.269,65782812,loop
3364.374,65782812,loop
3364.480,65782812,loop
3364.585,65782812,loop
3364.690,65782812,loop
3364.795,65782812,loop
3364.900,65782812,loop
3365.005,65782812,loop
3365.110,65782812,loop
3365.216,65782812,loop
3365.321,65782812,loop
3365.426,65782812,loop
3365.531,65782812,loop
3365.636,65782812,loop
3365.741,65782812,loop
3365.847,65782812,loop
3365.952,65782812,loop
3366.057,65782812,loop
3366.162,65782812,loop
3366.267,65782812,loop
3366.372,65782812,loop
3366.478,65782812,loop
3366.583,65782812,loop
3366.688,65782812,loop
3366.793,65782812,loop
3366.898,65782812,loop
3367.003,65782812,loop
3367.108,65782812,loop
3367.214,65782812,loop
3367.319,65782812,loop
3367.424,65782812,loop
3367.529,65782812,loop
3367.634,65782812,loop
3367.739,65782812,loop
3367.845,65782812,loop
3367.950,65782812,loop
3368.055,65782812,loop
3368.160,65782812,loop
3368.265,65782812,loop
3368.370,65782812,loop
3368.476,65782812,loop
3368.581,65782812,loop
3368.686,65782812,loop
3368.791,65782812,loop
3368.896,65782812,loop
3369.001,65782812,loop
3369.106,65782812,loop
3369.212,65782812,loop
3369.317,65782812,loop
3369.422,65782812,loop
3369.527,65782812,loop
3369.632,65782812,loop
3369.737,65782812,loop
3369.843,65782812,loop
3369.948,65782812,loop
3370.053,65782812,loop
3370.158,65783068,loop
3370.263,65783068,loop
3370.368,65783068,loop
3370.474,65783068,loop
3370.579,65783068,loop
3370.684,65783068,loop
3370.789,65783068,loop
3370.894,65783068,loop
3370.999,65783068,loop
3371.104,65783068,loop
3371.210,65783068,loop
3371.315,65783068,loop
3371.420,65783068,loop
3371.525,65783068,loop
3371.630,65783068,loop
3371.735,65783068,loop
3371.841,65783068,loop
3371.946,65783068,loop
3372.051,65783068,loop
3372.156,65783068,loop
3372.261,65783068,loop
3372.366,65783068,loop
3372.472,65783068,loop
3372.577,65783068,loop
3372.682,65783068,loop
3372.787,65783068,loop
3372.892,65783068,loop
3372.997,65783068,loop
3373.102,65783068,loop
3373.208,65783068,loop
3373.313,65783068,loop
3373.418,65783068,loop
3373.523,65783068,loop
3373.628,65783068,loop
3373.733,65783068,loop
3373.839,65783068,loop
3373.944,65783068,loop
3374.049,65783068,loop
3374.154,65783068,loop
3374.259,65783068,loop
3374.364,65783068,loop
3374.470,65783068,loop
3374.575,65783068,loop
3374.680,65783068,loop
3374.785,65783068,loop
3374.890,65783068,loop
3374.995,65783068,loop
3375.100,65783068,loop
3375.206,65783068,loop
3375.311,65783068,loop
3375.416,65783068,loop
3375.521,65783068,loop
3375.626,65783068,loop
3375.731,65783068,loop
3375.837,65783068,loop
3375.942,65783068,loop
3376.047,65783068,loop
3376.152,65783068,loop
3376.257,65783068,loop
3376.362,65783068,loop
3376.467,65783068,loop
3376.573,65783068,loop
3376.678,65783068,loop
3376.783,65783068,loop
3376.888,65783068,loop
3376.993,65783068,loop
3377.098,65783068,loop
3377.204,65783068,loop
3377.309,65783068,loop
3377.414,65783068,loop
3377.519,65783068,loop
3377.624,65783068,loop
3377.729,65783068,loop
3377.835,65783068,loop
3377.940,65783068,loop
3378.045,65783068,loop
3378.150,65783068,loop
3378.255,65783068,loop
3378.360,65783068,loop
3378.466,65783068,loop
3378.571,65783068,loop
3378.676,65783068,loop
3378.781,65783068,loop
3378.886,65783068,loop
3378.991,65783068,loop
3379.096,65783068,loop
3379.202,65783068,loop
3379.307,65783068,loop
3379.412,65783068,loop
3379.517,65783068,loop
3379.622,65783068,loop
3379.727,65783068,loop
3379.833,65783068,loop
3379.938,65783068,loop
3380.043,65783068,loop
3380.148,65783068,loop
3380.253,65783068,loop
3380.358,65783148,loop
3380.463,65783324,loop
3380.569,65783324,loop
3380.674,65783324,loop
3380.779,65783324,loop
3380.884,65783324,loop
3380.989,65783324,loop
3381.094,65783324,loop
3381.200,65783324,loop
3381.305,65783324,loop
3381.410,65783324,loop
3381.515,65783324,loop
3381.620,65783324,loop
3381.725,65783324,loop
3381.831,65783324,loop
3381.936,65783324,loop
3382.041,65783324,loop
3382.146,65783324,loop
3382.251,65783324,loop
3382.356,65783324,loop
3382.461,65783324,loop
3382.567,65783324,loop
3382.672,65783324,loop
3382.777,65783324,loop
3382.882,65783324,loop
3382.987,65783324,loop
3383.092,65783324,loop
3383.198,65783324,loop
3383.303,65783324,loop
3383.408,65783324,loop
3383.513,65783324,loop
3383.618,65783324,loop
3383.723,65783324,loop
3383.829,65783324,loop
3383.934,65783324,loop
3384.039,65783324,loop
3384.144,65783324,loop
3384.249,65783324,loop
3384.354,65783324,loop
3384.459,65783324,loop
3384.565,65783324,loop
3384.670,65783324,loop
3384.775,65783324,loop
3384.880,65783324,loop
3384.985,65783324,loop
3385.090,65783324,loop
3385.196,65783324,loop
3385.301,65783324,loop
3385.406,65783324,loop
3385.511,65783324,loop
3385.616,65783324,loop
3385.721,65783324,loop
3385.827,65783324,loop
3385.932,65783324,loop
3386.037,65783324,loop
3386.142,65783324,loop
3386.247,65783324,loop
3386.352,65783324,loop
3386.457,65783324,loop
3386.563,65783324,loop
3386.668,65783324,loop
3386.773,65783324,loop
3386.878,65783324,loop
3386.983,65783324,loop
3387.088,65783324,loop
3387.194,65783324,loop
3387.299,65783324,loop
3387.404,65783324,loop
3387.509,65783324,loop
3387.614,65783324,loop
3387.719,65783324,loop
3387.825,65783324,loop
3387.930,65783324,loop
3388.035,65783324,loop
3388.140,65783324,loop
3388.245,65783324,loop
3388.350,65783324,loop
3388.456,65783324,loop
3388.561,65783324,loop
3388.666,65783324,loop
3388.771,65783324,loop
3388.876,65783324,loop
3388.981,65783324,loop
3389.086,65783324,loop
3389.192,65783324,loop
3389.297,65783324,loop
3389.402,65783324,loop
3389.507,65783324,loop
3389.612,65783324,loop
3389.717,65783324,loop
3389.823,65783324,loop
3389.928,65783324,loop
3390.033,65783324,loop
3390.138,65783324,loop
3390.243,65783324,loop
3390.348,65783324,loop
3390.453,65783324,loop
3390.559,65783324,loop
3390.664,65783580,loop
3390.769,65783580,loop
3390.874,65783580,loop
3390.979,65783580,loop
3391.084,65783580,loop
3391.190,65783580,loop
3391.295,65783580,loop
3391.400,65783580,loop
3391.505,65783580,loop
3391.610,65783580,loop
3391.715,65783580,loop
3391.821,65783580,loop
3391.926,65783580,loop
3392.031,65783580,loop
3392.136,65783580,loop
3392.241,65783580,loop
3392.346,65783580,loop
3392.452,65783580,loop
3392.557,65783580,loop
3392.662,65783580,loop
3392.767,65783580,loop
3392.872,65783580,loop
3392.977,65783580,loop
3393.082,65783580,loop
3393.188,65783580,loop
3393.293,65783580,loop
3393.398,65783580,loop
3393.503,65783580,loop
3393.608,65783580,loop
3393.713,65783580,loop
3393.819,65783580,loop
3393.924,65783580,loop
3394.029,65783580,loop
3394.134,65783580,loop
3394.239,65783580,loop
3394.344,65783580,loop
3394.449,65783580,loop
3394.555,65783580,loop
3394.660,65783580,loop
3394.765,65783580,loop
3394.870,65783580,loop
3394.975,65783580,loop
3395.080,65783580,loop
3395.186,65783580,loop
3395.291,65783580,loop
3395.396,65783580,loop
3395.501,65783580,loop
3395.606,65783580,loop
3395.711,65783580,loop
3395.816,65783580,loop
3395.922,65783580,loop
3396.027,65783580,loop
3396.132,65783580,loop
3396.237,65783580,loop
3396.581,65783580,loop
3396.686,65783580,loop
3396.791,65783580,loop
3396.896,65783580,loop
3397.001,65783580,loop
3397.106,65783580,loop
3397.212,65783580,loop
3397.317,65783580,loop
3397.422,65783580,loop
3397.527,65783580,loop
3397.632,65783580,loop
3397.737,65783580,loop
3397.843,65783580,loop
3397.948,65783580,loop
3398.053,65783580,loop
3398.158,65783580,loop
3398.263,65783580,loop
3398.368,65783580,loop
3398.474,65783580,loop
3398.579,65783580,loop
3398.684,65783580,loop
3398.789,65783580,loop
3398.894,65783580,loop
3398.999,65783580,loop
3399.105,65783580,loop
3399.210,65783580,loop
3399.315,65783580,loop
3399.420,65783580,loop
3399.525,65783580,loop
3399.630,65783580,loop
3399.735,65783580,loop
3399.841,65783580,loop
3399.946,65783580,loop
3400.051,65783580,loop
3400.156,65783580,loop
3400.261,65783580,loop
3400.366,65783580,loop
3400.472,65783580,loop
3400.577,65783580,loop
3400.682,65783580,loop
3400.787,65783580,loop
3400.892,65783836,loop
3400.997,65783836,loop
3401.103,65783836,loop
3401.208,65783836,loop
3401.313,65783836,loop
3401.418,65783836,loop
3401.523,65783836,loop
3401.628,65783836,loop
3401.733,65783836,loop
3401.839,65783836,loop
3401.944,65783836,loop
3402.049,65783836,loop
3402.154,65783836,loop
3402.259,65783836,loop
3402.364,65783836,loop
3402.470,65783836,loop
3402.575,65783836,loop
3402.680,65783836,loop
3402.785,65783836,loop
3402.890,65783836,loop
3402.995,65783836,loop
3403.101,65783836,loop
3403.206,65783836,loop
3403.311,65783836,loop
3403.416,65783836,loop
3403.521,65783836,loop
3403.626,65783836,loop
3403.731,65783836,loop
3403.837,65783836,loop
3403.942,65783836,loop
3404.047,65783836,loop
3404.152,65783836,loop
3404.257,65783836,loop
3404.362,65783836,loop
3404.468,65783836,loop
3404.573,65783836,loop
3404.678,65783836,loop
3404.783,65783836,loop
3404.888,65783836,loop
3404.993,65783836,loop
3405.099,65783836,loop
3405.204,65783836,loop
3405.309,65783836,loop
3405.414,65783836,loop
3405.519,65783836,loop
3405.624,65783836,loop
3405.729,65783836,loop
3405.835,65783836,loop
3405.940,65783836,loop
3406.045,65783836,loop
3406.150,65783836,loop
3406.255,65783836,loop
3406.360,65783836,loop
3406.466,65783836,loop
3406.571,65783836,loop
3406.676,65783836,loop
3406.781,65783836,loop
3406.886,65783836,loop
3406.991,65783836,loop
3407.096,65783836,loop
3407.202,65785884,loop
3407.307,65785884,loop
3407.412,65785884,loop
3407.517,65785884,loop
3407.622,65785884,loop
3407.727,65785884,loop
3407.833,65785884,loop
3407.938,65785884,loop
3408.043,65785884,loop
3408.148,65785884,loop
3408.253,65785884,loop
3408.358,65785884,loop
3408.463,65785884,loop
3408.569,65785884,loop
3408.674,65785884,loop
3408.779,65785884,loop
3408.884,65785884,loop
3408.989,65785884,loop
3409.094,65785884,loop
3409.200,65785884,loop
3409.305,65785884,loop
3409.410,65785884,loop
3409.515,65785884,loop
3409.620,65785884,loop
3409.725,65785884,loop
3409.830,65785884,loop
3409.936,65785884,loop
3410.041,65785884,loop
3410.146,65785884,loop
3410.251,65785884,loop
3410.356,65785884,loop
3410.461,65785884,loop
3410.567,65785884,loop
3410.672,65785884,loop
3410.777,65785884,loop
3410.882,65785884,loop
3410.987,65785884,loop
3411.092,65786140,loop
3411.198,65786140,loop
3411.303,65786140,loop
3411.408,65786140,loop
3411.513,65786140,loop
3411.618,65786140,loop
3411.723,65786140,loop
3411.828,65786140,loop
3411.934,65786140,loop
3412.039,65786140,loop
3412.144,65786140,loop
3412.249,65786140,loop
3412.354,65786140,loop
3412.459,65786140,loop
3412.565,65786140,loop
3412.670,65786140,loop
3412.775,65786140,loop
3412.880,65786140,loop
3412.985,65786140,loop
3413.090,65786140,loop
3413.196,65786140,loop
3413.301,65786140,loop
3413.406,65786140,loop
3413.511,65786140,loop
3413.616,65786140,loop
3413.721,65786140,loop
3413.826,65786140,loop
3413.932,65786140,loop
3414.037,65786140,loop
3414.142,65786140,loop
3414.247,65786140,loop
3414.352,65786140,loop
3414.457,65786140,loop
3414.563,65786140,loop
3414.668,65786140,loop
3414.773,65786140,loop
3414.878,65786140,loop
3414.983,65786140,loop
3415.088,65786140,loop
3415.193,65786140,loop
3415.299,65786140,loop
3415.404,65786140,loop
3415.509,65786140,loop
3415.614,65786140,loop
3415.719,65786140,loop
3415.824,65786140,loop
3415.930,65786140,loop
3416.035,65786140,loop
3416.140,65786140,loop
3416.245,65786140,loop
3416.350,65786140,loop
3416.455,65786140,loop
3416.561,65786140,loop
3416.666,65786140,loop
3416.771,65786140,loop
3416.876,65786140,loop
3416.981,65786140,loop
3417.086,65786140,loop
3417.191,65786140,loop
3417.297,65786140,loop
3417.402,65786140,loop
3417.507,65786140,loop
3417.612,65786140,loop
3417.717,65786140,loop
3417.822,65786140,loop
3417.928,65786140,loop
3418.033,65786140,loop
3418.138,65786140,loop
3418.243,65786140,loop
3418.348,65786140,loop
3418.453,65786140,loop
3418.558,65786140,loop
3418.664,65786140,loop
3418.769,65786140,loop
3418.874,65786140,loop
3418.979,65786140,loop
3419.084,65786140,loop
3419.189,65786140,loop
3419.295,65786140,loop
3419.400,65786140,loop
3419.505,65786140,loop
3419.610,65786140,loop
3419.715,65786140,loop
3419.820,65786140,loop
3419.925,65786140,loop
3420.031,65786140,loop
3420.136,65786140,loop
3420.241,65786140,loop
3420.346,65786140,loop
3420.451,65786140,loop
3420.556,65786140,loop
3420.662,65786140,loop
3420.767,65786140,loop
3420.872,65786140,loop
3420.977,65786140,loop
3421.082,65786140,loop
3421.187,65786140,loop
3421.293,65786140,loop
3421.398,65786396,loop
3421.503,65786396,loop
3421.608,65786396,loop
3421.713,65786396,loop
3421.818,65786396,loop
3421.923,65786396,loop
3422.029,65786396,loop
3422.134,65786396,loop
3422.239,65786396,loop
3422.344,65786396,loop
3422.449,65786396,loop
3422.554,65786396,loop
3422.660,65786396,loop
3422.765,65786396,loop
3422.870,65786396,loop
3422.975,65786396,loop
3423.080,65786396,loop
3423.185,65786396,loop
3423.291,65786396,loop
3423.396,65786396,loop
3423.501,65786396,loop
3423.606,65786396,loop
3423.711,65786396,loop
3423.816,65786396,loop
3423.921,65786396,loop
3424.027,65786396,loop
3424.132,65786396,loop
3424.237,65786396,loop
3424.342,65786396,loop
3424.447,65786396,loop
3424.552,65786396,loop
3424.658,65786396,loop
3424.763,65786396,loop
3424.868,65786396,loop
3424.973,65786396,loop
3425.078,65786396,loop
3425.183,65786396,loop
3425.289,65786396,loop
3425.394,65786396,loop
3425.499,65786396,loop
3425.604,65786396,loop
3425.709,65786396,loop
3425.814,65786396,loop
3425.919,65786396,loop
3426.025,65786396,loop
3426.130,65786396,loop
3426.235,65786396,loop
3426.340,65786396,loop
3426.445,65786396,loop
3426.550,65786396,loop
3426.656,65786396,loop
3426.761,65786396,loop
3426.866,65786396,loop
3426.971,65786396,loop
3427.076,65786396,loop
3427.181,65786396,loop
3427.287,65786396,loop
3427.392,65786396,loop
3427.497,65786396,loop
3427.602,65786396,loop
3427.707,65786396,loop
3427.812,65786396,loop
3427.918,65786396,loop
3428.023,65786396,loop
3428.128,65786396,loop
3428.233,65786396,loop
3428.338,65786396,loop
3428.443,65786396,loop
3428.548,65786396,loop
3428.654,65786396,loop
3428.759,65786396,loop
3428.864,65786396,loop
3428.969,65786396,loop
3429.074,65786396,loop
3429.179,65786396,loop
3429.285,65786396,loop
3429.390,65786396,loop
3429.495,65786396,loop
3429.600,65786396,loop
3429.705,65786396,loop
3429.810,65786396,loop
3429.915,65786396,loop
3430.021,65786396,loop
3430.126,65786396,loop
3430.231,65786396,loop
3430.336,65786396,loop
3430.441,65786396,loop
3430.546,65786396,loop
3430.652,65786396,loop
3430.757,65786396,loop
3430.862,65786396,loop
3430.967,65786396,loop
3431.072,65786396,loop
3431.177,65786396,loop
3431.283,65786396,loop
3431.388,65786396,loop
3431.493,65786396,loop
3431.598,65786652,loop
3431.703,65786652,loop
3431.808,65786652,loop
3431.914,65786652,loop
3432.019,65786652,loop
3432.124,65786652,loop
3432.229,65786652,loop
3432.334,65786652,loop
3432.439,65786652,loop
3432.544,65786652,loop
3432.650,65786652,loop
3432.755,65786652,loop
3432.860,65786652,loop
3432.965,65786652,loop
3433.070,65786652,loop
3433.175,65786652,loop
3433.281,65786652,loop
3433.386,65786652,loop
3433.491,65786652,loop
3433.596,65786652,loop
3433.701,65786652,loop
3433.806,65786652,loop
3433.912,65786652,loop
3434.017,65786652,loop
3434.122,65786652,loop
3434.227,65786652,loop
3434.332,65786652,loop
3434.437,65786652,loop
3434.542,65786652,loop
3434.648,65786652,loop
3434.753,65786652,loop
3434.858,65786652,loop
3434.963,65786652,loop
3435.068,65786652,loop
3435.173,65786652,loop
3435.279,65786652,loop
3435.384,65786652,loop
3435.489,65786652,loop
3435.594,65786652,loop
3435.699,65786652,loop
3435.804,65786652,loop
3435.909,65786652,loop
3436.015,65786652,loop
3436.120,65786652,loop
3436.225,65786652,loop
3436.330,65786652,loop
3436.435,65786652,loop
3436.540,65786652,loop
3436.646,65786652,loop
3436.751,65786652,loop
3436.856,65786652,loop
3436.961,65786652,loop
3437.066,65786652,loop
3437.171,65786652,loop
3437.277,65786652,loop
3437.382,65786652,loop
3437.487,65786652,loop
3437.592,65786652,loop
3437.697,65786652,loop
3437.802,65786652,loop
3437.907,65786652,loop
3438.013,65786652,loop
3438.118,65786652,loop
3438.223,65786652,loop
3438.328,65786652,loop
3438.433,65786652,loop
3438.538,65786652,loop
3438.644,65786652,loop
3438.749,65786652,loop
3438.854,65786652,loop
3438.959,65786652,loop
3439.064,65786652,loop
3439.169,65786652,loop
3439.274,65786652,loop
3439.380,65786652,loop
3439.485,65786652,loop
3439.590,65786652,loop
3439.695,65786652,loop
3439.800,65786652,loop
3439.905,65786652,loop
3440.011,65786652,loop
3440.116,65786652,loop
3440.221,65786652,loop
3440.326,65786652,loop
3440.432,65786652,loop
3440.537,65786652,loop
3440.642,65786652,loop
3440.747,65786652,loop
3440.853,65786652,loop
3440.958,65786652,loop
3441.063,65786652,loop
3441.168,65786652,loop
3441.273,65786652,loop
3441.378,65786652,loop
3441.484,65786652,loop
3441.589,65786652,loop
3441.694,65786652,loop
3441.799,65786764,loop
3441.904,65786908,loop
3442.009,65786908,loop
3442.115,65786908,loop
3442.220,65786908,loop
3442.325,65786908,loop
3442.430,65786908,loop
3442.535,65786908,loop
3442.640,65786908,loop
3442.745,65786908,loop
3442.851,65786908,loop
3442.956,65786908,loop
3443.061,65786908,loop
3443.166,65786908,loop
3443.271,65786908,loop
3443.376,65786908,loop
3443.482,65786908,loop
3443.587,65786908,loop
3443.692,65786908,loop
3443.797,65786908,loop
3443.902,65786908,loop
3444.007,65786908,loop
3444.113,65786908,loop
3444.218,65786908,loop
3444.323,65786908,loop
3444.428,65786908,loop
3444.533,65786908,loop
3444.638,65786908,loop
3444.743,65786908,loop
3444.849,65786908,loop
3444.954,65786908,loop
3445.059,65786908,loop
3445.164,65786908,loop
3445.269,65786908,loop
3445.374,65786908,loop
3445.480,65786908,loop
3445.585,65786908,loop
3445.690,65786908,loop
3445.795,65786908,loop
3445.900,65786908,loop
3446.005,65786908,loop
3446.111,65786908,loop
3446.216,65786908,loop
3446.321,65786908,loop
3446.426,65786908,loop
3446.531,65786908,loop
3446.636,65786908,loop
3446.741,65786908,loop
3446.847,65786908,loop
3446.952,65786908,loop
3447.057,65786908,loop
3447.162,65786908,loop
3447.267,65786908,loop
3447.372,65786908,loop
3447.478,65786908,loop
3447.583,65786908,loop
3447.688,65786908,loop
3447.793,65786908,loop
3447.898,65786908,loop
3448.003,65786908,loop
3448.109,65786908,loop
3448.214,65786908,loop
3448.319,65786908,loop
3448.424,65786908,loop
3448.529,65786908,loop
3448.634,65786908,loop
3448.739,65786908,loop
3448.845,65786908,loop
3448.950,65786908,loop
3449.055,65786908,loop
3449.160,65786908,loop
3449.265,65786908,loop
3449.370,65786908,loop
3449.476,65786908,loop
3449.581,65786908,loop
3449.686,65786908,loop
3449.791,65786908,loop
3449.896,65786908,loop
3450.002,65786908,loop
3450.107,65786908,loop
3450.212,65786908,loop
3450.317,65786908,loop
3450.422,65786908,loop
3450.527,65786908,loop
3450.632,65786908,loop
3450.738,65786908,loop
3450.843,65786908,loop
3450.948,65786908,loop
3451.053,65786908,loop
3451.158,65786908,loop
3451.263,65786908,loop
3451.369,65786908,loop
3451.474,65786908,loop
3451.579,65786908,loop
3451.684,65786908,loop
3451.789,65786908,loop
3451.894,65786908,loop
3451.999,65786908,loop
3452.105,65787164,loop
3452.210,65787164,loop
3452.315,65787164,loop
3452.420,65787164,loop
3452.525,65787164,loop
3452.630,65787164,loop
3452.736,65787164,loop
3452.841,65787164,loop
3452.946,65787164,loop
3453.051,65787164,loop
3453.156,65787164,loop
3453.261,65787164,loop
3453.367,65787164,loop
3453.472,65787164,loop
3453.577,65787164,loop
3453.682,65787164,loop
3453.787,65787164,loop
3453.892,65787164,loop
3453.998,65787164,loop
3454.103,65787164,loop
3454.208,65787164,loop
3454.313,65787164,loop
3454.418,65787164,loop
3454.523,65787164,loop
3454.629,65787164,loop
3454.734,65787164,loop
3454.839,65787164,loop
3454.944,65787164,loop
3455.049,65787164,loop
3455.154,65787164,loop
3455.259,65787164,loop
3455.365,65787164,loop
3455.470,65787164,loop
3455.575,65787164,loop
3455.680,65787164,loop
3455.785,65787164,loop
3455.890,65787164,loop
3455.996,65787164,loop
3456.101,65787164,loop
3456.206,65787164,loop
3456.311,65787164,loop
3456.416,65787164,loop
3456.521,65787164,loop
3456.627,65787164,loop
3456.732,65787164,loop
3456.837,65787164,loop
3456.942,65787164,loop
3457.047,65787164,loop
3457.152,65787164,loop
3457.257,65787164,loop
3457.363,65787164,loop
3457.468,65787164,loop
3457.573,65787164,loop
3457.678,65787164,loop
3457.783,65787164,loop
3457.888,65787164,loop
3457.994,65787164,loop
3458.099,65787164,loop
3458.204,65787164,loop
3458.309,65787164,loop
3458.414,65787164,loop
3458.519,65787164,loop
3458.624,65787164,loop
3458.730,65787164,loop
3458.835,65787164,loop
3458.940,65787164,loop
3459.045,65787164,loop
3459.150,65787164,loop
3459.255,65787164,loop
3459.361,65787164,loop
3459.466,65787164,loop
3459.571,65787164,loop
3459.676,65787164,loop
3459.781,65787164,loop
3459.886,65787164,loop
3459.992,65787164,loop
3460.097,65787164,loop
3460.202,65787164,loop
3460.307,65787164,loop
3460.412,65787164,loop
3460.517,65787164,loop
3460.622,65787164,loop
3460.728,65787164,loop
3460.833,65787164,loop
3460.938,65787164,loop
3461.043,65787164,loop
3461.148,65787164,loop
3461.253,65787164,loop
3461.359,65787164,loop
3461.464,65787164,loop
3461.569,65787164,loop
3461.674,65787164,loop
3461.779,65787164,loop
3461.884,65787164,loop
3461.989,65787164,loop
3462.095,65787164,loop
3462.200,65787164,loop
3462.305,65787420,loop
3462.410,65787420,loop
3462.515,65787420,loop
3462.620,65787420,loop
3462.726,65787420,loop
3462.831,65787420,loop
3462.936,65787420,loop
3463.041,65787424,loop
3463.146,65787428,loop
3463.251,65787432,loop
3463.356,65787436,loop
3463.462,65787440,loop
3463.567,65787444,loop
3463.672,65787444,loop
3463.777,65787448,loop
3463.882,65787452,loop
3463.987,65787460,loop
3464.092,65787464,loop
3464.198,65787464,loop
3464.303,65787468,loop
3464.408,65787472,loop
3464.513,65787476,loop
3464.618,65787480,loop
3464.723,65787484,loop
3464.829,65787488,loop
3464.934,65787492,loop
3465.039,65787496,loop
3465.144,65787500,loop
3465.249,65787504,loop
3465.354,65787508,loop
3465.460,65787512,loop
3465.565,65787516,loop
3465.670,65787520,loop
3465.775,65787524,loop
3465.880,65787528,loop
3465.985,65787532,loop
3466.091,65787536,loop
3466.196,65787540,loop
3466.301,65787544,loop
3466.406,65787548,loop
3466.511,65787548,loop
3466.616,65787556,loop
3466.721,65787560,loop
3466.827,65787564,loop
3466.932,65787568,loop
3467.037,65787568,loop
3467.142,65787572,loop
3467.247,65787576,loop
3467.352,65787580,loop
3467.458,65787584,loop
3467.563,65787588,loop
3467.668,65787592,loop
3467.773,65787596,loop
3467.878,65787600,loop
3467.983,65787604,loop
3468.089,65787608,loop
3468.194,65787612,loop
3468.299,65787616,loop
3468.404,65787620,loop
3468.509,65787624,loop
3468.614,65787628,loop
3468.719,65787632,loop
3468.825,65787636,loop
3468.930,65787640,loop
3469.035,65787644,loop
3469.140,65787648,loop
3469.245,65787652,loop
3469.350,65787656,loop
3469.456,65787660,loop
3469.561,65787664,loop
3469.666,65787668,loop
3469.771,65787672,loop
3469.876,65787672,loop
3469.981,65787676,loop
3470.086,65787680,loop
3470.192,65787684,loop
3470.297,65787688,loop
3470.402,65787692,loop
3470.507,65787696,loop
3470.612,65787700,loop
3470.717,65787704,loop
3470.823,65787708,loop
3470.928,65787712,loop
3471.033,65787716,loop
3471.138,65787720,loop
3471.243,65787724,loop
3471.348,65787728,loop
3471.454,65787732,loop
3471.559,65787736,loop
3471.664,65787740,loop
3471.769,65787744,loop
3471.874,65787748,loop
3471.979,65787752,loop
3472.084,65787756,loop
3472.190,65787760,loop
3472.295,65787764,loop
3472.400,65787768,loop
3472.505,65787772,loop
3472.610,65788028,loop
3472.715,65788032,loop
3472.821,65788036,loop
3472.926,65788040,loop
3473.031,65788044,loop
3473.136,65788048,loop
3473.241,65788052,loop
3473.346,65788056,loop
3473.451,65788060,loop
3473.557,65788064,loop
3473.662,65788068,loop
3473.767,65788072,loop
3473.872,65788076,loop
3473.977,65788080,loop
3474.082,65788084,loop
3474.188,65788088,loop
3474.293,65788092,loop
3474.398,65788096,loop
3474.503,65788100,loop
3474.608,65788104,loop
3474.713,65788108,loop
3474.819,65788112,loop
3474.924,65788116,loop
3475.029,65788120,loop
3475.134,65788124,loop
3475.239,65788124,loop
3475.344,65788132,loop
3475.449,65788136,loop
3475.555,65788140,loop
3475.660,65788140,loop
3475.765,65788148,loop
3475.870,65788148,loop
3475.975,65788152,loop
3476.080,65788156,loop
3476.186,65788160,loop
3476.291,65788164,loop
3476.396,65788168,loop
3476.501,65788172,loop
3476.606,65788176,loop
3476.711,65788180,loop
3476.817,65788184,loop
3476.922,65788188,loop
3477.027,65788192,loop
3477.132,65788196,loop
3477.237,65788200,loop
3477.342,65788204,loop
3477.448,65788208,loop
3477.553,65788212,loop
3477.658,65788216,loop
3477.763,65788220,loop
3477.868,65788224,loop
3477.973,65788228,loop
3478.078,65788232,loop
3478.184,65788236,loop
3478.289,65788240,loop
3478.394,65788240,loop
3478.499,65788248,loop
3478.604,65788252,loop
3478.709,65788256,loop
3478.815,65788260,loop
3478.920,65788260,loop
3479.025,65788264,loop
3479.130,65788268,loop
3479.235,65788272,loop
3479.340,65788276,loop
3479.445,65788280,loop
3479.551,65788284,loop
3479.656,65788288,loop
3479.761,65788292,loop
3479.866,65788296,loop
3479.971,65788300,loop
3480.076,65788304,loop
3480.182,65788308,loop
3480.287,65788312,loop
3480.392,65788316,loop
3481.443,65511580,loop
3481.543,65555232,loop
3482.561,65350796,loop
3482.666,65350796,loop
3482.771,65351052,loop
3482.876,65351052,loop
3482.981,65351052,loop
3483.087,65351052,loop
3483.192,65351052,loop
3483.297,65351052,loop
3483.402,65351052,loop
3483.507,65351052,loop
3483.612,65351052,loop
3483.718,65351052,loop
3483.823,65351052,loop
3483.928,65351052,loop
3484.033,65351052,loop
3484.138,65351052,loop
3484.243,65351052,loop
3484.349,65351052,loop
3484.454,65351052,loop
3484.559,65351052,loop
3484.664,65351052,loop
3484.769,65351052,loop
3484.874,65351052,loop
3484.980,65351052,loop
3485.085,65351052,loop
3485.190,65351052,loop
3485.295,65351052,loop
3485.400,65351052,loop
3485.505,65351052,loop
3485.611,65351052,loop
3485.716,65351052,loop
3485.821,65351052,loop
3485.926,65351052,loop
3486.031,65351052,loop
3486.136,65351052,loop
3486.242,65351052,loop
3486.347,65351052,loop
3486.452,65351052,loop
3486.557,65351052,loop
3486.662,65351052,loop
3486.767,65351052,loop
3486.873,65351052,loop
3486.978,65351052,loop
3487.083,65351052,loop
3487.188,65351052,loop
3487.293,65351052,loop
3487.398,65351052,loop
3487.504,65351052,loop
3487.609,65351052,loop
3487.714,65351052,loop
3487.819,65351052,loop
3487.924,65351052,loop
3488.029,65351052,loop
3488.134,65351052,loop
3488.240,65351052,loop
3488.345,65351052,loop
3488.450,65351052,loop
3488.555,65351052,loop
3488.660,65351052,loop
3488.765,65351052,loop
3488.871,65351052,loop
3488.976,65351052,loop
3489.081,65351052,loop
3489.186,65351052,loop
3489.291,65351052,loop
3489.396,65351052,loop
3489.502,65351052,loop
3489.607,65351052,loop
3489.712,65351052,loop
3489.818,65351052,loop
3489.923,65351052,loop
3490.028,65351052,loop
3490.133,65351052,loop
3490.238,65351052,loop
3490.343,65351052,loop
3490.448,65351052,loop
3490.554,65351052,loop
3490.659,65351052,loop
3490.764,65351052,loop
3490.869,65351052,loop
3490.975,65351052,loop
3491.080,65351052,loop
3491.186,65351052,loop
3491.291,65351052,loop
3491.396,65351052,loop
3491.501,65351052,loop
3491.606,65351052,loop
3491.711,65351052,loop
3491.817,65351052,loop
3491.922,65351052,loop
3492.027,65351052,loop
3492.132,65351052,loop
3492.237,65351052,loop
3492.343,65351052,loop
3492.448,65351052,loop
3492.554,65351052,loop
3492.659,65351052,loop
3492.764,65351052,loop
3492.869,65351052,loop
3492.974,65351052,loop
3493.079,65351308,loop
3493.185,65351308,loop
3493.290,65351308,loop
3493.395,65351308,loop
3493.500,65351308,loop
3493.605,65351308,loop
3493.710,65351308,loop
3493.815,65351308,loop
3493.921,65351308,loop
3494.026,65351308,loop
3494.131,65351308,loop
3494.236,65351308,loop
3494.341,65351308,loop
3494.446,65351308,loop
3494.552,65351308,loop
3494.657,65351308,loop
3494.762,65351308,loop
3494.867,65351308,loop
3494.972,65351308,loop
3495.077,65351308,loop
3495.182,65351308,loop
3495.288,65351308,loop
3495.393,65351308,loop
3495.498,65351308,loop
3495.603,65351308,loop
3495.708,65351308,loop
3495.813,65351308,loop
3495.919,65351308,loop
3496.024,65351308,loop
3496.129,65351308,loop
3496.234,65351308,loop
3496.339,65351308,loop
3496.444,65351308,loop
3496.550,65351308,loop
3496.655,65351308,loop
3496.760,65351308,loop
3496.865,65351308,loop
3496.970,65351308,loop
3497.075,65351308,loop
3497.180,65351308,loop
3497.286,65351308,loop
3497.391,65351308,loop
3497.496,65351308,loop
3497.601,65351308,loop
3497.706,65351308,loop
3497.811,65351308,loop
3497.917,65351308,loop
3498.022,65351308,loop
3498.127,65351308,loop
3498.232,65351308,loop
3498.337,65351308,loop
3498.442,65351308,loop
3498.548,65351308,loop
3498.653,65351308,loop
3498.758,65351308,loop
3498.863,65351308,loop
3498.968,65351308,loop
3499.073,65351308,loop
3499.178,65351308,loop
3499.284,65351308,loop
3499.389,65351308,loop
3499.494,65351308,loop
3499.599,65351308,loop
3499.704,65351308,loop
3499.809,65351308,loop
3499.915,65351308,loop
3500.020,65351308,loop
3500.125,65351308,loop
3500.230,65351308,loop
3500.335,65351308,loop
3500.440,65351308,loop
3500.546,65351308,loop
3500.651,65351308,loop
3500.756,65351308,loop
3500.861,65351308,loop
3500.966,65351308,loop
3501.071,65351308,loop
3501.177,65351308,loop
3501.282,65351308,loop
3501.387,65351308,loop
3501.492,65351308,loop
3501.597,65351308,loop
3501.702,65351308,loop
3501.807,65351308,loop
3501.913,65351308,loop
3502.018,65351308,loop
3502.123,65351308,loop
3502.228,65351308,loop
3502.333,65351308,loop
3502.438,65351308,loop
3502.544,65351308,loop
3502.649,65351308,loop
3502.754,65351308,loop
3502.859,65351308,loop
3502.964,65351308,loop
3503.069,65351308,loop
3503.175,65351308,loop
3503.280,65351564,loop
3503.385,65351564,loop
3503.490,65351564,loop
3503.595,65351564,loop
3503.700,65351564,loop
3503.805,65351564,loop
3503.911,65351564,loop
3504.016,65351564,loop
3504.121,65351564,loop
3504.226,65351564,loop
3504.331,65351564,loop
3504.436,65351564,loop
3504.542,65351564,loop
3504.647,65351564,loop
3504.752,65351564,loop
3504.857,65351564,loop
3504.962,65351564,loop
3505.067,65351564,loop
3505.173,65351564,loop
3505.278,65351564,loop
3505.383,65351564,loop
3505.488,65351564,loop
3505.593,65351564,loop
3505.698,65351564,loop
3505.803,65351564,loop
3505.909,65351564,loop
3506.014,65351564,loop
3506.119,65351564,loop
3506.224,65351564,loop
3506.329,65351564,loop
3506.434,65351564,loop
3506.540,65351564,loop
3506.645,65351564,loop
3506.750,65351564,loop
3506.855,65351564,loop
3506.960,65351564,loop
3507.065,65351564,loop
3507.171,65351564,loop
3507.276,65351564,loop
3507.381,65351564,loop
3507.486,65351564,loop
3507.591,65351564,loop
3507.696,65351564,loop
3507.801,65351564,loop
3507.907,65351564,loop
3508.012,65351564,loop
3508.117,65351564,loop
3508.222,65351564,loop
3508.327,65351564,loop
3508.432,65351564,loop
3508.538,65351564,loop
3508.643,65351564,loop
3508.748,65351564,loop
3508.853,65351564,loop
3508.958,65351564,loop
3509.063,65351564,loop
3509.169,65351564,loop
3509.274,65351564,loop
3509.379,65351564,loop
3509.484,65351564,loop
3509.589,65351564,loop
3509.694,65351564,loop
3509.800,65351564,loop
3509.905,65351564,loop
3510.010,65351564,loop
3510.115,65351564,loop
3510.220,65351564,loop
3510.325,65351564,loop
3510.430,65351564,loop
3510.536,65351564,loop
3510.641,65351564,loop
3510.746,65351564,loop
3510.851,65351564,loop
3510.956,65351564,loop
3511.061,65351564,loop
3511.167,65351564,loop
3511.272,65351564,loop
3511.377,65351564,loop
3511.482,65351564,loop
3511.587,65351564,loop
3511.692,65351564,loop
3511.797,65351564,loop
3511.903,65351564,loop
3512.008,65351564,loop
3512.113,65351564,loop
3512.218,65351564,loop
3512.323,65351564,loop
3512.428,65351564,loop
3512.534,65351564,loop
3512.639,65351564,loop
3512.744,65351564,loop
3512.849,65351564,loop
3512.954,65351564,loop
3513.059,65351564,loop
3513.165,65351564,loop
3513.270,65351564,loop
3513.375,65351564,loop
3513.480,65351740,loop
3513.585,65351820,loop
3513.690,65351820,loop
3513.796,65351820,loop
3513.901,65351820,loop
3514.006,65351820,loop
3514.111,65351820,loop
3514.216,65351820,loop
3514.321,65351820,loop
3514.426,65351820,loop
3514.532,65351820,loop
3514.637,65351820,loop
3514.742,65351820,loop
3514.847,65351820,loop
3514.952,65351820,loop
3515.057,65351820,loop
3515.163,65351820,loop
3515.268,65351820,loop
3515.373,65351820,loop
3515.478,65351820,loop
3515.583,65351820,loop
3515.688,65351820,loop
3515.794,65351820,loop
3515.899,65351820,loop
3516.004,65351820,loop
3516.109,65351820,loop
3516.214,65351820,loop
3516.319,65351820,loop
3516.425,65351820,loop
3516.530,65351820,loop
3516.635,65351820,loop
3516.740,65351820,loop
3516.845,65351820,loop
3516.950,65351820,loop
3517.055,65351820,loop
3517.161,65351820,loop
3517.266,65351820,loop
3517.371,65351820,loop
3517.476,65351820,loop
3517.581,65351820,loop
3517.686,65351820,loop
3517.792,65351820,loop
3517.897,65351820,loop
3518.002,65351820,loop
3518.107,65351820,loop
3518.212,65351820,loop
3518.317,65351820,loop
3518.423,65351820,loop
3518.528,65351820,loop
3518.633,65351820,loop
3518.738,65351820,loop
3518.843,65351820,loop
3518.948,65351820,loop
3519.053,65351820,loop
3519.159,65351820,loop
3519.264,65351820,loop
3519.369,65351820,loop
3519.474,65351820,loop
3519.579,65351820,loop
3519.684,65351820,loop
3519.790,65351820,loop
3519.895,65351820,loop
3520.000,65351820,loop
3520.105,65351820,loop
3520.210,65351820,loop
3520.315,65351820,loop
3520.421,65351820,loop
3520.526,65351820,loop
3520.631,65351820,loop
3520.736,65351820,loop
3520.841,65351820,loop
3520.946,65351820,loop
3521.051,65351820,loop
3521.157,65351820,loop
3521.262,65351820,loop
3521.367,65351820,loop
3521.472,65351820,loop
3521.577,65351820,loop
3521.682,65351820,loop
3521.788,65351820,loop
3521.893,65351820,loop
3521.998,65351820,loop
3522.103,65351820,loop
3522.208,65351820,loop
3522.313,65351820,loop
3522.419,65351820,loop
3522.524,65351820,loop
3522.629,65351820,loop
3522.734,65351820,loop
3522.839,65351820,loop
3522.944,65351820,loop
3523.049,65351820,loop
3523.155,65351820,loop
3523.260,65351820,loop
3523.365,65351820,loop
3523.470,65351820,loop
3523.575,65351820,loop
3523.680,65351820,loop
3523.786,65352076,loop
3523.891,65352076,loop
3523.996,65352076,loop
3524.101,65352076,loop
3524.206,65352076,loop
3524.311,65352076,loop
3524.417,65352076,loop
3524.522,65352076,loop
3524.627,65352076,loop
3524.732,65352076,loop
3524.837,65352076,loop
3524.942,65352076,loop
3525.048,65352076,loop
3525.153,65352076,loop
3525.258,65352076,loop
3525.363,65352076,loop
3525.468,65352076,loop
3525.573,65352076,loop
3525.678,65352076,loop
3525.784,65352076,loop
3525.889,65352076,loop
3525.994,65352076,loop
3526.099,65352076,loop
3526.204,65352076,loop
3526.309,65352076,loop
3526.415,65352076,loop
3526.520,65352076,loop
3526.625,65352076,loop
3526.730,65352076,loop
3526.835,65352076,loop
3526.940,65352076,loop
3527.046,65352076,loop
3527.151,65352076,loop
3527.256,65352076,loop
3527.361,65352076,loop
3527.466,65352076,loop
3527.571,65352076,loop
3527.676,65352076,loop
3527.782,65352076,loop
3527.887,65352076,loop
3527.992,65352076,loop
3528.097,65352076,loop
3528.202,65352076,loop
3528.307,65352076,loop
3528.413,65352076,loop
3528.518,65352076,loop
3528.623,65352076,loop
3528.728,65352076,loop
3528.833,65352076,loop
3528.938,65352076,loop
3529.044,65352076,loop
3529.149,65352076,loop
3529.254,65352076,loop
3529.359,65352076,loop
3529.464,65352076,loop
3529.569,65352076,loop
3529.674,65352076,loop
3529.780,65352076,loop
3529.885,65352076,loop
3529.990,65352076,loop
3530.095,65352076,loop
3530.200,65352076,loop
3530.305,65352076,loop
3530.411,65352076,loop
3530.516,65352076,loop
3530.621,65352076,loop
3530.726,65352076,loop
3530.831,65352076,loop
3530.936,65352076,loop
3531.042,65352076,loop
3531.147,65352076,loop
3531.252,65352076,loop
3531.357,65352076,loop
3531.462,65352076,loop
3531.567,65352076,loop
3531.672,65352076,loop
3531.778,65352076,loop
3531.883,65352076,loop
3531.988,65352076,loop
3532.093,65352076,loop
3532.198,65352076,loop
3532.303,65352076,loop
3532.409,65352076,loop
3532.514,65352076,loop
3532.619,65352076,loop
3532.724,65352076,loop
3532.829,65352076,loop
3532.934,65352076,loop
3533.040,65352076,loop
3533.145,65352076,loop
3533.250,65352076,loop
3533.355,65352076,loop
3533.460,65352076,loop
3533.565,65352076,loop
3533.671,65352076,loop
3533.776,65352076,loop
3533.881,65352076,loop
3533.986,65352332,loop
3534.091,65352332,loop
3534.196,65352332,loop
3534.301,65352332,loop
3534.407,65352332,loop
3534.512,65352332,loop
3534.617,65352332,loop
3534.722,65352332,loop
3534.827,65352332,loop
3534.932,65352332,loop
3535.038,65352332,loop
3535.143,65352332,loop
3535.248,65352332,loop
3535.353,65352332,loop
3535.458,65352332,loop
3535.563,65352332,loop
3535.669,65352332,loop
3535.774,65352332,loop
3535.879,65352332,loop
3535.984,65352332,loop
3536.089,65352332,loop
3536.194,65352332,loop
3536.299,65352332,loop
3536.405,65352332,loop
3536.510,65352332,loop
3536.615,65352332,loop
3536.720,65352332,loop
3536.825,65352332,loop
3536.930,65352332,loop
3537.036,65352332,loop
3537.141,65352332,loop
3537.246,65352332,loop
3537.351,65352332,loop
3537.456,65352332,loop
3537.561,65352332,loop
3537.667,65352332,loop
3537.772,65352332,loop
3537.877,65352332,loop
3537.982,65352332,loop
3538.087,65352332,loop
3538.192,65352332,loop
3538.297,65352332,loop
3538.403,65352332,loop
3538.508,65352332,loop
3538.613,65352332,loop
3538.718,65352332,loop
3538.823,65352332,loop
3538.928,65352332,loop
3539.034,65352332,loop
3539.139,65352332,loop
3539.244,65352332,loop
3539.349,65352332,loop
3539.454,65352332,loop
3539.559,65352332,loop
3539.665,65352332,loop
3539.770,65352332,loop
3539.875,65352332,loop
3539.980,65352332,loop
3540.085,65352332,loop
3540.190,65352332,loop
3540.296,65352332,loop
3540.401,65352332,loop
3540.506,65352332,loop
3540.611,65352332,loop
3540.716,65352332,loop
3540.821,65352332,loop
3540.926,65352332,loop
3541.032,65352332,loop
3541.137,65352332,loop
3541.242,65352332,loop
3541.347,65352332,loop
3541.452,65352332,loop
3541.557,65352332,loop
3541.663,65352332,loop
3541.768,65352332,loop
3541.873,65352332,loop
3541.978,65352332,loop
3542.083,65352332,loop
3542.188,65352332,loop
3542.293,65352332,loop
3542.399,65352332,loop
3542.504,65352332,loop
3542.609,65352332,loop
3542.714,65352332,loop
3542.819,65352332,loop
3542.924,65352332,loop
3543.030,65352332,loop
3543.135,65352332,loop
3543.240,65352332,loop
3543.345,65352332,loop
3543.450,65352332,loop
3543.555,65352332,loop
3543.661,65352332,loop
3543.766,65352332,loop
3543.871,65352332,loop
3543.976,65352332,loop
3544.081,65352332,loop
3544.186,65352332,loop
3544.292,65352588,loop
3544.397,65352588,loop
3544.502,65352588,loop
3544.607,65352588,loop
3544.712,65352588,loop
3544.817,65352588,loop
3544.922,65352588,loop
3545.028,65352588,loop
3545.133,65352588,loop
3545.238,65352588,loop
3545.343,65352588,loop
3545.448,65352588,loop
3545.553,65352588,loop
3545.659,65352588,loop
3545.764,65352588,loop
3545.869,65352588,loop
3545.974,65352588,loop
3546.079,65352588,loop
3546.184,65352588,loop
3546.290,65352588,loop
3546.395,65352588,loop
3546.500,65352588,loop
3546.605,65352588,loop
3546.710,65352588,loop
3546.815,65352588,loop
3546.920,65352588,loop
3547.026,65352588,loop
3547.131,65352588,loop
3547.236,65352588,loop
3547.341,65352588,loop
3547.446,65352588,loop
3547.552,65352588,loop
3547.657,65352588,loop
3547.762,65352588,loop
3547.868,65352588,loop
3547.973,65352588,loop
3548.078,65352588,loop
3548.183,65352588,loop
3548.288,65352588,loop
3548.393,65352588,loop
3548.498,65352588,loop
3548.604,65352588,loop
3548.709,65352588,loop
3548.814,65352588,loop
3548.919,65352588,loop
3549.024,65352588,loop
3549.129,65352588,loop
3549.235,65352588,loop
3549.340,65352588,loop
3549.445,65352588,loop
3549.550,65352588,loop
3549.655,65352588,loop
3549.760,65352588,loop
3549.866,65352588,loop
3549.971,65352588,loop
3550.076,65352588,loop
3550.181,65352588,loop
3550.286,65352588,loop
3550.391,65352588,loop
3550.496,65352588,loop
3550.602,65352588,loop
3550.707,65352588,loop
3550.812,65352588,loop
3550.917,65352588,loop
3551.022,65352588,loop
3551.127,65352588,loop
3551.233,65352588,loop
3551.338,65352588,loop
3551.443,65352588,loop
3551.548,65352588,loop
3551.653,65352588,loop
3551.758,65352588,loop
3551.864,65352588,loop
3551.969,65352588,loop
3552.074,65352588,loop
3552.179,65352588,loop
3552.284,65352588,loop
3552.389,65352588,loop
3552.494,65352588,loop
3552.600,65352588,loop
3552.705,65352588,loop
3552.810,65352588,loop
3552.915,65352588,loop
3553.020,65352588,loop
3553.125,65352588,loop
3553.231,65352588,loop
3553.336,65352588,loop
3553.441,65352588,loop
3553.546,65352588,loop
3553.651,65352588,loop
3553.756,65352588,loop
3553.862,65352588,loop
3553.967,65352588,loop
3554.072,65352588,loop
3554.177,65352588,loop
3554.282,65352588,loop
3554.387,65352588,loop
3554.492,65352844,loop
3554.598,65352844,loop
3554.703,65352844,loop
3554.808,65352844,loop
3554.913,65352844,loop
3555.018,65352844,loop
3555.123,65352844,loop
3555.229,65352844,loop
3555.334,65352844,loop
3555.439,65352844,loop
3555.544,65352844,loop
3555.649,65352844,loop
3555.754,65352844,loop
3555.860,65352844,loop
3555.965,65352844,loop
3556.070,65352844,loop
3556.175,65352844,loop
3556.280,65352844,loop
3556.385,65352844,loop
3556.491,65352844,loop
3556.596,65352844,loop
3556.701,65352844,loop
3556.806,65352844,loop
3556.911,65352844,loop
3557.016,65352844,loop
3557.121,65352844,loop
3557.227,65352844,loop
3557.332,65352844,loop
3557.437,65352844,loop
3557.542,65352844,loop
3557.647,65352844,loop
3557.752,65352844,loop
3557.858,65352844,loop
3557.963,65352844,loop
3558.068,65352844,loop
3558.173,65352844,loop
3558.278,65352844,loop
3558.383,65352844,loop
3558.489,65352844,loop
3558.594,65352844,loop
3558.699,65352844,loop
3558.804,65352844,loop
3558.909,65352844,loop
3559.014,65352844,loop
3559.119,65352844,loop
3559.225,65352844,loop
3559.330,65352844,loop
3559.435,65352844,loop
3559.540,65352844,loop
3559.645,65352844,loop
3559.750,65352844,loop
3559.856,65352844,loop
3559.961,65352844,loop
3560.066,65352844,loop
3560.171,65352844,loop
3560.276,65352844,loop
3560.381,65352844,loop
3560.487,65352844,loop
3560.592,65352844,loop
3560.697,65352844,loop
3560.802,65352844,loop
3560.907,65352844,loop
3561.012,65352844,loop
3561.117,65352844,loop
3561.223,65352844,loop
3561.328,65352844,loop
3561.433,65352844,loop
3561.538,65352844,loop
3561.643,65352844,loop
3561.748,65352844,loop
3561.854,65352844,loop
3561.959,65352844,loop
3562.064,65352844,loop
3562.169,65352844,loop
3562.274,65352844,loop
3562.379,65352844,loop
3562.485,65352844,loop
3562.590,65352844,loop
3562.695,65352844,loop
3562.800,65352844,loop
3562.905,65352844,loop
3563.010,65352844,loop
3563.115,65352844,loop
3563.221,65352844,loop
3563.326,65352844,loop
3563.431,65352844,loop
3563.536,65352844,loop
3563.641,65352844,loop
3563.746,65352844,loop
3563.852,65352844,loop
3563.957,65352844,loop
3564.062,65352844,loop
3564.168,65352844,loop
3564.273,65352844,loop
3564.378,65352844,loop
3564.483,65352844,loop
3564.588,65352844,loop
3564.693,65353100,loop
3564.799,65353100,loop
3564.904,65353100,loop
3565.009,65353100,loop
3565.114,65353100,loop
3565.219,65353100,loop
3565.324,65353100,loop
3565.430,65353100,loop
3565.535,65353100,loop
3565.640,65353100,loop
3565.745,65353100,loop
3565.850,65353100,loop
3565.955,65353100,loop
3566.061,65353100,loop
3566.166,65353100,loop
3566.271,65353100,loop
3566.376,65353100,loop
3566.481,65353100,loop
3566.586,65353100,loop
3566.691,65353100,loop
3566.797,65353100,loop
3566.902,65353100,loop
3567.007,65353100,loop
3567.112,65353100,loop
3567.217,65353100,loop
3567.322,65353100,loop
3567.428,65353100,loop
3567.533,65353100,loop
3567.638,65353100,loop
3567.743,65353100,loop
3567.848,65353100,loop
3567.953,65353100,loop
3568.059,65353100,loop
3568.164,65353100,loop
3568.269,65353100,loop
3568.374,65353100,loop
3568.479,65353100,loop
3568.584,65353100,loop
3568.689,65353100,loop
3568.795,65353100,loop
3568.900,65353100,loop
3569.005,65353100,loop
3569.110,65353100,loop
3569.215,65353100,loop
3569.320,65353100,loop
3569.426,65353100,loop
3569.531,65353100,loop
3569.636,65353100,loop
3569.741,65353100,loop
3569.846,65353100,loop
3569.951,65353100,loop
3570.057,65353100,loop
3570.162,65353100,loop
3570.267,65353100,loop
3570.372,65353100,loop
3570.477,65353100,loop
3570.582,65353100,loop
3570.687,65353100,loop
3570.793,65353100,loop
3570.898,65353100,loop
3571.003,65353100,loop
3571.108,65353100,loop
3571.213,65353100,loop
3571.318,65353100,loop
3571.424,65353100,loop
3571.529,65353100,loop
3571.634,65353100,loop
3571.739,65353100,loop
3571.844,65353100,loop
3571.949,65353100,loop
3572.055,65353100,loop
3572.160,65353100,loop
3572.265,65353100,loop
3572.370,65353100,loop
3572.475,65353100,loop
3572.580,65353100,loop
3572.685,65353100,loop
3572.791,65353100,loop
3572.896,65353100,loop
3573.001,65353100,loop
3573.106,65353100,loop
3573.211,65353100,loop
3573.316,65353100,loop
3573.422,65353100,loop
3573.527,65353100,loop
3573.632,65353100,loop
3573.737,65353100,loop
3573.842,65353100,loop
3573.947,65353100,loop
3574.052,65353100,loop
3574.158,65353100,loop
3574.263,65353100,loop
3574.368,65353100,loop
3574.473,65353100,loop
3574.578,65353100,loop
3574.683,65353100,loop
3574.789,65353100,loop
3574.894,65353100,loop
3574.999,65353356,loop
3575.104,65353356,loop
3575.209,65353356,loop
3575.314,65353356,loop
3575.420,65353356,loop
3575.525,65353356,loop
3575.630,65353356,loop
3575.735,65353356,loop
3575.840,65353356,loop
3575.945,65353356,loop
3576.050,65353356,loop
3576.156,65353356,loop
3576.261,65353356,loop
3576.366,65353356,loop
3576.471,65353356,loop
3576.576,65353356,loop
3576.681,65353356,loop
3576.787,65353356,loop
3576.892,65353356,loop
3576.997,65353356,loop
3577.102,65353356,loop
3577.207,65353356,loop
3577.312,65353356,loop
3577.418,65353356,loop
3577.523,65353356,loop
3577.628,65353356,loop
3577.733,65353356,loop
3577.838,65353356,loop
3577.943,65353356,loop
3578.048,65353356,loop
3578.154,65353356,loop
3578.259,65353356,loop
3578.364,65353356,loop
3578.469,65353356,loop
3578.574,65353356,loop
3578.679,65353356,loop
3578.785,65353356,loop
3578.890,65353356,loop
3578.995,65353356,loop
3579.100,65353356,loop
3579.205,65353356,loop
3579.310,65353356,loop
3579.416,65353356,loop
3579.521,65353356,loop
3579.626,65353356,loop
3579.731,65353356,loop
3579.836,65353356,loop
3579.941,65353356,loop
3580.047,65353356,loop
3580.152,65353356,loop
3580.257,65353356,loop
3580.362,65353356,loop
3580.467,65353356,loop
3580.572,65353356,loop
3580.677,65353356,loop
3580.783,65353356,loop
3580.888,65353356,loop
3580.993,65353356,loop
3581.098,65353356,loop
3581.203,65353356,loop
3581.308,65353356,loop
3581.414,65353356,loop
3581.519,65353356,loop
3581.624,65353356,loop
3581.729,65353356,loop
3581.834,65353356,loop
3581.939,65353356,loop
3582.045,65353356,loop
3582.150,65353356,loop
3582.255,65353356,loop
3582.360,65353356,loop
3582.465,65353356,loop
3582.570,65353356,loop
3582.675,65353356,loop
3582.781,65353356,loop
3582.886,65353356,loop
3582.991,65353356,loop
3583.096,65353356,loop
3583.201,65353356,loop
3583.306,65353356,loop
3583.412,65353356,loop
3583.517,65353356,loop
3583.622,65353356,loop
3583.727,65353356,loop
3583.832,65353356,loop
3583.937,65353356,loop
3584.043,65353356,loop
3584.148,65353356,loop
3584.253,65353356,loop
3584.358,65353356,loop
3584.463,65353356,loop
3584.568,65353356,loop
3584.673,65353356,loop
3584.779,65353356,loop
3584.884,65353356,loop
3584.989,65353356,loop
3585.094,65353356,loop
3585.199,65353612,loop
3585.304,65353612,loop
3585.410,65353612,loop
3585.515,65353612,loop
3585.620,65353612,loop
3585.725,65353612,loop
3585.830,65353612,loop
3585.935,65353612,loop
3586.041,65353612,loop
3586.146,65353612,loop
3586.251,65353612,loop
3586.356,65353612,loop
3586.461,65353612,loop
3586.566,65353612,loop
3586.671,65353612,loop
3586.777,65353612,loop
3586.882,65353612,loop
3586.987,65353612,loop
3587.092,65353612,loop
3587.197,65353612,loop
3587.302,65353612,loop
3587.408,65353612,loop
3587.513,65353612,loop
3587.618,65353612,loop
3587.723,65353612,loop
3587.828,65353612,loop
3587.933,65353612,loop
3588.039,65353612,loop
3588.144,65353612,loop
3588.249,65353612,loop
3588.354,65353612,loop
3588.459,65353612,loop
3588.564,65353612,loop
3588.669,65353612,loop
3588.775,65353612,loop
3588.880,65353612,loop
3588.985,65353612,loop
3589.090,65353612,loop
3589.195,65353612,loop
3589.300,65353612,loop
3589.406,65353612,loop
3589.511,65353612,loop
3589.616,65353612,loop
3589.721,65353612,loop
3589.826,65353612,loop
3589.931,65353612,loop
3590.037,65353612,loop
3590.142,65353612,loop
3590.247,65353612,loop
3590.352,65353612,loop
3590.457,65353612,loop
3590.562,65353612,loop
3590.667,65353612,loop
3590.773,65353612,loop
3590.878,65353612,loop
3590.983,65353612,loop
3591.088,65353612,loop
3591.193,65353612,loop
3591.298,65353612,loop
3591.404,65353612,loop
3591.509,65353612,loop
3591.614,65353612,loop
3591.719,65353612,loop
3591.824,65353612,loop
3591.929,65353612,loop
3592.035,65353612,loop
3592.140,65353612,loop
3592.245,65353612,loop
3592.350,65353612,loop
3592.455,65353612,loop
3592.560,65353612,loop
3592.666,65353612,loop
3592.771,65353612,loop
3592.876,65353612,loop
3592.981,65353612,loop
3593.086,65353612,loop
3593.191,65353612,loop
3593.297,65353612,loop
3593.402,65353612,loop
3593.507,65353612,loop
3593.612,65353612,loop
3593.717,65353612,loop
3593.822,65353612,loop
3593.927,65353612,loop
3594.033,65353612,loop
3594.138,65353612,loop
3594.243,65353612,loop
3594.348,65353612,loop
3594.453,65353612,loop
3594.558,65353612,loop
3594.664,65353612,loop
3594.769,65353612,loop
3594.874,65353612,loop
3594.979,65353612,loop
3595.084,65353612,loop
3595.189,65353612,loop
3595.295,65353612,loop
3595.400,65353772,loop
3595.505,65353868,loop
3595.610,65353868,loop
3595.715,65353868,loop
3595.821,65353868,loop
3595.926,65353868,loop
3596.031,65353868,loop
3596.136,65353868,loop
3596.241,65353868,loop
3596.346,65353868,loop
3596.451,65353868,loop
3596.557,65353868,loop
3596.662,65353868,loop
3596.767,65353868,loop
3596.872,65353868,loop
3596.977,65353868,loop
3597.082,65353868,loop
3597.188,65353868,loop
3597.293,65353868,loop
3597.398,65353868,loop
3597.503,65353868,loop
3597.608,65353868,loop
3597.713,65353868,loop
3597.819,65353868,loop
3597.924,65353868,loop
3598.029,65353868,loop
3598.134,65353868,loop
3598.239,65353868,loop
3598.344,65353868,loop
3598.450,65353868,loop
3598.555,65353868,loop
3598.660,65353868,loop
3598.765,65353868,loop
3598.870,65353868,loop
3598.975,65353868,loop
3599.081,65353868,loop
3599.186,65353868,loop
3599.291,65353868,loop
3599.396,65353868,loop
3599.501,65353868,loop
3599.606,65353868,loop
3599.711,65353868,loop
3599.817,65353868,loop
3599.922,65353868,loop
3600.027,65353868,loop
3600.132,65353868,loop
3600.237,65353868,loop
3600.342,65353868,loop
3600.448,65353868,loop
3600.553,65353868,loop
3600.658,65353868,loop
3600.763,65353868,loop
3600.868,65353868,loop
3600.973,65353868,loop
3601.078,65353868,loop
3601.184,65353868,loop
3601.289,65353868,loop
3601.394,65353868,loop
3601.499,65353868,loop
3601.604,65353868,loop
3601.709,65353868,loop
3601.815,65353868,loop
3601.920,65353868,loop
3602.025,65353868,loop
3602.130,65353868,loop
3602.235,65353868,loop
3602.340,65353868,loop
3602.446,65353868,loop
3602.551,65353868,loop
3602.656,65353868,loop
3602.761,65353868,loop
3602.866,65353868,loop
3602.971,65353868,loop
3603.077,65353868,loop
3603.182,65353868,loop
3603.287,65353868,loop
3603.392,65353868,loop
3603.497,65353868,loop
3603.602,65353868,loop
3603.707,65353868,loop
3603.813,65353868,loop
3603.918,65353868,loop
3604.023,65353868,loop
3604.128,65353868,loop
3604.233,65353868,loop
3604.338,65353868,loop
3604.444,65353868,loop
3604.549,65353868,loop
3604.654,65353868,loop
3604.759,65353868,loop
3604.864,65353868,loop
3604.969,65353868,loop
3605.075,65353868,loop
3605.180,65353868,loop
3605.285,65353868,loop
3605.390,65353868,loop
3605.495,65353868,loop
3605.600,65353868,loop
3605.705,65354124,loop
3605.811,65354124,loop
3605.916,65354124,loop
3606.021,65354124,loop
3606.126,65354124,loop
3606.231,65354124,loop
3606.336,65354124,loop
3606.442,65354124,loop
3606.547,65354124,loop
3606.652,65354124,loop
3606.757,65354124,loop
3606.862,65354124,loop
3606.967,65354124,loop
3607.073,65354124,loop
3607.178,65354124,loop
3607.283,65354124,loop
3607.388,65354124,loop
3607.493,65354124,loop
3607.598,65354124,loop
3607.704,65354124,loop
3607.809,65354124,loop
3607.914,65354124,loop
3608.020,65354124,loop
3608.125,65354124,loop
3608.230,65354124,loop
3608.335,65354124,loop
3608.440,65354124,loop
3608.545,65354124,loop
3608.651,65354124,loop
3608.756,65354124,loop
3608.861,65354124,loop
3608.966,65354124,loop
3609.071,65354124,loop
3609.176,65354124,loop
3609.282,65354124,loop
3609.387,65354124,loop
3609.492,65354124,loop
3609.597,65354124,loop
3609.702,65354124,loop
3609.807,65354124,loop
3609.912,65354124,loop
3610.018,65354124,loop
3610.123,65354124,loop
3610.228,65354124,loop
3610.333,65354124,loop
3610.438,65354124,loop
3610.543,65354124,loop
3610.649,65354124,loop
3610.754,65354124,loop
3610.859,65354124,loop
3610.964,65354124,loop
3611.069,65354124,loop
3611.174,65354124,loop
3611.280,65354124,loop
3611.385,65354124,loop
3611.490,65354124,loop
3611.595,65354124,loop
3611.700,65354124,loop
3611.805,65354124,loop
3611.911,65354124,loop
3612.016,65354124,loop
3612.121,65354124,loop
3612.226,65354124,loop
3612.331,65354124,loop
3612.436,65354124,loop
3612.541,65354124,loop
3612.647,65354124,loop
3612.752,65354124,loop
3612.857,65354124,loop
3612.962,65354124,loop
3613.067,65354124,loop
3613.172,65354124,loop
3613.278,65354124,loop
3613.383,65354124,loop
3613.488,65354124,loop
3613.593,65354124,loop
3613.698,65354124,loop
3613.803,65354124,loop
3613.909,65354124,loop
3614.014,65354124,loop
3614.119,65354124,loop
3614.224,65354124,loop
3614.329,65354124,loop
3614.434,65354124,loop
3614.539,65354124,loop
3614.645,65354124,loop
3614.750,65354124,loop
3614.855,65354124,loop
3614.960,65354124,loop
3615.065,65354124,loop
3615.170,65354124,loop
3615.276,65354124,loop
3615.381,65354124,loop
3615.486,65354124,loop
3615.591,65354124,loop
3615.696,65354124,loop
3615.801,65354124,loop
3615.907,65354380,loop
3616.012,65354380,loop
3616.117,65354380,loop
3616.222,65354380,loop
3616.327,65354380,loop
3616.432,65354380,loop
3616.538,65354380,loop
3616.643,65354380,loop
3616.748,65354380,loop
3616.853,65354380,loop
3616.958,65354380,loop
3617.063,65354380,loop
3617.169,65354380,loop
3617.274,65354380,loop
3617.379,65354380,loop
3617.484,65354380,loop
3617.589,65354380,loop
3617.694,65354380,loop
3617.799,65354380,loop
3617.905,65354380,loop
3618.010,65354380,loop
3618.115,65354380,loop
3618.220,65354380,loop
3618.325,65354380,loop
3618.430,65354380,loop
3618.536,65354380,loop
3618.641,65354380,loop
3618.746,65354380,loop
3618.851,65354380,loop
3618.956,65354380,loop
3619.061,65354380,loop
3619.167,65354380,loop
3619.272,65354380,loop
3619.377,65354380,loop
3619.482,65354380,loop
3619.587,65354380,loop
3619.692,65354380,loop
3619.797,65354380,loop
3619.903,65354380,loop
3620.008,65354380,loop
3620.113,65354380,loop
3620.218,65354380,loop
3620.323,65354380,loop
3620.428,65354380,loop
3620.534,65354380,loop
3620.639,65354380,loop
3620.744,65354380,loop
3620.849,65354380,loop
3620.954,65354380,loop
3621.059,65354380,loop
3621.165,65354380,loop
3621.270,65354380,loop
3621.375,65354380,loop
3621.480,65354380,loop
3621.585,65354380,loop
3621.690,65354380,loop
3621.795,65354380,loop
3621.901,65354380,loop
3622.006,65354380,loop
3622.111,65354380,loop
3622.216,65354380,loop
3622.321,65354380,loop
3622.426,65354380,loop
3622.532,65354380,loop
3622.637,65354380,loop
3622.742,65354380,loop
3622.847,65354380,loop
3622.952,65354380,loop
3623.057,65354380,loop
3623.163,65354380,loop
3623.268,65354380,loop
3623.373,65354380,loop
3623.478,65354380,loop
3623.583,65354380,loop
3623.688,65354380,loop
3623.793,65354380,loop
3623.899,65354380,loop
3624.004,65354380,loop
3624.109,65354380,loop
3624.214,65354380,loop
3624.319,65354380,loop
3624.424,65354380,loop
3624.530,65354380,loop
3624.635,65354380,loop
3624.740,65354380,loop
3624.845,65354380,loop
3624.950,65354380,loop
3625.055,65354380,loop
3625.161,65354380,loop
3625.266,65354380,loop
3625.371,65354380,loop
3625.476,65354380,loop
3625.581,65354380,loop
3625.686,65354380,loop
3625.791,65354380,loop
3625.897,65354380,loop
3626.002,65354380,loop
3626.107,65354380,loop
3626.212,65354636,loop
3626.317,65354636,loop
3626.422,65354636,loop
3626.528,65354636,loop
3626.633,65354636,loop
3626.738,65354636,loop
3626.843,65354636,loop
3626.948,65354636,loop
3627.053,65354636,loop
3627.159,65354636,loop
3627.264,65354636,loop
3627.369,65354636,loop
3627.474,65354636,loop
3627.579,65354636,loop
3627.684,65354636,loop
3627.790,65354636,loop
3627.895,65354636,loop
3628.000,65354636,loop
3628.105,65354636,loop
3628.210,65354636,loop
3628.315,65354636,loop
3628.420,65354636,loop
3628.526,65354636,loop
3628.631,65354636,loop
3628.736,65354636,loop
3628.841,65354636,loop
3628.946,65354636,loop
3629.051,65354636,loop
3629.157,65354636,loop
3629.262,65354636,loop
3629.367,65354636,loop
3629.472,65354636,loop
3629.577,65354636,loop
3629.682,65354636,loop
3629.788,65354636,loop
3629.893,65354636,loop
3629.998,65354636,loop
3630.103,65354636,loop
3630.208,65354636,loop
3630.313,65354636,loop
3630.418,65354636,loop
3630.524,65354636,loop
3630.629,65354636,loop
3630.734,65354636,loop
3630.839,65354636,loop
3630.944,65354636,loop
3631.049,65354636,loop
3631.155,65354636,loop
3631.260,65354636,loop
3631.365,65354636,loop
3631.470,65354636,loop
3631.575,65354636,loop
3631.680,65354636,loop
3631.786,65354636,loop
3631.891,65354636,loop
3631.996,65354636,loop
3632.101,65354636,loop
3632.206,65354636,loop
3632.311,65354636,loop
3632.417,65354636,loop
3632.522,65354636,loop
3632.627,65354636,loop
3632.732,65354636,loop
3632.837,65354636,loop
3632.942,65354636,loop
3633.047,65354636,loop
3633.153,65354636,loop
3633.258,65354636,loop
3633.363,65354636,loop
3633.468,65354636,loop
3633.573,65354636,loop
3633.678,65354636,loop
3633.784,65354636,loop
3633.889,65354636,loop
3633.994,65354636,loop
3634.099,65354636,loop
3634.204,65354636,loop
3634.309,65354636,loop
3634.415,65354636,loop
3634.520,65354636,loop
3634.625,65354636,loop
3634.730,65354636,loop
3634.835,65354636,loop
3634.940,65354636,loop
3635.045,65354636,loop
3635.151,65354636,loop
3635.256,65354636,loop
3635.361,65354636,loop
3635.466,65354636,loop
3635.571,65354636,loop
3635.676,65354636,loop
3635.782,65354636,loop
3635.887,65354636,loop
3635.992,65354636,loop
3636.097,65354636,loop
3636.202,65354636,loop
3636.307,65354636,loop
3636.413,65354892,loop
3636.518,65354892,loop
3636.623,65354892,loop
3636.728,65354892,loop
3636.833,65354892,loop
3636.938,65354892,loop
3637.044,65354892,loop
3637.149,65354892,loop
3637.254,65354892,loop
3637.359,65354892,loop
3637.464,65354892,loop
3637.569,65354892,loop
3637.675,65354892,loop
3637.780,65354892,loop
3637.885,65354892,loop
3637.990,65354892,loop
3638.095,65354892,loop
3638.200,65354892,loop
3638.306,65354892,loop
3638.411,65354892,loop
3638.516,65354892,loop
3638.621,65354892,loop
3638.726,65354892,loop
3638.831,65354892,loop
3638.936,65354892,loop
3639.042,65354892,loop
3639.147,65354892,loop
3639.252,65354892,loop
3639.357,65354892,loop
3639.462,65354892,loop
3639.567,65354892,loop
3639.673,65354892,loop
3639.778,65354892,loop
3639.883,65354892,loop
3639.988,65354892,loop
3640.093,65354892,loop
3640.198,65354892,loop
3640.304,65354892,loop
3640.409,65354892,loop
3640.514,65354892,loop
3640.619,65354892,loop
3640.724,65354892,loop
3640.830,65354892,loop
3640.935,65354892,loop
3641.040,65354892,loop
3641.145,65354892,loop
3641.251,65354892,loop
3641.356,65354892,loop
3641.461,65354892,loop
3641.567,65354892,loop
3641.672,65354892,loop
3641.777,65354892,loop
3641.882,65354892,loop
3641.987,65354892,loop
3642.092,65354892,loop
3642.197,65354892,loop
3642.303,65354892,loop
3642.408,65354892,loop
3642.513,65354892,loop
3642.618,65354892,loop
3642.723,65354892,loop
3642.828,65354892,loop
3642.934,65354892,loop
3643.039,65354892,loop
3643.144,65354892,loop
3643.249,65354892,loop
3643.354,65354892,loop
3643.459,65354892,loop
3643.565,65354892,loop
3643.670,65354892,loop
3643.775,65354892,loop
3643.880,65354892,loop
3643.985,65354892,loop
3644.090,65354892,loop
3644.195,65354892,loop
3644.301,65354892,loop
3644.406,65354892,loop
3644.511,65354892,loop
3644.616,65354892,loop
3644.721,65354892,loop
3644.826,65354892,loop
3644.932,65354892,loop
3645.037,65354892,loop
3645.142,65354892,loop
3645.247,65354892,loop
3645.352,65354892,loop
3645.457,65354892,loop
3645.563,65354892,loop
3645.668,65354892,loop
3645.773,65354892,loop
3645.878,65354892,loop
3645.983,65354892,loop
3646.088,65354892,loop
3646.193,65354892,loop
3646.299,65354892,loop
3646.404,65354892,loop
3646.509,65354892,loop
3646.614,65355148,loop
3646.719,65355148,loop
3646.824,65355148,loop
3646.930,65355148,loop
3647.035,65355148,loop
3647.140,65355148,loop
3647.245,65355148,loop
3647.350,65355148,loop
3647.455,65355148,loop
3647.560,65355148,loop
3647.666,65355148,loop
3647.771,65355148,loop
3647.876,65355148,loop
3647.981,65355148,loop
3648.086,65355148,loop
3648.191,65355148,loop
3648.297,65355148,loop
3648.402,65355148,loop
3648.507,65355148,loop
3648.612,65355148,loop
3648.717,65355148,loop
3648.822,65355148,loop
3648.928,65355148,loop
3649.033,65355148,loop
3649.138,65355148,loop
3649.243,65355148,loop
3649.348,65355148,loop
3649.453,65355148,loop
3649.559,65355148,loop
3649.664,65355148,loop
3649.769,65355148,loop
3649.874,65355148,loop
3649.979,65355148,loop
3650.084,65355148,loop
3650.189,65355148,loop
3650.295,65355148,loop
3650.400,65355148,loop
3650.505,65355148,loop
3650.610,65355148,loop
3650.715,65355148,loop
3650.820,65355148,loop
3650.926,65355148,loop
3651.031,65355148,loop
3651.136,65355148,loop
3651.241,65355148,loop
3651.346,65355148,loop
3651.451,65355148,loop
3651.557,65355148,loop
3651.662,65355148,loop
3651.767,65355148,loop
3651.872,65355148,loop
3651.977,65355148,loop
3652.082,65355148,loop
3652.187,65355148,loop
3652.293,65355148,loop
3652.398,65355148,loop
3652.503,65355148,loop
3652.608,65355148,loop
3652.713,65355148,loop
3652.818,65355148,loop
3652.924,65355148,loop
3653.029,65355148,loop
3653.134,65355148,loop
3653.239,65355148,loop
3653.344,65355148,loop
3653.449,65355148,loop
3653.555,65355148,loop
3653.660,65355148,loop
3653.765,65355148,loop
3653.870,65355148,loop
3653.975,65355148,loop
3654.080,65355148,loop
3654.185,65355148,loop
3654.291,65355148,loop
3654.396,65355148,loop
3654.501,65355148,loop
3654.606,65355148,loop
3654.711,65355148,loop
3654.816,65355148,loop
3654.922,65355148,loop
3655.027,65355148,loop
3655.132,65355148,loop
3655.237,65355148,loop
3655.342,65355148,loop
3655.447,65355148,loop
3655.552,65355148,loop
3655.658,65355148,loop
3655.763,65355148,loop
3655.868,65355148,loop
3655.973,65355148,loop
3656.078,65355148,loop
3656.183,65355148,loop
3656.289,65355148,loop
3656.394,65355148,loop
3656.499,65355148,loop
3656.604,65355148,loop
3656.709,65355148,loop
3656.814,65355148,loop
3656.920,65355404,loop
3657.025,65355404,loop
3657.130,65355404,loop
3657.235,65355404,loop
3657.340,65355404,loop
3657.445,65355404,loop
3657.550,65355404,loop
3657.656,65355404,loop
3657.761,65355404,loop
3657.866,65355404,loop
3657.971,65355404,loop
3658.076,65355404,loop
3658.181,65355404,loop
3658.287,65355404,loop
3658.392,65355404,loop
3658.497,65355404,loop
3658.602,65355404,loop
3658.707,65355404,loop
3658.812,65355404,loop
3658.917,65355404,loop
3659.023,65355404,loop
3659.128,65355404,loop
3659.233,65355404,loop
3659.338,65355404,loop
3659.443,65355404,loop
3659.548,65355404,loop
3659.654,65355404,loop
3659.759,65355404,loop
3659.864,65355404,loop
3659.969,65355404,loop
3660.074,65355404,loop
3660.179,65355404,loop
3660.285,65355404,loop
3660.390,65355404,loop
3660.495,65355404,loop
3660.600,65355404,loop
3660.705,65355404,loop
3660.810,65355404,loop
3660.916,65355404,loop
3661.021,65355404,loop
3661.126,65355404,loop
3661.231,65355404,loop
3661.336,65355404,loop
3661.441,65355404,loop
3661.546,65355404,loop
3661.652,65355404,loop
3661.757,65355404,loop
3661.862,65355404,loop
3661.967,65355404,loop
3662.072,65355404,loop
3662.177,65355404,loop
3662.283,65355404,loop
3662.388,65355404,loop
3662.493,65355404,loop
3662.598,65355404,loop
3662.703,65355404,loop
3662.808,65355404,loop
3662.914,65355404,loop
3663.019,65355404,loop
3663.124,65355404,loop
3663.229,65355404,loop
3663.334,65355404,loop
3663.439,65355404,loop
3663.544,65355404,loop
3663.650,65355404,loop
3663.755,65355404,loop
3663.860,65355404,loop
3663.965,65355404,loop
3664.070,65355404,loop
3664.175,65355404,loop
3664.281,65355404,loop
3664.386,65355404,loop
3664.491,65355404,loop
3664.596,65355404,loop
3664.701,65355404,loop
3664.806,65355404,loop
3664.912,65355404,loop
3665.017,65355404,loop
3665.122,65355404,loop
3665.227,65355404,loop
3665.332,65355404,loop
3665.437,65355404,loop
3665.542,65355404,loop
3665.648,65355404,loop
3665.753,65355404,loop
3665.858,65355404,loop
3665.963,65355404,loop
3666.068,65355404,loop
3666.173,65355404,loop
3666.279,65355404,loop
3666.384,65355404,loop
3666.489,65355404,loop
3666.594,65355404,loop
3666.699,65355404,loop
3666.804,65355404,loop
3666.910,65355404,loop
3667.015,65355404,loop
3667.120,65355660,loop
3667.225,65355660,loop
3667.330,65355660,loop
3667.435,65355660,loop
3667.540,65355660,loop
3667.646,65355660,loop
3667.751,65355660,loop
3667.856,65355660,loop
3667.961,65355660,loop
3668.066,65355660,loop
3668.171,65355660,loop
3668.277,65355660,loop
3668.382,65355660,loop
3668.487,65355660,loop
3668.592,65355660,loop
3668.697,65355660,loop
3668.802,65355660,loop
3668.908,65355660,loop
3669.013,65355660,loop
3669.118,65355660,loop
3669.223,65355660,loop
3669.328,65355660,loop
3669.433,65355660,loop
3669.538,65355660,loop
3669.644,65355660,loop
3669.749,65355660,loop
3669.854,65355660,loop
3669.959,65355660,loop
3670.064,65355660,loop
3670.169,65355660,loop
3670.275,65355660,loop
3670.380,65355660,loop
3670.485,65355660,loop
3670.590,65355660,loop
3670.695,65355660,loop
3670.800,65355660,loop
3670.906,65355660,loop
3671.011,65355660,loop
3671.116,65355660,loop
3671.221,65355660,loop
3671.326,65355660,loop
3671.431,65355660,loop
3671.536,65355660,loop
3671.642,65355660,loop
3671.747,65355660,loop
3671.852,65355660,loop
3671.957,65355660,loop
3672.062,65355660,loop
3672.167,65355660,loop
3672.273,65355660,loop
3672.378,65355660,loop
3672.483,65355660,loop
3672.588,65355660,loop
3672.693,65355660,loop
3672.798,65355660,loop
3672.904,65355660,loop
3673.009,65355660,loop
3673.114,65355660,loop
3673.219,65355660,loop
3673.324,65355660,loop
3673.429,65355660,loop
3673.535,65355660,loop
3673.640,65355660,loop
3673.745,65355660,loop
3673.850,65355660,loop
3673.955,65355660,loop
3674.060,65355660,loop
3674.166,65355660,loop
3674.271,65355660,loop
3674.376,65355660,loop
3674.481,65355660,loop
3674.586,65355660,loop
3674.691,65355660,loop
3674.796,65355660,loop
3674.902,65355660,loop
3675.007,65355660,loop
3675.112,65355660,loop
3675.217,65355660,loop
3675.322,65355660,loop
3675.427,65355660,loop
3675.533,65355660,loop
3675.638,65355660,loop
3675.743,65355660,loop
3675.848,65355660,loop
3675.953,65355660,loop
3676.058,65355660,loop
3676.164,65355660,loop
3676.269,65355660,loop
3676.374,65355660,loop
3676.479,65355660,loop
3676.584,65355660,loop
3676.689,65355660,loop
3676.794,65355660,loop
3676.900,65355660,loop
3677.005,65355660,loop
3677.110,65355660,loop
3677.215,65355660,loop
3677.320,65355852,loop
3677.425,65355916,loop
3677.531,65355916,loop
3677.636,65355916,loop
3677.741,65355916,loop
3677.846,65355916,loop
3677.951,65355916,loop
3678.056,65355916,loop
3678.161,65355916,loop
3678.267,65355916,loop
3678.372,65355916,loop
3678.477,65355916,loop
3678.582,65355916,loop
3678.687,65355916,loop
3678.792,65355916,loop
3678.898,65355916,loop
3679.003,65355916,loop
3679.108,65355916,loop
3679.213,65355916,loop
3679.318,65355916,loop
3679.423,65355916,loop
3679.529,65355916,loop
3679.634,65355916,loop
3679.739,65355916,loop
3679.844,65355916,loop
3679.949,65355916,loop
3680.054,65355916,loop
3680.159,65355916,loop
3680.265,65355916,loop
3680.370,65355916,loop
3680.475,65355916,loop
3680.580,65355916,loop
3680.685,65355916,loop
3680.790,65355916,loop
3680.896,65355916,loop
3681.001,65355916,loop
3681.106,65355916,loop
3681.211,65355916,loop
3681.316,65355916,loop
3681.421,65355916,loop
3681.527,65355916,loop
3681.632,65355916,loop
3681.737,65355916,loop
3681.842,65355916,loop
3681.947,65355916,loop
3682.052,65355916,loop
3682.157,65355916,loop
3682.263,65355916,loop
3682.368,65355916,loop
3682.473,65355916,loop
3682.578,65355916,loop
3682.683,65355916,loop
3682.788,65355916,loop
3682.894,65355916,loop
3682.999,65355916,loop
3683.104,65355916,loop
3683.209,65355916,loop
3683.314,65355916,loop
3683.419,65355916,loop
3683.525,65355916,loop
3683.630,65355916,loop
3683.735,65355916,loop
3683.840,65355916,loop
3683.945,65355916,loop
3684.050,65355916,loop
3684.156,65355916,loop
3684.261,65355916,loop
3684.366,65355916,loop
3684.471,65355916,loop
3684.576,65355916,loop
3684.681,65355916,loop
3684.786,65355916,loop
3684.892,65355916,loop
3684.997,65355916,loop
3685.102,65355916,loop
3685.207,65355916,loop
3685.312,65355916,loop
3685.417,65355916,loop
3685.523,65355916,loop
3685.628,65355916,loop
3685.733,65355916,loop
3685.838,65355916,loop
3685.943,65355916,loop
3686.048,65355916,loop
3686.154,65355916,loop
3686.259,65355916,loop
3686.364,65355916,loop
3686.469,65355916,loop
3686.574,65355916,loop
3686.679,65355916,loop
3686.784,65355916,loop
3686.890,65355916,loop
3686.995,65355916,loop
3687.100,65355916,loop
3687.205,65355916,loop
3687.310,65355916,loop
3687.415,65355916,loop
3687.521,65355916,loop
3687.626,65356172,loop
3687.731,65356172,loop
3687.836,65356172,loop
3687.941,65356172,loop
3688.046,65356172,loop
3688.152,65356172,loop
3688.257,65356172,loop
3688.362,65356172,loop
3688.467,65356172,loop
3688.572,65356172,loop
3688.677,65356172,loop
3688.782,65356172,loop
3688.888,65356172,loop
3688.993,65356172,loop
3689.098,65356172,loop
3689.203,65356172,loop
3689.308,65356172,loop
3689.414,65356172,loop
3689.519,65356172,loop
3689.624,65356172,loop
3689.729,65356172,loop
3689.835,65356172,loop
3689.940,65356172,loop
3690.045,65356172,loop
3690.150,65356172,loop
3690.255,65356172,loop
3690.360,65356172,loop
3690.465,65356172,loop
3690.571,65356172,loop
3690.676,65356172,loop
3690.781,65356172,loop
3690.886,65356172,loop
3690.991,65356172,loop
3691.096,65356172,loop
3691.202,65356172,loop
3691.307,65356172,loop
3691.412,65356172,loop
3691.517,65356172,loop
3691.622,65356172,loop
3691.727,65356172,loop
3691.833,65356172,loop
3691.938,65356172,loop
3692.043,65356172,loop
3692.148,65356172,loop
3692.253,65356172,loop
3692.358,65356172,loop
3692.463,65356172,loop
3692.569,65356172,loop
3692.674,65356172,loop
3692.779,65356172,loop
3692.884,65356172,loop
3692.989,65356172,loop
3693.094,65356172,loop
3693.200,65356172,loop
3693.305,65356172,loop
3693.410,65356172,loop
3693.515,65356172,loop
3693.620,65356172,loop
3693.725,65356172,loop
3693.830,65356172,loop
3693.936,65356172,loop
3694.041,65356172,loop
3694.146,65356172,loop
3694.251,65356172,loop
3694.356,65356172,loop
3694.461,65356172,loop
3694.567,65356172,loop
3694.672,65356172,loop
3694.777,65356172,loop
3694.882,65356172,loop
3694.987,65356172,loop
3695.092,65356172,loop
3695.198,65356172,loop
3695.303,65356172,loop
3695.408,65356172,loop
3695.513,65356172,loop
3695.618,65356172,loop
3695.723,65356172,loop
3695.829,65356172,loop
3695.934,65356172,loop
3696.039,65356172,loop
3696.144,65356172,loop
3696.249,65356172,loop
3696.354,65356172,loop
3696.459,65356172,loop
3696.565,65356172,loop
3696.670,65356172,loop
3696.775,65356172,loop
3696.880,65356172,loop
3696.985,65356172,loop
3697.090,65356172,loop
3697.196,65356172,loop
3697.301,65356172,loop
3697.406,65356172,loop
3697.511,65356172,loop
3697.616,65356172,loop
3697.721,65356172,loop
3697.827,65356428,loop
3697.932,65356428,loop
3698.037,65356428,loop
3698.142,65356428,loop
3698.247,65356428,loop
3698.352,65356428,loop
3698.457,65356428,loop
3698.563,65356428,loop
3698.668,65356428,loop
3698.773,65356428,loop
3698.878,65356428,loop
3698.983,65356428,loop
3699.088,65356428,loop
3699.194,65356428,loop
3699.299,65356428,loop
3699.404,65356428,loop
3699.509,65356428,loop
3699.614,65356428,loop
3699.719,65356428,loop
3699.825,65356428,loop
3699.930,65356428,loop
3700.035,65356428,loop
3700.140,65356428,loop
3700.245,65356428,loop
3700.350,65356428,loop
3700.455,65356428,loop
3700.561,65356428,loop
3700.666,65356428,loop
3700.771,65356428,loop
3700.876,65356428,loop
3700.981,65356428,loop
3701.086,65356428,loop
3701.192,65356428,loop
3701.297,65356428,loop
3701.402,65356428,loop
3701.507,65356428,loop
3701.612,65356428,loop
3701.717,65356428,loop
3701.823,65356428,loop
3701.928,65356428,loop
3702.033,65356428,loop
3702.138,65356428,loop
3702.243,65356428,loop
3702.348,65356428,loop
3702.453,65356428,loop
3702.559,65356428,loop
3702.664,65356428,loop
3702.769,65356428,loop
3702.874,65356428,loop
3702.979,65356428,loop
3703.084,65356428,loop
3703.190,65356428,loop
3703.295,65356428,loop
3703.400,65356428,loop
3703.505,65356428,loop
3703.610,65356428,loop
3703.715,65356428,loop
3703.821,65356428,loop
3703.926,65356428,loop
3704.031,65356428,loop
3704.136,65356428,loop
3704.241,65356428,loop
3704.346,65356428,loop
3704.451,65356428,loop
3704.557,65356428,loop
3704.662,65356428,loop
3704.767,65356428,loop
3704.872,65356428,loop
3704.977,65356428,loop
3705.082,65356428,loop
3705.188,65356428,loop
3705.293,65356428,loop
3705.398,65356428,loop
3705.503,65356428,loop
3705.608,65356428,loop
3705.713,65356428,loop
3705.819,65356428,loop
3705.924,65356428,loop
3706.029,65356428,loop
3706.134,65356428,loop
3706.239,65356428,loop
3706.344,65356428,loop
3706.449,65356428,loop
3706.555,65356428,loop
3706.660,65356428,loop
3706.765,65356428,loop
3706.870,65356428,loop
3706.975,65356428,loop
3707.080,65356428,loop
3707.186,65356428,loop
3707.291,65356428,loop
3707.396,65356428,loop
3707.501,65356428,loop
3707.606,65356428,loop
3707.711,65356428,loop
3707.817,65356428,loop
3707.922,65356428,loop
3708.027,65356428,loop
3708.132,65356684,loop
3708.237,65356684,loop
3708.342,65356684,loop
3708.447,65356684,loop
3708.553,65356684,loop
3708.658,65356684,loop
3708.763,65356684,loop
3708.868,65356684,loop
3708.973,65356684,loop
3709.078,65356684,loop
3709.184,65356684,loop
3709.289,65356684,loop
3709.394,65356684,loop
3709.499,65356684,loop
3709.604,65356684,loop
3709.709,65356684,loop
3709.815,65356684,loop
3709.920,65356684,loop
3710.025,65356684,loop
3710.130,65356684,loop
3710.235,65356684,loop
3710.340,65356684,loop
3710.445,65356684,loop
3710.551,65356684,loop
3710.656,65356684,loop
3710.761,65356684,loop
3710.866,65356684,loop
3710.971,65356684,loop
3711.076,65356684,loop
3711.182,65356684,loop
3711.287,65356684,loop
3711.392,65356684,loop
3711.497,65356684,loop
3711.602,65356684,loop
3711.707,65356684,loop
3711.813,65356684,loop
3711.918,65356684,loop
3712.023,65356684,loop
3712.128,65356684,loop
3712.233,65356684,loop
3712.338,65356684,loop
3712.443,65356684,loop
3712.549,65356684,loop
3712.654,65356684,loop
3712.759,65356684,loop
3712.864,65356684,loop
3712.969,65356684,loop
3713.074,65356684,loop
3713.180,65356684,loop
3713.285,65356684,loop
3713.390,65356684,loop
3713.495,65356684,loop
3713.600,65356684,loop
3713.705,65356684,loop
3713.810,65356684,loop
3713.916,65356684,loop
3714.021,65356684,loop
3714.126,65356684,loop
3714.231,65356684,loop
3714.336,65356684,loop
3714.441,65356684,loop
3714.547,65356684,loop
3714.652,65356684,loop
3714.757,65356684,loop
3714.862,65356684,loop
3714.967,65356684,loop
3715.072,65356684,loop
3715.178,65356684,loop
3715.283,65356684,loop
3715.388,65356684,loop
3715.493,65356684,loop
3715.598,65356684,loop
3715.703,65356684,loop
3715.808,65356684,loop
3715.914,65356684,loop
3716.019,65356684,loop
3716.124,65356684,loop
3716.229,65356684,loop
3716.334,65356684,loop
3716.439,65356684,loop
3716.545,65356684,loop
3716.650,65356684,loop
3716.755,65356684,loop
3716.860,65356684,loop
3716.965,65356684,loop
3717.070,65356684,loop
3717.175,65356684,loop
3717.281,65356684,loop
3717.386,65356684,loop
3717.491,65356684,loop
3717.596,65356684,loop
3717.701,65356684,loop
3717.806,65356684,loop
3717.912,65356684,loop
3718.017,65356684,loop
3718.122,65356684,loop
3718.227,65356684,loop
3718.332,65356940,loop
3718.437,65356940,loop
3718.543,65356940,loop
3718.648,65356940,loop
3718.753,65356940,loop
3718.858,65356940,loop
3718.963,65356940,loop
3719.068,65356940,loop
3719.174,65356940,loop
3719.279,65356940,loop
3719.384,65356940,loop
3719.489,65356940,loop
3719.594,65356940,loop
3719.699,65356940,loop
3719.804,65356940,loop
3719.910,65356940,loop
3720.015,65356940,loop
3720.120,65356940,loop
3720.225,65356940,loop
3720.330,65356940,loop
3720.435,65356940,loop
3720.541,65356940,loop
3720.646,65356940,loop
3720.751,65356940,loop
3720.856,65356940,loop
3720.961,65356940,loop
3721.066,65356940,loop
3721.172,65356940,loop
3721.277,65356940,loop
3721.382,65356940,loop
3721.487,65356940,loop
3721.592,65356940,loop
3721.697,65356940,loop
3721.802,65356940,loop
3721.908,65356940,loop
3722.013,65356940,loop
3722.118,65356940,loop
3722.223,65356940,loop
3722.328,65356940,loop
3722.433,65356940,loop
3722.539,65356940,loop
3722.644,65356940,loop
3722.749,65356940,loop
3722.854,65356940,loop
3722.959,65356940,loop
3723.064,65356940,loop
3723.170,65356940,loop
3723.275,65356940,loop
3723.380,65356940,loop
3723.485,65356940,loop
3723.590,65356940,loop
3723.695,65356940,loop
3723.800,65356940,loop
3723.906,65356940,loop
3724.011,65356940,loop
3724.116,65356940,loop
3724.221,65356940,loop
3724.326,65356940,loop
3724.431,65356940,loop
3724.537,65356940,loop
3724.642,65356940,loop
3724.747,65356940,loop
3724.852,65356940,loop
3724.957,65356940,loop
3725.062,65356940,loop
3725.168,65356940,loop
3725.273,65356940,loop
3725.378,65356940,loop
3725.483,65356940,loop
3725.588,65356940,loop
3725.693,65356940,loop
3725.798,65356940,loop
3725.904,65356940,loop
3726.009,65356940,loop
3726.114,65356940,loop
3726.219,65356940,loop
3726.324,65356940,loop
3726.429,65356940,loop
3726.535,65356940,loop
3726.640,65356940,loop
3726.745,65356940,loop
3726.850,65356940,loop
3726.955,65356940,loop
3727.060,65356940,loop
3727.166,65356940,loop
3727.271,65356940,loop
3727.376,65356940,loop
3727.481,65356940,loop
3727.586,65356940,loop
3727.691,65356940,loop
3727.796,65356940,loop
3727.902,65356940,loop
3728.007,65356940,loop
3728.112,65356940,loop
3728.217,65356940,loop
3728.322,65356940,loop
3728.427,65356940,loop
3728.533,65357196,loop
3728.638,65357196,loop
3728.743,65357196,loop
3728.848,65357196,loop
3728.953,65357196,loop
3729.058,65357196,loop
3729.164,65357196,loop
3729.269,65357196,loop
3729.374,65357196,loop
3729.479,65357196,loop
3729.584,65357196,loop
3729.689,65357196,loop
3729.794,65357196,loop
3729.900,65357196,loop
3730.005,65357196,loop
3730.110,65357196,loop
3730.215,65357196,loop
3730.320,65357196,loop
3730.426,65357196,loop
3730.531,65357196,loop
3730.636,65357196,loop
3730.741,65357196,loop
3730.846,65357196,loop
3730.951,65357196,loop
3731.056,65357196,loop
3731.162,65357196,loop
3731.267,65357196,loop
3731.372,65357196,loop
3731.477,65357196,loop
3731.582,65357196,loop
3731.687,65357196,loop
3731.793,65357196,loop
3731.898,65357196,loop
3732.003,65357196,loop
3732.108,65357196,loop
3732.213,65357196,loop
3732.318,65357196,loop
3732.424,65357196,loop
3732.529,65357196,loop
3732.634,65357196,loop
3732.739,65357196,loop
3732.844,65357196,loop
3732.949,65357196,loop
3733.054,65357196,loop
3733.160,65357196,loop
3733.265,65357196,loop
3733.370,65357196,loop
3733.475,65357196,loop
3733.580,65357196,loop
3733.685,65357196,loop
3733.791,65357196,loop
3733.896,65357196,loop
3734.001,65357196,loop
3734.106,65357196,loop
3734.211,65357196,loop
3734.316,65357196,loop
3734.422,65357196,loop
3734.527,65357196,loop
3734.632,65357196,loop
3734.737,65357196,loop
3734.842,65357196,loop
3734.947,65357196,loop
3735.052,65357196,loop
3735.158,65357196,loop
3735.263,65357196,loop
3735.368,65357196,loop
3735.473,65357196,loop
3735.578,65357196,loop
3735.683,65357196,loop
3735.789,65357196,loop
3735.894,65357196,loop
3735.999,65357196,loop
3736.104,65357196,loop
3736.209,65357196,loop
3736.314,65357196,loop
3736.420,65357196,loop
3736.525,65357196,loop
3736.630,65357196,loop
3736.735,65357196,loop
3736.840,65357196,loop
3736.945,65357196,loop
3737.050,65357196,loop
3737.156,65357196,loop
3737.261,65357196,loop
3737.366,65357196,loop
3737.471,65357196,loop
3737.576,65357196,loop
3737.681,65357196,loop
3737.787,65357196,loop
3737.892,65357196,loop
3737.997,65357196,loop
3738.102,65357196,loop
3738.207,65357196,loop
3738.312,65357196,loop
3738.418,65357196,loop
3738.523,65357196,loop
3738.628,65357196,loop
3738.733,65357196,loop
3738.838,65357452,loop
3738.943,65357452,loop
3739.048,65357452,loop
3739.154,65357452,loop
3739.259,65357452,loop
3739.364,65357452,loop
3739.469,65357452,loop
3739.574,65357452,loop
3739.679,65357452,loop
3739.785,65357452,loop
3739.890,65357452,loop
3739.995,65357452,loop
3740.100,65357452,loop
3740.205,65357452,loop
3740.310,65357452,loop
3740.416,65357452,loop
3740.521,65357452,loop
3740.626,65357452,loop
3740.731,65357452,loop
3740.836,65357452,loop
3740.941,65357452,loop
3741.046,65357452,loop
3741.152,65357452,loop
3741.257,65357452,loop
3741.362,65357452,loop
3741.467,65357452,loop
3741.572,65357452,loop
3741.677,65357452,loop
3741.783,65357452,loop
3741.888,65357452,loop
3741.993,65357452,loop
3742.098,65357452,loop
3742.203,65357452,loop
3742.308,65357452,loop
3742.414,65357452,loop
3742.519,65357452,loop
3742.624,65357452,loop
3742.729,65357452,loop
3742.834,65357452,loop
3742.939,65357452,loop
3743.045,65357452,loop
3743.150,65357452,loop
3743.255,65357452,loop
3743.360,65357452,loop
3743.465,65357452,loop
3743.570,65357452,loop
3743.675,65357452,loop
3743.781,65357452,loop
3743.886,65357452,loop
3743.991,65357452,loop
3744.096,65357452,loop
3744.201,65357452,loop
3744.306,65357452,loop
3744.412,65357452,loop
3744.517,65357452,loop
3744.622,65357452,loop
3744.727,65357452,loop
3744.832,65357452,loop
3744.937,65357452,loop
3745.043,65357452,loop
3745.148,65357452,loop
3745.253,65357452,loop
3745.358,65357452,loop
3745.463,65357452,loop
3745.568,65357452,loop
3745.673,65357452,loop
3745.779,65357452,loop
3745.884,65357452,loop
3745.989,65357452,loop
3746.094,65357452,loop
3746.199,65357452,loop
3746.304,65357452,loop
3746.410,65357452,loop
3746.515,65357452,loop
3746.620,65357452,loop
3746.725,65357452,loop
3746.830,65357452,loop
3746.935,65357452,loop
3747.041,65357452,loop
3747.146,65357452,loop
3747.251,65357452,loop
3747.356,65357452,loop
3747.461,65357452,loop
3747.566,65357452,loop
3747.671,65357452,loop
3747.777,65357452,loop
3747.882,65357452,loop
3747.987,65357452,loop
3748.092,65357452,loop
3748.197,65357452,loop
3748.302,65357452,loop
3748.408,65357452,loop
3748.513,65357452,loop
3748.618,65357452,loop
3748.723,65357452,loop
3748.828,65357452,loop
3748.933,65357452,loop
3749.039,65357708,loop
3749.144,65357708,loop
3749.249,65357708,loop
3749.354,65357708,loop
3749.459,65357708,loop
3749.564,65357708,loop
3749.670,65357708,loop
3749.775,65357708,loop
3749.880,65357708,loop
3749.985,65357708,loop
3750.090,65357708,loop
3750.195,65357708,loop
3750.300,65357708,loop
3750.406,65357708,loop
3750.511,65357708,loop
3750.616,65357708,loop
3750.721,65357708,loop
3750.826,65357708,loop
3750.931,65357708,loop
3751.037,65357708,loop
3751.142,65357708,loop
3751.247,65357708,loop
3751.352,65357708,loop
3751.457,65357708,loop
3751.562,65357708,loop
3751.667,65357708,loop
3751.773,65357708,loop
3751.878,65357708,loop
3751.983,65357708,loop
3752.088,65357708,loop
3752.193,65357708,loop
3752.298,65357708,loop
3752.404,65357708,loop
3752.509,65357708,loop
3752.614,65357708,loop
3752.719,65357708,loop
3752.824,65357708,loop
3752.929,65357708,loop
3753.035,65357708,loop
3753.140,65357708,loop
3753.245,65357708,loop
3753.350,65357708,loop
3753.455,65357708,loop
3753.560,65357708,loop
3753.665,65357708,loop
3753.771,65357708,loop
3753.876,65357708,loop
3753.981,65357708,loop
3754.086,65357708,loop
3754.191,65357708,loop
3754.296,65357708,loop
3754.402,65357708,loop
3754.507,65357708,loop
3754.612,65357708,loop
3754.717,65357708,loop
3754.822,65357708,loop
3754.927,65357708,loop
3755.033,65357708,loop
3755.138,65357708,loop
3755.243,65357708,loop
3755.348,65357708,loop
3755.453,65357708,loop
3755.558,65357708,loop
3755.664,65357708,loop
3755.769,65357708,loop
3755.874,65357708,loop
3755.979,65357708,loop
3756.085,65357708,loop
3756.190,65357708,loop
3756.295,65357708,loop
3756.400,65357708,loop
3756.506,65357708,loop
3756.611,65357708,loop
3756.716,65357708,loop
3756.821,65357708,loop
3756.926,65357708,loop
3757.031,65357708,loop
3757.137,65357708,loop
3757.242,65357708,loop
3757.347,65357708,loop
3757.452,65357708,loop
3757.557,65357708,loop
3757.662,65357708,loop
3757.768,65357708,loop
3757.873,65357708,loop
3757.978,65357708,loop
3758.083,65357708,loop
3758.188,65357708,loop
3758.293,65357708,loop
3758.398,65357708,loop
3758.504,65357708,loop
3758.609,65357708,loop
3758.714,65357708,loop
3758.819,65357708,loop
3758.924,65357708,loop
3759.029,65357708,loop
3759.135,65357708,loop
3759.240,65357868,loop
3759.345,65357964,loop
3759.450,65357964,loop
3759.555,65357964,loop
3759.661,65357964,loop
3759.766,65357964,loop
3759.871,65357964,loop
3759.976,65357964,loop
3760.081,65357964,loop
3760.186,65357964,loop
3760.292,65357964,loop
3760.397,65357964,loop
3760.502,65357964,loop
3760.607,65357964,loop
3760.712,65357964,loop
3760.817,65357964,loop
3760.922,65357964,loop
3761.028,65357964,loop
3761.133,65357964,loop
3761.238,65357964,loop
3761.343,65357964,loop
3761.448,65357964,loop
3761.553,65357964,loop
3761.659,65357964,loop
3761.764,65357964,loop
3761.869,65357964,loop
3761.974,65357964,loop
3762.079,65357964,loop
3762.184,65357964,loop
3762.290,65357964,loop
3762.395,65357964,loop
3762.500,65357964,loop
3762.605,65357964,loop
3762.710,65357964,loop
3762.815,65357964,loop
3762.920,65357964,loop
3763.026,65357964,loop
3763.131,65357964,loop
3763.236,65357964,loop
3763.341,65357964,loop
3763.446,65357964,loop
3764.317,65282688,loop
3765.120,65327308,loop
3765.260,65329704,loop
3765.365,65331108,loop
3765.471,65331108,loop
3765.576,65331108,loop
3765.681,65331108,loop
3765.786,65331108,loop
3765.891,65331108,loop
3765.996,65331108,loop
3766.102,65331108,loop
3766.207,65331108,loop
3766.312,65331108,loop
3766.417,65331108,loop
3766.522,65331108,loop
3766.627,65331108,loop
3766.733,65331108,loop
3766.838,65331108,loop
3766.943,65331108,loop
3767.048,65331108,loop
3767.153,65331108,loop
3767.258,65331108,loop
3767.364,65331108,loop
3767.469,65331108,loop
3767.574,65331108,loop
3767.679,65331108,loop
3767.784,65331108,loop
3767.889,65331108,loop
3767.994,65331108,loop
3768.100,65331108,loop
3768.205,65331108,loop
3768.310,65331108,loop
3768.415,65331108,loop
3768.520,65331108,loop
3768.625,65331108,loop
3768.731,65331108,loop
3768.836,65331108,loop
3768.941,65331108,loop
3769.046,65331108,loop
3769.151,65331108,loop
3769.257,65331108,loop
3769.362,65331108,loop
3769.467,65331108,loop
3769.572,65331364,loop
3769.677,65331364,loop
3769.782,65331364,loop
3769.887,65331364,loop
3769.993,65331364,loop
3770.098,65331364,loop
3770.203,65331364,loop
3770.308,65331364,loop
3770.413,65331364,loop
3770.518,65331364,loop
3770.624,65331364,loop
3770.729,65331364,loop
3770.834,65331364,loop
3770.939,65331364,loop
3771.044,65331364,loop
3771.149,65331364,loop
3771.255,65331364,loop
3771.360,65331364,loop
3771.465,65331364,loop
3771.570,65331364,loop
3771.675,65331364,loop
3771.780,65331364,loop
3771.885,65331364,loop
3771.991,65331364,loop
3772.096,65331364,loop
3772.201,65331364,loop
3772.306,65331364,loop
3772.411,65331364,loop
3772.516,65331364,loop
3772.622,65331364,loop
3772.727,65331364,loop
3772.832,65331364,loop
3772.937,65331364,loop
3773.042,65331364,loop
3773.147,65331364,loop
3773.253,65331364,loop
3773.358,65331364,loop
3773.463,65331364,loop
3773.568,65331364,loop
3773.673,65331364,loop
3773.778,65331364,loop
3773.883,65331364,loop
3773.989,65331364,loop
3774.094,65331364,loop
3774.199,65331364,loop
3774.304,65331364,loop
3774.409,65331364,loop
3774.514,65331364,loop
3774.620,65331364,loop
3774.725,65331364,loop
3774.830,65331364,loop
3774.935,65331364,loop
3775.040,65331364,loop
3775.145,65331364,loop
3775.251,65331364,loop
3775.356,65331364,loop
3775.461,65331364,loop
3775.566,65331364,loop
3775.671,65331364,loop
3775.776,65331364,loop
3775.882,65331364,loop
3775.987,65331364,loop
3776.092,65331364,loop
3776.197,65331364,loop
3776.302,65331364,loop
3776.407,65331364,loop
3776.512,65331364,loop
3776.618,65331364,loop
3776.723,65331364,loop
3776.828,65331364,loop
3776.933,65331364,loop
3777.038,65331364,loop
3777.143,65331364,loop
3777.249,65331364,loop
3777.354,65331364,loop
3777.459,65331364,loop
3777.564,65331364,loop
3777.669,65331364,loop
3777.774,65331364,loop
3777.880,65331364,loop
3777.985,65331364,loop
3778.090,65331364,loop
3778.195,65331364,loop
3778.300,65331364,loop
3778.405,65331364,loop
3778.510,65331364,loop
3778.616,65331364,loop
3778.721,65331364,loop
3778.826,65331364,loop
3778.931,65331364,loop
3779.036,65331364,loop
3779.141,65331364,loop
3779.247,65331364,loop
3779.352,65331364,loop
3779.457,65331364,loop
3779.562,65331364,loop
3779.667,65331364,loop
3779.772,65331620,loop
3779.878,65331620,loop
3779.983,65331620,loop
3780.088,65331620,loop
3780.193,65331620,loop
3780.298,65331620,loop
3780.403,65331620,loop
3780.508,65331620,loop
3780.614,65331620,loop
3780.719,65331620,loop
3780.824,65331620,loop
3780.929,65331620,loop
3781.034,65331620,loop
3781.139,65331620,loop
3781.245,65331620,loop
3781.350,65331620,loop
3781.455,65331620,loop
3781.560,65331620,loop
3781.665,65331620,loop
3781.770,65331620,loop
3781.876,65331620,loop
3781.981,65331620,loop
3782.086,65331620,loop
3782.191,65331620,loop
3782.296,65331620,loop
3782.401,65331620,loop
3782.507,65331620,loop
3782.612,65331620,loop
3782.717,65331620,loop
3782.822,65331620,loop
3782.927,65331620,loop
3783.032,65331620,loop
3783.137,65331620,loop
3783.243,65331620,loop
3783.348,65331620,loop
3783.453,65331620,loop
3783.558,65331620,loop
3783.663,65331620,loop
3783.768,65331620,loop
3783.874,65331620,loop
3783.979,65331620,loop
3784.084,65331620,loop
3784.189,65331620,loop
3784.294,65331620,loop
3784.399,65331620,loop
3784.505,65331620,loop
3784.610,65331620,loop
3784.715,65331620,loop
3784.820,65331620,loop
3784.925,65331620,loop
3785.030,65331620,loop
3785.135,65331620,loop
3785.241,65331620,loop
3785.346,65331620,loop
3785.451,65331620,loop
3785.556,65331620,loop
3785.661,65331620,loop
3785.766,65331620,loop
3785.872,65331620,loop
3785.977,65331620,loop
3786.082,65331620,loop
3786.187,65331620,loop
3786.292,65331620,loop
3786.397,65331620,loop
3786.502,65331620,loop
3786.608,65331620,loop
3786.713,65331620,loop
3786.818,65331620,loop
3786.923,65331620,loop
3787.028,65331620,loop
3787.133,65331620,loop
3787.239,65331620,loop
3787.344,65331620,loop
3787.449,65331620,loop
3787.554,65331620,loop
3787.659,65331620,loop
3787.764,65331620,loop
3787.870,65331620,loop
3787.975,65331620,loop
3788.080,65331620,loop
3788.185,65331620,loop
3788.290,65331620,loop
3788.395,65331620,loop
3788.500,65331620,loop
3788.606,65331620,loop
3788.711,65331620,loop
3788.816,65331620,loop
3788.921,65331620,loop
3789.026,65331620,loop
3789.131,65331620,loop
3789.237,65331620,loop
3789.342,65331620,loop
3789.447,65331620,loop
3789.552,65331620,loop
3789.657,65331620,loop
3789.763,65331620,loop
3789.868,65331620,loop
3789.973,65331876,loop
3790.078,65331876,loop
3790.183,65331876,loop
3790.288,65331876,loop
3790.394,65331876,loop
3790.499,65331876,loop
3790.604,65331876,loop
3790.709,65331876,loop
3790.814,65331876,loop
3790.919,65331876,loop
3791.024,65331876,loop
3791.130,65331876,loop
3791.235,65331876,loop
3791.340,65331876,loop
3791.445,65331876,loop
3791.550,65331876,loop
3791.655,65331876,loop
3791.761,65331876,loop
3791.866,65331876,loop
3791.971,65331876,loop
3792.076,65331876,loop
3792.181,65331876,loop
3792.286,65331876,loop
3792.392,65331876,loop
3792.497,65331876,loop
3792.602,65331876,loop
3792.707,65331876,loop
3792.812,65331876,loop
3792.917,65331876,loop
3793.022,65331876,loop
3793.128,65331876,loop
3793.233,65331876,loop
3793.338,65331876,loop
3793.443,65331876,loop
3793.548,65331876,loop
3793.653,65331876,loop
3793.759,65331876,loop
3793.864,65331876,loop
3793.969,65331876,loop
3794.074,65331876,loop
3794.179,65331876,loop
3794.284,65331876,loop
3794.389,65331876,loop
3794.495,65331876,loop
3794.600,65331876,loop
3794.705,65331876,loop
3794.810,65331876,loop
3794.915,65331876,loop
3795.020,65331876,loop
3795.126,65331876,loop
3795.231,65331876,loop
3795.336,65331876,loop
3795.441,65331876,loop
3795.546,65331876,loop
3795.651,65331876,loop
3795.756,65331876,loop
3795.862,65331876,loop
3795.967,65331876,loop
3796.072,65331876,loop
3796.177,65331876,loop
3796.282,65331876,loop
3796.387,65331876,loop
3796.493,65331876,loop
3796.598,65331876,loop
3796.703,65331876,loop
3796.808,65331876,loop
3796.913,65331876,loop
3797.018,65331876,loop
3797.123,65331876,loop
3797.229,65331876,loop
3797.334,65331876,loop
3797.439,65331876,loop
3797.544,65331876,loop
3797.649,65331876,loop
3797.754,65331876,loop
3797.860,65331876,loop
3797.965,65331876,loop
3798.070,65331876,loop
3798.175,65331876,loop
3798.280,65331876,loop
3798.385,65331876,loop
3798.491,65331876,loop
3798.596,65331876,loop
3798.701,65331876,loop
3798.806,65331876,loop
3798.911,65331876,loop
3799.016,65331876,loop
3799.121,65331876,loop
3799.227,65331876,loop
3799.332,65331876,loop
3799.437,65331876,loop
3799.542,65331876,loop
3799.647,65331876,loop
3799.752,65331876,loop
3799.857,65331876,loop
3799.963,65331876,loop
3800.068,65331876,loop
3800.173,65331876,loop
3800.278,65332132,loop
3800.383,65332132,loop
3800.488,65332132,loop
3800.594,65332132,loop
3800.699,65332132,loop
3800.804,65332132,loop
3800.909,65332132,loop
3801.014,65332132,loop
3801.119,65332132,loop
3801.224,65332132,loop
3801.330,65332132,loop
3801.435,65332132,loop
3801.540,65332132,loop
3801.645,65332132,loop
3801.750,65332132,loop
3801.855,65332132,loop
3801.961,65332132,loop
3802.066,65332132,loop
3802.171,65332132,loop
3802.276,65332132,loop
3802.381,65332132,loop
3802.486,65332132,loop
3802.592,65332132,loop
3802.697,65332132,loop
3802.802,65332132,loop
3802.907,65332132,loop
3803.012,65332132,loop
3803.117,65332132,loop
3803.222,65332132,loop
3803.328,65332132,loop
3803.433,65332132,loop
3803.538,65332132,loop
3803.643,65332132,loop
3803.748,65332132,loop
3803.853,65332132,loop
3803.959,65332132,loop
3804.064,65332132,loop
3804.169,65332132,loop
3804.274,65332132,loop
3804.379,65332132,loop
3804.484,65332132,loop
3804.590,65332132,loop
3804.695,65332132,loop
3804.800,65332132,loop
3804.905,65332132,loop
3805.010,65332132,loop
3805.115,65332132,loop
3805.220,65332132,loop
3805.326,65332132,loop
3805.431,65332132,loop
3805.536,65332132,loop
3805.641,65332132,loop
3805.746,65332132,loop
3805.851,65332132,loop
3805.956,65332132,loop
3806.062,65332132,loop
3806.167,65332132,loop
3806.272,65332132,loop
3806.377,65332132,loop
3806.482,65332132,loop
3806.587,65332132,loop
3806.693,65332132,loop
3806.798,65332132,loop
3806.903,65332132,loop
3807.008,65332132,loop
3807.113,65332132,loop
3807.218,65332132,loop
3807.324,65332132,loop
3807.429,65332132,loop
3807.534,65332132,loop
3807.639,65332132,loop
3807.744,65332132,loop
3807.849,65332132,loop
3807.954,65332132,loop
3808.060,65332132,loop
3808.165,65332132,loop
3808.270,65332132,loop
3808.375,65332132,loop
3808.480,65332132,loop
3808.585,65332132,loop
3808.691,65332132,loop
3808.796,65332132,loop
3808.901,65332132,loop
3809.006,65332132,loop
3809.111,65332132,loop
3809.216,65332132,loop
3809.322,65332132,loop
3809.427,65332132,loop
3809.532,65332132,loop
3809.637,65332132,loop
3809.742,65332132,loop
3809.847,65332132,loop
3809.953,65332132,loop
3810.058,65332132,loop
3810.163,65332132,loop
3810.268,65332132,loop
3810.373,65332132,loop
3810.478,65332388,loop
3810.583,65332388,loop
3810.689,65332388,loop
3810.794,65332388,loop
3810.899,65332388,loop
3811.004,65332388,loop
3811.109,65332388,loop
3811.214,65332388,loop
3811.320,65332388,loop
3811.425,65332388,loop
3811.530,65332388,loop
3811.635,65332388,loop
3811.740,65332388,loop
3811.845,65332388,loop
3811.950,65332388,loop
3812.056,65332388,loop
3812.161,65332388,loop
3812.266,65332388,loop
3812.371,65332388,loop
3812.476,65332388,loop
3812.581,65332388,loop
3812.687,65332388,loop
3812.792,65332388,loop
3812.897,65332388,loop
3813.002,65332388,loop
3813.107,65332388,loop
3813.212,65332388,loop
3813.318,65332388,loop
3813.423,65332388,loop
3813.528,65332388,loop
3813.633,65332388,loop
3813.738,65332388,loop
3813.843,65332388,loop
3813.948,65332388,loop
3814.054,65332388,loop
3814.159,65332388,loop
3814.264,65332388,loop
3814.369,65332388,loop
3814.474,65332388,loop
3814.579,65332388,loop
3814.684,65332388,loop
3814.790,65332388,loop
3814.895,65332388,loop
3815.000,65332388,loop
3815.105,65332388,loop
3815.210,65332388,loop
3815.315,65332388,loop
3815.421,65332388,loop
3815.526,65332388,loop
3815.631,65332388,loop
3815.736,65332388,loop
3815.841,65332388,loop
3815.946,65332388,loop
3816.051,65332388,loop
3816.157,65332388,loop
3816.262,65332388,loop
3816.367,65332388,loop
3816.472,65332388,loop
3816.577,65332388,loop
3816.682,65332388,loop
3816.788,65332388,loop
3816.893,65332388,loop
3816.998,65332388,loop
3817.103,65332388,loop
3817.208,65332388,loop
3817.313,65332388,loop
3817.419,65332388,loop
3817.524,65332388,loop
3817.629,65332388,loop
3817.734,65332388,loop
3817.839,65332388,loop
3817.944,65332388,loop
3818.049,65332388,loop
3818.155,65332388,loop
3818.260,65332388,loop
3818.365,65332388,loop
3818.470,65332388,loop
3818.575,65332388,loop
3818.680,65332388,loop
3818.786,65332388,loop
3818.891,65332388,loop
3818.996,65332388,loop
3819.101,65332388,loop
3819.206,65332388,loop
3819.311,65332388,loop
3819.416,65332388,loop
3819.522,65332388,loop
3819.627,65332388,loop
3819.733,65332388,loop
3819.838,65332388,loop
3819.944,65332388,loop
3820.049,65332388,loop
3820.154,65332388,loop
3820.259,65332388,loop
3820.364,65332388,loop
3820.469,65332388,loop
3820.574,65332388,loop
3820.680,65332548,loop
3820.785,65332644,loop
3820.890,65332644,loop
3820.995,65332644,loop
3821.101,65332644,loop
3821.206,65332644,loop
3821.311,65332644,loop
3821.416,65332644,loop
3821.521,65332644,loop
3821.626,65332644,loop
3821.731,65332644,loop
3821.837,65332644,loop
3821.942,65332644,loop
3822.047,65332644,loop
3822.152,65332644,loop
3822.257,65332644,loop
3822.362,65332644,loop
3822.468,65332644,loop
3822.573,65332644,loop
3822.678,65332644,loop
3822.783,65332644,loop
3822.888,65332644,loop
3822.993,65332644,loop
3823.099,65332644,loop
3823.204,65332644,loop
3823.309,65332644,loop
3823.414,65332644,loop
3823.519,65332644,loop
3823.624,65332644,loop
3823.730,65332644,loop
3823.835,65332644,loop
3823.940,65332644,loop
3824.045,65332644,loop
3824.150,65332644,loop
3824.255,65332644,loop
3824.361,65332644,loop
3824.466,65332644,loop
3824.571,65332644,loop
3824.676,65332644,loop
3824.781,65332644,loop
3824.886,65332644,loop
3824.991,65332644,loop
3825.097,65332644,loop
3825.202,65332644,loop
3825.307,65332644,loop
3825.412,65332644,loop
3825.517,65332644,loop
3825.622,65332644,loop
3825.728,65332644,loop
3825.833,65332644,loop
3825.938,65332644,loop
3826.043,65332644,loop
3826.148,65332644,loop
3826.253,65332644,loop
3826.359,65332644,loop
3826.464,65332644,loop
3826.569,65332644,loop
3826.674,65332644,loop
3826.779,65332644,loop
3826.884,65332644,loop
3826.989,65332644,loop
3827.095,65332644,loop
3827.200,65332644,loop
3827.305,65332644,loop
3827.410,65332644,loop
3827.515,65332644,loop
3827.620,65332644,loop
3827.726,65332644,loop
3827.831,65332644,loop
3827.936,65332644,loop
3828.041,65332644,loop
3828.146,65332644,loop
3828.251,65332644,loop
3828.356,65332644,loop
3828.462,65332644,loop
3828.567,65332644,loop
3828.672,65332644,loop
3828.777,65332644,loop
3828.882,65332644,loop
3828.987,65332644,loop
3829.093,65332644,loop
3829.198,65332644,loop
3829.303,65332644,loop
3829.408,65332644,loop
3829.513,65332644,loop
3829.618,65332644,loop
3829.723,65332644,loop
3829.829,65332644,loop
3829.934,65332644,loop
3830.039,65332644,loop
3830.144,65332644,loop
3830.249,65332644,loop
3830.354,65332644,loop
3830.459,65332644,loop
3830.565,65332644,loop
3830.670,65332644,loop
3830.775,65332644,loop
3830.880,65332644,loop
3830.985,65332900,loop
3831.090,65332900,loop
3831.196,65332900,loop
3831.301,65332900,loop
3831.406,65332900,loop
3831.511,65332900,loop
3831.616,65332900,loop
3831.721,65332900,loop
3831.827,65332900,loop
3831.932,65332900,loop
3832.037,65332900,loop
3832.142,65332900,loop
3832.247,65332900,loop
3832.352,65332900,loop
3832.457,65332900,loop
3832.563,65332900,loop
3832.668,65332900,loop
3832.773,65332900,loop
3832.878,65332900,loop
3832.983,65332900,loop
3833.088,65332900,loop
3833.194,65332900,loop
3833.299,65332900,loop
3833.404,65332900,loop
3833.509,65332900,loop
3833.614,65332900,loop
3833.719,65332900,loop
3833.825,65332900,loop
3833.930,65332900,loop
3834.035,65332900,loop
3834.140,65332900,loop
3834.245,65332900,loop
3834.350,65332900,loop
3834.455,65332900,loop
3834.561,65332900,loop
3834.666,65332900,loop
3834.771,65332900,loop
3834.876,65332900,loop
3834.981,65332900,loop
3835.086,65332900,loop
3835.192,65332900,loop
3835.297,65332900,loop
3835.402,65332900,loop
3835.507,65332900,loop
3835.612,65332900,loop
3835.717,65332900,loop
3835.823,65332900,loop
3835.928,65332900,loop
3836.033,65332900,loop
3836.138,65332900,loop
3836.243,65332900,loop
3836.348,65332900,loop
3836.453,65332900,loop
3836.559,65332900,loop
3836.664,65332900,loop
3836.769,65332900,loop
3836.874,65332900,loop
3836.979,65332900,loop
3837.084,65332900,loop
3837.190,65332900,loop
3837.295,65332900,loop
3837.400,65332900,loop
3837.505,65332900,loop
3837.610,65332900,loop
3837.715,65332900,loop
3837.821,65332900,loop
3837.926,65332900,loop
3838.031,65332900,loop
3838.136,65332900,loop
3838.241,65332900,loop
3838.346,65332900,loop
3838.451,65332900,loop
3838.557,65332900,loop
3838.662,65332900,loop
3838.767,65332900,loop
3838.872,65332900,loop
3838.977,65332900,loop
3839.082,65332900,loop
3839.188,65332900,loop
3839.293,65332900,loop
3839.398,65332900,loop
3839.503,65332900,loop
3839.608,65332900,loop
3839.713,65332900,loop
3839.818,65332900,loop
3839.924,65332900,loop
3840.029,65332900,loop
3840.134,65332900,loop
3840.239,65332900,loop
3840.344,65332900,loop
3840.449,65332900,loop
3840.555,65332900,loop
3840.660,65332900,loop
3840.765,65332900,loop
3840.870,65332900,loop
3840.975,65332900,loop
3841.080,65332900,loop
3841.185,65333156,loop
3841.291,65333156,loop
3841.396,65333156,loop
3841.501,65333156,loop
3841.606,65333156,loop
3841.711,65333156,loop
3841.816,65333156,loop
3841.922,65333156,loop
3842.027,65333156,loop
3842.132,65333156,loop
3842.237,65333156,loop
3842.342,65333156,loop
3842.447,65333156,loop
3842.553,65333156,loop
3842.658,65333156,loop
3842.763,65333156,loop
3842.868,65333156,loop
3842.973,65333156,loop
3843.078,65333156,loop
3843.183,65333156,loop
3843.289,65333156,loop
3843.394,65333156,loop
3843.499,65333156,loop
3843.604,65333156,loop
3843.709,65333156,loop
3843.814,65333156,loop
3843.920,65333156,loop
3844.025,65333156,loop
3844.130,65333156,loop
3844.235,65333156,loop
3844.340,65333156,loop
3844.445,65333156,loop
3844.551,65333156,loop
3844.656,65333156,loop
3844.761,65333156,loop
3844.866,65333156,loop
3844.971,65333156,loop
3845.076,65333156,loop
3845.181,65333156,loop
3845.287,65333156,loop
3845.392,65333156,loop
3845.497,65333156,loop
3845.602,65333156,loop
3845.707,65333156,loop
3845.812,65333156,loop
3845.918,65333156,loop
3846.023,65333156,loop
3846.128,65333156,loop
3846.233,65333156,loop
3846.338,65333156,loop
3846.443,65333156,loop
3846.548,65333156,loop
3846.654,65333156,loop
3846.759,65333156,loop
3846.864,65333156,loop
3846.969,65333156,loop
3847.074,65333156,loop
3847.179,65333156,loop
3847.284,65333156,loop
3847.390,65333156,loop
3847.495,65333156,loop
3847.600,65333156,loop
3847.705,65333156,loop
3847.810,65333156,loop
3847.915,65333156,loop
3848.021,65333156,loop
3848.126,65333156,loop
3848.231,65333156,loop
3848.336,65333156,loop
3848.441,65333156,loop
3848.546,65333156,loop
3848.652,65333156,loop
3848.757,65333156,loop
3848.862,65333156,loop
3848.967,65333156,loop
3849.072,65333156,loop
3849.177,65333156,loop
3849.283,65333156,loop
3849.388,65333156,loop
3849.493,65333156,loop
3849.598,65333156,loop
3849.703,65333156,loop
3849.808,65333156,loop
3849.914,65333156,loop
3850.019,65333156,loop
3850.124,65333156,loop
3850.229,65333156,loop
3850.334,65333156,loop
3850.439,65333156,loop
3850.544,65333156,loop
3850.650,65333156,loop
3850.755,65333156,loop
3850.860,65333156,loop
3850.965,65333156,loop
3851.070,65333156,loop
3851.175,65333156,loop
3851.281,65333156,loop
3851.386,65333156,loop
3851.491,65333412,loop
3851.596,65333412,loop
3851.701,65333412,loop
3851.806,65333412,loop
3851.912,65333412,loop
3852.017,65333412,loop
3852.123,65333412,loop
3852.228,65333412,loop
3852.333,65333412,loop
3852.438,65333412,loop
3852.543,65333412,loop
3852.648,65333412,loop
3852.754,65333412,loop
3852.859,65333412,loop
3852.964,65333412,loop
3853.069,65333412,loop
3853.174,65333412,loop
3853.279,65333412,loop
3853.384,65333412,loop
3853.490,65333412,loop
3853.595,65333412,loop
3853.700,65333412,loop
3853.805,65333412,loop
3853.910,65333412,loop
3854.015,65333412,loop
3854.121,65333412,loop
3854.226,65333412,loop
3854.331,65333412,loop
3854.436,65333412,loop
3854.541,65333412,loop
3854.646,65333412,loop
3854.751,65333412,loop
3854.857,65333412,loop
3854.962,65333412,loop
3855.067,65333412,loop
3855.172,65333412,loop
3855.277,65333412,loop
3855.382,65333412,loop
3855.487,65333412,loop
3855.593,65333412,loop
3855.698,65333412,loop
3855.803,65333412,loop
3855.908,65333412,loop
3856.013,65333412,loop
3856.118,65333412,loop
3856.224,65333412,loop
3856.329,65333412,loop
3856.434,65333412,loop
3856.539,65333412,loop
3856.644,65333412,loop
3856.749,65333412,loop
3856.854,65333412,loop
3856.960,65333412,loop
3857.065,65333412,loop
3857.170,65333412,loop
3857.275,65333412,loop
3857.380,65333412,loop
3857.485,65333412,loop
3857.591,65333412,loop
3857.696,65333412,loop
3857.801,65333412,loop
3857.906,65333412,loop
3858.011,65333412,loop
3858.116,65333412,loop
3858.221,65333412,loop
3858.327,65333412,loop
3858.432,65333412,loop
3858.537,65333412,loop
3858.642,65333412,loop
3858.747,65333412,loop
3858.852,65333412,loop
3858.958,65333412,loop
3859.063,65333412,loop
3859.168,65333412,loop
3859.273,65333412,loop
3859.378,65333412,loop
3859.483,65333412,loop
3859.588,65333412,loop
3859.694,65333412,loop
3859.799,65333412,loop
3859.904,65333412,loop
3860.009,65333412,loop
3860.114,65333412,loop
3860.219,65333412,loop
3860.325,65333412,loop
3860.430,65333412,loop
3860.535,65333412,loop
3860.640,65333412,loop
3860.745,65333412,loop
3860.850,65333412,loop
3860.955,65333412,loop
3861.061,65333412,loop
3861.166,65333412,loop
3861.271,65333412,loop
3861.376,65333412,loop
3861.481,65333412,loop
3861.586,65333412,loop
3861.692,65333668,loop
3861.797,65333668,loop
3861.902,65333668,loop
3862.007,65333668,loop
3862.112,65333668,loop
3862.217,65333668,loop
3862.322,65333668,loop
3862.428,65333668,loop
3862.533,65333668,loop
3862.638,65333668,loop
3862.743,65333668,loop
3862.848,65333668,loop
3862.954,65333668,loop
3863.059,65333668,loop
3863.164,65333668,loop
3863.269,65333668,loop
3863.374,65333668,loop
3863.479,65333668,loop
3863.584,65333668,loop
3863.690,65333668,loop
3863.795,65333668,loop
3863.900,65333668,loop
3864.005,65333668,loop
3864.110,65333668,loop
3864.215,65333668,loop
3864.321,65333668,loop
3864.426,65333668,loop
3864.531,65333668,loop
3864.636,65333668,loop
3864.741,65333668,loop
3864.846,65333668,loop
3864.951,65333668,loop
3865.057,65333668,loop
3865.162,65333668,loop
3865.267,65333668,loop
3865.372,65333668,loop
3865.477,65333668,loop
3865.582,65333668,loop
3865.688,65333668,loop
3865.793,65333668,loop
3865.898,65333668,loop
3866.003,65333668,loop
3866.108,65333668,loop
3866.213,65333668,loop
3866.318,65333668,loop
3866.424,65333668,loop
3866.529,65333668,loop
3866.634,65333668,loop
3866.739,65333668,loop
3866.844,65333668,loop
3866.949,65333668,loop
3867.055,65333668,loop
3867.160,65333668,loop
3867.265,65333668,loop
3867.370,65333668,loop
3867.475,65333668,loop
3867.580,65333668,loop
3867.685,65333668,loop
3867.791,65333668,loop
3867.896,65333668,loop
3868.001,65333668,loop
3868.106,65333668,loop
3868.211,65333668,loop
3868.316,65333668,loop
3868.422,65333668,loop
3868.527,65333668,loop
3868.632,65333668,loop
3868.737,65333668,loop
3868.842,65333668,loop
3868.947,65333668,loop
3869.052,65333668,loop
3869.158,65333668,loop
3869.263,65333668,loop
3869.368,65333668,loop
3869.473,65333668,loop
3869.578,65333668,loop
3869.683,65333668,loop
3869.789,65333668,loop
3869.894,65333668,loop
3869.999,65333668,loop
3870.104,65333668,loop
3870.209,65333668,loop
3870.314,65333668,loop
3870.419,65333668,loop
3870.525,65333668,loop
3870.630,65333668,loop
3870.735,65333668,loop
3870.840,65333668,loop
3870.945,65333668,loop
3871.050,65333668,loop
3871.156,65333668,loop
3871.261,65333668,loop
3871.366,65333668,loop
3871.471,65333668,loop
3871.576,65333668,loop
3871.681,65333668,loop
3871.786,65333668,loop
3871.892,65333924,loop
3871.997,65333924,loop
3872.102,65333924,loop
3872.207,65333924,loop
3872.312,65333924,loop
3872.417,65333924,loop
3872.523,65333924,loop
3872.628,65333924,loop
3872.733,65333924,loop
3872.838,65333924,loop
3872.943,65333924,loop
3873.048,65333924,loop
3873.154,65333924,loop
3873.259,65333924,loop
3873.364,65333924,loop
3873.469,65333924,loop
3873.574,65333924,loop
3873.679,65333924,loop
3873.784,65333924,loop
3873.890,65333924,loop
3873.995,65333924,loop
3874.100,65333924,loop
3874.205,65333924,loop
3874.310,65333924,loop
3874.415,65333924,loop
3874.520,65333924,loop
3874.626,65333924,loop
3874.731,65333924,loop
3874.836,65333924,loop
3874.941,65333924,loop
3875.046,65333924,loop
3875.151,65333924,loop
3875.257,65333924,loop
3875.362,65333924,loop
3875.467,65333924,loop
3875.572,65333924,loop
3875.677,65333924,loop
3875.782,65333924,loop
3875.888,65333924,loop
3875.993,65333924,loop
3876.098,65333924,loop
3876.203,65333924,loop
3876.308,65333924,loop
3876.413,65333924,loop
3876.518,65333924,loop
3876.624,65333924,loop
3876.729,65333924,loop
3876.834,65333924,loop
3876.939,65333924,loop
3877.044,65333924,loop
3877.149,65333924,loop
3877.255,65333924,loop
3877.360,65333924,loop
3877.465,65333924,loop
3878.081,65273976,loop
3902.595,1416744,loop
3902.696,1416152,after_loop
