label,status,schema_version,machine,test,impl,mode,threads,chain_len,tag,input,n_events,n_tracks,wall_setup,wall_warmup,wall_jit,wall_loop,wall_fixed,bytes_setup,bytes_warmup,bytes_jit,bytes_loop,bytes_total,peak_rss_kb,rss_baseline_kb,peak_rss_net_kb,time_maxrss_kb,cpu_percent,elapsed_s,cpu_loop,cores_busy_loop,events_per_s,tracks_per_s,event_loops,exit_code,timeout_s,root_version,checksums
warmup_filter_rdf,ok,3,ares,filter,rdf,vector,0,,,ds_x32.root,11098400,,0.954530798830092,3.178813621401787,0.4453675393015146,3.9870305750519037,4.578711959533393,35955128,1756209,17977564,57268690,112959280,758696,347712,410984,758696,61,14.0,3.201357484,0.8029427975877321,2783625.50551936,,,,,6.32.10,"{""events_passed"": 1918272}"
warmup_chain_rdf-lazy,ok,3,ares,chain,rdf-lazy,vector,0,5,,ds_x32.root,11098400,,0.9685058435425162,3.2038530725985765,0.44711634051054716,11.254244952462614,4.61947525665164,35955128,6168803,17977564,256274091,316377275,767672,347720,419952,767672,86,18.07,9.793244888,0.8701823115958639,986152.3404616751,,1,,,6.32.10,"{""events_passed"": 1732992, ""intermediate"": null}"
warmup_eff_jit,ok,3,ares,efficiency,jit,vector,0,,,ds_x32.root,11098400,16452192,1.7373516680672765,4.293111462146044,0.001788080669939518,7.368545496836305,6.03225121088326,53932692,10240641,0,443946831,508121853,799080,347904,451176,799080,91,14.55,6.217827414,0.8438337547986415,1506185.9908125848,2232759.776955136,,,,6.32.10,"{""eff_sum"": 2000393.9393367767, ""eff_hits"": 2075584}"
r1_strong_filter_rdf_t0,ok,3,ares,filter,rdf,vector,0,,,ds_x32.root,11098400,,0.9503039084374905,2.622081278823316,0.44455764163285494,3.168846004642546,4.0169428288936615,35955128,1756209,17977564,57268690,112959280,758560,347928,410632,758560,99,8.37,3.165246408,0.998864067033465,3502347.5371602755,,,,,6.32.10,"{""events_passed"": 1918272}"
r1_strong_chain_rdf-lazy_t0,ok,3,ares,chain,rdf-lazy,vector,0,5,,ds_x32.root,11098400,,0.9488491658121347,3.176538024097681,0.44742682203650475,9.830776021815836,4.5728140119463205,35955128,6168803,17977564,256274091,316377275,770588,349348,421240,770588,99,15.6,9.814925345,0.9983876474470926,1128944.4470478354,,1,,,6.32.10,"{""events_passed"": 1732992, ""intermediate"": null}"
r1_strong_eff_jit_t0,ok,3,ares,efficiency,jit,vector,0,,,ds_x32.root,11098400,16452192,1.7051817420870066,4.169245066121221,0.0016718106344342232,6.216208762489259,5.876098618842661,53932692,10240641,0,443946831,508121853,798756,347832,450924,798756,99,13.25,6.2064536089999995,0.9984306908178301,1785396.9234385372,2646660.1474645096,,,,6.32.10,"{""eff_sum"": 2000393.9393367767, ""eff_hits"": 2075584}"
r1_strong_filter_rdf_t1,ok,3,ares,filter,rdf,vector,1,,,ds_x32.root,11098400,,0.9686489263549447,2.65188979357481,0.4550435310229659,4.184902739711106,4.075582250952721,35955128,1756209,17977564,93223818,148914408,915472,347548,567924,915472,99,9.49,4.17820349,0.9983991862827453,2652009.0645562173,,,,,6.32.10,"{""events_passed"": 1918272}"
r1_strong_chain_rdf-lazy_t1,ok,3,ares,chain,rdf-lazy,vector,1,5,,ds_x32.root,11098400,,0.9626397350803018,3.1544426819309592,0.4486394841223955,10.664375615306199,4.5657219011336565,35955128,6168803,17977564,292229219,352332403,924664,347728,576936,924664,99,16.43,10.649553528999999,0.9986101308842754,1040698.5275416276,,1,,,6.32.10,"{""events_passed"": 1732992, ""intermediate"": null}"
r1_strong_eff_jit_t1,ok,3,ares,efficiency,jit,vector,1,,,ds_x32.root,11098400,16452192,1.7247648406773806,4.174767535179853,0.0018377751111984253,7.183607164770365,5.901370150968432,53932692,10240641,0,479901959,544076981,944236,347836,596400,944236,99,14.25,7.171458247,0.9983087998143962,1544961.9871237457,2290241.047796204,,,,6.32.10,"{""eff_sum"": 2000393.9393367767, ""eff_hits"": 2075584}"
r1_strong_filter_rdf_t2,ok,3,ares,filter,rdf,vector,2,,,ds_x32.root,11098400,,0.9563242131844163,2.62142988294363,0.4456668784841895,2.6860802033916116,4.023420974612236,35955128,1756209,17977564,111201382,166891972,1166708,347776,818932,1166708,125,7.91,4.695710917,1.7481648206449325,4131820.035003598,,,,,6.32.10,"{""events_passed"": 1918272}"
r1_strong_chain_rdf-lazy_t2,ok,3,ares,chain,rdf-lazy,vector,2,5,,ds_x32.root,11098400,,0.9614700572565198,3.142256446182728,0.4504096172749996,6.052942777983844,4.554136120714247,35955128,6168803,17977564,310206783,370309967,1167004,347916,819088,1167004,143,11.8,11.266870604,1.8613872652126484,1833554.4225476275,,1,,,6.32.10,"{""events_passed"": 1732992, ""intermediate"": null}"
r1_strong_eff_jit_t2,ok,3,ares,efficiency,jit,vector,2,,,ds_x32.root,11098400,16452192,1.7213105615228415,4.212974234484136,0.0018299408257007599,4.439804828725755,5.936114736832678,53932692,10240641,0,497879523,562054545,1185892,347916,837976,1185892,130,11.53,7.94896461,1.7903860454788032,2499749.5223647687,3705611.538046337,,,,6.32.10,"{""eff_sum"": 2000393.9393367767, ""eff_hits"": 2075584}"
r1_strong_filter_rdf_t4,ok,3,ares,filter,rdf,vector,4,,,ds_x32.root,11098400,,0.9556980291381478,2.6184627823531628,0.4435837045311928,1.92519614379853,4.017744516022503,35955128,1756209,17977564,147156510,202847100,1643392,347728,1295664,1643392,154,7.16,5.825976195999999,3.026172795310607,5764815.203765252,,,,,6.32.10,"{""events_passed"": 1918272}"
r1_strong_chain_rdf-lazy_t4,ok,3,ares,chain,rdf-lazy,vector,4,5,,ds_x32.root,11098400,,0.9632520666345954,3.1372022442519665,0.4490004051476717,3.8185883471742272,4.549454716034234,35955128,6168803,17977564,346161911,406265095,1690572,347808,1342764,1690572,193,9.62,12.842393633999999,3.363125968658923,2906414.3581260513,,1,,,6.32.10,"{""events_passed"": 1732992, ""intermediate"": null}"
r1_strong_eff_jit_t4,ok,3,ares,efficiency,jit,vector,4,,,ds_x32.root,11098400,16452192,1.7345817163586617,4.157305273227394,0.0018850257620215416,3.191550649702549,5.893772015348077,53932692,10240641,0,533834651,598009673,1707164,347744,1359420,1707164,163,10.31,9.780801746999998,3.0645923629354166,3477431.8875479433,5154921.1670926595,,,,6.32.10,"{""eff_sum"": 2000393.9393367767, ""eff_hits"": 2075584}"
r1_strong_filter_rdf_t8,ok,3,ares,filter,rdf,vector,8,,,ds_x32.root,11098400,,0.9651200883090496,2.6430427925661206,0.458754968829453,1.6427000351250172,4.066917849704623,35955128,1756209,17977564,219066766,274757356,2619588,347876,2271712,2619588,192,6.94,8.097665852,4.9294854074704695,6756193.926272948,,,,,6.32.10,"{""events_passed"": 1918272}"
r1_strong_chain_rdf-lazy_t8,ok,3,ares,chain,rdf-lazy,vector,8,5,,ds_x32.root,11098400,,0.9639660455286503,3.1301888870075345,0.44792353734374046,3.3262986252084374,4.542078469879925,35955128,6168803,17977564,418072167,478175351,2707804,347640,2360164,2707804,294,9.11,21.032463607,6.323083395941948,3336561.5209321547,,1,,,6.32.10,"{""events_passed"": 1732992, ""intermediate"": null}"
r1_strong_eff_jit_t8,ok,3,ares,efficiency,jit,vector,8,,,ds_x32.root,11098400,16452192,1.723832979798317,4.162406962364912,0.001768205314874649,2.2689209757372737,5.888008147478104,53932692,10240641,0,605744907,669919929,2716728,347728,2369000,2716728,205,9.36,12.153622724,5.356565016571697,4891488.120864868,7251108.423753696,,,,6.32.10,"{""eff_sum"": 2000393.9393367767, ""eff_hits"": 2075584}"
r1_strong_filter_rdf_t12,ok,3,ares,filter,rdf,vector,12,,,ds_x32.root,11098400,,0.9614911591634154,2.6169106187298894,0.44408380053937435,1.6624735286459327,4.022485578432679,35955128,1756209,17977564,290977022,346667612,3657812,349204,3308608,3657812,237,6.94,11.189955093,6.730907229611109,6675835.620095275,,,,,6.32.10,"{""events_passed"": 1918272}"
r1_strong_chain_rdf-lazy_t12,ok,3,ares,chain,rdf-lazy,vector,12,5,,ds_x32.root,11098400,,0.9644101029261947,3.13964656367898,0.45375537127256393,2.43710177205503,4.5578120378777385,35955128,6168803,17977564,489982423,550085607,3650268,347700,3302568,3650268,315,8.26,20.230021217,8.300852040307493,4553933.745098191,,1,,,6.32.10,"{""events_passed"": 1732992, ""intermediate"": null}"
r1_strong_eff_jit_t12,ok,3,ares,efficiency,jit,vector,12,,,ds_x32.root,11098400,16452192,1.7165291914716363,4.1866268729791045,0.0018603745847940445,2.128113765269518,5.905016439035535,53932692,10240641,0,677655163,741830185,3673660,347700,3325960,3673660,239,9.25,15.055643919999998,7.074642420769857,5215134.726876046,7730879.931560609,,,,6.32.10,"{""eff_sum"": 2000393.9393367767, ""eff_hits"": 2075584}"
r1_strong_filter_rdf_t16,ok,3,ares,filter,rdf,vector,16,,,ds_x32.root,11098400,,0.9605120997875929,2.621445986442268,0.4439012547954917,1.7835714062675834,4.0258593410253525,35955128,1756209,17977564,362887278,418577868,4683776,347788,4335988,4683776,280,7.08,14.54509823,8.155041160049775,6222571.163116608,,,,,6.32.10,"{""events_passed"": 1918272}"
r1_strong_chain_rdf-lazy_t16,ok,3,ares,chain,rdf-lazy,vector,16,5,,ds_x32.root,11098400,,0.9640842974185944,3.1357330149039626,0.4482359550893307,2.354201682843268,4.548053267411888,35955128,6168803,17977564,561892679,621995863,4606752,347816,4258936,4606752,350,8.19,22.859366668,9.710029023678118,4714294.480749839,,1,,,6.32.10,"{""events_passed"": 1732992, ""intermediate"": null}"
r1_strong_eff_jit_t16,ok,3,ares,efficiency,jit,vector,16,,,ds_x32.root,11098400,16452192,1.7136862389743328,4.186102558858693,0.0018381429836153984,2.3215750446543097,5.901626940816641,53932692,10240641,0,749565419,813740441,4656588,347672,4308916,4656588,284,9.49,19.794774054999998,8.526441607209602,4780547.596579024,7086650.9518540185,,,,6.32.10,"{""eff_sum"": 2000393.9393367767, ""eff_hits"": 2075584}"
r1_strong_filter_rdf_t24,ok,3,ares,filter,rdf,vector,24,,,ds_x32.root,11098400,,0.9632653407752514,2.6347017157822847,0.4585474207997322,2.0651962347328663,4.056514477357268,35955128,1756209,17977564,506707790,562398380,6635280,347824,6287456,6635280,355,7.42,20.970653011000003,10.154314954826829,5374017.157955733,,,,,6.32.10,"{""events_passed"": 1918272}"
r1_strong_chain_rdf-lazy_t24,ok,3,ares,chain,rdf-lazy,vector,24,5,,ds_x32.root,11098400,,0.9621069263666868,3.144314045086503,0.4469694094732404,2.652581451460719,4.55339038092643,35955128,6168803,17977564,705713191,765816375,6666848,347604,6319244,6666848,426,8.55,30.547977296999996,11.516320179415372,4183999.7010792457,,1,,,6.32.10,"{""events_passed"": 1732992, ""intermediate"": null}"
r1_strong_eff_jit_t24,ok,3,ares,efficiency,jit,vector,24,,,ds_x32.root,11098400,16452192,1.7134194057434797,4.175478319637477,0.0018121646717190742,2.369771219789982,5.890709890052676,53932692,10240641,0,893385931,957560953,6786468,347784,6438684,6786468,350,9.53,26.141116907999997,11.03107198268562,4683321.287437858,6942523.338374434,,,,6.32.10,"{""eff_sum"": 2000393.9393367767, ""eff_hits"": 2075584}"
r1_strong_filter_rdf_t32,ok,3,ares,filter,rdf,vector,32,,,ds_x32.root,11098400,,0.9683525031432509,2.6265337830409408,0.4469484454020858,2.5556981591507792,4.0418347315862775,35955128,1756209,17977564,650528302,706218892,8537940,347780,8190160,8537940,435,7.91,28.980833981999996,11.339693569928421,4342609.850174105,,,,,6.32.10,"{""events_passed"": 1918272}"
r1_strong_chain_rdf-lazy_t32,ok,3,ares,chain,rdf-lazy,vector,32,5,,ds_x32.root,11098400,,0.9629906425252557,3.156056549400091,0.44712740927934647,2.990473859012127,4.566174601204693,35955128,6168803,17977564,849533703,909636887,8479692,347624,8132068,8479692,496,8.93,38.419975053,12.84745390340635,3711251.301045061,,1,,,6.32.10,"{""events_passed"": 1732992, ""intermediate"": null}"
r1_strong_eff_jit_t32,ok,3,ares,efficiency,jit,vector,32,,,ds_x32.root,11098400,16452192,1.735395417548716,4.5088145369663835,0.0018664821982383728,3.006104299798608,6.246076436713338,53932692,10240641,0,1037206443,1101381465,8627068,347952,8279116,8627068,396,10.62,34.402458815,11.444199995756891,3691954.401164168,5472927.869170143,,,,6.32.10,"{""eff_sum"": 2000393.9393367767, ""eff_hits"": 2075584}"
r1_strong_filter_rdf_t48,ok,3,ares,filter,rdf,vector,48,,,ds_x32.root,11098400,,0.9621549965813756,2.6182824037969112,0.44396041613072157,4.014653983525932,4.024397816509008,35955128,1756209,17977564,938169326,993859916,12771780,347644,12424136,12771780,590,9.45,50.23175278,12.512100167567414,2764472.3668695,,,,,6.32.10,"{""events_passed"": 1918272}"
r1_strong_chain_rdf-lazy_t48,ok,3,ares,chain,rdf-lazy,vector,48,5,,ds_x32.root,11098400,,0.9775584284216166,3.147852280177176,0.4684284087270498,4.547854173928499,4.593839117325842,35955128,6168803,17977564,1137174727,1197277911,12601140,347796,12253344,12601140,634,10.57,60.946804383999996,13.40122221450942,2440359.6895484994,,1,,,6.32.10,"{""events_passed"": 1732992, ""intermediate"": null}"
r1_strong_eff_jit_t48,ok,3,ares,efficiency,jit,vector,48,,,ds_x32.root,11098400,16452192,1.7114435564726591,4.194444299675524,0.0018212804570794106,4.506503880955279,5.907709136605263,53932692,10240641,0,1324847467,1389022489,12834108,347724,12486384,12834108,545,11.8,56.937755384999996,12.634573693727843,2462751.679168062,3650766.1891800035,,,,6.32.10,"{""eff_sum"": 2000393.9393367767, ""eff_hits"": 2075584}"
r2_strong_filter_rdf_t0,ok,3,ares,filter,rdf,vector,0,,,ds_x32.root,11098400,,0.9517801282927394,2.6183751141652465,0.44453340768814087,3.1674190554767847,4.014688650146127,35955128,1756209,17977564,57268690,112959280,758028,347840,410188,758028,99,8.37,3.162883816,0.9985681593128819,3503925.3744495083,,,,,6.32.10,"{""events_passed"": 1918272}"
r2_strong_chain_rdf-lazy_t0,ok,3,ares,chain,rdf-lazy,vector,0,5,,ds_x32.root,11098400,,0.9512850809842348,3.138466887176037,0.4473411710932851,9.84996671974659,4.537093139253557,35955128,6168803,17977564,256274091,316377275,767340,347720,419620,767340,99,15.59,9.836947207,0.9986782175902696,1126744.9236910243,,1,,,6.32.10,"{""events_passed"": 1732992, ""intermediate"": null}"
r2_strong_eff_jit_t0,ok,3,ares,efficiency,jit,vector,0,,,ds_x32.root,11098400,16452192,1.711724660359323,4.224944552406669,0.0018177591264247894,6.305636080913246,5.9384869718924165,53932692,10240641,0,443946831,508121853,798984,347964,451020,798984,99,13.39,6.294890439,0.9982958670980439,1760076.2012882638,2609124.88270608,,,,6.32.10,"{""eff_sum"": 2000393.9393367767, ""eff_hits"": 2075584}"
r2_strong_filter_rdf_t1,ok,3,ares,filter,rdf,vector,1,,,ds_x32.root,11098400,,0.9660552367568016,2.634774032048881,0.4590093279257417,4.087140256538987,4.059838596731424,35955128,1756209,17977564,93223818,148914408,917708,349404,568304,917708,99,9.34,4.081302266,0.9985716197212349,2715443.8809002815,,,,,6.32.10,"{""events_passed"": 1918272}"
r2_strong_chain_rdf-lazy_t1,ok,3,ares,chain,rdf-lazy,vector,1,5,,ds_x32.root,11098400,,0.9640326211228967,3.154410964809358,0.46873875986784697,10.676893813535571,4.587182345800102,35955128,6168803,17977564,292229219,352332403,925812,347576,578236,925812,99,16.48,10.636599974,0.9962260709678981,1039478.3533325082,,1,,,6.32.10,"{""events_passed"": 1732992, ""intermediate"": null}"
r2_strong_eff_jit_t1,ok,3,ares,efficiency,jit,vector,1,,,ds_x32.root,11098400,16452192,1.710927426815033,4.171998974867165,0.0018144361674785614,7.164896789938211,5.884740837849677,53932692,10240641,0,479901959,544076981,949644,349376,600268,949644,99,14.2,7.153092142000001,0.9983524329401663,1548996.4929551638,2296221.7715549087,,,,6.32.10,"{""eff_sum"": 2000393.9393367767, ""eff_hits"": 2075584}"
r2_strong_filter_rdf_t2,ok,3,ares,filter,rdf,vector,2,,,ds_x32.root,11098400,,0.9583833375945687,2.630366748198867,0.44885167479515076,2.5996987503021955,4.037601760588586,35955128,1756209,17977564,111201382,166891972,1164776,347664,817112,1164776,125,7.84,4.604777471,1.7712734871548979,4269110.026194341,,,,,6.32.10,"{""events_passed"": 1918272}"
r2_strong_chain_rdf-lazy_t2,ok,3,ares,chain,rdf-lazy,vector,2,5,,ds_x32.root,11098400,,0.9609859474003315,3.1480891332030296,0.4472392797470093,6.495910655707121,4.55631436035037,35955128,6168803,17977564,310206783,370309967,1167964,347596,820368,1167964,145,12.25,12.143353559000001,1.8693843254034288,1708521.0354993513,,1,,,6.32.10,"{""events_passed"": 1732992, ""intermediate"": null}"
r2_strong_eff_jit_t2,ok,3,ares,efficiency,jit,vector,2,,,ds_x32.root,11098400,16452192,1.714189201593399,4.169219199568033,0.0018184194341301918,4.459192868322134,5.8852268205955625,53932692,10240641,0,497879523,562054545,1188020,347696,840324,1188020,130,11.5,7.967751217,1.7868146663048543,2488880.90910856,3689499.9803384794,,,,6.32.10,"{""eff_sum"": 2000393.9393367767, ""eff_hits"": 2075584}"
r2_strong_filter_rdf_t4,ok,3,ares,filter,rdf,vector,4,,,ds_x32.root,11098400,,1.0199641566723585,2.5961003275588155,0.5081336162984371,2.1383659401908517,4.124198100529611,35955128,1756209,17977564,147156510,202847100,1694816,347576,1347240,1694816,153,7.52,6.171589671,2.8861241918439737,5190131.301384951,,,,,6.32.10,"{""events_passed"": 1918272}"
r2_strong_chain_rdf-lazy_t4,ok,3,ares,chain,rdf-lazy,vector,4,5,,ds_x32.root,11098400,,0.9608507007360458,3.152080208994448,0.4474060386419296,4.271614418365061,4.560336948372424,35955128,6168803,17977564,346161911,406265095,1687036,347876,1339160,1687036,200,10.06,14.374813246,3.3651944764017085,2598174.580618598,,1,,,6.32.10,"{""events_passed"": 1732992, ""intermediate"": null}"
r2_strong_eff_jit_t4,ok,3,ares,efficiency,jit,vector,4,,,ds_x32.root,11098400,16452192,1.7128993570804596,4.193695399910212,0.0018158825114369392,3.245025210082531,5.908410639502108,53932692,10240641,0,533834651,598009673,1706980,347848,1359132,1706980,161,10.42,9.655405408000002,2.975448504375236,3420127.5125741577,5069973.55486849,,,,6.32.10,"{""eff_sum"": 2000393.9393367767, ""eff_hits"": 2075584}"
r2_strong_filter_rdf_t8,ok,3,ares,filter,rdf,vector,8,,,ds_x32.root,11098400,,0.9622219689190388,2.609419070184231,0.44917073007673025,1.598080376163125,4.02081176918,35955128,1756209,17977564,219066766,274757356,2614052,347936,2266116,2614052,193,6.85,8.048107810000001,5.036109528685237,6944832.16585542,,,,,6.32.10,"{""events_passed"": 1918272}"
r2_strong_chain_rdf-lazy_t8,ok,3,ares,chain,rdf-lazy,vector,8,5,,ds_x32.root,11098400,,0.9592047426849604,3.1241687163710594,0.4470551125705242,3.3520543007180095,4.530428571626544,35955128,6168803,17977564,418072167,478175351,2701908,347956,2353952,2701908,289,9.12,20.663748763999997,6.164502991366764,3310924.8849646393,,1,,,6.32.10,"{""events_passed"": 1732992, ""intermediate"": null}"
r2_strong_eff_jit_t8,ok,3,ares,efficiency,jit,vector,8,,,ds_x32.root,11098400,16452192,1.7318728724494576,4.149987121112645,0.0017104493454098701,2.257726274430752,5.883570442907512,53932692,10240641,0,605744907,669919929,2741884,347980,2393904,2741884,205,9.3,12.101911028,5.360220663176405,4915742.056816997,7287062.29197255,,,,6.32.10,"{""eff_sum"": 2000393.9393367767, ""eff_hits"": 2075584}"
r2_strong_filter_rdf_t12,ok,3,ares,filter,rdf,vector,12,,,ds_x32.root,11098400,,0.9592184983193874,2.587455553933978,0.44470970425754786,1.6030674502253532,3.9913837565109134,35955128,1756209,17977564,290977022,346667612,3655596,347692,3307904,3655596,238,6.78,10.978542231999999,6.8484593274329635,6923227.090937333,,,,,6.32.10,"{""events_passed"": 1918272}"
r2_strong_chain_rdf-lazy_t12,ok,3,ares,chain,rdf-lazy,vector,12,5,,ds_x32.root,11098400,,0.9662921922281384,3.1048430101945996,0.44815780594944954,2.2736575892195106,4.519293008372188,35955128,6168803,17977564,489982423,550085607,3696904,347764,3349140,3696904,303,8.04,18.654714692,8.204715952151657,4881297.89314925,,1,,,6.32.10,"{""events_passed"": 1732992, ""intermediate"": null}"
r2_strong_eff_jit_t12,ok,3,ares,efficiency,jit,vector,12,,,ds_x32.root,11098400,16452192,1.7276161219924688,4.174808903597295,0.001745598390698433,2.0747060328722,5.9041706239804626,53932692,10240641,0,677655163,741830185,3680928,347744,3333184,3680928,238,9.15,14.806029125,7.1364467497608315,5349384.3581471145,7929890.663702254,,,,6.32.10,"{""eff_sum"": 2000393.9393367767, ""eff_hits"": 2075584}"
r2_strong_filter_rdf_t16,ok,3,ares,filter,rdf,vector,16,,,ds_x32.root,11098400,,0.9589490527287126,2.5989079559221864,0.4432728234678507,1.7784724412485957,4.00112983211875,35955128,1756209,17977564,362887278,418577868,4665684,349688,4315996,4665684,281,7.0,14.457390183,8.129105544559371,6240411.570397036,,,,,6.32.10,"{""events_passed"": 1918272}"
r2_strong_chain_rdf-lazy_t16,ok,3,ares,chain,rdf-lazy,vector,16,5,,ds_x32.root,11098400,,0.9636676488444209,3.142305850982666,0.44818720407783985,2.2861991664394736,4.554160703904927,35955128,6168803,17977564,561892679,621995863,4633208,347912,4285296,4633208,350,8.06,22.521838342000002,9.851214484114921,4854520.184820401,,1,,,6.32.10,"{""events_passed"": 1732992, ""intermediate"": null}"
r2_strong_eff_jit_t16,ok,3,ares,efficiency,jit,vector,16,,,ds_x32.root,11098400,16452192,1.7331738835200667,4.14495051279664,0.001760224811732769,2.2908531092107296,5.87988462112844,53932692,10240641,0,749565419,813740441,4639208,347836,4291372,4639208,283,9.34,19.418561929,8.47656353474811,4844658.068811643,7181687.875949538,,,,6.32.10,"{""eff_sum"": 2000393.9393367767, ""eff_hits"": 2075584}"
r2_strong_filter_rdf_t24,ok,3,ares,filter,rdf,vector,24,,,ds_x32.root,11098400,,0.9697322864085436,2.6420736107975245,0.4599071303382516,2.1599807208403945,4.07171302754432,35955128,1756209,17977564,506707790,562398380,6669408,347688,6321720,6669408,359,7.49,21.537767305000003,9.971277566135033,5138194.009288143,,,,,6.32.10,"{""events_passed"": 1918272}"
r2_strong_chain_rdf-lazy_t24,ok,3,ares,chain,rdf-lazy,vector,24,5,,ds_x32.root,11098400,,0.9618267808109522,3.116292392835021,0.4463610015809536,2.5469014095142484,4.524480175226927,35955128,6168803,17977564,705713191,765816375,6498896,347948,6150948,6498896,433,8.33,30.301554723000002,11.897419589861231,4357608.802029253,,1,,,6.32.10,"{""events_passed"": 1732992, ""intermediate"": null}"
r2_strong_eff_jit_t24,ok,3,ares,efficiency,jit,vector,24,,,ds_x32.root,11098400,16452192,1.729351275600493,4.634999013505876,0.0017076944932341576,2.7006088038906455,6.366057983599603,53932692,10240641,0,893385931,957560953,6654772,347996,6306776,6654772,339,10.27,27.28892716,10.104731614844058,4109591.875732255,6092030.795536943,,,,6.32.10,"{""eff_sum"": 2000393.9393367767, ""eff_hits"": 2075584}"
r2_strong_filter_rdf_t32,ok,3,ares,filter,rdf,vector,32,,,ds_x32.root,11098400,,0.9564832588657737,2.61095835454762,0.4436939489096403,2.557245511561632,4.011135562323034,35955128,1756209,17977564,650528302,706218892,8587292,347892,8239400,8587292,440,7.83,29.166193428,11.405316109124419,4339982.19952786,,,,,6.32.10,"{""events_passed"": 1918272}"
r2_strong_chain_rdf-lazy_t32,ok,3,ares,chain,rdf-lazy,vector,32,5,,ds_x32.root,11098400,,0.955858233384788,3.1145632406696677,0.4543473441153765,2.9341078344732523,4.524768818169832,35955128,6168803,17977564,849533703,909636887,8575304,347952,8227352,8575304,489,8.75,36.976393632000004,12.602261306676963,3782546.7317878753,,1,,,6.32.10,"{""events_passed"": 1732992, ""intermediate"": null}"
r2_strong_eff_jit_t32,ok,3,ares,efficiency,jit,vector,32,,,ds_x32.root,11098400,16452192,1.7157067358493805,4.172406977042556,0.0017480598762631416,3.0198864275589585,5.889861772768199,53932692,10240641,0,1037206443,1101381465,8469944,347940,8122004,8469944,409,10.23,34.5759244,11.449412164797366,3675105.096243995,5447950.575180628,,,,6.32.10,"{""eff_sum"": 2000393.9393367767, ""eff_hits"": 2075584}"
r2_strong_filter_rdf_t48,ok,3,ares,filter,rdf,vector,48,,,ds_x32.root,11098400,,0.9581521060317755,2.6049773301929235,0.45719215739518404,4.388075138442218,4.020321593619883,35955128,1756209,17977564,938169326,993859916,12480192,347736,12132456,12480192,552,9.88,49.019872233,11.17115607332153,2529218.313235167,,,,,6.32.10,"{""events_passed"": 1918272}"
r2_strong_chain_rdf-lazy_t48,ok,3,ares,chain,rdf-lazy,vector,48,5,,ds_x32.root,11098400,,0.9628084572032094,3.133306705392897,0.4464424755424261,4.355928499251604,4.542557638138533,35955128,6168803,17977564,1137174727,1197277911,12764112,347972,12416140,12764112,635,10.28,59.372001594000004,13.630159816489357,2547883.8786970046,,1,,,6.32.10,"{""events_passed"": 1732992, ""intermediate"": null}"
r2_strong_eff_jit_t48,ok,3,ares,efficiency,jit,vector,48,,,ds_x32.root,11098400,16452192,1.7584398202598095,4.1467792904004455,0.0019191233441233635,4.548604089766741,5.907138234004378,53932692,10240641,0,1324847467,1389022489,12766784,347784,12419000,12766784,551,11.78,57.62407631199999,12.668518775164502,2439957.3541625035,3616976.0382121303,,,,6.32.10,"{""eff_sum"": 2000393.9393367767, ""eff_hits"": 2075584}"
r3_strong_filter_rdf_t0,ok,3,ares,filter,rdf,vector,0,,,ds_x32.root,11098400,,0.9517911085858941,2.60031171888113,0.44488371815532446,3.171525778248906,3.996986545622349,35955128,1756209,17977564,57268690,112959280,759232,347612,411620,759232,99,8.31,3.1678706520000004,0.9988475180388022,3499388.236449321,,,,,6.32.10,"{""events_passed"": 1918272}"
r3_strong_chain_rdf-lazy_t0,ok,3,ares,chain,rdf-lazy,vector,0,5,,ds_x32.root,11098400,,0.9540640702471137,3.1045885793864727,0.44796582125127316,9.972631207667291,4.50661847088486,35955128,6168803,17977564,256274091,316377275,768964,347688,421276,768964,99,15.64,9.959687167999999,0.9987020436835826,1112885.8341284276,,1,,,6.32.10,"{""events_passed"": 1732992, ""intermediate"": null}"
r3_strong_eff_jit_t0,ok,3,ares,efficiency,jit,vector,0,,,ds_x32.root,11098400,16452192,1.7170906951650977,4.493358900770545,0.0018420815467834473,6.192217536270618,6.212291677482426,53932692,10240641,0,443946831,508121853,798400,347720,450680,798400,99,13.51,6.182008637999999,0.9983513340397328,1792314.293706843,2656914.409681519,,,,6.32.10,"{""eff_sum"": 2000393.9393367767, ""eff_hits"": 2075584}"
r3_strong_filter_rdf_t1,ok,3,ares,filter,rdf,vector,1,,,ds_x32.root,11098400,,0.9802374793216586,2.6231191204860806,0.49108561780303717,4.152464100159705,4.094442217610776,35955128,1756209,17977564,93223818,148914408,916436,347788,568648,916436,99,9.41,4.145994234,0.9984419212295041,2672726.2975189006,,,,,6.32.10,"{""events_passed"": 1918272}"
r3_strong_chain_rdf-lazy_t1,ok,3,ares,chain,rdf-lazy,vector,1,5,,ds_x32.root,11098400,,0.9604658409953117,3.14214610401541,0.4463319396600127,10.660922732204199,4.548943884670734,35955128,6168803,17977564,292229219,352332403,926036,347708,578328,926036,99,16.41,10.646075344,0.9986073073994478,1041035.5912696265,,1,,,6.32.10,"{""events_passed"": 1732992, ""intermediate"": null}"
r3_strong_eff_jit_t1,ok,3,ares,efficiency,jit,vector,1,,,ds_x32.root,11098400,16452192,1.7375513184815645,4.195206674747169,0.001880827359855175,7.180308404378593,5.934638820588589,53932692,10240641,0,479901959,544076981,944420,347760,596660,944420,99,14.28,7.166763859,0.9981136540917471,1545671.7699245526,2291293.224949413,,,,6.32.10,"{""eff_sum"": 2000393.9393367767, ""eff_hits"": 2075584}"
r3_strong_filter_rdf_t2,ok,3,ares,filter,rdf,vector,2,,,ds_x32.root,11098400,,1.0230213394388556,2.634824674576521,0.5051606642082334,2.6387539226561785,4.16300667822361,35955128,1756209,17977564,111201382,166891972,1171544,347732,823812,1171544,125,8.01,4.663171425,1.7671869229496155,4205924.58611234,,,,,6.32.10,"{""events_passed"": 1918272}"
r3_strong_chain_rdf-lazy_t2,ok,3,ares,chain,rdf-lazy,vector,2,5,,ds_x32.root,11098400,,0.9608395686373115,3.1436091838404536,0.44727868400514126,6.036628301255405,4.551727436482906,35955128,6168803,17977564,310206783,370309967,1170060,349452,820608,1170060,143,11.79,11.226560500999998,1.859740229270911,1838509.7518248598,,1,,,6.32.10,"{""events_passed"": 1732992, ""intermediate"": null}"
r3_strong_eff_jit_t2,ok,3,ares,efficiency,jit,vector,2,,,ds_x32.root,11098400,16452192,1.7144297454506159,4.189923048950732,0.0017935112118721008,4.425846841186285,5.90614630561322,53932692,10240641,0,497879523,562054545,1187716,347912,839804,1187716,130,11.49,7.906282098,1.7863885447696228,2507633.0922073284,3717298.087881917,,,,6.32.10,"{""eff_sum"": 2000393.9393367767, ""eff_hits"": 2075584}"
r3_strong_filter_rdf_t4,ok,3,ares,filter,rdf,vector,4,,,ds_x32.root,11098400,,0.9611775204539299,2.626391942612827,0.44591398630291224,1.909311975352466,4.033483449369669,35955128,1756209,17977564,147156510,202847100,1643888,347848,1296040,1643888,153,7.16,5.759804635999999,3.016691200994912,5812774.519444992,,,,,6.32.10,"{""events_passed"": 1918272}"
r3_strong_chain_rdf-lazy_t4,ok,3,ares,chain,rdf-lazy,vector,4,5,,ds_x32.root,11098400,,0.9668196858838201,3.1792947286739945,0.44896310195326805,3.821186810731888,4.595077516511083,35955128,6168803,17977564,346161911,406265095,1686664,347880,1338784,1686664,192,9.68,12.839390651,3.3600531162047056,2904437.953368283,,1,,,6.32.10,"{""events_passed"": 1732992, ""intermediate"": null}"
r3_strong_eff_jit_t4,ok,3,ares,efficiency,jit,vector,4,,,ds_x32.root,11098400,16452192,1.7127034505829215,4.164691770449281,0.0018090028315782547,3.2292917985469103,5.8792042238637805,53932692,10240641,0,533834651,598009673,1705292,347732,1357560,1705292,163,10.35,9.85840659,3.0528076138662983,3436790.6935489587,5094674.9399986155,,,,6.32.10,"{""eff_sum"": 2000393.9393367767, ""eff_hits"": 2075584}"
r3_strong_filter_rdf_t8,ok,3,ares,filter,rdf,vector,8,,,ds_x32.root,11098400,,0.9675666429102421,2.61668436601758,0.44534805975854397,1.6065139835700393,4.029599068686366,35955128,1756209,17977564,219066766,274757356,2613344,347736,2265608,2613344,193,6.88,8.073053631,5.025199726590515,6908374.351860189,,,,,6.32.10,"{""events_passed"": 1918272}"
r3_strong_chain_rdf-lazy_t8,ok,3,ares,chain,rdf-lazy,vector,8,5,,ds_x32.root,11098400,,0.9634583704173565,3.150612927041948,0.448142409324646,3.2074762769043446,4.56221370678395,35955128,6168803,17977564,418072167,478175351,2725276,347716,2377560,2725276,286,9.0,20.050057217,6.251038351046219,3460165.8880269197,,1,,,6.32.10,"{""events_passed"": 1732992, ""intermediate"": null}"
r3_strong_eff_jit_t8,ok,3,ares,efficiency,jit,vector,8,,,ds_x32.root,11098400,16452192,1.7394597819074988,4.163641254417598,0.00172379519790411,2.35114458668977,5.904824831523001,53932692,10240641,0,605744907,669919929,2723712,347908,2375804,2723712,203,9.5,12.250256448999998,5.2103373473289505,4720424.283061932,6997524.5644775145,,,,6.32.10,"{""eff_sum"": 2000393.9393367767, ""eff_hits"": 2075584}"
r3_strong_filter_rdf_t12,ok,3,ares,filter,rdf,vector,12,,,ds_x32.root,11098400,,0.9588663931936026,2.6309705628082156,0.4440191397443414,1.6694325096905231,4.0338560957461596,35955128,1756209,17977564,290977022,346667612,3656568,349736,3306832,3656568,238,6.95,11.284447336,6.7594510532755185,6648007.5927462345,,,,,6.32.10,"{""events_passed"": 1918272}"
r3_strong_chain_rdf-lazy_t12,ok,3,ares,chain,rdf-lazy,vector,12,5,,ds_x32.root,11098400,,0.9629339724779129,3.1545965392142534,0.44789572805166245,2.430008259601891,4.565426239743829,35955128,6168803,17977564,489982423,550085607,3649592,347824,3301768,3649592,302,8.33,19.33630526,7.957300220521832,4567227.274288464,,1,,,6.32.10,"{""events_passed"": 1732992, ""intermediate"": null}"
r3_strong_eff_jit_t12,ok,3,ares,efficiency,jit,vector,12,,,ds_x32.root,11098400,16452192,1.7178068924695253,4.184149669483304,0.0018592942506074905,2.103107040748,5.903815856203437,53932692,10240641,0,677655163,741830185,3671612,347704,3323908,3671612,238,9.27,14.971586126999998,7.1187941635510565,5277144.617447857,7822802.967816865,,,,6.32.10,"{""eff_sum"": 2000393.9393367767, ""eff_hits"": 2075584}"
r3_strong_filter_rdf_t16,ok,3,ares,filter,rdf,vector,16,,,ds_x32.root,11098400,,0.9604985667392612,2.624195127747953,0.4573663203045726,1.729425880126655,4.042060014791787,35955128,1756209,17977564,362887278,418577868,4681228,347968,4333260,4681228,277,7.04,14.238594547000002,8.23313372988106,6417389.798276411,,,,,6.32.10,"{""events_passed"": 1918272}"
r3_strong_chain_rdf-lazy_t16,ok,3,ares,chain,rdf-lazy,vector,16,5,,ds_x32.root,11098400,,0.9603500990197062,3.1564893182367086,0.4449316933751106,2.306671849451959,4.5617711106315255,35955128,6168803,17977564,561892679,621995863,4611564,347812,4263752,4611564,346,8.13,22.331194113000002,9.68113176493035,4811434.2760271095,,1,,,6.32.10,"{""events_passed"": 1732992, ""intermediate"": null}"
r3_strong_eff_jit_t16,ok,3,ares,efficiency,jit,vector,16,,,ds_x32.root,11098400,16452192,1.7113882098346949,4.186640460975468,0.0018226644024252892,2.2310085725039244,5.899851335212588,53932692,10240641,0,749565419,813740441,4662420,347916,4314504,4662420,281,9.36,19.219487647,8.614708111779876,4974611.095977973,7374329.351650692,,,,6.32.10,"{""eff_sum"": 2000393.9393367767, ""eff_hits"": 2075584}"
r3_strong_filter_rdf_t24,ok,3,ares,filter,rdf,vector,24,,,ds_x32.root,11098400,,0.9585224529728293,2.6295524146407843,0.44486992713063955,2.1357425935566425,4.032944794744253,35955128,1756209,17977564,506707790,562398380,6727484,347700,6379784,6727484,360,7.47,21.519134933,10.07571558385427,5196506.373700159,,,,,6.32.10,"{""events_passed"": 1918272}"
r3_strong_chain_rdf-lazy_t24,ok,3,ares,chain,rdf-lazy,vector,24,5,,ds_x32.root,11098400,,0.9610148491337895,3.157651551067829,0.4476945223286748,2.6702013378962874,4.5663609225302935,35955128,6168803,17977564,705713191,765816375,6746716,347744,6398972,6746716,432,8.53,31.022907709000002,11.618190459540903,4156390.6970190685,,1,,,6.32.10,"{""events_passed"": 1732992, ""intermediate"": null}"
r3_strong_eff_jit_t24,ok,3,ares,efficiency,jit,vector,24,,,ds_x32.root,11098400,16452192,1.7337070284411311,4.165584723465145,0.0017207283526659012,2.51646891515702,5.901012480258942,53932692,10240641,0,893385931,957560953,6531272,347724,6183548,6531272,349,9.69,26.613067065000003,10.575559628297427,4410306.8125153035,6537808.554242933,,,,6.32.10,"{""eff_sum"": 2000393.9393367767, ""eff_hits"": 2075584}"
r3_strong_filter_rdf_t32,ok,3,ares,filter,rdf,vector,32,,,ds_x32.root,11098400,,0.9606324899941683,2.6252442076802254,0.44704461097717285,2.586825673468411,4.0329213086515665,35955128,1756209,17977564,650528302,706218892,8646216,347564,8298652,8646216,432,7.94,28.951632643999996,11.191953497655566,4290354.821289247,,,,,6.32.10,"{""events_passed"": 1918272}"
r3_strong_chain_rdf-lazy_t32,ok,3,ares,chain,rdf-lazy,vector,32,5,,ds_x32.root,11098400,,0.9679626356810331,3.1488307490944862,0.4475097469985485,3.038590273819864,4.564303131774068,35955128,6168803,17977564,849533703,909636887,8688200,347656,8340544,8688200,494,9.0,38.511786447000006,12.674228170481893,3652483.2240866786,,1,,,6.32.10,"{""events_passed"": 1732992, ""intermediate"": null}"
r3_strong_eff_jit_t32,ok,3,ares,efficiency,jit,vector,32,,,ds_x32.root,11098400,16452192,1.7219662237912416,4.174622517079115,0.0018015503883361816,3.0323081547394395,5.898390291258693,53932692,10240641,0,1037206443,1101381465,8655008,347812,8307196,8655008,414,10.22,35.078224288,11.568159467293391,3660050.177503699,5425633.266950636,,,,6.32.10,"{""eff_sum"": 2000393.9393367767, ""eff_hits"": 2075584}"
r3_strong_filter_rdf_t48,ok,3,ares,filter,rdf,vector,48,,,ds_x32.root,11098400,,0.9585902970284224,2.6342934919521213,0.4448710838332772,3.9831845592707396,4.037754872813821,35955128,1756209,17977564,938169326,993859916,12724204,347852,12376352,12724204,578,9.41,48.845124911,12.262832460854588,2786313.2714171666,,,,,6.32.10,"{""events_passed"": 1918272}"
r3_strong_chain_rdf-lazy_t48,ok,3,ares,chain,rdf-lazy,vector,48,5,,ds_x32.root,11098400,,0.9737629955634475,3.1358890486881137,0.45141276717185974,4.307890053838491,4.561064811423421,35955128,6168803,17977564,1137174727,1197277911,12725852,347868,12377984,12725852,641,10.29,59.947717315,13.915795567155744,2576296.019929968,,1,,,6.32.10,"{""events_passed"": 1732992, ""intermediate"": null}"
r3_strong_eff_jit_t48,ok,3,ares,efficiency,jit,vector,48,,,ds_x32.root,11098400,16452192,1.7126912036910653,4.1789995757862926,0.0018469132483005524,4.546901781111956,5.893537692725658,53932692,10240641,0,1324847467,1389022489,12713096,348000,12365096,12713096,569,11.79,59.676653954,13.124685077188083,2440870.8466286375,3618330.1931753135,,,,6.32.10,"{""eff_sum"": 2000393.9393367767, ""eff_hits"": 2075584}"
r4_strong_filter_rdf_t0,ok,3,ares,filter,rdf,vector,0,,,ds_x32.root,11098400,,0.9457955863326788,2.6211473317816854,0.44433283898979425,3.255414134822786,4.011275757104158,35955128,1756209,17977564,57268690,112959280,758172,347800,410372,758172,99,8.5,3.2507234929999997,0.9985591259272942,3409212.9419976734,,,,,6.32.10,"{""events_passed"": 1918272}"
r4_strong_chain_rdf-lazy_t0,ok,3,ares,chain,rdf-lazy,vector,0,5,,ds_x32.root,11098400,,0.9520851131528616,3.1431544721126556,0.4711811887100339,9.748034383170307,4.566420773975551,35955128,6168803,17977564,256274091,316377275,767284,347704,419580,767284,99,15.51,9.732300619,0.9983859552037003,1138526.9648987963,,1,,,6.32.10,"{""events_passed"": 1732992, ""intermediate"": null}"
r4_strong_eff_jit_t0,ok,3,ares,efficiency,jit,vector,0,,,ds_x32.root,11098400,16452192,1.7085952069610357,4.1675420347601175,0.0018123649060726166,6.1656861286610365,5.877949606627226,53932692,10240641,0,443946831,508121853,799332,347652,451680,799332,99,13.2,6.155669973,0.9983755002359792,1800026.755888427,2668347.3106946526,,,,6.32.10,"{""eff_sum"": 2000393.9393367767, ""eff_hits"": 2075584}"
r4_strong_filter_rdf_t1,ok,3,ares,filter,rdf,vector,1,,,ds_x32.root,11098400,,0.9751601126044989,2.626210511662066,0.45726533234119415,4.142153839580715,4.058635956607759,35955128,1756209,17977564,93223818,148914408,915244,347820,567424,915244,99,9.41,4.136577301,0.9986537104133054,2679378.996972122,,,,,6.32.10,"{""events_passed"": 1918272}"
r4_strong_chain_rdf-lazy_t1,ok,3,ares,chain,rdf-lazy,vector,1,5,,ds_x32.root,11098400,,0.9629382640123367,3.144240486435592,0.44876117818057537,10.723039347678423,4.555939928628504,35955128,6168803,17977564,292229219,352332403,926672,349744,576928,926672,99,16.47,10.708495542000001,0.998643686252856,1035005.0615456189,,1,,,6.32.10,"{""events_passed"": 1732992, ""intermediate"": null}"
r4_strong_eff_jit_t1,ok,3,ares,efficiency,jit,vector,1,,,ds_x32.root,11098400,16452192,1.712385606020689,4.18134724535048,0.0018253512680530548,7.181763767264783,5.895558202639222,53932692,10240641,0,479901959,544076981,944072,347952,596120,944072,99,14.22,7.1691111759999995,0.9982382334375219,1545358.544176522,2290828.901249966,,,,6.32.10,"{""eff_sum"": 2000393.9393367767, ""eff_hits"": 2075584}"
r4_strong_filter_rdf_t2,ok,3,ares,filter,rdf,vector,2,,,ds_x32.root,11098400,,0.9593817191198468,2.61810112465173,0.44739931356161833,2.9071743385866284,4.024882157333195,35955128,1756209,17977564,111201382,166891972,1176440,347836,828604,1176440,126,8.15,5.0895920089999995,1.7507006516418242,3817590.1089563393,,,,,6.32.10,"{""events_passed"": 1918272}"
r4_strong_chain_rdf-lazy_t2,ok,3,ares,chain,rdf-lazy,vector,2,5,,ds_x32.root,11098400,,0.9621326196938753,3.1441979007795453,0.44845112785696983,6.570954767987132,4.5547816483303905,35955128,6168803,17977564,310206783,370309967,1168216,347740,820476,1168216,146,12.34,12.344149977999997,1.8785930528907533,1689008.7349360574,,1,,,6.32.10,"{""events_passed"": 1732992, ""intermediate"": null}"
r4_strong_eff_jit_t2,ok,3,ares,efficiency,jit,vector,2,,,ds_x32.root,11098400,16452192,1.7434522798284888,4.1707013649865985,0.0019310899078845978,4.410165566019714,5.916084734722972,53932692,10240641,0,497879523,562054545,1187524,347820,839704,1187524,130,11.47,7.903150663,1.7920303772478985,2516549.511318367,3730515.72638542,,,,6.32.10,"{""eff_sum"": 2000393.9393367767, ""eff_hits"": 2075584}"
r4_strong_filter_rdf_t4,ok,3,ares,filter,rdf,vector,4,,,ds_x32.root,11098400,,0.9643164565786719,2.620866436511278,0.44456761702895164,1.9240766232833266,4.029750510118902,35955128,1756209,17977564,147156510,202847100,1645200,347772,1297428,1645200,153,7.17,5.745829741,2.9862790657448297,5768169.451100765,,,,,6.32.10,"{""events_passed"": 1918272}"
r4_strong_chain_rdf-lazy_t4,ok,3,ares,chain,rdf-lazy,vector,4,5,,ds_x32.root,11098400,,0.9635616010054946,3.143609717488289,0.4471153998747468,3.8218699684366584,4.55428671836853,35955128,6168803,17977564,346161911,406265095,1686220,347828,1338392,1686220,195,9.6,12.965236836999999,3.392380416935914,2903918.7862636303,,1,,,6.32.10,"{""events_passed"": 1732992, ""intermediate"": null}"
r4_strong_eff_jit_t4,ok,3,ares,efficiency,jit,vector,4,,,ds_x32.root,11098400,16452192,1.7494403924793005,4.178284869529307,0.001890343613922596,3.194933366961777,5.92961560562253,53932692,10240641,0,533834651,598009673,1708924,347616,1361308,1708924,162,10.36,9.743070630999998,3.0495379752677514,3473750.0677687144,5149463.262717499,,,,6.32.10,"{""eff_sum"": 2000393.9393367767, ""eff_hits"": 2075584}"
r4_strong_filter_rdf_t8,ok,3,ares,filter,rdf,vector,8,,,ds_x32.root,11098400,,0.9594990499317646,2.615274262614548,0.44423486292362213,1.5874553881585598,4.019008175469935,35955128,1756209,17977564,219066766,274757356,2615156,347680,2267476,2615156,192,6.84,7.947207162000001,5.006255433243211,6991314.579790547,,,,,6.32.10,"{""events_passed"": 1918272}"
r4_strong_chain_rdf-lazy_t8,ok,3,ares,chain,rdf-lazy,vector,8,5,,ds_x32.root,11098400,,0.9648336442187428,3.145377385430038,0.44885910395532846,3.0953124072402716,4.559070133604109,35955128,6168803,17977564,418072167,478175351,2726160,347684,2378476,2726160,275,8.89,18.686486435,6.037027600603506,3585550.839404655,,1,,,6.32.10,"{""events_passed"": 1732992, ""intermediate"": null}"
r4_strong_eff_jit_t8,ok,3,ares,efficiency,jit,vector,8,,,ds_x32.root,11098400,16452192,1.7161923376843333,4.175223642028868,0.0018179025501012802,2.6450127381831408,5.893233882263303,53932692,10240641,0,605744907,669919929,2747188,349564,2397624,2747188,202,9.82,12.731543444,4.81341479389067,4195972.230978173,6220080.441389862,,,,6.32.10,"{""eff_sum"": 2000393.9393367767, ""eff_hits"": 2075584}"
r4_strong_filter_rdf_t12,ok,3,ares,filter,rdf,vector,12,,,ds_x32.root,11098400,,0.9657605336979032,2.618809220381081,0.4493695115670562,1.652483019977808,4.03393926564604,35955128,1756209,17977564,290977022,346667612,3653176,347876,3305300,3653176,237,6.94,11.197203873000001,6.77598724926709,6716196.091472725,,,,,6.32.10,"{""events_passed"": 1918272}"
r4_strong_chain_rdf-lazy_t12,ok,3,ares,chain,rdf-lazy,vector,12,5,,ds_x32.root,11098400,,0.9614288685843349,3.14284635335207,0.44723823852837086,2.2855873350054026,4.551513460464776,35955128,6168803,17977564,489982423,550085607,3657968,347828,3310140,3657968,303,8.11,18.825476238,8.236603322775894,4855819.696766812,,1,,,6.32.10,"{""events_passed"": 1732992, ""intermediate"": null}"
r4_strong_eff_jit_t12,ok,3,ares,efficiency,jit,vector,12,,,ds_x32.root,11098400,16452192,1.713820707052946,4.158673880621791,0.0018149660900235176,2.0608274526894093,5.8743095537647605,53932692,10240641,0,677655163,741830185,3693036,347812,3345224,3693036,239,9.16,14.874394823,7.2176808415419265,5385409.625398978,7983294.27266201,,,,6.32.10,"{""eff_sum"": 2000393.9393367767, ""eff_hits"": 2075584}"
r4_strong_filter_rdf_t16,ok,3,ares,filter,rdf,vector,16,,,ds_x32.root,11098400,,0.9642055332660675,2.615771848708391,0.44515371043235064,1.7826615450903773,4.025131092406809,35955128,1756209,17977564,362887278,418577868,4666028,347680,4318348,4666028,279,7.08,14.516594445000003,8.143213996498725,6225747.131061456,,,,,6.32.10,"{""events_passed"": 1918272}"
r4_strong_chain_rdf-lazy_t16,ok,3,ares,chain,rdf-lazy,vector,16,5,,ds_x32.root,11098400,,0.9636857463046908,3.144744529388845,0.4487980604171753,2.2116307532414794,4.557228336110711,35955128,6168803,17977564,561892679,621995863,4667028,347664,4319364,4667028,342,8.07,21.783565179,9.849548866632864,5018197.537601436,,1,,,6.32.10,"{""events_passed"": 1732992, ""intermediate"": null}"
r4_strong_eff_jit_t16,ok,3,ares,efficiency,jit,vector,16,,,ds_x32.root,11098400,16452192,1.7134077977389097,4.162938771769404,0.0018296381458640099,2.2780000371858478,5.878176207654178,53932692,10240641,0,749565419,813740441,4660064,347804,4312260,4660064,284,9.39,19.613142105999998,8.609807632061898,4871992.8967650635,7222208.8373292545,,,,6.32.10,"{""eff_sum"": 2000393.9393367767, ""eff_hits"": 2075584}"
r4_strong_filter_rdf_t24,ok,3,ares,filter,rdf,vector,24,,,ds_x32.root,11098400,,0.964935764670372,2.618278087116778,0.44528831727802753,2.105953376740217,4.028502169065177,35955128,1756209,17977564,506707790,562398380,6684844,347564,6337280,6684844,359,7.44,21.374390782,10.14950806512402,5270012.205673373,,,,,6.32.10,"{""events_passed"": 1918272}"
r4_strong_chain_rdf-lazy_t24,ok,3,ares,chain,rdf-lazy,vector,24,5,,ds_x32.root,11098400,,0.9635760858654976,3.1520995143800974,0.4483663998544216,2.830767063423991,4.564042000100017,35955128,6168803,17977564,705713191,765816375,6601364,348016,6253348,6601364,434,8.75,32.059200296,11.325269645190225,3920633.436569587,,1,,,6.32.10,"{""events_passed"": 1732992, ""intermediate"": null}"
r4_strong_eff_jit_t24,ok,3,ares,efficiency,jit,vector,24,,,ds_x32.root,11098400,16452192,1.7168581131845713,4.173991870135069,0.0018179845064878464,2.7112310072407126,5.892667967826128,53932692,10240641,0,893385931,957560953,6654100,348080,6306020,6654100,355,9.88,27.887354515,10.285864406434941,4093491.100669846,6068163.117071978,,,,6.32.10,"{""eff_sum"": 2000393.9393367767, ""eff_hits"": 2075584}"
r4_strong_filter_rdf_t32,ok,3,ares,filter,rdf,vector,32,,,ds_x32.root,11098400,,0.9637145800516009,2.6206192672252655,0.4450492234900594,2.5797078870236874,4.029383070766926,35955128,1756209,17977564,650528302,706218892,8624508,347900,8276608,8624508,432,7.94,28.897138929,11.201709726266639,4302192.529559876,,,,,6.32.10,"{""events_passed"": 1918272}"
r4_strong_chain_rdf-lazy_t32,ok,3,ares,chain,rdf-lazy,vector,32,5,,ds_x32.root,11098400,,0.9644810995087028,3.1670526899397373,0.4484173022210598,2.956391803920269,4.5799510916695,35955128,6168803,17977564,849533703,909636887,8353584,348104,8005480,8353584,506,8.9,39.099524545,13.225420424029316,3754035.573120982,,1,,,6.32.10,"{""events_passed"": 1732992, ""intermediate"": null}"
r4_strong_eff_jit_t32,ok,3,ares,efficiency,jit,vector,32,,,ds_x32.root,11098400,16452192,1.7148122126236558,4.184362384490669,0.0017929188907146454,3.0013843635097146,5.900967516005039,53932692,10240641,0,1037206443,1101381465,8499472,347972,8151500,8499472,408,10.29,34.618968992,11.534333760411073,3697760.318515792,5481534.521210532,,,,6.32.10,"{""eff_sum"": 2000393.9393367767, ""eff_hits"": 2075584}"
r4_strong_filter_rdf_t48,ok,3,ares,filter,rdf,vector,48,,,ds_x32.root,11098400,,0.9649561308324337,2.648998006246984,0.4617847017943859,4.035148048773408,4.075738838873804,35955128,1756209,17977564,938169326,993859916,12746752,347944,12398808,12746752,578,9.52,49.521732798,12.2725937684129,2750431.92117168,,,,,6.32.10,"{""events_passed"": 1918272}"
r4_strong_chain_rdf-lazy_t48,ok,3,ares,chain,rdf-lazy,vector,48,5,,ds_x32.root,11098400,,0.9601253792643547,3.151375951245427,0.4464762872084975,4.326270756311715,4.557977617718279,35955128,6168803,17977564,1137174727,1197277911,12687520,348044,12339476,12687520,634,10.3,59.324868503000005,13.712703583438307,2565350.304025295,,1,,,6.32.10,"{""events_passed"": 1732992, ""intermediate"": null}"
r4_strong_eff_jit_t48,ok,3,ares,efficiency,jit,vector,48,,,ds_x32.root,11098400,16452192,1.7129801996052265,4.153025943785906,0.0018410198390483856,4.526755393482745,5.867847163230181,53932692,10240641,0,1324847467,1389022489,12764408,347652,12416756,12764408,575,11.73,60.154562180000006,13.288670792021515,2451733.9761672514,3634433.621857839,,,,6.32.10,"{""eff_sum"": 2000393.9393367767, ""eff_hits"": 2075584}"
r5_strong_filter_rdf_t0,ok,3,ares,filter,rdf,vector,0,,,ds_x32.root,11098400,,0.9495535641908646,2.6339749135077,0.4466247335076332,3.404367777518928,4.030153211206198,35955128,1756209,17977564,57268690,112959280,758824,347860,410964,758824,99,8.65,3.399647674999999,0.9986135156870832,3260047.3054907164,,,,,6.32.10,"{""events_passed"": 1918272}"
r5_strong_chain_rdf-lazy_t0,ok,3,ares,chain,rdf-lazy,vector,0,5,,ds_x32.root,11098400,,0.9565239539369941,3.1508168103173375,0.467287334613502,9.70314419362694,4.574628098867834,35955128,6168803,17977564,256274091,316377275,768060,347796,420264,768060,99,15.47,9.687926931,0.9984317183870219,1143794.1948022856,,1,,,6.32.10,"{""events_passed"": 1732992, ""intermediate"": null}"
r5_strong_eff_jit_t0,ok,3,ares,efficiency,jit,vector,0,,,ds_x32.root,11098400,16452192,1.7422988442704082,4.198032577522099,0.0019128518179059029,6.307856016792357,5.942244273610413,53932692,10240641,0,443946831,508121853,799368,347680,451688,799368,99,13.39,6.293479726000001,0.9977208910992762,1759456.7742913873,2608206.6483765743,,,,6.32.10,"{""eff_sum"": 2000393.9393367767, ""eff_hits"": 2075584}"
r5_strong_filter_rdf_t1,ok,3,ares,filter,rdf,vector,1,,,ds_x32.root,11098400,,0.9588919160887599,2.6118533480912447,0.4442170914262533,4.132208079099655,4.014962355606258,35955128,1756209,17977564,93223818,148914408,916228,347632,568596,916228,99,9.34,4.126819383,0.9986959281825833,2685827.96111714,,,,,6.32.10,"{""events_passed"": 1918272}"
r5_strong_chain_rdf-lazy_t1,ok,3,ares,chain,rdf-lazy,vector,1,5,,ds_x32.root,11098400,,0.9688899563625455,3.1567601365968585,0.4474637918174267,10.70480300206691,4.573113884776831,35955128,6168803,17977564,292229219,352332403,926128,347704,578424,926128,99,16.48,10.680686093999999,0.9977470946394571,1036768.2616725495,,1,,,6.32.10,"{""events_passed"": 1732992, ""intermediate"": null}"
r5_strong_eff_jit_t1,ok,3,ares,efficiency,jit,vector,1,,,ds_x32.root,11098400,16452192,1.7150921989232302,4.168808767572045,0.0018472447991371155,7.13286282774061,5.885748211294413,53932692,10240641,0,479901959,544076981,944764,347724,597040,944764,99,14.16,7.120887121999999,0.9983210520053694,1555953.095976683,2306534.192136057,,,,6.32.10,"{""eff_sum"": 2000393.9393367767, ""eff_hits"": 2075584}"
r5_strong_filter_rdf_t2,ok,3,ares,filter,rdf,vector,2,,,ds_x32.root,11098400,,0.9657026845961809,2.6178608322516084,0.459091292694211,2.755736282095313,4.042654809542,35955128,1756209,17977564,111201382,166891972,1180348,351732,828616,1180348,124,8.01,4.768039686,1.7302235039612135,4027381.020494957,,,,,6.32.10,"{""events_passed"": 1918272}"
r5_strong_chain_rdf-lazy_t2,ok,3,ares,chain,rdf-lazy,vector,2,5,,ds_x32.root,11098400,,0.9594324044883251,3.1427314346656203,0.44729101471602917,6.180237717926502,4.549454853869975,35955128,6168803,17977564,310206783,370309967,1167972,347920,820052,1167972,144,11.92,11.496272552,1.8601667244374303,1795788.528944088,,1,,,6.32.10,"{""events_passed"": 1732992, ""intermediate"": null}"
r5_strong_eff_jit_t2,ok,3,ares,efficiency,jit,vector,2,,,ds_x32.root,11098400,16452192,1.7158446293324232,4.176203855313361,0.001817365176975727,4.422766369767487,5.89386584982276,53932692,10240641,0,497879523,562054545,1191408,347840,843568,1191408,130,11.47,7.924003283999999,1.791639580640245,2509379.6669579595,3719887.1983068194,,,,6.32.10,"{""eff_sum"": 2000393.9393367767, ""eff_hits"": 2075584}"
r5_strong_filter_rdf_t4,ok,3,ares,filter,rdf,vector,4,,,ds_x32.root,11098400,,0.965919922105968,2.6299063293263316,0.4517551502212882,1.8982696728780866,4.047581401653588,35955128,1756209,17977564,147156510,202847100,1643072,347632,1295440,1643072,152,7.16,5.684605757,2.994624967263587,5846587.6363988975,,,,,6.32.10,"{""events_passed"": 1918272}"
r5_strong_chain_rdf-lazy_t4,ok,3,ares,chain,rdf-lazy,vector,4,5,,ds_x32.root,11098400,,0.9609841462224722,3.154362339526415,0.4464650508016348,3.8791620200499892,4.561811536550522,35955128,6168803,17977564,346161911,406265095,1687224,347704,1339520,1687224,191,9.71,12.781920665999998,3.2950210895896745,2861030.2798997243,,1,,,6.32.10,"{""events_passed"": 1732992, ""intermediate"": null}"
r5_strong_eff_jit_t4,ok,3,ares,efficiency,jit,vector,4,,,ds_x32.root,11098400,16452192,1.70860505849123,4.186455152928829,0.0017773378640413284,3.128514834679663,5.8968375492841005,53932692,10240641,0,533834651,598009673,1706372,347700,1358672,1706372,165,10.2,9.813740255999999,3.136868697956759,3547497.9619639213,5258786.634995958,,,,6.32.10,"{""eff_sum"": 2000393.9393367767, ""eff_hits"": 2075584}"
r5_strong_filter_rdf_t8,ok,3,ares,filter,rdf,vector,8,,,ds_x32.root,11098400,,0.9645196218043566,2.6466056630015373,0.49432105850428343,1.7718710228800774,4.105446343310177,35955128,1756209,17977564,219066766,274757356,2702100,347576,2354524,2702100,192,7.14,8.382517515,4.730884701401508,6263661.32561961,,,,,6.32.10,"{""events_passed"": 1918272}"
r5_strong_chain_rdf-lazy_t8,ok,3,ares,chain,rdf-lazy,vector,8,5,,ds_x32.root,11098400,,0.9648185754194856,3.1371578872203827,0.44835154712200165,3.085444750264287,4.55032800976187,35955128,6168803,17977564,418072167,478175351,2728516,350824,2377692,2728516,272,8.95,18.564664717,6.0168520973872,3597017.9012440117,,1,,,6.32.10,"{""events_passed"": 1732992, ""intermediate"": null}"
r5_strong_eff_jit_t8,ok,3,ares,efficiency,jit,vector,8,,,ds_x32.root,11098400,16452192,1.7163006411865354,4.191493907012045,0.0017767390236258507,2.3713659262284636,5.909571287222207,53932692,10240641,0,605744907,669919929,2747112,347736,2399376,2747112,205,9.49,12.428651604999999,5.241136118020863,4680171.827235216,6937854.600182423,,,,6.32.10,"{""eff_sum"": 2000393.9393367767, ""eff_hits"": 2075584}"
r5_strong_filter_rdf_t12,ok,3,ares,filter,rdf,vector,12,,,ds_x32.root,11098400,,0.9632708122953773,2.6306692687794566,0.45144790038466454,1.6233851201832294,4.045387981459498,35955128,1756209,17977564,290977022,346667612,3664592,347960,3316632,3664592,235,6.91,10.995978166,6.773487097601891,6836578.617122804,,,,,6.32.10,"{""events_passed"": 1918272}"
r5_strong_chain_rdf-lazy_t12,ok,3,ares,chain,rdf-lazy,vector,12,5,,ds_x32.root,11098400,,0.9612109754234552,3.1607760516926646,0.44750218372792006,2.6235470790416002,4.56948921084404,35955128,6168803,17977564,489982423,550085607,3673252,349332,3323920,3673252,309,8.54,20.549743448999997,7.832809105338014,4230303.35100917,,1,,,6.32.10,"{""events_passed"": 1732992, ""intermediate"": null}"
r5_strong_eff_jit_t12,ok,3,ares,efficiency,jit,vector,12,,,ds_x32.root,11098400,16452192,1.719355545938015,4.176546847447753,0.001828300766646862,2.071716645732522,5.897730694152415,53932692,10240641,0,677655163,741830185,3706136,347852,3358284,3706136,239,9.19,14.937777510999998,7.210338123106728,5357103.261617037,7941333.113237018,,,,6.32.10,"{""eff_sum"": 2000393.9393367767, ""eff_hits"": 2075584}"
r5_strong_filter_rdf_t16,ok,3,ares,filter,rdf,vector,16,,,ds_x32.root,11098400,,0.9616235736757517,2.62458333466202,0.4443748816847801,1.753574495203793,4.030581790022552,35955128,1756209,17977564,362887278,418577868,4674692,347712,4326980,4674692,280,7.04,14.482042082,8.258583893418772,6329015.408444447,,,,,6.32.10,"{""events_passed"": 1918272}"
r5_strong_chain_rdf-lazy_t16,ok,3,ares,chain,rdf-lazy,vector,16,5,,ds_x32.root,11098400,,0.9628043211996555,3.1475188601762056,0.448285604827106,2.4113996354863048,4.558608786202967,35955128,6168803,17977564,561892679,621995863,4622804,347772,4275032,4622804,341,8.29,22.462884543999998,9.315289018640797,4602472.288987385,,1,,,6.32.10,"{""events_passed"": 1732992, ""intermediate"": null}"
r5_strong_eff_jit_t16,ok,3,ares,efficiency,jit,vector,16,,,ds_x32.root,11098400,16452192,1.7324536871165037,4.204647445119917,0.0017427830025553703,2.1878948071971536,5.9388439152389765,53932692,10240641,0,749565419,813740441,4687888,347808,4340080,4687888,278,9.37,18.892046535,8.634805692144784,5072638.759181401,7519644.8868930815,,,,6.32.10,"{""eff_sum"": 2000393.9393367767, ""eff_hits"": 2075584}"
r5_strong_filter_rdf_t24,ok,3,ares,filter,rdf,vector,24,,,ds_x32.root,11098400,,0.9605346489697695,2.6063456647098064,0.4435027139261365,2.0655647134408355,4.010383027605712,35955128,1756209,17977564,506707790,562398380,6656668,347804,6308864,6656668,361,7.38,21.354615324,10.338390845391283,5373058.480221706,,,,,6.32.10,"{""events_passed"": 1918272}"
r5_strong_chain_rdf-lazy_t24,ok,3,ares,chain,rdf-lazy,vector,24,5,,ds_x32.root,11098400,,0.964410531334579,3.148123328574002,0.44914049096405506,2.4582954812794924,4.561674350872636,35955128,6168803,17977564,705713191,765816375,6648056,347668,6300388,6648056,422,8.34,29.328506302,11.93042354970897,4514672.90426109,,1,,,6.32.10,"{""events_passed"": 1732992, ""intermediate"": null}"
r5_strong_eff_jit_t24,ok,3,ares,efficiency,jit,vector,24,,,ds_x32.root,11098400,16452192,1.749641872011125,4.204056813381612,0.0018302490934729576,2.3695086175575852,5.95552893448621,53932692,10240641,0,893385931,957560953,6790172,349692,6440480,6790172,349,9.59,26.238247993,11.073286587176694,4683840.3193654055,6943292.747742104,,,,6.32.10,"{""eff_sum"": 2000393.9393367767, ""eff_hits"": 2075584}"
r5_strong_filter_rdf_t32,ok,3,ares,filter,rdf,vector,32,,,ds_x32.root,11098400,,0.9577696202322841,2.628726043738425,0.4457312636077404,2.5794207472354174,4.032226927578449,35955128,1756209,17977564,650528302,706218892,8602724,347792,8254932,8602724,434,7.94,29.107466694,11.284497391593414,4302671.447415119,,,,,6.32.10,"{""events_passed"": 1918272}"
r5_strong_chain_rdf-lazy_t32,ok,3,ares,chain,rdf-lazy,vector,32,5,,ds_x32.root,11098400,,0.9619770683348179,3.1523315496742725,0.44756022468209267,2.992705836892128,4.561868842691183,35955128,6168803,17977564,849533703,909636887,8465012,347840,8117172,8465012,510,8.92,39.643388426,13.246670600665837,3708483.427668084,,1,,,6.32.10,"{""events_passed"": 1732992, ""intermediate"": null}"
r5_strong_eff_jit_t32,ok,3,ares,efficiency,jit,vector,32,,,ds_x32.root,11098400,16452192,1.7153592985123396,4.162595608271658,0.0018487656489014626,3.0867534643039107,5.8798036724328995,53932692,10240641,0,1037206443,1101381465,8539156,347872,8191284,8539156,409,10.26,34.784797788,11.26905604553821,3595492.846560321,5329933.922568743,,,,6.32.10,"{""eff_sum"": 2000393.9393367767, ""eff_hits"": 2075584}"
r5_strong_filter_rdf_t48,ok,3,ares,filter,rdf,vector,48,,,ds_x32.root,11098400,,1.0441610887646675,2.6217169063165784,0.4802658734843135,4.044462482444942,4.146143868565559,35955128,1756209,17977564,938169326,993859916,12714872,347612,12367260,12714872,579,9.61,50.052751824,12.375625201434014,2744097.6515848013,,,,,6.32.10,"{""events_passed"": 1918272}"
r5_strong_chain_rdf-lazy_t48,ok,3,ares,chain,rdf-lazy,vector,48,5,,ds_x32.root,11098400,,0.9698448106646538,3.151921333745122,0.46984861604869366,4.5588440941646695,4.591614760458469,35955128,6168803,17977564,1137174727,1197277911,12678480,347708,12330772,12678480,657,10.61,63.66622100899999,13.965430642932688,2434476.76006424,,1,,,6.32.10,"{""events_passed"": 1732992, ""intermediate"": null}"
r5_strong_eff_jit_t48,ok,3,ares,efficiency,jit,vector,48,,,ds_x32.root,11098400,16452192,1.7103131972253323,4.161572170443833,0.001864992082118988,4.517998898401856,5.873750359751284,53932692,10240641,0,1324847467,1389022489,12678976,349452,12329524,12678976,552,11.77,57.66215329400001,12.76276391178332,2456485.769380293,3641477.6475088573,,,,6.32.10,"{""eff_sum"": 2000393.9393367767, ""eff_hits"": 2075584}"
r1_weak_filter_rdf_t1,ok,3,ares,filter,rdf,vector,1,,,ds_x1.root,346825,,0.10149247385561466,2.608330658636987,0.041956656612455845,0.2452935641631484,2.7517797891050577,1127158,1756209,563579,2914331,6362966,506076,349816,156500,507224,99,4.15,0.23185978199999946,0.945233858014253,1413918.058483269,,,,,6.32.10,"{""events_passed"": 59946}"
r1_weak_chain_rdf-lazy_t1,ok,3,ares,chain,rdf-lazy,vector,1,5,,ds_x1.root,346825,,0.10303241200745106,3.1338799642398953,0.04393298737704754,0.5409950697794557,3.280845363624394,1127158,6168803,563579,9139955,17001184,515660,348044,167616,516480,98,4.99,0.5074786839999996,0.9380467814741464,641087.1731999114,,1,,,6.32.10,"{""events_passed"": 54156, ""intermediate"": null}"
r1_weak_eff_jit_t1,ok,3,ares,efficiency,jit,vector,1,,,ds_x1.root,346825,514131,0.4206017553806305,4.1676732106134295,0.0016767950728535652,0.5473931645974517,4.589951761066914,1690737,10240641,0,15008984,26942051,563468,347612,215856,563468,99,6.26,0.52025246,0.950418261767279,633593.9548223116,939235.3307482157,,,,6.32.10,"{""eff_sum"": 62512.31060427427, ""eff_hits"": 64862}"
r1_weak_filter_rdf_t2,ok,3,ares,filter,rdf,vector,2,,,ds_x2.root,693650,,0.12968482449650764,2.638373924419284,0.05569238495081663,0.2875906955450773,2.823751133866608,2127936,1756209,1063968,6769903,11719705,535248,347756,187492,535524,102,4.27,0.42838407799999967,1.489561674407002,2411934.776559127,,,,,6.32.10,"{""events_passed"": 119892}"
r1_weak_chain_rdf-lazy_t2,ok,3,ares,chain,rdf-lazy,vector,2,5,,ds_x2.root,693650,,0.13072024378925562,3.169789102859795,0.057987675070762634,0.5781175717711449,3.3584970217198133,2127936,6168803,1063968,19216656,28579052,550624,348024,202600,551084,106,5.1,0.913196063,1.5796026752867844,1199842.4435965598,,1,,,6.32.10,"{""events_passed"": 108312, ""intermediate"": null}"
r1_weak_eff_jit_t2,ok,3,ares,efficiency,jit,vector,2,,,ds_x2.root,693650,1028262,0.4595138877630234,4.206140672788024,0.0016460269689559937,0.5875187376514077,4.667300587520003,3191904,10240641,0,30950503,44384737,580184,347740,232444,581324,103,6.37,0.8241718779999996,1.402801009027571,1180643.195777635,1750177.3715515067,,,,6.32.10,"{""eff_sum"": 125024.62120854855, ""eff_hits"": 129724}"
r1_weak_filter_rdf_t4,ok,3,ares,filter,rdf,vector,4,,,ds_x4.root,1387300,,0.1899961857125163,2.6084007741883397,0.08137888554483652,0.3718905933201313,2.8797758454456925,4228086,1756209,2114043,17727403,25827430,665332,347992,317340,665616,111,4.45,0.919825978,2.4733779087770427,3730398.2002195544,,,,,6.32.10,"{""events_passed"": 239784}"
r1_weak_chain_rdf-lazy_t4,ok,3,ares,chain,rdf-lazy,vector,4,5,,ds_x4.root,1387300,,0.19373024813830853,3.1713648913428187,0.08457193151116371,0.6722218543291092,3.449667070992291,4228086,6168803,2114043,42609492,55122113,676624,347872,328752,676824,120,5.43,1.9032627059999996,2.831301442734994,2063753.1955645105,,1,,,6.32.10,"{""events_passed"": 216624, ""intermediate"": null}"
r1_weak_eff_jit_t4,ok,3,ares,efficiency,jit,vector,4,,,ds_x4.root,1387300,2056524,0.5470180502161384,4.15849790815264,0.0016663800925016403,0.6826744228601456,4.70718233846128,6342129,10240641,0,66073122,82657581,705768,347760,358008,705768,113,6.52,1.5673098530000003,2.2958379580614277,2032154.6458233222,3012452.101814432,,,,6.32.10,"{""eff_sum"": 250049.2424170971, ""eff_hits"": 259448}"
r1_weak_filter_rdf_t8,ok,3,ares,filter,rdf,vector,8,,,ds_x8.root,2774600,,0.2978343041613698,2.5935907904058695,0.13143163919448853,0.5510097285732627,3.022856733761728,8915354,1756209,4457677,54436989,69567918,1088188,347844,740344,1088488,140,4.71,2.4664772500000005,4.476286210747104,5035482.78028468,,,,,6.32.10,"{""events_passed"": 479568}"
r1_weak_chain_rdf-lazy_t8,ok,3,ares,chain,rdf-lazy,vector,8,5,,ds_x8.root,2774600,,0.304358446970582,3.1173201641067863,0.13323355466127396,0.8714786795899272,3.554912165738642,8915354,6168803,4457677,104196167,123739690,1093104,347900,745204,1093120,162,5.56,4.393905069,5.041896229828072,3183784.1418054923,,1,,,6.32.10,"{""events_passed"": 433248, ""intermediate"": null}"
r1_weak_eff_jit_t8,ok,3,ares,efficiency,jit,vector,8,,,ds_x8.root,2774600,4113048,0.7041679387912154,4.2104887859895825,0.0016812803223729134,0.833396970294416,4.916338005103171,13373031,10240641,0,151121158,174736519,1123172,347876,775296,1123344,139,6.9,3.5620171640000002,4.274094208359839,3329265.762773065,4935280.720479431,,,,6.32.10,"{""eff_sum"": 500098.4848341942, ""eff_hits"": 518896}"
r1_weak_filter_rdf_t16,ok,3,ares,filter,rdf,vector,16,,,ds_x16.root,5549200,,0.5227158889174461,2.6150023555383086,0.24146730080246925,1.1006992859765887,3.379185545258224,17913808,1756209,8956904,180902396,209531006,2611080,347752,2263328,2611080,244,5.72,9.412565454,8.551441409947639,5041522.303774828,,,,,6.32.10,"{""events_passed"": 959136}"
r1_weak_chain_rdf-lazy_t16,ok,3,ares,chain,rdf-lazy,vector,16,5,,ds_x16.root,5549200,,0.5342249348759651,3.197493026033044,0.24586676061153412,1.414039134979248,3.977584721520543,17913808,6168803,8956904,280410140,313451344,2604392,347676,2256716,2604392,280,6.63,13.404230473,9.479391440744472,3924360.9761065333,,1,,,6.32.10,"{""events_passed"": 866496, ""intermediate"": null}"
r1_weak_eff_jit_t16,ok,3,ares,efficiency,jit,vector,16,,,ds_x16.root,5549200,8226096,1.037401926703751,4.134297125972807,0.0016375929117202759,1.2817700076848269,5.173336645588279,26870712,10240641,0,374250515,411363557,2614264,347796,2266468,2614264,223,7.58,10.662872780999999,8.318865878489085,4329325.828136,6417762.898710848,,,,6.32.10,"{""eff_sum"": 1000196.9696683884, ""eff_hits"": 1037792}"
r1_weak_filter_rdf_t32,ok,3,ares,filter,rdf,vector,32,,,ds_x32.root,11098400,,0.9723329674452543,2.6463364819064736,0.45823576766997576,2.5427843183279037,4.076905217021704,35955128,1756209,17977564,650528302,706218892,8646276,349564,8296712,8646276,424,8.12,28.984209425000003,11.398611048560964,4364664.3248524275,,,,,6.32.10,"{""events_passed"": 1918272}"
r1_weak_chain_rdf-lazy_t32,ok,3,ares,chain,rdf-lazy,vector,32,5,,ds_x32.root,11098400,,0.9707631627097726,3.180099151097238,0.4484742935746908,3.0645349761471152,4.5993366073817015,35955128,6168803,17977564,849533703,909636887,8685852,347724,8338128,8685852,490,8.99,38.090412974,12.429426738633328,3621560.8848927077,,1,,,6.32.10,"{""events_passed"": 1732992, ""intermediate"": null}"
r1_weak_eff_jit_t32,ok,3,ares,efficiency,jit,vector,32,,,ds_x32.root,11098400,16452192,1.7278426811099052,4.5050042029470205,0.0018245596438646317,2.9379194350913167,6.23467144370079,53932692,10240641,0,1037206443,1101381465,8611024,350508,8260516,8611024,381,10.94,34.382631474,11.703054570974412,3777639.3278310024,5599946.616469635,,,,6.32.10,"{""eff_sum"": 2000393.9393367767, ""eff_hits"": 2075584}"
r2_weak_filter_rdf_t1,ok,3,ares,filter,rdf,vector,1,,,ds_x1.root,346825,,0.09938333462923765,2.6006196700036526,0.04168043378740549,0.23213653359562159,2.7416834384202957,1127158,1756209,563579,2914331,6362966,505476,349832,155880,506484,99,4.14,0.23155724000000033,0.9975045134574535,1494056.0825473685,,,,,6.32.10,"{""events_passed"": 59946}"
r2_weak_chain_rdf-lazy_t1,ok,3,ares,chain,rdf-lazy,vector,1,5,,ds_x1.root,346825,,0.10358600597828627,3.163588682189584,0.04380494263023138,0.503625844605267,3.3109796307981014,1127158,6168803,563579,9139955,17001184,514244,347724,166520,515172,99,4.98,0.5025747989999996,0.9979130427548029,688656.0801339241,,1,,,6.32.10,"{""events_passed"": 54156, ""intermediate"": null}"
r2_weak_eff_jit_t1,ok,3,ares,efficiency,jit,vector,1,,,ds_x1.root,346825,514131,0.41924693901091814,4.206211037002504,0.0016673710197210312,0.5207670964300632,4.627125347033143,1690737,10240641,0,15008984,26942051,564116,347716,216400,564116,99,6.26,0.51917714,0.996946895376143,665988.6970154941,987257.0742745564,,,,6.32.10,"{""eff_sum"": 62512.31060427427, ""eff_hits"": 64862}"
r2_weak_filter_rdf_t2,ok,3,ares,filter,rdf,vector,2,,,ds_x2.root,693650,,0.1270577097311616,2.6043591471388936,0.05556357093155384,0.2673508236184716,2.786980427801609,2127936,1756209,1063968,6769903,11719705,536368,347652,188716,536652,102,4.21,0.4083584109999996,1.5274252963692219,2594531.000921423,,,,,6.32.10,"{""events_passed"": 119892}"
r2_weak_chain_rdf-lazy_t2,ok,3,ares,chain,rdf-lazy,vector,2,5,,ds_x2.root,693650,,0.12998675182461739,3.161718513816595,0.05789522547274828,0.542998181656003,3.3496004911139607,2127936,6168803,1063968,19216656,28579052,550116,347780,202336,550304,106,5.04,0.9105727150000007,1.676935109106611,1277444.425107554,,1,,,6.32.10,"{""events_passed"": 108312, ""intermediate"": null}"
r2_weak_eff_jit_t2,ok,3,ares,efficiency,jit,vector,2,,,ds_x2.root,693650,1028262,0.460479898378253,4.181811309419572,0.0016353465616703033,0.5620629582554102,4.643926554359496,3191904,10240641,0,30950503,44384737,578828,347848,230980,579868,103,6.33,0.8174469870000003,1.4543690791104216,1234114.4169205234,1829442.7428408149,,,,6.32.10,"{""eff_sum"": 125024.62120854855, ""eff_hits"": 129724}"
r2_weak_filter_rdf_t4,ok,3,ares,filter,rdf,vector,4,,,ds_x4.root,1387300,,0.18684859946370125,2.6390088368207216,0.08167384658008814,0.34861136227846146,2.907531282864511,4228086,1756209,2114043,17727403,25827430,663740,348252,315488,664208,111,4.42,0.8805507060000002,2.525880683420295,3979503.1089430233,,,,,6.32.10,"{""events_passed"": 239784}"
r2_weak_chain_rdf-lazy_t4,ok,3,ares,chain,rdf-lazy,vector,4,5,,ds_x4.root,1387300,,0.18789859488606453,3.131895437836647,0.0830197250470519,0.6250503659248352,3.4028137577697635,4228086,6168803,2114043,42609492,55122113,676028,347824,328204,676220,123,5.19,1.8372147060000001,2.9393066641623764,2219501.140435823,,1,,,6.32.10,"{""events_passed"": 216624, ""intermediate"": null}"
r2_weak_eff_jit_t4,ok,3,ares,efficiency,jit,vector,4,,,ds_x4.root,1387300,2056524,0.5438035754486918,4.166558940894902,0.00165538489818573,0.6815344747155905,4.712017901241779,6342129,10240641,0,66073122,82657581,707988,349444,358544,707988,113,6.55,1.6048944509999998,2.3548250463334734,2035553.6681822748,3017490.789234401,,,,6.32.10,"{""eff_sum"": 250049.2424170971, ""eff_hits"": 259448}"
r2_weak_filter_rdf_t8,ok,3,ares,filter,rdf,vector,8,,,ds_x8.root,2774600,,0.29515338502824306,2.6207225546240807,0.1384223736822605,0.5478797145187855,3.0542983133345842,8915354,1756209,4457677,54436989,69567918,1082356,347908,734448,1082652,140,4.79,2.4952316220000004,4.55434204968077,5064250.284274516,,,,,6.32.10,"{""events_passed"": 479568}"
r2_weak_chain_rdf-lazy_t8,ok,3,ares,chain,rdf-lazy,vector,8,5,,ds_x8.root,2774600,,0.3005128828808665,3.150885001756251,0.1334866527467966,0.9296991238370538,3.584884537383914,8915354,6168803,4457677,104196167,123739690,1095072,347832,747240,1095072,161,5.69,4.45027089,4.786786150376096,2984406.383592868,,1,,,6.32.10,"{""events_passed"": 433248, ""intermediate"": null}"
r2_weak_eff_jit_t8,ok,3,ares,efficiency,jit,vector,8,,,ds_x8.root,2774600,4113048,0.7126215929165483,4.169147152453661,0.0018723709508776665,0.8052086932584643,4.883641116321087,13373031,10240641,0,151121158,174736519,1125744,348028,777716,1125812,138,6.83,3.438326228,4.270105696556769,3445814.759862981,5108052.153977119,,,,6.32.10,"{""eff_sum"": 500098.4848341942, ""eff_hits"": 518896}"
r2_weak_filter_rdf_t16,ok,3,ares,filter,rdf,vector,16,,,ds_x16.root,5549200,,0.5219528581947088,2.604246886447072,0.2417108928784728,1.0652014603838325,3.3679106375202537,17913808,1756209,8956904,180902396,209531006,2606488,347572,2258916,2606488,240,5.66,9.045581237999999,8.491897142856462,5209530.972667286,,,,,6.32.10,"{""events_passed"": 959136}"
r2_weak_chain_rdf-lazy_t16,ok,3,ares,chain,rdf-lazy,vector,16,5,,ds_x16.root,5549200,,0.5261040534824133,3.1279872180894017,0.24518846813589334,1.359430848620832,3.8992797397077084,17913808,6168803,8956904,280410140,313451344,2583284,349356,2233928,2583284,281,6.48,13.147471488999999,9.671305827978198,4082002.409780363,,1,,,6.32.10,"{""events_passed"": 866496, ""intermediate"": null}"
r2_weak_eff_jit_t16,ok,3,ares,efficiency,jit,vector,16,,,ds_x16.root,5549200,8226096,1.0449986644089222,4.162636794149876,0.0017374753952026367,1.4334216797724366,5.2093729339540005,26870712,10240641,0,374250515,411363557,2601928,347696,2254232,2601928,234,7.82,11.984001196,8.360415755608303,3871296.268437188,5738783.022526865,,,,6.32.10,"{""eff_sum"": 1000196.9696683884, ""eff_hits"": 1037792}"
r2_weak_filter_rdf_t32,ok,3,ares,filter,rdf,vector,32,,,ds_x32.root,11098400,,0.9620132241398096,2.6095815282315016,0.4446702366694808,2.557422524318099,4.016264989040792,35955128,1756209,17977564,650528302,706218892,8610068,347832,8262236,8610068,437,7.89,29.138130853999996,11.393553695930347,4339681.80637622,,,,,6.32.10,"{""events_passed"": 1918272}"
r2_weak_chain_rdf-lazy_t32,ok,3,ares,chain,rdf-lazy,vector,32,5,,ds_x32.root,11098400,,0.9590619532391429,3.138510936871171,0.44618318416178226,3.0236012982204556,4.543756074272096,35955128,6168803,17977564,849533703,909636887,8757304,347840,8409464,8757304,532,8.92,41.559213977,13.744938527926855,3670589.7720483113,,1,,,6.32.10,"{""events_passed"": 1732992, ""intermediate"": null}"
r2_weak_eff_jit_t32,ok,3,ares,efficiency,jit,vector,32,,,ds_x32.root,11098400,16452192,1.731407099403441,4.198809953406453,0.0017187725752592087,2.9750954005867243,5.931935825385153,53932692,10240641,0,1037206443,1101381465,8575364,347788,8227576,8575364,409,10.2,34.452748339,11.580384391104067,3730434.9964075987,5529971.239495524,,,,6.32.10,"{""eff_sum"": 2000393.9393367767, ""eff_hits"": 2075584}"
r3_weak_filter_rdf_t1,ok,3,ares,filter,rdf,vector,1,,,ds_x1.root,346825,,0.09992628172039986,2.649122559465468,0.04233457148075104,0.23661989532411098,2.791383412666619,1127158,1756209,563579,2914331,6362966,502912,347832,155320,503924,99,4.18,0.23597548899999987,0.9972766181675956,1465747.4153850637,,,,,6.32.10,"{""events_passed"": 59946}"
r3_weak_chain_rdf-lazy_t1,ok,3,ares,chain,rdf-lazy,vector,1,5,,ds_x1.root,346825,,0.10380489472299814,3.176628769375384,0.044377376325428486,0.5014753183349967,3.3248110404238105,1127158,6168803,563579,9139955,17001184,513944,347652,166292,514876,99,4.98,0.5003748630000002,0.9978055643124167,691609.3122021075,,1,,,6.32.10,"{""events_passed"": 54156, ""intermediate"": null}"
r3_weak_eff_jit_t1,ok,3,ares,efficiency,jit,vector,1,,,ds_x1.root,346825,514131,0.42053514905273914,4.208929121494293,0.001678495667874813,0.521189940162003,4.631142766214907,1690737,10240641,0,15008984,26942051,565292,349820,215472,565292,99,6.27,0.5195971969999995,0.9969440255091868,665448.377403822,986456.1081900221,,,,6.32.10,"{""eff_sum"": 62512.31060427427, ""eff_hits"": 64862}"
r3_weak_filter_rdf_t2,ok,3,ares,filter,rdf,vector,2,,,ds_x2.root,693650,,0.12734270934015512,2.6150840958580375,0.05603060033172369,0.26630312111228704,2.7984574055299163,2127936,1756209,1063968,6769903,11719705,535924,347784,188140,536208,103,4.22,0.41122699099999993,1.544206426430149,2604738.529172257,,,,,6.32.10,"{""events_passed"": 119892}"
r3_weak_chain_rdf-lazy_t2,ok,3,ares,chain,rdf-lazy,vector,2,5,,ds_x2.root,693650,,0.13113964069634676,3.1422348087653518,0.058240643702447414,0.5447154873982072,3.331615093164146,2127936,6168803,1063968,19216656,28579052,548276,347740,200536,548468,106,5.03,0.9063535510000005,1.6639026647271045,1273417.070098681,,1,,,6.32.10,"{""events_passed"": 108312, ""intermediate"": null}"
r3_weak_eff_jit_t2,ok,3,ares,efficiency,jit,vector,2,,,ds_x2.root,693650,1028262,0.46285860054194927,4.163056803867221,0.0016665840521454811,0.5617208331823349,4.627581988461316,3191904,10240641,0,30950503,44384737,579280,347712,231568,580228,103,6.31,0.8167235210000001,1.4539669400776725,1234866.0740785464,1830556.9942538086,,,,6.32.10,"{""eff_sum"": 125024.62120854855, ""eff_hits"": 129724}"
r3_weak_filter_rdf_t4,ok,3,ares,filter,rdf,vector,4,,,ds_x4.root,1387300,,0.18739803414791822,2.6407871581614017,0.08262693509459496,0.357659962028265,2.910812127403915,4228086,1756209,2114043,17727403,25827430,663320,347580,315740,663604,111,4.44,0.9034909950000003,2.5261172368200375,3878823.875428262,,,,,6.32.10,"{""events_passed"": 239784}"
r3_weak_chain_rdf-lazy_t4,ok,3,ares,chain,rdf-lazy,vector,4,5,,ds_x4.root,1387300,,0.19090586714446545,3.1758714094758034,0.08375357743352652,0.669490716420114,3.4505308540537953,4228086,6168803,2114043,42609492,55122113,675508,347860,327648,675572,123,5.28,1.9502486449999994,2.9130331417115474,2072172.1242351797,,1,,,6.32.10,"{""events_passed"": 216624, ""intermediate"": null}"
r3_weak_eff_jit_t4,ok,3,ares,efficiency,jit,vector,4,,,ds_x4.root,1387300,2056524,0.5450083082541823,4.14487518556416,0.0016425466164946556,0.6493821954354644,4.691526040434837,6342129,10240641,0,66073122,82657581,709540,351828,357712,709668,113,6.46,1.5652666450000003,2.4103935340425524,2136338.214615972,3166893.1092589176,,,,6.32.10,"{""eff_sum"": 250049.2424170971, ""eff_hits"": 259448}"
r3_weak_filter_rdf_t8,ok,3,ares,filter,rdf,vector,8,,,ds_x8.root,2774600,,0.29458511993288994,2.616859732195735,0.13216971326619387,0.5331913689151406,3.043614565394819,8915354,1756209,4457677,54436989,69567918,1083672,347696,735976,1084028,140,4.76,2.4723698890000003,4.636927814548864,5203760.153967511,,,,,6.32.10,"{""events_passed"": 479568}"
r3_weak_chain_rdf-lazy_t8,ok,3,ares,chain,rdf-lazy,vector,8,5,,ds_x8.root,2774600,,0.2972103487700224,3.1377152372151613,0.13263103645294905,0.8886448247358203,3.5675566224381328,8915354,6168803,4457677,104196167,123739690,1091924,347656,744268,1091924,165,5.63,4.582720018999999,5.156975983472775,3122282.2918310966,,1,,,6.32.10,"{""events_passed"": 433248, ""intermediate"": null}"
r3_weak_eff_jit_t8,ok,3,ares,efficiency,jit,vector,8,,,ds_x8.root,2774600,4113048,0.7035273928195238,4.189283350482583,0.0016799643635749817,0.8045443929731846,4.894490707665682,13373031,10240641,0,151121158,174736519,1125152,347888,777264,1125152,138,6.85,3.4562652529999998,4.295928581675166,3448659.917629278,5112269.796325692,,,,6.32.10,"{""eff_sum"": 500098.4848341942, ""eff_hits"": 518896}"
r3_weak_filter_rdf_t16,ok,3,ares,filter,rdf,vector,16,,,ds_x16.root,5549200,,0.5177336977794766,2.6213551266118884,0.2421570522710681,1.0556862438097596,3.381245876662433,17913808,1756209,8956904,180902396,209531006,2611640,347872,2263768,2611640,240,5.65,9.036532477000002,8.559865708194673,5256486.036963077,,,,,6.32.10,"{""events_passed"": 959136}"
r3_weak_chain_rdf-lazy_t16,ok,3,ares,chain,rdf-lazy,vector,16,5,,ds_x16.root,5549200,,0.5276679238304496,3.18753070756793,0.2476971335709095,1.370076403953135,3.9628957649692893,17913808,6168803,8956904,280410140,313451344,2617932,349416,2268516,2617932,281,6.55,13.261446152000001,9.679347891647671,4050285.0673062294,,1,,,6.32.10,"{""events_passed"": 866496, ""intermediate"": null}"
r3_weak_eff_jit_t16,ok,3,ares,efficiency,jit,vector,16,,,ds_x16.root,5549200,8226096,1.0635304423049092,4.508856260217726,0.0019444385543465614,1.4184059472754598,5.574331141076982,26870712,10240641,0,374250515,411363557,2656580,347820,2308760,2656580,222,8.19,11.486198581,8.09796278918826,3912279.1402977137,5799535.750538179,,,,6.32.10,"{""eff_sum"": 1000196.9696683884, ""eff_hits"": 1037792}"
r3_weak_filter_rdf_t32,ok,3,ares,filter,rdf,vector,32,,,ds_x32.root,11098400,,0.9573659729212523,2.6108878338709474,0.4440494040027261,2.6005365708842874,4.012303210794926,35955128,1756209,17977564,650528302,706218892,8501688,347548,8154140,8501688,433,7.91,28.922330336,11.121677987464427,4267734.637635224,,,,,6.32.10,"{""events_passed"": 1918272}"
r3_weak_chain_rdf-lazy_t32,ok,3,ares,chain,rdf-lazy,vector,32,5,,ds_x32.root,11098400,,0.9614464854821563,3.1399839632213116,0.44632745534181595,3.0443479688838124,4.547757904045284,35955128,6168803,17977564,849533703,909636887,8485360,347760,8137600,8485360,494,9.03,38.618989661,12.685471587257275,3645575.3788451278,,1,,,6.32.10,"{""events_passed"": 1732992, ""intermediate"": null}"
r3_weak_eff_jit_t32,ok,3,ares,efficiency,jit,vector,32,,,ds_x32.root,11098400,16452192,1.7176997167989612,4.202992278151214,0.0018248260021209717,3.0190923595800996,5.922516820952296,53932692,10240641,0,1037206443,1101381465,8474468,348096,8126372,8474468,415,10.23,35.227966001,11.668396261285482,3676071.7057174044,5449383.470430894,,,,6.32.10,"{""eff_sum"": 2000393.9393367767, ""eff_hits"": 2075584}"
r1_qstruct_chain_rdf-lazy_l1,ok,3,ares,chain,rdf-lazy,vector,0,1,,ds_x32.root,11098400,,0.9630918456241488,2.525883313268423,0.4487817045301199,1.1277241306379437,3.937756863422692,35955128,977524,17977564,8107918,63019823,756252,347736,408516,756252,99,6.24,1.1262640280000005,0.9987052661211414,9841413.957970139,,1,,,6.32.10,"{""events_passed"": 9970080, ""intermediate"": null}"
r1_qstruct_chain_rdf-eager_l1,ok,3,ares,chain,rdf-eager,vector,0,1,,ds_x32.root,11098400,,0.9628768302500248,2.5274271043017507,,2.454624844714999,3.4903039345517755,35955128,977524,,26085482,63019823,755056,347884,407172,755056,99,7.12,2.449645931,0.9979716192779035,4521424.1287811175,,2,,,6.32.10,"{""events_passed"": 9970080, ""intermediate"": [11098400, 9970080]}"
r1_qstruct_chain_rdf-report_l1,ok,3,ares,chain,rdf-report,vector,0,1,,ds_x32.root,11098400,,0.9618974030017853,2.5268155597150326,1.4584105173125863,1.3038768582046032,4.947123480029404,35955128,977524,17977564,8107918,63019823,753560,347640,405920,753560,99,7.41,1.3017697419999994,0.9983839607311497,8511846.751603631,,1,,,6.32.10,"{""events_passed"": 9970080, ""intermediate"": [11098400, 9970080]}"
r1_qstruct_chain_rdf-lazy_l3,ok,3,ares,chain,rdf-lazy,vector,0,3,,ds_x32.root,11098400,,0.9568523094058037,2.8646522676572204,0.47031578700989485,7.398897713981569,4.291820364072919,35955128,2236343,17977564,90182238,146352962,765196,350516,414680,765196,99,12.87,7.389132522000001,0.9986801828651969,1500007.2212145259,,1,,,6.32.10,"{""events_passed"": 2408800, ""intermediate"": null}"
r1_qstruct_chain_rdf-eager_l3,ok,3,ares,chain,rdf-eager,vector,0,3,,ds_x32.root,11098400,,0.9541330570355058,2.860755680128932,,15.276580676436424,3.8148887371644378,35955128,2236343,,173529133,211722293,763008,347732,415276,763008,99,20.26,15.256335892000001,0.9986747829985508,726497.6525223922,,4,,,6.32.10,"{""events_passed"": 2408800, ""intermediate"": [11098400, 9970080, 8855584, 2408800]}"
r1_qstruct_chain_rdf-report_l3,ok,3,ares,chain,rdf-report,vector,0,3,,ds_x32.root,11098400,,0.9548441404476762,2.83473062235862,1.4810870327055454,7.609819136559963,5.270661795511842,35955128,2236343,17977564,90182238,146352962,762116,347836,414280,762116,99,14.04,7.598745172999999,0.9985447796641104,1458431.5081392406,,1,,,6.32.10,"{""events_passed"": 2408800, ""intermediate"": [11098400, 9970080, 8855584, 2408800]}"
r1_qstruct_chain_rdf-lazy_l5,ok,3,ares,chain,rdf-lazy,vector,0,5,,ds_x32.root,11098400,,0.9517546501010656,3.142622855491936,0.4480035621672869,10.539372294209898,4.542381067760289,35955128,6168803,17977564,256274091,316377275,768252,347728,420524,768252,99,16.26,10.525718894,0.9987045338347714,1053041.8406509105,,1,,,6.32.10,"{""events_passed"": 1732992, ""intermediate"": null}"
r1_qstruct_chain_rdf-eager_l5,ok,3,ares,chain,rdf-eager,vector,0,5,,ds_x32.root,11098400,,0.9668923355638981,3.1400577314198017,,32.8834440484643,4.1069500669837,35955128,6168803,,519985462,562111082,767896,347872,420024,767896,99,38.15,32.841903506,0.9987367338286381,337507.2265436354,,6,,,6.32.10,"{""events_passed"": 1732992, ""intermediate"": [11098400, 9970080, 8855584, 2408800, 1918272, 1732992]}"
r1_qstruct_chain_rdf-report_l5,ok,3,ares,chain,rdf-report,vector,0,5,,ds_x32.root,11098400,,0.9573398847132921,3.1787758879363537,1.4736296609044075,10.01694462262094,5.609745433554053,35955128,6168803,17977564,256274091,316377275,769320,347708,421612,769320,99,16.78,9.999129545,0.9982215058291619,1107962.5991878645,,1,,,6.32.10,"{""events_passed"": 1732992, ""intermediate"": [11098400, 9970080, 8855584, 2408800, 1918272, 1732992]}"
r2_qstruct_chain_rdf-lazy_l1,ok,3,ares,chain,rdf-lazy,vector,0,1,,ds_x32.root,11098400,,0.9622704945504665,2.531632118858397,0.449377472512424,1.1419067699462175,3.9432800859212875,35955128,977524,17977564,8107918,63019823,753476,347676,405800,753476,99,6.25,1.1401680560000003,0.9984773591049827,9719182.2415789,,1,,,6.32.10,"{""events_passed"": 9970080, ""intermediate"": null}"
r2_qstruct_chain_rdf-eager_l1,ok,3,ares,chain,rdf-eager,vector,0,1,,ds_x32.root,11098400,,0.9614624390378594,2.526451013982296,,2.4976864755153656,3.4879134530201554,35955128,977524,,26085482,63019823,755236,347780,407456,755236,99,7.16,2.4926951960000006,0.998001638890912,4443472.032537625,,2,,,6.32.10,"{""events_passed"": 9970080, ""intermediate"": [11098400, 9970080]}"
r2_qstruct_chain_rdf-report_l1,ok,3,ares,chain,rdf-report,vector,0,1,,ds_x32.root,11098400,,0.9520232379436493,2.5192764131352305,1.4573638439178467,1.288820905610919,4.9286634949967265,35955128,977524,17977564,8107918,63019823,756392,347840,408552,756392,99,7.37,1.287037356,0.9986161385161008,8611281.793834034,,1,,,6.32.10,"{""events_passed"": 9970080, ""intermediate"": [11098400, 9970080]}"
r2_qstruct_chain_rdf-lazy_l3,ok,3,ares,chain,rdf-lazy,vector,0,3,,ds_x32.root,11098400,,0.9521360779181123,2.84926775470376,0.4675234267488122,7.445745344273746,4.268927259370685,35955128,2236343,17977564,90182238,146352962,761680,347956,413724,761680,99,12.89,7.4365719729999995,0.9987679713917692,1490569.3771188909,,1,,,6.32.10,"{""events_passed"": 2408800, ""intermediate"": null}"
r2_qstruct_chain_rdf-eager_l3,ok,3,ares,chain,rdf-eager,vector,0,3,,ds_x32.root,11098400,,0.9548368724063039,2.8732370901852846,,15.143160166218877,3.8280739625915885,35955128,2236343,,173529133,211722293,763248,347940,415308,763248,99,20.15,15.122792344,0.9986549820516122,732898.5415315183,,4,,,6.32.10,"{""events_passed"": 2408800, ""intermediate"": [11098400, 9970080, 8855584, 2408800]}"
r2_qstruct_chain_rdf-report_l3,ok,3,ares,chain,rdf-report,vector,0,3,,ds_x32.root,11098400,,0.9612049525603652,2.864068051800132,1.48820810765028,7.624084571376443,5.313481112010777,35955128,2236343,17977564,90182238,146352962,765104,347768,417336,765104,99,14.1,7.613923256,0.9986672084653163,1455702.6349979625,,1,,,6.32.10,"{""events_passed"": 2408800, ""intermediate"": [11098400, 9970080, 8855584, 2408800]}"
r2_qstruct_chain_rdf-lazy_l5,ok,3,ares,chain,rdf-lazy,vector,0,5,,ds_x32.root,11098400,,0.9511361178010702,3.1420795461162925,0.45098679047077894,9.767153579741716,4.544202454388142,35955128,6168803,17977564,256274091,316377275,768820,347672,421148,768820,99,15.5,9.754601238,0.9987148413671152,1136298.2991297948,,1,,,6.32.10,"{""events_passed"": 1732992, ""intermediate"": null}"
r2_qstruct_chain_rdf-eager_l5,ok,3,ares,chain,rdf-eager,vector,0,5,,ds_x32.root,11098400,,0.9535443102940917,3.188544441945851,,32.58163315989077,4.1420887522399426,35955128,6168803,,519985462,562111082,771560,347804,423756,771560,99,37.9,32.536533548,0.9986157964620911,340633.6307801339,,6,,,6.32.10,"{""events_passed"": 1732992, ""intermediate"": [11098400, 9970080, 8855584, 2408800, 1918272, 1732992]}"
r2_qstruct_chain_rdf-report_l5,ok,3,ares,chain,rdf-report,vector,0,5,,ds_x32.root,11098400,,0.9544029934331775,3.182270891033113,1.4783067805692554,10.062096598558128,5.614980665035546,35955128,6168803,17977564,256274091,316377275,768764,347736,421028,768764,99,16.84,10.04817688,0.9986166184729212,1102990.8022936662,,1,,,6.32.10,"{""events_passed"": 1732992, ""intermediate"": [11098400, 9970080, 8855584, 2408800, 1918272, 1732992]}"
r1_impl_filter_rdf,ok,3,ares,filter,rdf,vector,0,,,ds_x32.root,11098400,,0.9556832276284695,2.6296990662813187,0.44948865938931704,3.2006217520684004,4.034870953299105,35955128,1756209,17977564,57268690,112959280,759476,347696,411780,759476,99,8.42,3.196924493,0.9988448309876008,3467576.258527789,,,,,6.32.10,"{""events_passed"": 1918272}"
r1_impl_filter_python_vector,ok,3,ares,filter,python,vector,0,,,ds_x32.root,11098400,,1.3134386409074068,,,76.09590962622315,1.3134386409074068,35978796,,,75246254,111226739,7731140,347876,7383264,7731140,99,78.6,75.86839900000001,0.99701021214753,145847.5239275597,,,,,6.32.10,"{""events_passed"": 1918272}"
r1_impl_filter_python_loop,ok,3,ares,filter,python,loop,0,,,ds_x32.root,11098400,,1.319868478924036,,,32.06135785393417,1.319868478924036,35978796,,,75246254,111226739,6027528,347548,5679980,6027528,99,34.58,31.995478260000002,0.9979452026257184,346161.25900101714,,,,,6.32.10,"{""events_passed"": 1918272}"
r1_impl_filter_uproot,ok,3,ares,filter,uproot,vector,0,,,ds_x32.root,11098400,,0.6123780813068151,,,4.001911462284625,0.6123780813068151,17977564,,,67134112,17979253,1183076,347732,835344,1183076,123,6.51,5.984280455,1.4953555348232703,2773274.747478823,,,,,6.32.10,"{""events_passed"": 1918272}"
r1_impl_chain_rdf-lazy,ok,3,ares,chain,rdf-lazy,vector,0,5,,ds_x32.root,11098400,,0.9622195214033127,3.8389459289610386,0.4473529802635312,11.066113829612732,5.2485184306278825,35955128,6168803,17977564,256274091,316377275,768728,347988,420740,768728,80,19.46,9.814934157,0.8869359477159365,1002917.5707826961,,1,,,6.32.10,"{""events_passed"": 1732992, ""intermediate"": null}"
r1_impl_chain_python,ok,3,ares,chain,python,shortcircuit,0,5,,ds_x32.root,11098400,,1.3112087491899729,,,985.4632688155398,1.3112087491899729,35978796,,,274251655,310232140,16994192,347792,16646400,16994192,99,988.03,983.2305518320001,0.9977343478400537,11262.114328562977,,1,,,6.32.10,"{""events_passed"": 1732992, ""intermediate"": [11098400, 9970080, 8855584, 2408800, 1918272, 1732992]}"
r1_impl_chain_uproot,ok,3,ares,chain,uproot,shortcircuit,0,5,,ds_x32.root,11098400,,0.610411929897964,,,8.657999824732542,0.610411929897964,17977564,,,266274948,17979253,3859020,349800,3509220,3859020,442,11.08,46.946041473,5.422273322170024,1281866.5078158332,,1,,,6.32.10,"{""events_passed"": 1732992, ""intermediate"": [11098400, 9970080, 8855584, 2408800, 1918272, 1732992]}"
r1_impl_eff_jit,ok,3,ares,efficiency,jit,vector,0,,,ds_x32.root,11098400,16452192,1.7683559162542224,4.610825812444091,0.0017779022455215454,7.693804830312729,6.380959630943835,53932692,10240641,0,443946831,508121853,801180,349508,451672,801180,78,17.09,6.2779736139999995,0.8159777577493891,1442511.2470066238,2138368.7736892165,,,,6.32.10,"{""eff_sum"": 2000393.9393367767, ""eff_hits"": 2075584}"
r1_impl_eff_correctionlib,ok,3,ares,efficiency,correctionlib,vector,0,,,ds_x32.root,11098400,16452192,2.8277305578812957,,,31.347928172908723,2.8277305578812957,53956360,,,443946831,497904880,3502428,347920,3154508,3502428,99,35.31,31.263942463000003,0.9973208529302009,354039.346357549,524825.4975337794,,,,6.32.10,"{""eff_sum"": 2000393.9392929077, ""eff_hits"": 2075584}"
r1_impl_eff_python_vector,ok,3,ares,efficiency,python,vector,0,,,ds_x32.root,11098400,16452192,2.8583355946466327,,,45.86937863472849,2.8583355946466327,53956360,,,443946831,497904880,4670084,347760,4322324,4670084,99,49.95,45.741393118000005,0.9972097830723264,241956.62401228194,358674.83906886337,,,,6.32.10,"{""eff_sum"": 2000393.9392929077, ""eff_hits"": 2075584}"
r1_impl_eff_python_loop,ok,3,ares,efficiency,python,loop,0,,,ds_x32.root,11098400,16452192,2.8441506512463093,,,24.970344659872353,2.8441506512463093,53956360,,,443946831,497904880,3501644,347804,3153840,3501644,99,28.98,24.921978447999997,0.9980630538932816,444463.22832841246,658869.2396560658,,,,6.32.10,"{""eff_sum"": 2000393.9392929077, ""eff_hits"": 2075584}"
r1_impl_eff_uproot,ok,3,ares,efficiency,uproot,vector,0,,,ds_x32.root,11098400,16452192,0.7905205553397536,,,6.0636966824531555,0.7905205553397536,17977564,,,453812253,17979253,4075640,347944,3727696,4075640,444,8.85,37.166954075999996,6.12942170797428,1830302.6324050864,2713228.0622823024,,,,6.32.10,"{""eff_sum"": 2000393.9392929077, ""eff_hits"": 2075584}"
r1_slim_filter_rdf_t0,ok,3,ares,filter,rdf,vector,0,,,ds_x32_slim.root,11098400,,0.05041236151009798,2.958341267891228,0.02153606154024601,3.529942181892693,3.030289690941572,109014,1756209,54507,57265067,59186486,494520,347820,146700,494520,70,10.15,3.157908381,0.8946062621645505,3144074.1598915462,,,,,6.32.10,"{""events_passed"": 1918272}"
r1_slim_chain_rdf-lazy_t0,ok,3,ares,chain,rdf-lazy,vector,0,5,,ds_x32_slim.root,11098400,,0.060724359937012196,3.1516412859782577,0.025364959612488747,10.457133516669273,3.2377306055277586,109014,6168803,54507,256270359,262604372,510756,347820,162936,510756,95,14.82,9.859941549000002,0.9428914274913567,1061323.3523611906,,1,,,6.32.10,"{""events_passed"": 1732992, ""intermediate"": null}"
r1_slim_eff_jit_t0,ok,3,ares,efficiency,jit,vector,0,,,ds_x32_slim.root,11098400,16452192,0.358195586130023,4.256844619289041,0.0013177292421460152,7.001909187994897,4.61635793466121,163521,10240641,0,443934691,454340542,565420,349628,215792,565420,93,12.75,6.259707392000001,0.8940000825392829,1585053.4050096977,2349672.2905529905,,,,6.32.10,"{""eff_sum"": 2000393.9393367767, ""eff_hits"": 2075584}"
r1_slim_filter_rdf_t1,ok,3,ares,filter,rdf,vector,1,,,ds_x32_slim.root,11098400,,0.05736178066581488,2.6530233453959227,0.020927153527736664,3.176647183485329,2.731312279589474,109014,1756209,54507,57374081,59295500,496664,347588,149076,497584,99,7.09,3.1716501200000002,0.998426937838326,3493746.5065991823,,,,,6.32.10,"{""events_passed"": 1918272}"
r1_slim_chain_rdf-lazy_t1,ok,3,ares,chain,rdf-lazy,vector,1,5,,ds_x32_slim.root,11098400,,0.06162938568741083,3.14493066444993,0.022069761529564857,9.830353241413832,3.228629811666906,109014,6168803,54507,256379373,262713386,512052,347780,164272,512052,99,14.22,9.816771519,0.9986183891788736,1128993.0002966805,,1,,,6.32.10,"{""events_passed"": 1732992, ""intermediate"": null}"
r1_slim_eff_jit_t1,ok,3,ares,efficiency,jit,vector,1,,,ds_x32_slim.root,11098400,16452192,0.357033321633935,4.183029533363879,0.0013285456225275993,6.1768519300967455,4.541391400620341,163521,10240641,0,444043705,454449556,564064,347896,216168,564064,99,11.84,6.166933286999999,0.9983942235933457,1796772.8748560385,2663523.7797811865,,,,6.32.10,"{""eff_sum"": 2000393.9393367767, ""eff_hits"": 2075584}"
r1_slim_filter_rdf_t2,ok,3,ares,filter,rdf,vector,2,,,ds_x32_slim.root,11098400,,0.058584295213222504,2.6140483571216464,0.02116935234516859,1.737889570184052,2.6938020046800375,109014,1756209,54507,57428588,59350007,497588,347740,149848,498516,127,5.58,3.312114785,1.905825802642471,6386136.490148001,,,,,6.32.10,"{""events_passed"": 1918272}"
r1_slim_chain_rdf-lazy_t2,ok,3,ares,chain,rdf-lazy,vector,2,5,,ds_x32_slim.root,11098400,,0.06213660165667534,3.157286576926708,0.02209191583096981,5.116512039676309,3.2415150944143534,109014,6168803,54507,256433880,262767893,515852,347824,168028,516752,149,9.51,9.846468029,1.924449303088697,2169133.9556980953,,1,,,6.32.10,"{""events_passed"": 1732992, ""intermediate"": null}"
r1_slim_eff_jit_t2,ok,3,ares,efficiency,jit,vector,2,,,ds_x32_slim.root,11098400,16452192,0.3592064343392849,4.158316385000944,0.0013556303456425667,3.4564562644809484,4.518878449685872,163521,10240641,0,444098212,454504063,563920,347748,216172,564804,133,9.08,6.519684638999999,1.88623380136391,3210918.683985325,4759843.823011776,,,,6.32.10,"{""eff_sum"": 2000393.9393367767, ""eff_hits"": 2075584}"
r1_slim_filter_rdf_t4,ok,3,ares,filter,rdf,vector,4,,,ds_x32_slim.root,11098400,,0.05832187086343765,2.600964085198939,0.021028121933341026,0.95743571780622,2.6803140779957175,109014,1756209,54507,57537602,59459021,498508,347808,150700,499588,151,4.79,3.425843203,3.578144348792064,11591796.497241456,,,,,6.32.10,"{""events_passed"": 1918272}"
r1_slim_chain_rdf-lazy_t4,ok,3,ares,chain,rdf-lazy,vector,4,5,,ds_x32_slim.root,11098400,,0.062170072458684444,3.166613201610744,0.022106687538325787,2.689554011449218,3.2508899616077542,109014,6168803,54507,256542894,262876907,525196,352076,173120,526060,203,7.11,10.095528061,3.753606738523985,4126483.4068232104,,1,,,6.32.10,"{""events_passed"": 1732992, ""intermediate"": null}"
r1_slim_eff_jit_t4,ok,3,ares,efficiency,jit,vector,4,,,ds_x32_slim.root,11098400,16452192,0.35648797545582056,4.174568021669984,0.001321421004831791,2.0105906520038843,4.532377418130636,163521,10240641,0,444207226,454613077,563280,347824,215456,564176,165,7.69,7.048290351000001,3.5055819761099656,5519969.959543291,8182765.588610832,,,,6.32.10,"{""eff_sum"": 2000393.9393367767, ""eff_hits"": 2075584}"
r1_slim_filter_rdf_t8,ok,3,ares,filter,rdf,vector,8,,,ds_x32_slim.root,11098400,,0.058094579726457596,2.6089647775515914,0.021096715703606606,0.5171141196042299,2.6881560729816556,109014,1756209,54507,57755630,59677049,510464,350808,159656,511188,166,4.37,3.4410549739999996,6.654343487340067,21462187.12514385,,,,,6.32.10,"{""events_passed"": 1918272}"
r1_slim_chain_rdf-lazy_t8,ok,3,ares,chain,rdf-lazy,vector,8,5,,ds_x32_slim.root,11098400,,0.06206483766436577,3.175070995464921,0.022185095585882664,1.5633695386350155,3.2593209287151694,109014,6168803,54507,256760922,263094935,526984,347952,179032,527852,259,6.0,11.166352518,7.142490781641677,7099025.358834905,,1,,,6.32.10,"{""events_passed"": 1732992, ""intermediate"": null}"
r1_slim_eff_jit_t8,ok,3,ares,efficiency,jit,vector,8,,,ds_x32_slim.root,11098400,16452192,0.37667292542755604,4.2076338436454535,0.001353374682366848,1.1723597599193454,4.585660143755376,163521,10240641,0,444425254,454831105,580740,350932,229808,581236,187,6.88,7.223000154,6.161078195397051,9466718.646811567,14033398.75903951,,,,6.32.10,"{""eff_sum"": 2000393.9393367767, ""eff_hits"": 2075584}"
r1_slim_filter_rdf_t12,ok,3,ares,filter,rdf,vector,12,,,ds_x32_slim.root,11098400,,0.05465293023735285,2.6435019681230187,0.02088767569512129,0.42171442322432995,2.719042574055493,109014,1756209,54507,57973658,59895077,511772,347788,163984,514048,183,4.28,4.00333054,9.492989377483157,26317335.59204408,,,,,6.32.10,"{""events_passed"": 1918272}"
r1_slim_chain_rdf-lazy_t12,ok,3,ares,chain,rdf-lazy,vector,12,5,,ds_x32_slim.root,11098400,,0.06224471051245928,3.186667812988162,0.022270831279456615,1.0847545247524977,3.271183354780078,109014,6168803,54507,256978950,263312963,539672,347784,191888,540584,280,5.52,11.100838006,10.233502375602274,10231254.85697537,,1,,,6.32.10,"{""events_passed"": 1732992, ""intermediate"": null}"
r1_slim_eff_jit_t12,ok,3,ares,efficiency,jit,vector,12,,,ds_x32_slim.root,11098400,16452192,0.35637227538973093,4.224634064361453,0.0013296082615852356,0.8929274156689644,4.582335948012769,163521,10240641,0,444643282,455049133,591928,347648,244280,592436,199,6.6,7.471424202,8.367336550421122,12429229.750645844,18425004.88987039,,,,6.32.10,"{""eff_sum"": 2000393.9393367767, ""eff_hits"": 2075584}"
r1_slim_filter_rdf_t16,ok,3,ares,filter,rdf,vector,16,,,ds_x32_slim.root,11098400,,0.058624450117349625,2.625978828407824,0.021250441670417786,0.34676909912377596,2.7058537201955914,109014,1756209,54507,58191686,60113105,516740,347756,168984,517448,187,4.22,4.073979802999999,11.748393421715557,32005158.556640975,,,,,6.32.10,"{""events_passed"": 1918272}"
r1_slim_chain_rdf-lazy_t16,ok,3,ares,chain,rdf-lazy,vector,16,5,,ds_x32_slim.root,11098400,,0.06232437118887901,3.400737755931914,0.023402288556098938,0.9053850490599871,3.486464415676892,109014,6168803,54507,257196978,263530991,553028,347644,205384,553808,290,5.58,11.590773590999998,12.80203776617924,12258209.931258392,,1,,,6.32.10,"{""events_passed"": 1732992, ""intermediate"": null}"
r1_slim_eff_jit_t16,ok,3,ares,efficiency,jit,vector,16,,,ds_x32_slim.root,11098400,16452192,0.3584136199206114,4.2119855638593435,0.0013465862721204758,0.7940866081044078,4.571745770052075,163521,10240641,0,444861310,455267161,602084,347844,254240,602636,213,6.49,8.209366834,10.338125275273022,13976309.242254296,20718384.911783878,,,,6.32.10,"{""eff_sum"": 2000393.9393367767, ""eff_hits"": 2075584}"
r1_slim_filter_rdf_t24,ok,3,ares,filter,rdf,vector,24,,,ds_x32_slim.root,11098400,,0.058899215422570705,2.6515173194929957,0.021178695373237133,0.2713420856744051,2.7315952302888036,109014,1756209,54507,58627742,60549161,528180,349684,178632,530080,192,4.16,4.148720473,15.289631399009094,40901874.740203194,,,,,6.32.10,"{""events_passed"": 1918272}"
r1_slim_chain_rdf-lazy_t24,ok,3,ares,chain,rdf-lazy,vector,24,5,,ds_x32_slim.root,11098400,,0.06252934969961643,3.1874314304441214,0.02230709046125412,0.8512784373015165,3.272267870604992,109014,6168803,54507,257633034,263967047,572024,347744,224280,576380,398,5.28,16.62167607,19.5255457458659,13037332.456324192,,1,,,6.32.10,"{""events_passed"": 1732992, ""intermediate"": null}"
r1_slim_eff_jit_t24,ok,3,ares,efficiency,jit,vector,24,,,ds_x32_slim.root,11098400,16452192,0.35771950986236334,4.22204361576587,0.0013291891664266586,0.677016144618392,4.58109231479466,163521,10240641,0,445297366,455703217,628716,347956,280760,630988,229,6.38,8.9763773,13.258734479751054,16393109.807234718,24301033.484620176,,,,6.32.10,"{""eff_sum"": 2000393.9393367767, ""eff_hits"": 2075584}"
r1_slim_filter_rdf_t32,ok,3,ares,filter,rdf,vector,32,,,ds_x32_slim.root,11098400,,0.059172915294766426,2.646922245621681,0.02136912103742361,0.23277937807142735,2.7274642819538713,109014,1756209,54507,59063798,60985217,538160,347568,190592,540284,196,4.11,4.197784921,18.033319599779702,47677762.91847684,,,,,6.32.10,"{""events_passed"": 1918272}"
r1_slim_chain_rdf-lazy_t32,ok,3,ares,chain,rdf-lazy,vector,32,5,,ds_x32_slim.root,11098400,,0.06154651753604412,3.1747582340613008,0.02215373609215021,0.6085574356839061,3.258458487689495,109014,6168803,54507,258069090,264403103,597312,347796,249516,601584,356,5.03,13.526517573,22.22718313810215,18237226.84043364,,1,,,6.32.10,"{""events_passed"": 1732992, ""intermediate"": null}"
r1_slim_eff_jit_t32,ok,3,ares,efficiency,jit,vector,32,,,ds_x32_slim.root,11098400,16452192,0.35595840588212013,4.210146340541542,0.0013184528797864914,0.839900073595345,4.567423199303448,163521,10240641,0,445733422,456139273,654284,347880,306404,654804,334,6.52,16.148485014000002,19.226674126689232,13213952.884289294,19588273.078216795,,,,6.32.10,"{""eff_sum"": 2000393.9393367767, ""eff_hits"": 2075584}"
r1_slim_filter_rdf_t48,ok,3,ares,filter,rdf,vector,48,,,ds_x32_slim.root,11098400,,0.05920031946152449,2.6457481821998954,0.02125025261193514,0.2148889061063528,2.726198754273355,109014,1756209,54507,59935910,61857329,553780,351916,201864,559776,220,4.09,5.166830942,24.044195838769042,51647152.014944784,,,,,6.32.10,"{""events_passed"": 1918272}"
r1_slim_chain_rdf-lazy_t48,ok,3,ares,chain,rdf-lazy,vector,48,5,,ds_x32_slim.root,11098400,,0.06155512947589159,3.156809796579182,0.02214554138481617,0.562098165974021,3.24051046743989,109014,6168803,54507,258941202,265275215,642460,349560,292900,648596,440,4.96,17.471218913,31.08214893874513,19744593.866034683,,1,,,6.32.10,"{""events_passed"": 1732992, ""intermediate"": null}"
r1_slim_eff_jit_t48,ok,3,ares,efficiency,jit,vector,48,,,ds_x32_slim.root,11098400,16452192,0.35708691738545895,4.212195981293917,0.001300719566643238,0.6024083131924272,4.570583618246019,163521,10240641,0,446605534,457011385,700036,347816,352376,702224,288,6.3,12.532962353,20.80476327855157,18423384.53329883,27310698.806284036,,,,6.32.10,"{""eff_sum"": 2000393.9393367767, ""eff_hits"": 2075584}"
r2_slim_filter_rdf_t0,ok,3,ares,filter,rdf,vector,0,,,ds_x32_slim.root,11098400,,0.048910414800047874,2.6089194221422076,0.021191961131989956,3.1706198286265135,2.6790217980742455,109014,1756209,54507,57265067,59186486,493560,347772,145788,494164,99,7.01,3.166832722,0.9988055626876736,3500388.12594184,,,,,6.32.10,"{""events_passed"": 1918272}"
r2_slim_chain_rdf-lazy_t0,ok,3,ares,chain,rdf-lazy,vector,0,5,,ds_x32_slim.root,11098400,,0.05155523121356964,3.1278626900166273,0.0219093170017004,9.861671413294971,3.2013272382318974,109014,6168803,54507,256270359,262604372,510540,347724,162816,510540,99,14.22,9.848830607,0.9986979077119057,1125407.60433751,,1,,,6.32.10,"{""events_passed"": 1732992, ""intermediate"": null}"
r2_slim_eff_jit_t0,ok,3,ares,efficiency,jit,vector,0,,,ds_x32_slim.root,11098400,16452192,0.34836543072015047,4.1948772724717855,0.0013449117541313171,6.254765657708049,4.544587614946067,163521,10240641,0,443934691,454340542,566128,347788,218340,566128,99,11.92,6.244148086999999,0.9983024830522683,1774391.0175632092,2630345.068120206,,,,6.32.10,"{""eff_sum"": 2000393.9393367767, ""eff_hits"": 2075584}"
r2_slim_filter_rdf_t1,ok,3,ares,filter,rdf,vector,1,,,ds_x32_slim.root,11098400,,0.05416359845548868,2.6400159699842334,0.020867561921477318,3.2053556675091386,2.7150471303611994,109014,1756209,54507,57374081,59295500,497532,347708,149824,498448,99,7.07,3.2014381419999998,0.9987778187772269,3462455.0755780856,,,,,6.32.10,"{""events_passed"": 1918272}"
r2_slim_chain_rdf-lazy_t1,ok,3,ares,chain,rdf-lazy,vector,1,5,,ds_x32_slim.root,11098400,,0.06229268107563257,3.1785425022244453,0.022065121680498123,9.888869213871658,3.262900304980576,109014,6168803,54507,256379373,262713386,511592,347728,163864,512420,99,14.33,9.875799151,0.9986783056192792,1122312.3453217146,,1,,,6.32.10,"{""events_passed"": 1732992, ""intermediate"": null}"
r2_slim_eff_jit_t1,ok,3,ares,efficiency,jit,vector,1,,,ds_x32_slim.root,11098400,16452192,0.35786185786128044,4.203882090747356,0.0013038255274295807,6.136739558540285,4.563047774136066,163521,10240641,0,444043705,454449556,566320,347816,218504,566320,99,11.82,6.126095882,0.9982655811870863,1808517.355857924,2680933.717824812,,,,6.32.10,"{""eff_sum"": 2000393.9393367767, ""eff_hits"": 2075584}"
r2_slim_filter_rdf_t2,ok,3,ares,filter,rdf,vector,2,,,ds_x32_slim.root,11098400,,0.05830181110650301,2.61082352604717,0.020942026749253273,1.7874537482857704,2.6900673639029264,109014,1756209,54507,57428588,59350007,497636,350476,147160,498472,127,5.64,3.3836430419999997,1.8929961377993862,6209055.764740065,,,,,6.32.10,"{""events_passed"": 1918272}"
r2_slim_chain_rdf-lazy_t2,ok,3,ares,chain,rdf-lazy,vector,2,5,,ds_x32_slim.root,11098400,,0.06170396413654089,3.162110550329089,0.022011381573975086,5.052402221597731,3.245825896039605,109014,6168803,54507,256433880,262767893,519036,349444,169592,519920,148,9.46,9.649275873,1.9098392110888969,2196658.047642599,,1,,,6.32.10,"{""events_passed"": 1732992, ""intermediate"": null}"
r2_slim_eff_jit_t2,ok,3,ares,efficiency,jit,vector,2,,,ds_x32_slim.root,11098400,16452192,0.35614534467458725,4.155287999659777,0.0012788530439138412,3.412079418078065,4.512712197378278,163521,10240641,0,444098212,454504063,563068,347892,215176,563068,132,9.04,6.405918102999999,1.8774235057542374,3252679.2727032825,4821749.433155659,,,,6.32.10,"{""eff_sum"": 2000393.9393367767, ""eff_hits"": 2075584}"
r2_slim_filter_rdf_t4,ok,3,ares,filter,rdf,vector,4,,,ds_x32_slim.root,11098400,,0.058909920044243336,2.647508529946208,0.021277875639498234,0.9413059065118432,2.7276963256299496,109014,1756209,54507,57537602,59459021,499492,347728,151764,500388,151,4.83,3.46287525,3.6787990238287445,11790428.513432859,,,,,6.32.10,"{""events_passed"": 1918272}"
r2_slim_chain_rdf-lazy_t4,ok,3,ares,chain,rdf-lazy,vector,4,5,,ds_x32_slim.root,11098400,,0.06160175986588001,3.184215258806944,0.022078843787312508,2.6457275403663516,3.2678958624601364,109014,6168803,54507,256542894,262876907,516388,347704,168684,517312,204,7.07,10.038964874000001,3.794406158923649,4194838.595686695,,1,,,6.32.10,"{""events_passed"": 1732992, ""intermediate"": null}"
r2_slim_eff_jit_t4,ok,3,ares,efficiency,jit,vector,4,,,ds_x32_slim.root,11098400,16452192,0.37581329233944416,4.140612348914146,0.0025919396430253983,2.056328432634473,4.519017580896616,163521,10240641,0,444207226,454613077,566028,347772,218256,567256,164,7.69,7.060910229,3.4337463398071524,5397192.3083226755,8000760.84097238,,,,6.32.10,"{""eff_sum"": 2000393.9393367767, ""eff_hits"": 2075584}"
r2_slim_filter_rdf_t8,ok,3,ares,filter,rdf,vector,8,,,ds_x32_slim.root,11098400,,0.05884898640215397,2.6434505535289645,0.021242955699563026,0.5486136004328728,2.7235424956306815,109014,1756209,54507,57755630,59677049,505528,347856,157804,506792,167,4.42,3.5602938599999994,6.4896201209573,20229903.143565938,,,,,6.32.10,"{""events_passed"": 1918272}"
r2_slim_chain_rdf-lazy_t8,ok,3,ares,chain,rdf-lazy,vector,8,5,,ds_x32_slim.root,11098400,,0.06267991568893194,3.1786619117483497,0.02227301523089409,1.6412122920155525,3.2636148426681757,109014,6168803,54507,256760922,263094935,529744,349864,179880,530804,262,6.07,11.531819578,7.026403369083908,6762318.3508881675,,1,,,6.32.10,"{""events_passed"": 1732992, ""intermediate"": null}"
r2_slim_eff_jit_t8,ok,3,ares,efficiency,jit,vector,8,,,ds_x32_slim.root,11098400,16452192,0.35716644767671824,4.205991378985345,0.0013306643813848495,1.1796845803037286,4.5644884910434484,163521,10240641,0,444425254,454831105,577984,349332,228656,578836,187,6.88,7.243373725,6.140093585977938,9407938.516194338,13946263.496776504,,,,6.32.10,"{""eff_sum"": 2000393.9393367767, ""eff_hits"": 2075584}"
r2_slim_filter_rdf_t12,ok,3,ares,filter,rdf,vector,12,,,ds_x32_slim.root,11098400,,0.05851878225803375,2.6410244312137365,0.021055635064840317,0.4065220532938838,2.7205988485366106,109014,1756209,54507,57973658,59895077,512920,348504,164416,514576,179,4.28,3.828679717,9.418135340943392,27300855.907014523,,,,,6.32.10,"{""events_passed"": 1918272}"
r2_slim_chain_rdf-lazy_t12,ok,3,ares,chain,rdf-lazy,vector,12,5,,ds_x32_slim.root,11098400,,0.06258880347013474,3.182382178492844,0.02219285164028406,1.1084767766296864,3.267163833603263,109014,6168803,54507,256978950,263312963,541184,347720,193464,541760,285,5.53,11.394613702,10.279524066029799,10012298.168072212,,1,,,6.32.10,"{""events_passed"": 1732992, ""intermediate"": null}"
r2_slim_eff_jit_t12,ok,3,ares,efficiency,jit,vector,12,,,ds_x32_slim.root,11098400,16452192,0.35704111494123936,4.162152998149395,0.0012804633006453514,0.8763969764113426,4.52047457639128,163521,10240641,0,444643282,455049133,592500,350568,241932,593044,197,6.52,7.277033224999999,8.303352728118583,12663667.605798418,18772533.9575773,,,,6.32.10,"{""eff_sum"": 2000393.9393367767, ""eff_hits"": 2075584}"
r2_slim_filter_rdf_t16,ok,3,ares,filter,rdf,vector,16,,,ds_x32_slim.root,11098400,,0.05884656682610512,2.6365874772891402,0.021241705864667892,0.3329367795959115,2.7166757499799132,109014,1756209,54507,58191686,60113105,515280,347756,167528,516940,183,4.21,3.855146607,11.579215164149264,33334857.18661132,,,,,6.32.10,"{""events_passed"": 1918272}"
r2_slim_chain_rdf-lazy_t16,ok,3,ares,chain,rdf-lazy,vector,16,5,,ds_x32_slim.root,11098400,,0.061751713044941425,3.176694778725505,0.02218790352344513,0.8764343317598104,3.2606343952938914,109014,6168803,54507,257196978,263530991,554564,351228,203336,555520,293,5.3,11.177714867999999,12.753625072577927,12663127.855472406,,1,,,6.32.10,"{""events_passed"": 1732992, ""intermediate"": null}"
r2_slim_eff_jit_t16,ok,3,ares,efficiency,jit,vector,16,,,ds_x32_slim.root,11098400,16452192,0.35560292284935713,4.205268091522157,0.0013198237866163254,0.7861659461632371,4.562190838158131,163521,10240641,0,444861310,455267161,604324,347856,256468,605980,209,6.46,7.918818187,10.07270567447825,14117121.26957934,20927123.69480313,,,,6.32.10,"{""eff_sum"": 2000393.9393367767, ""eff_hits"": 2075584}"
r2_slim_filter_rdf_t24,ok,3,ares,filter,rdf,vector,24,,,ds_x32_slim.root,11098400,,0.0623357817530632,2.8444179203361273,0.02316430676728487,0.2855735896155238,2.9299180088564754,109014,1756209,54507,58627742,60549161,529992,347680,182312,530624,187,4.38,4.1299203769999995,14.461842856547882,38863537.81854304,,,,,6.32.10,"{""events_passed"": 1918272}"
r2_slim_chain_rdf-lazy_t24,ok,3,ares,chain,rdf-lazy,vector,24,5,,ds_x32_slim.root,11098400,,0.06255682371556759,3.111207033507526,0.02239510416984558,0.761284913867712,3.196158961392939,109014,6168803,54507,257633034,263967047,583728,351932,231796,587036,364,5.07,14.220483692,18.679581629632928,14578510.355097568,,1,,,6.32.10,"{""events_passed"": 1732992, ""intermediate"": null}"
r2_slim_eff_jit_t24,ok,3,ares,efficiency,jit,vector,24,,,ds_x32_slim.root,11098400,16452192,0.35531714372336864,4.132176898419857,0.0013607097789645195,0.6211241902783513,4.48885475192219,163521,10240641,0,445297366,455703217,623636,347944,275692,626632,216,6.19,7.878464031000001,12.684200928431618,17868246.276201785,26487765.66346111,,,,6.32.10,"{""eff_sum"": 2000393.9393367767, ""eff_hits"": 2075584}"
r2_slim_filter_rdf_t32,ok,3,ares,filter,rdf,vector,32,,,ds_x32_slim.root,11098400,,0.06250193808227777,2.8245674585923553,0.02308316808193922,0.24308698624372482,2.9101525647565722,109014,1756209,54507,59063798,60985217,537672,347868,189804,538316,191,4.27,4.16018547,17.113978556749636,45656084.562554404,,,,,6.32.10,"{""events_passed"": 1918272}"
r2_slim_chain_rdf-lazy_t32,ok,3,ares,chain,rdf-lazy,vector,32,5,,ds_x32_slim.root,11098400,,0.0627308962866664,3.13398115336895,0.022365419194102287,0.5810096804052591,3.2190774688497186,109014,6168803,54507,258069090,264403103,595796,347904,247892,601464,353,4.92,13.099919708000002,22.546818322997126,19101919.252461977,,1,,,6.32.10,"{""events_passed"": 1732992, ""intermediate"": null}"
r2_slim_eff_jit_t32,ok,3,ares,efficiency,jit,vector,32,,,ds_x32_slim.root,11098400,16452192,0.35610031709074974,4.130543677136302,0.00131238903850317,0.571852813474834,4.487956383265555,163521,10240641,0,445733422,456139273,649888,347760,302128,651588,239,6.15,9.194155556999998,16.077835660424906,19407791.19816015,28769976.49102941,,,,6.32.10,"{""eff_sum"": 2000393.9393367767, ""eff_hits"": 2075584}"
r2_slim_filter_rdf_t48,ok,3,ares,filter,rdf,vector,48,,,ds_x32_slim.root,11098400,,0.06203534919768572,2.822733541019261,0.02314846310764551,0.5242514414712787,2.907917353324592,109014,1756209,54507,59935910,61857329,556448,347660,208788,560252,516,4.55,19.472704635,37.14382659654894,21169994.247136526,,,,,6.32.10,"{""events_passed"": 1918272}"
r2_slim_chain_rdf-lazy_t48,ok,3,ares,chain,rdf-lazy,vector,48,5,,ds_x32_slim.root,11098400,,0.05958546698093414,3.1068280413746834,0.021731019020080566,0.4753522677347064,3.188144527375698,109014,6168803,54507,258941202,265275215,640340,347836,292504,648848,398,4.79,14.785448550999998,31.104192731550704,23347737.56921258,,1,,,6.32.10,"{""events_passed"": 1732992, ""intermediate"": null}"
r2_slim_eff_jit_t48,ok,3,ares,efficiency,jit,vector,48,,,ds_x32_slim.root,11098400,16452192,0.3555386448279023,4.123446053825319,0.0012938985601067543,0.5606368565931916,4.480278597213328,163521,10240641,0,446605534,457011385,696656,347804,348852,700160,273,6.13,11.251822189999999,20.06971546318534,19796058.481494382,29345541.24745675,,,,6.32.10,"{""eff_sum"": 2000393.9393367767, ""eff_hits"": 2075584}"
r3_slim_filter_rdf_t0,ok,3,ares,filter,rdf,vector,0,,,ds_x32_slim.root,11098400,,0.04924863576889038,2.5979639533907175,0.02126417215913534,3.130724774673581,2.6684767613187432,109014,1756209,54507,57265067,59186486,496888,347632,149256,496888,99,6.91,3.126959606,0.9987973491940141,3544993.826918929,,,,,6.32.10,"{""events_passed"": 1918272}"
r3_slim_chain_rdf-lazy_t0,ok,3,ares,chain,rdf-lazy,vector,0,5,,ds_x32_slim.root,11098400,,0.05288562644273043,3.0954651162028313,0.02231638040393591,9.74177765659988,3.1706671230494976,109014,6168803,54507,256270359,262604372,511036,347668,163368,511036,99,14.04,9.72846539,0.998633486919006,1139258.192007804,,1,,,6.32.10,"{""events_passed"": 1732992, ""intermediate"": null}"
r3_slim_eff_jit_t0,ok,3,ares,efficiency,jit,vector,0,,,ds_x32_slim.root,11098400,16452192,0.37551521975547075,4.233834702521563,0.0013769939541816711,6.339871576987207,4.610726916231215,163521,10240641,0,443934691,454340542,564240,347760,216480,564240,99,12.03,6.3288707440000005,0.9982648176932892,1750571.7371761196,2595035.530328251,,,,6.32.10,"{""eff_sum"": 2000393.9393367767, ""eff_hits"": 2075584}"
r3_slim_filter_rdf_t1,ok,3,ares,filter,rdf,vector,1,,,ds_x32_slim.root,11098400,,0.05868680402636528,2.609991852194071,0.02155869174748659,3.2467707861214876,2.6902373479679227,109014,1756209,54507,57374081,59295500,496904,349604,147300,496904,99,7.04,3.2427534,0.9987626517588921,3418288.7339755436,,,,,6.32.10,"{""events_passed"": 1918272}"
r3_slim_chain_rdf-lazy_t1,ok,3,ares,chain,rdf-lazy,vector,1,5,,ds_x32_slim.root,11098400,,0.06848318967968225,3.1368843680247664,0.024360202252864838,9.812446154654026,3.2297277599573135,109014,6168803,54507,256379373,262713386,514356,347804,166552,514356,99,14.16,9.798796457,0.9986089403764471,1131053.3403269732,,1,,,6.32.10,"{""events_passed"": 1732992, ""intermediate"": null}"
r3_slim_eff_jit_t1,ok,3,ares,efficiency,jit,vector,1,,,ds_x32_slim.root,11098400,16452192,0.35598521679639816,4.139804866164923,0.0013207243755459785,6.1636619027704,4.497110807336867,163521,10240641,0,444043705,454449556,563560,347720,215840,563560,99,11.74,6.1536871820000005,0.998381689176378,1800617.9078400729,2669223.6302911397,,,,6.32.10,"{""eff_sum"": 2000393.9393367767, ""eff_hits"": 2075584}"
r3_slim_filter_rdf_t2,ok,3,ares,filter,rdf,vector,2,,,ds_x32_slim.root,11098400,,0.058956597931683064,2.599901813082397,0.021320263855159283,1.7217207411304116,2.6801786748692393,109014,1756209,54507,57428588,59350007,495080,347736,147344,495996,128,5.52,3.3183101369999997,1.927321927260592,6446109.2527196035,,,,,6.32.10,"{""events_passed"": 1918272}"
r3_slim_chain_rdf-lazy_t2,ok,3,ares,chain,rdf-lazy,vector,2,5,,ds_x32_slim.root,11098400,,0.07116596028208733,3.1574626779183745,0.024771681055426598,5.3039235370233655,3.2534003192558885,109014,6168803,54507,256433880,262767893,514708,347964,166744,514708,149,9.68,10.130855482000001,1.9100681620469921,2092488.687389444,,1,,,6.32.10,"{""events_passed"": 1732992, ""intermediate"": null}"
r3_slim_eff_jit_t2,ok,3,ares,efficiency,jit,vector,2,,,ds_x32_slim.root,11098400,16452192,0.37699979543685913,4.21439718361944,0.0013702772557735443,3.552352768369019,4.592767256312072,163521,10240641,0,444098212,454504063,565668,349356,216312,565668,132,9.23,6.569645738999999,1.8493787546939773,3124239.2644173047,4631350.846260025,,,,6.32.10,"{""eff_sum"": 2000393.9393367767, ""eff_hits"": 2075584}"
r3_slim_filter_rdf_t4,ok,3,ares,filter,rdf,vector,4,,,ds_x32_slim.root,11098400,,0.058789645321667194,2.5897685745730996,0.021316323429346085,0.9364854162558913,2.669874543324113,109014,1756209,54507,57537602,59459021,502888,347680,155208,503708,150,4.76,3.382497838,3.611906581015827,11851118.882739121,,,,,6.32.10,"{""events_passed"": 1918272}"
r3_slim_chain_rdf-lazy_t4,ok,3,ares,chain,rdf-lazy,vector,4,5,,ds_x32_slim.root,11098400,,0.059565561823546886,3.103104599751532,0.02177243772894144,2.6896910639479756,3.1844425993040204,109014,6168803,54507,256542894,262876907,515304,347896,167408,516208,203,6.99,9.937341595,3.6946033424425315,4126273.142949575,,1,,,6.32.10,"{""events_passed"": 1732992, ""intermediate"": null}"
r3_slim_eff_jit_t4,ok,3,ares,efficiency,jit,vector,4,,,ds_x32_slim.root,11098400,16452192,0.3575155343860388,4.165086541324854,0.0013187546283006668,1.9833062384277582,4.523920830339193,163521,10240641,0,444207226,454613077,566500,348080,218420,567200,165,7.6,6.977531254999999,3.518131047947165,5595908.380139076,8295336.182193565,,,,6.32.10,"{""eff_sum"": 2000393.9393367767, ""eff_hits"": 2075584}"
r3_slim_filter_rdf_t8,ok,3,ares,filter,rdf,vector,8,,,ds_x32_slim.root,11098400,,0.058602877892553806,2.5820391699671745,0.021404296159744263,0.5261319689452648,2.6620463440194726,109014,1756209,54507,57755630,59677049,508876,347744,161132,509560,169,4.29,3.5055335869999995,6.662840872466906,21094327.383772038,,,,,6.32.10,"{""events_passed"": 1918272}"
r3_slim_chain_rdf-lazy_t8,ok,3,ares,chain,rdf-lazy,vector,8,5,,ds_x32_slim.root,11098400,,0.05907832179218531,3.1003420539200306,0.021666239015758038,1.5599905839189887,3.181086614727974,109014,6168803,54507,256760922,263094935,530008,347668,182340,530744,261,5.86,11.04538388,7.0804170190899,7114401.916528714,,1,,,6.32.10,"{""events_passed"": 1732992, ""intermediate"": null}"
r3_slim_eff_jit_t8,ok,3,ares,efficiency,jit,vector,8,,,ds_x32_slim.root,11098400,16452192,0.38680098205804825,4.1777599565684795,0.0017932876944541931,1.2287775706499815,4.566354226320982,163521,10240641,0,444425254,454831105,578328,348012,230316,579868,187,6.87,7.292777818,5.9349861131843165,9032065.904433236,13389072.516433833,,,,6.32.10,"{""eff_sum"": 2000393.9393367767, ""eff_hits"": 2075584}"
r3_slim_filter_rdf_t12,ok,3,ares,filter,rdf,vector,12,,,ds_x32_slim.root,11098400,,0.05876246374100447,2.586537664756179,0.021333488635718822,0.39462408423423767,2.666633617132902,109014,1756209,54507,57973658,59895077,511840,347896,163944,513416,175,4.17,3.55957107,9.020156681281367,28123980.373717647,,,,,6.32.10,"{""events_passed"": 1918272}"
r3_slim_chain_rdf-lazy_t12,ok,3,ares,chain,rdf-lazy,vector,12,5,,ds_x32_slim.root,11098400,,0.0664289053529501,3.39790322445333,0.024028737097978592,1.1711003659293056,3.4883608669042587,109014,6168803,54507,256978950,263312963,542444,347784,194660,543264,281,5.78,11.717729079,10.005742820942258,9476899.096682517,,1,,,6.32.10,"{""events_passed"": 1732992, ""intermediate"": null}"
r3_slim_eff_jit_t12,ok,3,ares,efficiency,jit,vector,12,,,ds_x32_slim.root,11098400,16452192,0.35624396800994873,4.168071375228465,0.0013275928795337677,0.9105379208922386,4.525642936117947,163521,10240641,0,444643282,455049133,588776,349708,239068,590952,197,6.51,7.303470536,8.021050379585848,12188838.866946528,18068651.093496963,,,,6.32.10,"{""eff_sum"": 2000393.9393367767, ""eff_hits"": 2075584}"
r3_slim_filter_rdf_t16,ok,3,ares,filter,rdf,vector,16,,,ds_x32_slim.root,11098400,,0.061072458513081074,2.764279549010098,0.02131514623761177,0.33386463299393654,2.846667153760791,109014,1756209,54507,58191686,60113105,522584,351788,170796,523284,178,4.32,3.7496051379999997,11.230914470860105,33242215.26693294,,,,,6.32.10,"{""events_passed"": 1918272}"
r3_slim_chain_rdf-lazy_t16,ok,3,ares,chain,rdf-lazy,vector,16,5,,ds_x32_slim.root,11098400,,0.06267502624541521,3.122572855092585,0.02251220215111971,0.8915224811062217,3.20776008348912,109014,6168803,54507,257196978,263530991,550596,347660,202936,552948,295,5.22,11.133555301000001,12.488249636941548,12448816.754714753,,1,,,6.32.10,"{""events_passed"": 1732992, ""intermediate"": null}"
r3_slim_eff_jit_t16,ok,3,ares,efficiency,jit,vector,16,,,ds_x32_slim.root,11098400,16452192,0.3554811691865325,4.136042973026633,0.0013353358954191208,0.7600486855953932,4.492859478108585,163521,10240641,0,444861310,455267161,605708,351852,253856,606696,205,6.33,7.4793847940000004,9.840665388613804,14602222.476453513,21646234.394987445,,,,6.32.10,"{""eff_sum"": 2000393.9393367767, ""eff_hits"": 2075584}"
r3_slim_filter_rdf_t24,ok,3,ares,filter,rdf,vector,24,,,ds_x32_slim.root,11098400,,0.0588657408952713,2.5772754959762096,0.021144041791558266,0.27289474476128817,2.657285278663039,109014,1756209,54507,58627742,60549161,525432,347668,177764,528048,198,4.04,4.249149593,15.570653794439682,40669159.86127988,,,,,6.32.10,"{""events_passed"": 1918272}"
r3_slim_chain_rdf-lazy_t24,ok,3,ares,chain,rdf-lazy,vector,24,5,,ds_x32_slim.root,11098400,,0.0725772324949503,3.160595596767962,0.025204485282301903,0.6873017949983478,3.258377314545214,109014,6168803,54507,257633034,263967047,579476,347824,231652,580164,319,5.07,11.819886773,17.197520592869125,16147782.649144223,,1,,,6.32.10,"{""events_passed"": 1732992, ""intermediate"": null}"
r3_slim_eff_jit_t24,ok,3,ares,efficiency,jit,vector,24,,,ds_x32_slim.root,11098400,16452192,0.3562315050512552,4.176194038242102,0.0013462919741868973,0.6739773666486144,4.533771835267544,163521,10240641,0,445297366,455703217,623560,347792,275768,626592,235,6.28,9.208485815,13.66290067096711,16467021.815862067,24410600.139006644,,,,6.32.10,"{""eff_sum"": 2000393.9393367767, ""eff_hits"": 2075584}"
r3_slim_filter_rdf_t32,ok,3,ares,filter,rdf,vector,32,,,ds_x32_slim.root,11098400,,0.05904379300773144,2.612554303370416,0.02152865380048752,0.25836581736803055,2.693126750178635,109014,1756209,54507,59063798,60985217,540260,347868,192532,542140,214,4.06,4.936601246,19.10702157231594,42956146.881422885,,,,,6.32.10,"{""events_passed"": 1918272}"
r3_slim_chain_rdf-lazy_t32,ok,3,ares,chain,rdf-lazy,vector,32,5,,ds_x32_slim.root,11098400,,0.05947360768914223,3.12990836892277,0.0216768030077219,0.5531523870304227,3.211058779619634,109014,6168803,54507,258069090,264403103,596476,347772,248704,601828,344,4.88,12.502829397000001,22.602866208570408,20063910.524876036,,1,,,6.32.10,"{""events_passed"": 1732992, ""intermediate"": null}"
r3_slim_eff_jit_t32,ok,3,ares,efficiency,jit,vector,32,,,ds_x32_slim.root,11098400,16452192,0.3817709553986788,4.207812529988587,0.0013941116631031036,0.6955640744417906,4.590977597050369,163521,10240641,0,445733422,456139273,649920,347968,301952,652256,215,6.38,8.081297256000001,11.618336186332604,15955970.711838119,23653021.4893622,,,,6.32.10,"{""eff_sum"": 2000393.9393367767, ""eff_hits"": 2075584}"
r3_slim_filter_rdf_t48,ok,3,ares,filter,rdf,vector,48,,,ds_x32_slim.root,11098400,,0.05956210941076279,2.599578375928104,0.021592305041849613,0.2130023306235671,2.6807327903807163,109014,1756209,54507,59935910,61857329,549616,347780,201836,557604,217,4.02,4.934472142000001,23.166282394912155,52104594.196266726,,,,,6.32.10,"{""events_passed"": 1918272}"
r3_slim_chain_rdf-lazy_t48,ok,3,ares,chain,rdf-lazy,vector,48,5,,ds_x32_slim.root,11098400,,0.062260606326162815,3.1124504189938307,0.022309135645627975,0.5334750888869166,3.1970201609656215,109014,6168803,54507,258941202,265275215,640828,347664,293164,643992,393,4.85,14.813366648999999,27.767682048486545,20803970.478090275,,1,,,6.32.10,"{""events_passed"": 1732992, ""intermediate"": null}"
r3_slim_eff_jit_t48,ok,3,ares,efficiency,jit,vector,48,,,ds_x32_slim.root,11098400,16452192,0.37412921246141195,4.48862140532583,0.0013473546132445335,0.5835178196430206,4.8640979724004865,163521,10240641,0,446605534,457011385,695404,347948,347456,698476,254,6.53,10.673799532,18.292156936235337,19019813.322564308,28194840.75064747,,,,6.32.10,"{""eff_sum"": 2000393.9393367767, ""eff_hits"": 2075584}"
