label,status,schema_version,machine,test,impl,mode,threads,chain_len,tag,input,n_events,n_tracks,wall_setup,wall_warmup,wall_jit,wall_loop,wall_fixed,bytes_setup,bytes_warmup,bytes_jit,bytes_loop,bytes_total,peak_rss_kb,rss_baseline_kb,peak_rss_net_kb,time_maxrss_kb,cpu_percent,elapsed_s,cpu_loop,cores_busy_loop,events_per_s,tracks_per_s,event_loops,exit_code,timeout_s,pinned_core,cpus_allowed,os_threads,root_version,uproot_version,checksums
warmup_filter_rdf,ok,3,ares,filter,rdf,vector,0,,,ds_x32.root,11098400,,1.044914100319147,4.264908962883055,0.4506710199639201,5.731169106438756,5.760494083166122,35955128,1756209,17977564,57268690,112959280,756608,342756,413852,756608,44,20.22,3.2622093999999997,0.5692048759013285,1936498.4340684274,,,,,,48,2,6.32.10,,"{""events_passed"": 1918272}"
warmup_chain_rdf-lazy,ok,3,ares,chain,rdf-lazy,vector,0,5,,ds_x32.root,11098400,,0.952456939034164,3.18248528521508,0.4447980225086212,11.870529991574585,4.579740246757865,35955128,6168803,17977564,256274091,316377275,767552,347764,419788,767552,80,19.22,9.721114956000001,0.8189284693185404,934954.0423112848,,1,,,,48,2,6.32.10,,"{""events_passed"": 1732992, ""intermediate"": null}"
warmup_eff_jit,ok,3,ares,efficiency,jit,vector,0,,,ds_x32.root,11098400,16452192,1.7513580219820142,4.746222224086523,0.0017969431355595589,7.888317245990038,6.499377189204097,53932692,10240641,0,443946831,508121853,798532,347996,450536,798532,77,17.57,6.246332811,0.7918460447537493,1406941.3860911566,2085640.255957421,,,,,48,2,6.32.10,,"{""eff_sum"": 2000393.9393367767, ""eff_hits"": 2075584}"
r1_strong_filter_rdf_t0,ok,3,ares,filter,rdf,vector,0,,,ds_x32.root,11098400,,0.9551133001223207,2.6830524522811174,0.44080946035683155,3.5460543362423778,4.07897521276027,35955128,1756209,17977564,57268690,112959280,758216,347948,410268,758216,88,9.71,3.41007427,0.9616531351895553,3129788.4768907866,,,,,,48,2,6.32.10,,"{""events_passed"": 1918272}"
r1_strong_chain_rdf-lazy_t0,ok,3,ares,chain,rdf-lazy,vector,0,5,,ds_x32.root,11098400,,0.9445530492812395,3.1651064148172736,0.4444130389019847,10.130008737556636,4.554072503000498,35955128,6168803,17977564,256274091,316377275,767340,347748,419592,767340,97,15.87,9.762625095,0.9637331366561833,1095596.2909343888,,1,,,,48,2,6.32.10,,"{""events_passed"": 1732992, ""intermediate"": null}"
r1_strong_eff_jit_t0,ok,3,ares,efficiency,jit,vector,0,,,ds_x32.root,11098400,16452192,1.7002639714628458,4.160828801803291,0.0017453189939260483,6.147570805624127,5.862838092260063,53932692,10240641,0,443946831,508121853,799612,347676,451936,799612,99,13.15,6.100294205000001,0.9923097102711081,1805330.9755857694,2676210.249575109,,,,,48,2,6.32.10,,"{""eff_sum"": 2000393.9393367767, ""eff_hits"": 2075584}"
r1_strong_filter_rdf_t1,ok,3,ares,filter,rdf,vector,1,,,ds_x32.root,11098400,,0.9530039941892028,2.561872490681708,0.4423787835985422,4.131086544133723,3.957255268469453,35955128,1756209,17977564,93223818,148914408,915436,347844,567592,915436,99,9.27,4.125459545,0.9986378888281309,2686557.1276302813,,,,,,48,2,6.32.10,,"{""events_passed"": 1918272}"
r1_strong_chain_rdf-lazy_t1,ok,3,ares,chain,rdf-lazy,vector,1,5,,ds_x32.root,11098400,,0.9650744926184416,3.1438988018780947,0.470729804597795,10.747556717135012,4.579703099094331,35955128,6168803,17977564,292229219,352332403,925404,347912,577492,925404,99,16.53,10.731897254,0.9985429745990504,1032644.0038511853,,1,,,,48,2,6.32.10,,"{""events_passed"": 1732992, ""intermediate"": null}"
r1_strong_eff_jit_t1,ok,3,ares,efficiency,jit,vector,1,,,ds_x32.root,11098400,16452192,1.7309493673965335,4.20750861428678,0.001824304461479187,7.235940848477185,5.940282286144793,53932692,10240641,0,479901959,544076981,944600,347664,596936,944600,99,14.3,7.223495951,0.9982801272512055,1533788.1047404741,2273676.9612292214,,,,,48,2,6.32.10,,"{""eff_sum"": 2000393.9393367767, ""eff_hits"": 2075584}"
r1_strong_filter_rdf_t2,ok,3,ares,filter,rdf,vector,2,,,ds_x32.root,11098400,,0.9578336337581277,2.6249080896377563,0.44223375152796507,2.5891923056915402,4.024975474923849,35955128,1756209,17977564,111201382,166891972,1166132,347724,818408,1166132,125,7.81,4.590510629,1.7729508228914395,4286433.253954753,,,,,,48,3,6.32.10,,"{""events_passed"": 1918272}"
r1_strong_chain_rdf-lazy_t2,ok,3,ares,chain,rdf-lazy,vector,2,5,,ds_x32.root,11098400,,0.9551442600786686,3.149882753379643,0.4445114368572831,5.98441313393414,4.549538450315595,35955128,6168803,17977564,310206783,370309967,1168740,347828,820912,1168740,143,11.71,11.149183790000002,1.8630371166688742,1854551.106618526,,1,,,,48,3,6.32.10,,"{""events_passed"": 1732992, ""intermediate"": null}"
r1_strong_eff_jit_t2,ok,3,ares,efficiency,jit,vector,2,,,ds_x32.root,11098400,16452192,1.7624943163245916,4.268807403743267,0.002101488411426544,4.465547885745764,6.033403208479285,53932692,10240641,0,497879523,562054545,1187668,347764,839904,1187668,130,11.65,7.998580552999999,1.7911756312213871,2485338.9290542845,3684249.373411975,,,,,48,3,6.32.10,,"{""eff_sum"": 2000393.9393367767, ""eff_hits"": 2075584}"
r1_strong_filter_rdf_t4,ok,3,ares,filter,rdf,vector,4,,,ds_x32.root,11098400,,0.9562462344765663,2.6246013659983873,0.44362366292625666,1.9313968690112233,4.02447126340121,35955128,1756209,17977564,147156510,202847100,1644900,348428,1296472,1644900,153,7.16,5.807499011,3.006890558942007,5746307.337487719,,,,,,48,5,6.32.10,,"{""events_passed"": 1918272}"
r1_strong_chain_rdf-lazy_t4,ok,3,ares,chain,rdf-lazy,vector,4,5,,ds_x32.root,11098400,,0.9533357853069901,3.1688298722729087,0.4447751408442855,4.112973525188863,4.566940798424184,35955128,6168803,17977564,346161911,406265095,1688072,347704,1340368,1688072,195,9.96,13.631544466000001,3.3142796525474973,2698388.3878733143,,1,,,,48,5,6.32.10,,"{""events_passed"": 1732992, ""intermediate"": null}"
r1_strong_eff_jit_t4,ok,3,ares,efficiency,jit,vector,4,,,ds_x32.root,11098400,16452192,1.7318257251754403,4.225511125288904,0.001829518936574459,3.22221284173429,5.9591663694009185,53932692,10240641,0,533834651,598009673,1707240,347896,1359344,1707240,162,10.38,9.765411452999999,3.0306537564861684,3444341.061599926,5105867.553784853,,,,,48,5,6.32.10,,"{""eff_sum"": 2000393.9393367767, ""eff_hits"": 2075584}"
r1_strong_filter_rdf_t8,ok,3,ares,filter,rdf,vector,8,,,ds_x32.root,11098400,,0.9513842528685927,2.6403457280248404,0.4414564035832882,1.5918542882427573,4.033186384476721,35955128,1756209,17977564,219066766,274757356,2619088,351696,2267392,2619088,194,6.84,8.043144983,5.052689208054841,6971994.913084342,,,,,,48,9,6.32.10,,"{""events_passed"": 1918272}"
r1_strong_chain_rdf-lazy_t8,ok,3,ares,chain,rdf-lazy,vector,8,5,,ds_x32.root,11098400,,0.9575263625010848,3.1368940100073814,0.4469468779861927,2.9234312810003757,4.541367250494659,35955128,6168803,17977564,418072167,478175351,2725776,347696,2378080,2725776,268,8.72,17.622206114999997,6.027918709609557,3796360.82849952,,1,,,,48,9,6.32.10,,"{""events_passed"": 1732992, ""intermediate"": null}"
r1_strong_eff_jit_t8,ok,3,ares,efficiency,jit,vector,8,,,ds_x32.root,11098400,16452192,1.7017172360792756,4.199539791792631,0.0018014675006270409,2.3685467150062323,5.903058495372534,53932692,10240641,0,605744907,669919929,2745400,347700,2397700,2745400,205,9.44,12.37727134,5.225681748889396,4685742.497576535,6946112.523669059,,,,,48,9,6.32.10,,"{""eff_sum"": 2000393.9393367767, ""eff_hits"": 2075584}"
r1_strong_filter_rdf_t12,ok,3,ares,filter,rdf,vector,12,,,ds_x32.root,11098400,,0.9586219452321529,2.624882102943957,0.44594939332455397,1.6020486811175942,4.029453441500664,35955128,1756209,17977564,290977022,346667612,3657980,349624,3308356,3657980,236,6.87,10.956902930999998,6.83930710729491,6927629.68492176,,,,,,48,13,6.32.10,,"{""events_passed"": 1918272}"
r1_strong_chain_rdf-lazy_t12,ok,3,ares,chain,rdf-lazy,vector,12,5,,ds_x32.root,11098400,,0.9610916962847114,3.157505279406905,0.46603458002209663,2.4050956470891833,4.584631555713713,35955128,6168803,17977564,489982423,550085607,3734864,347824,3387040,3734864,313,8.22,19.957055529999998,8.29782198232051,4614535.814171078,,1,,,,48,13,6.32.10,,"{""events_passed"": 1732992, ""intermediate"": null}"
r1_strong_eff_jit_t12,ok,3,ares,efficiency,jit,vector,12,,,ds_x32.root,11098400,16452192,1.7009885776787996,4.156211809255183,0.001798190176486969,2.1514176493510604,5.858998577110469,53932692,10240641,0,677655163,741830185,3668544,347772,3320772,3668544,247,9.21,15.771457682999998,7.3307280377462725,5158645.0466034105,7647140.017170786,,,,,48,13,6.32.10,,"{""eff_sum"": 2000393.9393367767, ""eff_hits"": 2075584}"
r1_strong_filter_rdf_t16,ok,3,ares,filter,rdf,vector,16,,,ds_x32.root,11098400,,0.9511220492422581,2.624628072604537,0.4392212796956301,1.726305440068245,4.014971401542425,35955128,1756209,17977564,362887278,418577868,4670668,347644,4323024,4670668,278,7.0,14.249893558,8.25456099902962,6428989.761835689,,,,,,48,17,6.32.10,,"{""events_passed"": 1918272}"
r1_strong_chain_rdf-lazy_t16,ok,3,ares,chain,rdf-lazy,vector,16,5,,ds_x32.root,11098400,,0.9566283170133829,3.1477174032479525,0.44462730921804905,2.329459964297712,4.548973029479384,35955128,6168803,17977564,561892679,621995863,4633064,347780,4285284,4633064,350,8.2,22.858407353,9.812749608637889,4764366.063421896,,1,,,,48,17,6.32.10,,"{""events_passed"": 1732992, ""intermediate"": null}"
r1_strong_eff_jit_t16,ok,3,ares,efficiency,jit,vector,16,,,ds_x32.root,11098400,16452192,1.7182550774887204,4.138730042614043,0.001756422221660614,2.2966133123263717,5.858741542324424,53932692,10240641,0,749565419,813740441,4672824,350972,4321852,4672824,280,9.43,19.283883598,8.3966610724146,4832507.040010924,7163675.274238757,,,,,48,17,6.32.10,,"{""eff_sum"": 2000393.9393367767, ""eff_hits"": 2075584}"
r1_strong_filter_rdf_t24,ok,3,ares,filter,rdf,vector,24,,,ds_x32.root,11098400,,0.9546447955071926,2.6298209708184004,0.4444363685324788,1.8663097461685538,4.028902134858072,35955128,1756209,17977564,506707790,562398380,6585452,347852,6237600,6585452,363,7.18,20.761066027,11.124126672767739,5946708.483296781,,,,,,48,25,6.32.10,,"{""events_passed"": 1918272}"
r1_strong_chain_rdf-lazy_t24,ok,3,ares,chain,rdf-lazy,vector,24,5,,ds_x32.root,11098400,,0.9619744773954153,3.1589708561077714,0.46373250614851713,2.6289816154167056,4.584677839651704,35955128,6168803,17977564,705713191,765816375,6592512,347676,6244836,6592512,425,8.5,30.242943106,11.503672345463075,4221558.619853967,,1,,,,48,25,6.32.10,,"{""events_passed"": 1732992, ""intermediate"": null}"
r1_strong_eff_jit_t24,ok,3,ares,efficiency,jit,vector,24,,,ds_x32.root,11098400,16452192,1.7059284914284945,4.195325591601431,0.001868261955678463,2.5500811198726296,5.903122344985604,53932692,10240641,0,893385931,957560953,6657664,347836,6309828,6657664,353,9.7,27.141532914999996,10.643399813240313,4352175.275331766,6451634.762435223,,,,,48,25,6.32.10,,"{""eff_sum"": 2000393.9393367767, ""eff_hits"": 2075584}"
r1_strong_filter_rdf_t32,ok,3,ares,filter,rdf,vector,32,,,ds_x32.root,11098400,,0.9595020664855838,2.608793462626636,0.4435839205980301,2.5045168763026595,4.01187944971025,35955128,1756209,17977564,650528302,706218892,8642068,347628,8294440,8642068,437,7.81,28.803071809,11.500450279065829,4431353.649484775,,,,,,48,33,6.32.10,,"{""events_passed"": 1918272}"
r1_strong_chain_rdf-lazy_t32,ok,3,ares,chain,rdf-lazy,vector,32,5,,ds_x32.root,11098400,,0.9552952637895942,3.140281042084098,0.4491540798917413,3.151914006099105,4.544730385765433,35955128,6168803,17977564,849533703,909636887,8489788,347768,8142020,8489788,533,9.03,42.239321452,13.401165568053216,3521162.055349246,,1,,,,48,33,6.32.10,,"{""events_passed"": 1732992, ""intermediate"": null}"
r1_strong_eff_jit_t32,ok,3,ares,efficiency,jit,vector,32,,,ds_x32.root,11098400,16452192,1.7011960670351982,4.196640926413238,0.0018209051340818405,3.013732675462961,5.899657898582518,53932692,10240641,0,1037206443,1101381465,8735972,347688,8388284,8735972,414,10.18,34.97662968,11.605750558027509,3682609.307175891,5459074.765970296,,,,,48,33,6.32.10,,"{""eff_sum"": 2000393.9393367767, ""eff_hits"": 2075584}"
r1_strong_filter_rdf_t48,ok,3,ares,filter,rdf,vector,48,,,ds_x32.root,11098400,,0.9521437510848045,2.6376192048192024,0.44181539863348007,3.6655143685638905,4.031578354537487,35955128,1756209,17977564,938169326,993859916,12739976,347548,12392428,12739976,575,9.06,46.647406533,12.726019282056711,3027787.88570081,,,,,,48,49,6.32.10,,"{""events_passed"": 1918272}"
r1_strong_chain_rdf-lazy_t48,ok,3,ares,chain,rdf-lazy,vector,48,5,,ds_x32.root,11098400,,0.9534650780260563,3.148291095159948,0.44411199633032084,4.161331242881715,4.545868169516325,35955128,6168803,17977564,1137174727,1197277911,12724068,347740,12376328,12724068,637,10.16,58.706020043,14.107509500336286,2667031.137928442,,1,,,,48,49,6.32.10,,"{""events_passed"": 1732992, ""intermediate"": null}"
r1_strong_eff_jit_t48,ok,3,ares,efficiency,jit,vector,48,,,ds_x32.root,11098400,16452192,1.7187748113647103,4.1888827327638865,0.0017522526904940605,4.348077264614403,5.909409796819091,53932692,10240641,0,1324847467,1389022489,12710016,347784,12362232,12710016,535,11.62,54.770082086,12.596391175412364,2552484.5407695924,3783785.567448746,,,,,48,49,6.32.10,,"{""eff_sum"": 2000393.9393367767, ""eff_hits"": 2075584}"
r2_strong_filter_rdf_t0,ok,3,ares,filter,rdf,vector,0,,,ds_x32.root,11098400,,0.9484310131520033,2.609422196634114,0.44318258948624134,3.1769700814038515,4.001035799272358,35955128,1756209,17977564,57268690,112959280,761488,349724,411764,761488,99,8.36,3.173330614,0.9988544218829272,3493391.412454157,,,,,,48,2,6.32.10,,"{""events_passed"": 1918272}"
r2_strong_chain_rdf-lazy_t0,ok,3,ares,chain,rdf-lazy,vector,0,5,,ds_x32.root,11098400,,0.9448159448802471,3.1401074435561895,0.44480608589947224,9.763631762936711,4.529729474335909,35955128,6168803,17977564,256274091,316377275,769388,349764,419624,769388,99,15.47,9.750526187999998,0.99865771515611,1136708.1706348392,,1,,,,48,2,6.32.10,,"{""events_passed"": 1732992, ""intermediate"": null}"
r2_strong_eff_jit_t0,ok,3,ares,efficiency,jit,vector,0,,,ds_x32.root,11098400,16452192,1.6956623559817672,4.1486200680956244,0.0018063141033053398,6.165552060119808,5.846088738180697,53932692,10240641,0,443946831,508121853,799616,347672,451944,799616,99,13.15,6.155137288999999,0.9983108128812708,1800065.8970649156,2668405.3333060825,,,,,48,2,6.32.10,,"{""eff_sum"": 2000393.9393367767, ""eff_hits"": 2075584}"
r2_strong_filter_rdf_t1,ok,3,ares,filter,rdf,vector,1,,,ds_x32.root,11098400,,0.9563593501225114,2.6208621505647898,0.4446925316005945,4.160404552705586,4.021914032287896,35955128,1756209,17977564,93223818,148914408,915740,347656,568084,915740,99,9.37,4.154925316000001,0.9986830038674912,2667625.1935121333,,,,,,48,2,6.32.10,,"{""events_passed"": 1918272}"
r2_strong_chain_rdf-lazy_t1,ok,3,ares,chain,rdf-lazy,vector,1,5,,ds_x32.root,11098400,,0.9562417073175311,3.1471003023907542,0.44581741094589233,10.663619101047516,4.549159420654178,35955128,6168803,17977564,292229219,352332403,925028,347792,577236,925028,99,16.39,10.649585801,0.9986840021277451,1040772.3583178036,,1,,,,48,2,6.32.10,,"{""events_passed"": 1732992, ""intermediate"": null}"
r2_strong_eff_jit_t1,ok,3,ares,efficiency,jit,vector,1,,,ds_x32.root,11098400,16452192,1.728428514674306,4.162513996474445,0.0018459893763065338,7.158842924050987,5.892788500525057,53932692,10240641,0,479901959,544076981,944036,348024,596012,944036,99,14.19,7.147497005000001,0.9984151183129234,1550306.3997554132,2298163.5684066904,,,,,48,2,6.32.10,,"{""eff_sum"": 2000393.9393367767, ""eff_hits"": 2075584}"
r2_strong_filter_rdf_t2,ok,3,ares,filter,rdf,vector,2,,,ds_x32.root,11098400,,0.9540910869836807,2.617860903032124,0.44169748667627573,2.7662598211318254,4.0136494766920805,35955128,1756209,17977564,111201382,166891972,1162164,347724,814440,1162164,125,7.97,4.850271349000001,1.7533679634675439,4012059.86336419,,,,,,48,3,6.32.10,,"{""events_passed"": 1918272}"
r2_strong_chain_rdf-lazy_t2,ok,3,ares,chain,rdf-lazy,vector,2,5,,ds_x32.root,11098400,,0.9549833303317428,3.1417782017961144,0.4460420673713088,6.130469968542457,4.542803599499166,35955128,6168803,17977564,310206783,370309967,1168628,349616,819012,1168628,143,11.86,11.368421263000002,1.8544126830953043,1810366.91427406,,1,,,,48,3,6.32.10,,"{""events_passed"": 1732992, ""intermediate"": null}"
r2_strong_eff_jit_t2,ok,3,ares,efficiency,jit,vector,2,,,ds_x32.root,11098400,16452192,1.7049107775092125,4.164339809678495,0.0017919251695275307,4.564599693752825,5.871042512357235,53932692,10240641,0,497879523,562054545,1186032,347864,838168,1186032,130,11.58,8.124658590000001,1.7799279531827341,2431407.0772053516,3604301.16632499,,,,,48,3,6.32.10,,"{""eff_sum"": 2000393.9393367767, ""eff_hits"": 2075584}"
r2_strong_filter_rdf_t4,ok,3,ares,filter,rdf,vector,4,,,ds_x32.root,11098400,,0.9552793679758906,2.6197301289066672,0.44403007067739964,1.9155134428292513,4.0190395675599575,35955128,1756209,17977564,147156510,202847100,1649372,347648,1301724,1649372,154,7.14,5.809842000000001,3.033046842740372,5793955.684073636,,,,,,48,5,6.32.10,,"{""events_passed"": 1918272}"
r2_strong_chain_rdf-lazy_t4,ok,3,ares,chain,rdf-lazy,vector,4,5,,ds_x32.root,11098400,,0.9553163331001997,3.1631175512447953,0.4484829902648926,3.961779624223709,4.566916874609888,35955128,6168803,17977564,346161911,406265095,1686264,347800,1338464,1686264,192,9.82,13.078224347999999,3.3010983922566393,2801367.327990808,,1,,,,48,5,6.32.10,,"{""events_passed"": 1732992, ""intermediate"": null}"
r2_strong_eff_jit_t4,ok,3,ares,efficiency,jit,vector,4,,,ds_x32.root,11098400,16452192,1.7058186288923025,4.186573766171932,0.0018291668966412544,3.117130837403238,5.894221561960876,53932692,10240641,0,533834651,598009673,1707448,349772,1357676,1707448,165,10.18,9.839709771000003,3.156656003312677,3560453.6924878173,5277992.121019113,,,,,48,5,6.32.10,,"{""eff_sum"": 2000393.9393367767, ""eff_hits"": 2075584}"
r2_strong_filter_rdf_t8,ok,3,ares,filter,rdf,vector,8,,,ds_x32.root,11098400,,0.9555434389039874,2.6427669087424874,0.4420035546645522,1.6047190381214023,4.040313902311027,35955128,1756209,17977564,219066766,274757356,2617608,347768,2269840,2617608,194,6.86,8.136423052,5.070310041018192,6916101.657890576,,,,,,48,9,6.32.10,,"{""events_passed"": 1918272}"
r2_strong_chain_rdf-lazy_t8,ok,3,ares,chain,rdf-lazy,vector,8,5,,ds_x32.root,11098400,,0.9622124163433909,3.151630044914782,0.445487922988832,3.2917308462783694,4.559330384247005,35955128,6168803,17977564,418072167,478175351,2704608,347764,2356844,2704608,286,9.11,20.320578641999997,6.173219983940801,3371600.0846630125,,1,,,,48,9,6.32.10,,"{""events_passed"": 1732992, ""intermediate"": null}"
r2_strong_eff_jit_t8,ok,3,ares,efficiency,jit,vector,8,,,ds_x32.root,11098400,16452192,1.7313944604247808,4.184388327412307,0.0017980020493268967,2.4091514199972153,5.917580789886415,53932692,10240641,0,605744907,669919929,2747044,347772,2399272,2747044,205,9.59,12.533796619,5.202577353570614,4606767.307308907,6829040.243563859,,,,,48,9,6.32.10,,"{""eff_sum"": 2000393.9393367767, ""eff_hits"": 2075584}"
r2_strong_filter_rdf_t12,ok,3,ares,filter,rdf,vector,12,,,ds_x32.root,11098400,,0.9595100218430161,2.651481351815164,0.4441030193120241,1.689679542556405,4.055094392970204,35955128,1756209,17977564,290977022,346667612,3656024,349784,3306240,3656024,240,6.99,11.546812444,6.83372920910803,6568346.080114486,,,,,,48,13,6.32.10,,"{""events_passed"": 1918272}"
r2_strong_chain_rdf-lazy_t12,ok,3,ares,chain,rdf-lazy,vector,12,5,,ds_x32.root,11098400,,0.9691323507577181,3.143345315940678,0.46435205452144146,2.5098578026518226,4.576829721219838,35955128,6168803,17977564,489982423,550085607,3748144,347912,3400232,3748144,296,8.32,18.857167330000003,7.5132413119485175,4421923.819060124,,1,,,,48,13,6.32.10,,"{""events_passed"": 1732992, ""intermediate"": null}"
r2_strong_eff_jit_t12,ok,3,ares,efficiency,jit,vector,12,,,ds_x32.root,11098400,16452192,1.7115836078301072,4.204914676956832,0.001905808225274086,2.1104415133595467,5.918404093012214,53932692,10240641,0,677655163,741830185,3676640,347596,3329044,3676640,237,9.22,14.840715490000001,7.032043009036306,5258804.818681187,7795616.175977444,,,,,48,13,6.32.10,,"{""eff_sum"": 2000393.9393367767, ""eff_hits"": 2075584}"
r2_strong_filter_rdf_t16,ok,3,ares,filter,rdf,vector,16,,,ds_x32.root,11098400,,0.9540053280070424,2.62719807587564,0.44351859390735626,1.7595469253137708,4.024721997790039,35955128,1756209,17977564,362887278,418577868,4677728,347736,4329992,4677728,282,7.03,14.601262053000001,8.298307844444805,6307532.8315105215,,,,,,48,17,6.32.10,,"{""events_passed"": 1918272}"
r2_strong_chain_rdf-lazy_t16,ok,3,ares,chain,rdf-lazy,vector,16,5,,ds_x32.root,11098400,,0.951618037186563,3.163507874123752,0.44438406825065613,2.1719508403912187,4.559509979560971,35955128,6168803,17977564,561892679,621995863,4654416,347796,4306620,4654416,345,8.0,21.824296798,10.048246208956064,5109876.242871556,,1,,,,48,17,6.32.10,,"{""events_passed"": 1732992, ""intermediate"": null}"
r2_strong_eff_jit_t16,ok,3,ares,efficiency,jit,vector,16,,,ds_x32.root,11098400,16452192,1.6962699079886079,4.1964885191991925,0.001837003044784069,2.198480253107846,5.8945954302325845,53932692,10240641,0,749565419,813740441,4664388,347832,4316556,4664388,284,9.31,19.367328107,8.80941645012353,5048214.549260075,7483438.605710752,,,,,48,17,6.32.10,,"{""eff_sum"": 2000393.9393367767, ""eff_hits"": 2075584}"
r2_strong_filter_rdf_t24,ok,3,ares,filter,rdf,vector,24,,,ds_x32.root,11098400,,0.955182577483356,2.638561272993684,0.443185449577868,2.1278582513332367,4.036929300054908,35955128,1756209,17977564,506707790,562398380,6702040,347836,6354204,6702040,359,7.44,21.454549819,10.082696911581106,5215760.962012463,,,,,,48,25,6.32.10,,"{""events_passed"": 1918272}"
r2_strong_chain_rdf-lazy_t24,ok,3,ares,chain,rdf-lazy,vector,24,5,,ds_x32.root,11098400,,0.9556332565844059,3.162339719943702,0.4452409911900759,2.3958352133631706,4.563213967718184,35955128,6168803,17977564,705713191,765816375,6675884,347892,6327992,6675884,435,8.25,30.093361778000002,12.560697668249158,4632372.017114041,,1,,,,48,25,6.32.10,,"{""events_passed"": 1732992, ""intermediate"": null}"
r2_strong_eff_jit_t24,ok,3,ares,efficiency,jit,vector,24,,,ds_x32.root,11098400,16452192,1.7139784339815378,4.147286002524197,0.001750103197991848,2.573520800098777,5.863014539703727,53932692,10240641,0,893385931,957560953,6666756,347820,6318936,6666756,354,9.68,27.196952683,10.56799411994499,4312535.573667802,6392873.140706122,,,,,48,25,6.32.10,,"{""eff_sum"": 2000393.9393367767, ""eff_hits"": 2075584}"
r2_strong_filter_rdf_t32,ok,3,ares,filter,rdf,vector,32,,,ds_x32.root,11098400,,0.9519594507291913,2.623547283001244,0.44216173328459263,2.4303125105798244,4.017668467015028,35955128,1756209,17977564,650528302,706218892,8697376,347692,8349684,8697376,437,7.74,28.449404160999997,11.706068267826401,4566655.502815208,,,,,,48,33,6.32.10,,"{""events_passed"": 1918272}"
r2_strong_chain_rdf-lazy_t32,ok,3,ares,chain,rdf-lazy,vector,32,5,,ds_x32.root,11098400,,0.9510811949148774,3.1344269951805472,0.44342375081032515,2.9328709123656154,4.52893194090575,35955128,6168803,17977564,849533703,909636887,8647636,348036,8299600,8647636,494,8.77,37.483002667,12.780311096872211,3784141.999979186,,1,,,,48,33,6.32.10,,"{""events_passed"": 1732992, ""intermediate"": null}"
r2_strong_eff_jit_t32,ok,3,ares,efficiency,jit,vector,32,,,ds_x32.root,11098400,16452192,1.7213348168879747,4.154510201886296,0.001751219853758812,2.96687363833189,5.87759623862803,53932692,10240641,0,1037206443,1101381465,8699656,347948,8351708,8699656,412,10.11,34.535910626,11.640506080136817,3740772.7301254463,5545295.825018744,,,,,48,33,6.32.10,,"{""eff_sum"": 2000393.9393367767, ""eff_hits"": 2075584}"
r2_strong_filter_rdf_t48,ok,3,ares,filter,rdf,vector,48,,,ds_x32.root,11098400,,1.0051583442837,2.6464911103248596,0.5014317510649562,3.9130751211196184,4.153081205673516,35955128,1756209,17977564,938169326,993859916,12735760,347652,12388108,12735760,569,9.44,48.05807938700001,12.28140986295441,2836234.8425410497,,,,,,48,49,6.32.10,,"{""events_passed"": 1918272}"
r2_strong_chain_rdf-lazy_t48,ok,3,ares,chain,rdf-lazy,vector,48,5,,ds_x32.root,11098400,,0.9555604411289096,3.17404390219599,0.44487764686346054,4.260046117939055,4.57448199018836,35955128,6168803,17977564,1137174727,1197277911,12682412,347772,12334640,12682412,630,10.26,58.65542352399999,13.768729703887944,2605230.012244383,,1,,,,48,49,6.32.10,,"{""events_passed"": 1732992, ""intermediate"": null}"
r2_strong_eff_jit_t48,ok,3,ares,efficiency,jit,vector,48,,,ds_x32.root,11098400,16452192,1.7040409380570054,4.183324639685452,0.0017585763707756996,4.28938942681998,5.889124154113233,53932692,10240641,0,1324847467,1389022489,12752668,347684,12404984,12752668,547,11.51,55.617521268999994,12.966302598044377,2587407.879220705,3835555.6847159816,,,,,48,49,6.32.10,,"{""eff_sum"": 2000393.9393367767, ""eff_hits"": 2075584}"
r3_strong_filter_rdf_t0,ok,3,ares,filter,rdf,vector,0,,,ds_x32.root,11098400,,0.9649169910699129,2.6255359472706914,0.5313211996108294,3.3514826335012913,4.121774137951434,35955128,1756209,17977564,57268690,112959280,759592,347744,411848,759592,99,8.66,3.347716426,0.9988762562981397,3311489.6341878134,,,,,,48,2,6.32.10,,"{""events_passed"": 1918272}"
r3_strong_chain_rdf-lazy_t0,ok,3,ares,chain,rdf-lazy,vector,0,5,,ds_x32.root,11098400,,0.9570420188829303,3.161113132722676,0.46471881680190563,9.776319563388824,4.582873968407512,35955128,6168803,17977564,256274091,316377275,769528,347860,421668,769528,99,15.53,9.763265938,0.9986647710005605,1135232.9399667142,,1,,,,48,2,6.32.10,,"{""events_passed"": 1732992, ""intermediate"": null}"
r3_strong_eff_jit_t0,ok,3,ares,efficiency,jit,vector,0,,,ds_x32.root,11098400,16452192,1.689102167263627,4.17103130929172,0.0018149977549910545,6.169737556949258,5.8619484743103385,53932692,10240641,0,443946831,508121853,798384,347636,450748,798384,99,13.17,6.160210247,0.9984557998032628,1798844.7478611735,2666595.110106287,,,,,48,2,6.32.10,,"{""eff_sum"": 2000393.9393367767, ""eff_hits"": 2075584}"
r3_strong_filter_rdf_t1,ok,3,ares,filter,rdf,vector,1,,,ds_x32.root,11098400,,0.956044009886682,2.6370472563430667,0.4434237889945507,4.137998799793422,4.036515055224299,35955128,1756209,17977564,93223818,148914408,914880,347748,567132,914880,99,9.36,4.132199366,0.9985984931185307,2682069.410110524,,,,,,48,2,6.32.10,,"{""events_passed"": 1918272}"
r3_strong_chain_rdf-lazy_t1,ok,3,ares,chain,rdf-lazy,vector,1,5,,ds_x32.root,11098400,,0.9550469564273953,3.1661808053031564,0.449340520426631,10.94907764159143,4.570568282157183,35955128,6168803,17977564,292229219,352332403,926308,347804,578504,926308,99,16.7,10.93427075,0.9986476585447541,1013637.8938296456,,1,,,,48,2,6.32.10,,"{""events_passed"": 1732992, ""intermediate"": null}"
r3_strong_eff_jit_t1,ok,3,ares,efficiency,jit,vector,1,,,ds_x32.root,11098400,16452192,1.7242829194292426,4.206290676258504,0.0017427606508135796,7.1583674643188715,5.932316356338561,53932692,10240641,0,479901959,544076981,947604,350376,597228,947604,99,14.23,7.146067577,0.9982817468675392,1550409.3713155068,2298316.2127407566,,,,,48,2,6.32.10,,"{""eff_sum"": 2000393.9393367767, ""eff_hits"": 2075584}"
r3_strong_filter_rdf_t2,ok,3,ares,filter,rdf,vector,2,,,ds_x32.root,11098400,,0.9545810306444764,2.626522483304143,0.44439242128282785,2.6345320641994476,4.025495935231447,35955128,1756209,17977564,111201382,166891972,1162372,347664,814708,1162372,125,7.86,4.634198713,1.759021564388585,4212664.613506027,,,,,,48,3,6.32.10,,"{""events_passed"": 1918272}"
r3_strong_chain_rdf-lazy_t2,ok,3,ares,chain,rdf-lazy,vector,2,5,,ds_x32.root,11098400,,0.9535072781145573,3.1369890114292502,0.4442336931824684,6.003414957784116,4.534729982726276,35955128,6168803,17977564,310206783,370309967,1166848,347844,819004,1166848,144,11.72,11.212622229,1.8677073478756536,1848681.1386591978,,1,,,,48,3,6.32.10,,"{""events_passed"": 1732992, ""intermediate"": null}"
r3_strong_eff_jit_t2,ok,3,ares,efficiency,jit,vector,2,,,ds_x32.root,11098400,16452192,1.6985262613743544,4.157688529230654,0.0017965473234653473,4.450072628445923,5.858011337928474,53932692,10240641,0,497879523,562054545,1188292,347768,840524,1188292,130,11.44,7.960489826,1.7888449224659064,2493981.7676359676,3697061.4580161395,,,,,48,3,6.32.10,,"{""eff_sum"": 2000393.9393367767, ""eff_hits"": 2075584}"
r3_strong_filter_rdf_t4,ok,3,ares,filter,rdf,vector,4,,,ds_x32.root,11098400,,0.9559432473033667,2.605760434642434,0.4420803673565388,1.9045357685536146,4.0037840493023396,35955128,1756209,17977564,147156510,202847100,1645692,347784,1297908,1645692,154,7.11,5.765141109,3.027058459174171,5827351.832005023,,,,,,48,5,6.32.10,,"{""events_passed"": 1918272}"
r3_strong_chain_rdf-lazy_t4,ok,3,ares,chain,rdf-lazy,vector,4,5,,ds_x32.root,11098400,,0.953730178065598,3.1179278902709484,0.4462800621986389,4.0139445485547185,4.517938130535185,35955128,6168803,17977564,346161911,406265095,1687424,347680,1339744,1687424,199,9.74,13.677102149000001,3.407396884424985,2764960.966886338,,1,,,,48,5,6.32.10,,"{""events_passed"": 1732992, ""intermediate"": null}"
r3_strong_eff_jit_t4,ok,3,ares,efficiency,jit,vector,4,,,ds_x32.root,11098400,16452192,1.7049694787710905,4.198109717108309,0.001821989193558693,3.032647306099534,5.9049011850729585,53932692,10240641,0,533834651,598009673,1705464,347800,1357664,1705464,164,10.09,9.526278301,3.1412417401258264,3659640.861526461,5425026.499754807,,,,,48,5,6.32.10,,"{""eff_sum"": 2000393.9393367767, ""eff_hits"": 2075584}"
r3_strong_filter_rdf_t8,ok,3,ares,filter,rdf,vector,8,,,ds_x32.root,11098400,,0.9560885839164257,2.62399045471102,0.4425753140822053,1.589317161589861,4.022654352709651,35955128,1756209,17977564,219066766,274757356,2613844,347808,2266036,2613844,194,6.84,8.079227438,5.083458250660308,6983124.74578567,,,,,,48,9,6.32.10,,"{""events_passed"": 1918272}"
r3_strong_chain_rdf-lazy_t8,ok,3,ares,chain,rdf-lazy,vector,8,5,,ds_x32.root,11098400,,0.9556668093428016,3.1664448929950595,0.4457022324204445,3.1750088641420007,4.5678139347583055,35955128,6168803,17977564,418072167,478175351,2728612,347900,2380712,2728612,282,9.01,19.598514588,6.172743266748709,3495549.296048715,,1,,,,48,9,6.32.10,,"{""events_passed"": 1732992, ""intermediate"": null}"
r3_strong_eff_jit_t8,ok,3,ares,efficiency,jit,vector,8,,,ds_x32.root,11098400,16452192,1.7098882552236319,4.227608298882842,0.001810145564377308,2.284789953380823,5.939306699670851,53932692,10240641,0,605744907,669919929,2747832,347672,2400160,2747832,205,9.4,12.209593526000003,5.3438581992770775,4857514.356441214,7200745.9485085495,,,,,48,9,6.32.10,,"{""eff_sum"": 2000393.9393367767, ""eff_hits"": 2075584}"
r3_strong_filter_rdf_t12,ok,3,ares,filter,rdf,vector,12,,,ds_x32.root,11098400,,0.9552937587723136,2.63155762758106,0.4424651563167572,1.6119609428569674,4.029316542670131,35955128,1756209,17977564,290977022,346667612,3652044,347944,3304100,3652044,237,6.88,11.113552304,6.894430261010442,6885030.340952115,,,,,,48,13,6.32.10,,"{""events_passed"": 1918272}"
r3_strong_chain_rdf-lazy_t12,ok,3,ares,chain,rdf-lazy,vector,12,5,,ds_x32.root,11098400,,0.9545337986201048,3.1552214976400137,0.44775255117565393,2.195588714443147,4.557507847435772,35955128,6168803,17977564,489982423,550085607,3670224,347768,3322456,3670224,297,7.98,17.96913305,8.184198129546951,5054862.929013923,,1,,,,48,13,6.32.10,,"{""events_passed"": 1732992, ""intermediate"": null}"
r3_strong_eff_jit_t12,ok,3,ares,efficiency,jit,vector,12,,,ds_x32.root,11098400,16452192,1.7120622741058469,4.16684059612453,0.001854177564382553,2.113120033405721,5.880757047794759,53932692,10240641,0,677655163,741830185,3689128,351576,3337552,3689128,244,9.19,15.396764689,7.286270749222416,5252138.934158264,7785734.714503633,,,,,48,13,6.32.10,,"{""eff_sum"": 2000393.9393367767, ""eff_hits"": 2075584}"
r3_strong_filter_rdf_t16,ok,3,ares,filter,rdf,vector,16,,,ds_x32.root,11098400,,0.9549693074077368,2.6448666397482157,0.4424858773127198,1.73259861394763,4.042321824468672,35955128,1756209,17977564,362887278,418577868,4665908,347916,4317992,4665908,279,7.02,14.352471569999999,8.283783361282211,6405638.276896061,,,,,,48,17,6.32.10,,"{""events_passed"": 1918272}"
r3_strong_chain_rdf-lazy_t16,ok,3,ares,chain,rdf-lazy,vector,16,5,,ds_x32.root,11098400,,0.9583247750997543,3.1427367385476828,0.4457198539748788,2.393687393516302,4.546781367622316,35955128,6168803,17977564,561892679,621995863,4672768,347716,4325052,4672768,345,8.25,22.646438135,9.460900448547132,4636528.5751438765,,1,,,,48,17,6.32.10,,"{""events_passed"": 1732992, ""intermediate"": null}"
r3_strong_eff_jit_t16,ok,3,ares,efficiency,jit,vector,16,,,ds_x32.root,11098400,16452192,1.706534992903471,4.165310983546078,0.0017698463052511215,2.099871783517301,5.8736158227548,53932692,10240641,0,749565419,813740441,4677156,347820,4329336,4677156,279,9.2,18.528209763,8.82349575266215,5285275.075895394,7834855.503626252,,,,,48,17,6.32.10,,"{""eff_sum"": 2000393.9393367767, ""eff_hits"": 2075584}"
r3_strong_filter_rdf_t24,ok,3,ares,filter,rdf,vector,24,,,ds_x32.root,11098400,,0.9552293755114079,2.6356081003323197,0.44207135308533907,2.081281811930239,4.032908828929067,35955128,1756209,17977564,506707790,562398380,6608416,347832,6260584,6608416,357,7.39,21.054145877,10.115951504651738,5332483.057499567,,,,,,48,25,6.32.10,,"{""events_passed"": 1918272}"
r3_strong_chain_rdf-lazy_t24,ok,3,ares,chain,rdf-lazy,vector,24,5,,ds_x32.root,11098400,,0.9556066310033202,3.162097687833011,0.44536468386650085,2.6050442066043615,4.563069002702832,35955128,6168803,17977564,705713191,765816375,6621292,347604,6273688,6621292,463,8.51,33.507129324000005,12.862403347725172,4260349.967138027,,1,,,,48,25,6.32.10,,"{""events_passed"": 1732992, ""intermediate"": null}"
r3_strong_eff_jit_t24,ok,3,ares,efficiency,jit,vector,24,,,ds_x32.root,11098400,16452192,1.6973317228257656,4.157205248251557,0.00176901463419199,2.498649600893259,5.856305985711515,53932692,10240641,0,893385931,957560953,6662396,347804,6314592,6662396,356,9.59,27.114883262,10.851815017322364,4441759.259094336,6584433.445217127,,,,,48,25,6.32.10,,"{""eff_sum"": 2000393.9393367767, ""eff_hits"": 2075584}"
r3_strong_filter_rdf_t32,ok,3,ares,filter,rdf,vector,32,,,ds_x32.root,11098400,,0.9605310363695025,2.620444872416556,0.45007911790162325,2.510481830686331,4.031055026687682,35955128,1756209,17977564,650528302,706218892,8642876,349656,8293220,8642876,436,7.85,28.871131517000002,11.500235199514284,4420824.665743887,,,,,,48,33,6.32.10,,"{""events_passed"": 1918272}"
r3_strong_chain_rdf-lazy_t32,ok,3,ares,chain,rdf-lazy,vector,32,5,,ds_x32.root,11098400,,0.9536889707669616,3.138378541916609,0.44548915792256594,2.94167544785887,4.537556670606136,35955128,6168803,17977564,849533703,909636887,8738544,347784,8390760,8738544,504,8.8,38.46451198,13.075715748315064,3772815.933205034,,1,,,,48,33,6.32.10,,"{""events_passed"": 1732992, ""intermediate"": null}"
r3_strong_eff_jit_t32,ok,3,ares,efficiency,jit,vector,32,,,ds_x32.root,11098400,16452192,1.7170971063897014,4.1868854854255915,0.0017250338569283485,3.018694275058806,5.905707625672221,53932692,10240641,0,1037206443,1101381465,8659272,349732,8309540,8659272,413,10.19,34.858888768999996,11.547671142789351,3676556.480627306,5450102.097430686,,,,,48,33,6.32.10,,"{""eff_sum"": 2000393.9393367767, ""eff_hits"": 2075584}"
r3_strong_filter_rdf_t48,ok,3,ares,filter,rdf,vector,48,,,ds_x32.root,11098400,,0.9576710611581802,2.638392264023423,0.4470386588945985,3.797877471894026,4.043101984076202,35955128,1756209,17977564,938169326,993859916,12630096,347644,12282452,12630096,569,9.23,47.045862922,12.387409354346001,2922263.838718619,,,,,,48,49,6.32.10,,"{""events_passed"": 1918272}"
r3_strong_chain_rdf-lazy_t48,ok,3,ares,chain,rdf-lazy,vector,48,5,,ds_x32.root,11098400,,0.9567746734246612,3.1739929104223847,0.44653935357928276,4.548567678779364,4.577306937426329,35955128,6168803,17977564,1137174727,1197277911,12749136,347780,12401356,12749136,670,10.53,64.611051237,14.204702622857043,2439976.8858618643,,1,,,,48,49,6.32.10,,"{""events_passed"": 1732992, ""intermediate"": null}"
r3_strong_eff_jit_t48,ok,3,ares,efficiency,jit,vector,48,,,ds_x32.root,11098400,16452192,1.7181123197078705,4.175728744827211,0.0017380723729729652,4.450481238774955,5.895579136908054,53932692,10240641,0,1324847467,1389022489,12752920,347640,12405280,12752920,554,11.68,57.347150173,12.885606543706148,2493752.78864336,3696722.0211288095,,,,,48,49,6.32.10,,"{""eff_sum"": 2000393.9393367767, ""eff_hits"": 2075584}"
r4_strong_filter_rdf_t0,ok,3,ares,filter,rdf,vector,0,,,ds_x32.root,11098400,,0.942402970045805,2.630729024298489,0.4420551499351859,3.2245791302993894,4.01518714427948,35955128,1756209,17977564,57268690,112959280,759320,347724,411596,759320,99,8.42,3.220911437,0.998862582324333,3441813.5054324307,,,,,,48,2,6.32.10,,"{""events_passed"": 1918272}"
r4_strong_chain_rdf-lazy_t0,ok,3,ares,chain,rdf-lazy,vector,0,5,,ds_x32.root,11098400,,0.9426647806540132,3.1612612772732973,0.4455059953033924,9.847975702024996,4.549432053230703,35955128,6168803,17977564,256274091,316377275,768568,348048,420520,768568,99,15.58,9.83449138,0.9986307518993752,1126972.72371599,,1,,,,48,2,6.32.10,,"{""events_passed"": 1732992, ""intermediate"": null}"
r4_strong_eff_jit_t0,ok,3,ares,efficiency,jit,vector,0,,,ds_x32.root,11098400,16452192,1.7144930372014642,4.159670080989599,0.0017134081572294235,6.093801535665989,5.875876526348293,53932692,10240641,0,443946831,508121853,799716,347624,452092,799716,99,13.11,6.0842885639999995,0.9984389101597235,1821260.4947901475,2699824.0595313297,,,,,48,2,6.32.10,,"{""eff_sum"": 2000393.9393367767, ""eff_hits"": 2075584}"
r4_strong_filter_rdf_t1,ok,3,ares,filter,rdf,vector,1,,,ds_x32.root,11098400,,0.954413179308176,2.637325412593782,0.44365824572741985,4.101851639337838,4.035396837629378,35955128,1756209,17977564,93223818,148914408,917672,349404,568268,917672,99,9.32,4.096414497,0.9986744663591207,2705704.8805869576,,,,,,48,2,6.32.10,,"{""events_passed"": 1918272}"
r4_strong_chain_rdf-lazy_t1,ok,3,ares,chain,rdf-lazy,vector,1,5,,ds_x32.root,11098400,,0.9556460501626134,3.179587811231613,0.446719310246408,10.856224194169044,4.5819531716406345,35955128,6168803,17977564,292229219,352332403,924980,347920,577060,924980,99,16.62,10.841370181,0.9986317514355477,1022307.5538510921,,1,,,,48,2,6.32.10,,"{""events_passed"": 1732992, ""intermediate"": null}"
r4_strong_eff_jit_t1,ok,3,ares,efficiency,jit,vector,1,,,ds_x32.root,11098400,16452192,1.7264985190704465,4.150921410880983,0.001706956885755062,7.073718806728721,5.879126886837184,53932692,10240641,0,479901959,544076981,944760,347688,597072,944760,99,14.09,7.062513525,0.9984159277411392,1568962.56456263,2325819.3390936335,,,,,48,2,6.32.10,,"{""eff_sum"": 2000393.9393367767, ""eff_hits"": 2075584}"
r4_strong_filter_rdf_t2,ok,3,ares,filter,rdf,vector,2,,,ds_x32.root,11098400,,0.9529414735734463,2.620781964622438,0.443015213124454,2.6024258472025394,4.016738651320338,35955128,1756209,17977564,111201382,166891972,1162852,347636,815216,1162852,125,7.81,4.606538585000001,1.7700940797032774,4264636.401429133,,,,,,48,3,6.32.10,,"{""events_passed"": 1918272}"
r4_strong_chain_rdf-lazy_t2,ok,3,ares,chain,rdf-lazy,vector,2,5,,ds_x32.root,11098400,,0.9542621402069926,3.167489410378039,0.44528100453317165,6.000329241156578,4.567032555118203,35955128,6168803,17977564,310206783,370309967,1168828,347916,820912,1168828,143,11.74,11.17952309,1.8631516106348056,1849631.8375124289,,1,,,,48,3,6.32.10,,"{""events_passed"": 1732992, ""intermediate"": null}"
r4_strong_eff_jit_t2,ok,3,ares,efficiency,jit,vector,2,,,ds_x32.root,11098400,16452192,1.7221428528428078,4.1692849500104785,0.00175468809902668,4.468979311175644,5.893182490952313,53932692,10240641,0,497879523,562054545,1189348,351432,837916,1189348,130,11.5,7.973313243000001,1.784146376122399,2483430.60623397,3681420.48875853,,,,,48,3,6.32.10,,"{""eff_sum"": 2000393.9393367767, ""eff_hits"": 2075584}"
r4_strong_filter_rdf_t4,ok,3,ares,filter,rdf,vector,4,,,ds_x32.root,11098400,,0.9529017088934779,2.6392748318612576,0.44285777769982815,1.9092329675331712,4.035034318454564,35955128,1756209,17977564,147156510,202847100,1640452,347928,1292524,1640452,153,7.14,5.748085031,3.0106776536688584,5813015.063499408,,,,,,48,5,6.32.10,,"{""events_passed"": 1918272}"
r4_strong_chain_rdf-lazy_t4,ok,3,ares,chain,rdf-lazy,vector,4,5,,ds_x32.root,11098400,,0.9541528783738613,3.1733639873564243,0.444550602696836,3.8795684408396482,4.572067468427122,35955128,6168803,17977564,346161911,406265095,1690828,349756,1341072,1690828,194,9.7,13.038664202,3.360854280786464,2860730.5604326427,,1,,,,48,5,6.32.10,,"{""events_passed"": 1732992, ""intermediate"": null}"
r4_strong_eff_jit_t4,ok,3,ares,efficiency,jit,vector,4,,,ds_x32.root,11098400,16452192,1.704394992440939,4.201375403441489,0.0018137581646442413,3.234048147685826,5.907584154047072,53932692,10240641,0,533834651,598009673,1707416,347772,1359644,1707416,163,10.37,9.875948717,3.053742018054645,3431736.168783274,5087182.147171379,,,,,48,5,6.32.10,,"{""eff_sum"": 2000393.9393367767, ""eff_hits"": 2075584}"
r4_strong_filter_rdf_t8,ok,3,ares,filter,rdf,vector,8,,,ds_x32.root,11098400,,1.016423619352281,2.6408809097483754,0.5060892319306731,1.7767030214890838,4.16339376103133,35955128,1756209,17977564,219066766,274757356,2735768,347708,2388060,2735768,193,7.24,8.539625447,4.806445052275985,6246626.400566511,,,,,,48,9,6.32.10,,"{""events_passed"": 1918272}"
r4_strong_chain_rdf-lazy_t8,ok,3,ares,chain,rdf-lazy,vector,8,5,,ds_x32.root,11098400,,0.9593705469742417,3.14739160425961,0.4466263484209776,3.042384191416204,4.5533884996548295,35955128,6168803,17977564,418072167,478175351,2726108,347692,2378416,2726108,276,8.81,18.632927969,6.124449378080199,3647928.5000602733,,1,,,,48,9,6.32.10,,"{""events_passed"": 1732992, ""intermediate"": null}"
r4_strong_eff_jit_t8,ok,3,ares,efficiency,jit,vector,8,,,ds_x32.root,11098400,16452192,1.7267029453068972,4.151045851409435,0.0017162458971142769,2.291364496573806,5.879465042613447,53932692,10240641,0,605744907,669919929,2715708,347828,2367880,2715708,204,9.35,12.142294371000002,5.299154451051299,4843576.836681826,7180085.064859984,,,,,48,9,6.32.10,,"{""eff_sum"": 2000393.9393367767, ""eff_hits"": 2075584}"
r4_strong_filter_rdf_t12,ok,3,ares,filter,rdf,vector,12,,,ds_x32.root,11098400,,0.957134454511106,2.6179933696985245,0.4457481009885669,1.5889978427439928,4.020875925198197,35955128,1756209,17977564,290977022,346667612,3655084,347720,3307364,3655084,234,6.85,10.837093704,6.820080816022851,6984528.047460723,,,,,,48,13,6.32.10,,"{""events_passed"": 1918272}"
r4_strong_chain_rdf-lazy_t12,ok,3,ares,chain,rdf-lazy,vector,12,5,,ds_x32.root,11098400,,0.9605549415573478,3.1694618286564946,0.44592755660414696,2.3235831251367927,4.575944326817989,35955128,6168803,17977564,489982423,550085607,3653620,349872,3303748,3653620,304,8.14,19.014942548999997,8.183456982147156,4776416.165161563,,1,,,,48,13,6.32.10,,"{""events_passed"": 1732992, ""intermediate"": null}"
r4_strong_eff_jit_t12,ok,3,ares,efficiency,jit,vector,12,,,ds_x32.root,11098400,16452192,1.7210913700982928,4.199537445791066,0.0017186934128403664,2.1238478804007173,5.922347509302199,53932692,10240641,0,677655163,741830185,3672372,347904,3324468,3672372,238,9.25,14.996585825,7.061045173428578,5225609.659909356,7746407.900407576,,,,,48,13,6.32.10,,"{""eff_sum"": 2000393.9393367767, ""eff_hits"": 2075584}"
r4_strong_filter_rdf_t16,ok,3,ares,filter,rdf,vector,16,,,ds_x32.root,11098400,,0.9515517149120569,2.6396960094571114,0.4426600942388177,1.7528560506179929,4.033907818607986,35955128,1756209,17977564,362887278,418577868,4681552,347684,4333868,4681552,280,7.04,14.459269304000001,8.24897703316949,6331609.487320485,,,,,,48,17,6.32.10,,"{""events_passed"": 1918272}"
r4_strong_chain_rdf-lazy_t16,ok,3,ares,chain,rdf-lazy,vector,16,5,,ds_x32.root,11098400,,0.9554868265986443,3.165146100334823,0.4463030183687806,2.385646527633071,4.566935945302248,35955128,6168803,17977564,561892679,621995863,4680980,351848,4329132,4680980,358,8.21,23.650407726,9.91362611856202,4652156.080729748,,1,,,,48,17,6.32.10,,"{""events_passed"": 1732992, ""intermediate"": null}"
r4_strong_eff_jit_t16,ok,3,ares,efficiency,jit,vector,16,,,ds_x32.root,11098400,16452192,1.718794764019549,4.145428130403161,0.001759963110089302,2.2338185384869576,5.865982857532799,53932692,10240641,0,749565419,813740441,4703372,347592,4355780,4703372,281,9.31,19.112214504,8.555849176963749,4968353.431034434,7365053.032080053,,,,,48,17,6.32.10,,"{""eff_sum"": 2000393.9393367767, ""eff_hits"": 2075584}"
r4_strong_filter_rdf_t24,ok,3,ares,filter,rdf,vector,24,,,ds_x32.root,11098400,,0.950876722112298,2.604722686111927,0.4408107362687588,2.116888259537518,3.996410144492984,35955128,1756209,17977564,506707790,562398380,6678344,347872,6330472,6678344,363,7.4,21.625322625000003,10.215618385887096,5242789.71740563,,,,,,48,25,6.32.10,,"{""events_passed"": 1918272}"
r4_strong_chain_rdf-lazy_t24,ok,3,ares,chain,rdf-lazy,vector,24,5,,ds_x32.root,11098400,,0.9563677227124572,3.1352919405326247,0.44574558455497026,2.53936786390841,4.537405247800052,35955128,6168803,17977564,705713191,765816375,6600172,347888,6252284,6600172,426,8.36,29.805159478,11.73723583007232,4370536.525148488,,1,,,,48,25,6.32.10,,"{""events_passed"": 1732992, ""intermediate"": null}"
r4_strong_eff_jit_t24,ok,3,ares,efficiency,jit,vector,24,,,ds_x32.root,11098400,16452192,1.698408025316894,4.166052778251469,0.0018251938745379448,2.638065844774246,5.866285997442901,53932692,10240641,0,893385931,957560953,6759820,347784,6412036,6759820,355,9.76,27.454094646999998,10.406902731932908,4207021.603340515,6236459.955156239,,,,,48,25,6.32.10,,"{""eff_sum"": 2000393.9393367767, ""eff_hits"": 2075584}"
r4_strong_filter_rdf_t32,ok,3,ares,filter,rdf,vector,32,,,ds_x32.root,11098400,,0.9556544357910752,2.6265488136559725,0.44182581547647715,2.539028408937156,4.024029064923525,35955128,1756209,17977564,650528302,706218892,8596508,347620,8248888,8596508,444,7.87,29.581300438,11.65063783212367,4371120.843285806,,,,,,48,33,6.32.10,,"{""events_passed"": 1918272}"
r4_strong_chain_rdf-lazy_t32,ok,3,ares,chain,rdf-lazy,vector,32,5,,ds_x32.root,11098400,,0.9603400751948357,3.1549300719052553,0.44433954264968634,2.994394768960774,4.559609689749777,35955128,6168803,17977564,849533703,909636887,8550132,347932,8202200,8550132,505,8.88,38.983163416,13.018712101721103,3706391.727317831,,1,,,,48,33,6.32.10,,"{""events_passed"": 1732992, ""intermediate"": null}"
r4_strong_eff_jit_t32,ok,3,ares,efficiency,jit,vector,32,,,ds_x32.root,11098400,16452192,1.7054579555988312,4.178159669041634,0.0018170904368162155,2.936338915489614,5.885434715077281,53932692,10240641,0,1037206443,1101381465,8533348,349436,8183912,8533348,414,10.1,34.635097201,11.795333644319747,3779672.687459315,5602960.854829223,,,,,48,33,6.32.10,,"{""eff_sum"": 2000393.9393367767, ""eff_hits"": 2075584}"
r4_strong_filter_rdf_t48,ok,3,ares,filter,rdf,vector,48,,,ds_x32.root,11098400,,0.9504151931032538,2.616299112327397,0.440906104631722,3.7727899849414825,4.007620410062373,35955128,1756209,17977564,938169326,993859916,12735264,347688,12387576,12735264,575,9.16,47.212956463,12.514069601394016,2941695.6799338358,,,,,,48,49,6.32.10,,"{""events_passed"": 1918272}"
r4_strong_chain_rdf-lazy_t48,ok,3,ares,chain,rdf-lazy,vector,48,5,,ds_x32.root,11098400,,0.9523191945627332,3.145767917856574,0.4434311334043741,4.565958802588284,4.541518245823681,35955128,6168803,17977564,1137174727,1197277911,12533556,347828,12185728,12533556,665,10.53,64.02006521199999,14.021165757279551,2430683.341625575,,1,,,,48,49,6.32.10,,"{""events_passed"": 1732992, ""intermediate"": null}"
r4_strong_eff_jit_t48,ok,3,ares,efficiency,jit,vector,48,,,ds_x32.root,11098400,16452192,1.7011159909889102,4.188493904657662,0.001828465610742569,4.261726859025657,5.891438361257315,53932692,10240641,0,1324847467,1389022489,12585452,347816,12237636,12585452,545,11.51,55.324819897,12.981784550511692,2604202.560869278,3860452.005542515,,,,,48,49,6.32.10,,"{""eff_sum"": 2000393.9393367767, ""eff_hits"": 2075584}"
r5_strong_filter_rdf_t0,ok,3,ares,filter,rdf,vector,0,,,ds_x32.root,11098400,,0.9407531311735511,2.633929164148867,0.44159610476344824,3.208514037542045,4.0162784000858665,35955128,1756209,17977564,57268690,112959280,758372,347812,410560,758372,99,8.4,3.2047872659999994,0.9988384742910769,3459046.7332043154,,,,,,48,2,6.32.10,,"{""events_passed"": 1918272}"
r5_strong_chain_rdf-lazy_t0,ok,3,ares,chain,rdf-lazy,vector,0,5,,ds_x32.root,11098400,,0.9422008730471134,3.1375461108982563,0.4444373743608594,9.820804229006171,4.524184358306229,35955128,6168803,17977564,256274091,316377275,767728,347748,419980,767728,99,15.52,9.808104079,0.9987068116103301,1130090.7482933418,,1,,,,48,2,6.32.10,,"{""events_passed"": 1732992, ""intermediate"": null}"
r5_strong_eff_jit_t0,ok,3,ares,efficiency,jit,vector,0,,,ds_x32.root,11098400,16452192,1.6916303737089038,4.166682796552777,0.001814045011997223,6.2282845210283995,5.860127215273678,53932692,10240641,0,443946831,508121853,799572,347708,451864,799572,99,13.23,6.218098313,0.9983645242933253,1781935.2925398243,2641528.649574836,,,,,48,2,6.32.10,,"{""eff_sum"": 2000393.9393367767, ""eff_hits"": 2075584}"
r5_strong_filter_rdf_t1,ok,3,ares,filter,rdf,vector,1,,,ds_x32.root,11098400,,0.9577002003788948,2.616706688888371,0.4440054055303335,4.08545402251184,4.018412294797599,35955128,1756209,17977564,93223818,148914408,916584,347780,568804,916584,99,9.29,4.080059823999999,0.998679657516125,2716564.655689461,,,,,,48,2,6.32.10,,"{""events_passed"": 1918272}"
r5_strong_chain_rdf-lazy_t1,ok,3,ares,chain,rdf-lazy,vector,1,5,,ds_x32.root,11098400,,0.9558152435347438,3.147299498319626,0.4461385291069746,10.74753764551133,4.549253270961344,35955128,6168803,17977564,292229219,352332403,927996,347696,580300,927996,99,16.47,10.732979712,0.9986454633617954,1032645.8362893204,,1,,,,48,2,6.32.10,,"{""events_passed"": 1732992, ""intermediate"": null}"
r5_strong_eff_jit_t1,ok,3,ares,efficiency,jit,vector,1,,,ds_x32.root,11098400,16452192,1.7204321892932057,4.161275556311011,0.0017372239381074905,7.116152724251151,5.8834449695423245,53932692,10240641,0,479901959,544076981,943820,347796,596024,943820,99,14.14,7.104779163,0.9984017260882567,1559606.774904892,2311950.3807067745,,,,,48,2,6.32.10,,"{""eff_sum"": 2000393.9393367767, ""eff_hits"": 2075584}"
r5_strong_filter_rdf_t2,ok,3,ares,filter,rdf,vector,2,,,ds_x32.root,11098400,,0.9572231685742736,2.6184557555243373,0.44368724524974823,2.7138109570369124,4.019366169348359,35955128,1756209,17977564,111201382,166891972,1166404,347672,818732,1166404,125,7.92,4.7565875559999995,1.7527335659347114,4089599.5246912264,,,,,,48,3,6.32.10,,"{""events_passed"": 1918272}"
r5_strong_chain_rdf-lazy_t2,ok,3,ares,chain,rdf-lazy,vector,2,5,,ds_x32.root,11098400,,0.9545097853988409,3.1480132341384888,0.4460894539952278,6.006273593753576,4.5486124735325575,35955128,6168803,17977564,310206783,370309967,1168172,347684,820488,1168172,144,11.74,11.218362274,1.8677741030090451,1847801.2742446747,,1,,,,48,3,6.32.10,,"{""events_passed"": 1732992, ""intermediate"": null}"
r5_strong_eff_jit_t2,ok,3,ares,efficiency,jit,vector,2,,,ds_x32.root,11098400,16452192,1.7002406530082226,4.192424385808408,0.0018129022791981697,4.431266982108355,5.894477941095829,53932692,10240641,0,497879523,562054545,1189116,347672,841444,1189116,129,11.46,7.893862099000001,1.7814006989134687,2504565.860014936,3712751.2439280297,,,,,48,3,6.32.10,,"{""eff_sum"": 2000393.9393367767, ""eff_hits"": 2075584}"
r5_strong_filter_rdf_t4,ok,3,ares,filter,rdf,vector,4,,,ds_x32.root,11098400,,0.9569161599501967,2.6196084544062614,0.4431940382346511,1.9267549831420183,4.019718652591109,35955128,1756209,17977564,147156510,202847100,1647512,347864,1299648,1647512,154,7.14,5.8450837799999995,3.0336414495569346,5760151.185337276,,,,,,48,5,6.32.10,,"{""events_passed"": 1918272}"
r5_strong_chain_rdf-lazy_t4,ok,3,ares,chain,rdf-lazy,vector,4,5,,ds_x32.root,11098400,,0.9573982441797853,3.1419164147228003,0.4478092398494482,3.9000083012506366,4.547123898752034,35955128,6168803,17977564,346161911,406265095,1690080,347792,1342288,1690080,192,9.73,12.907299934000001,3.309557041163463,2845737.5325178197,,1,,,,48,5,6.32.10,,"{""events_passed"": 1732992, ""intermediate"": null}"
r5_strong_eff_jit_t4,ok,3,ares,efficiency,jit,vector,4,,,ds_x32.root,11098400,16452192,1.7223195554688573,4.166895451955497,0.001868278719484806,3.1692052632570267,5.891083286143839,53932692,10240641,0,533834651,598009673,1707084,347820,1359264,1707084,163,10.27,9.685469004,3.0561191842923225,3501950.513799808,5191267.41039547,,,,,48,5,6.32.10,,"{""eff_sum"": 2000393.9393367767, ""eff_hits"": 2075584}"
r5_strong_filter_rdf_t8,ok,3,ares,filter,rdf,vector,8,,,ds_x32.root,11098400,,0.9545522388070822,2.6254665199667215,0.44184677209705114,1.6451662564650178,4.021865530870855,35955128,1756209,17977564,219066766,274757356,2620992,347684,2273308,2620992,193,6.94,8.125042706999999,4.938736541107003,6746065.910595093,,,,,,48,9,6.32.10,,"{""events_passed"": 1918272}"
r5_strong_chain_rdf-lazy_t8,ok,3,ares,chain,rdf-lazy,vector,8,5,,ds_x32.root,11098400,,0.9558412255719304,3.1422250727191567,0.44642490427941084,3.452173011377454,4.544491202570498,35955128,6168803,17977564,418072167,478175351,2727804,347692,2380112,2727804,280,9.3,20.265365931999998,5.87032163950378,3214902.6029178128,,1,,,,48,9,6.32.10,,"{""events_passed"": 1732992, ""intermediate"": null}"
r5_strong_eff_jit_t8,ok,3,ares,efficiency,jit,vector,8,,,ds_x32.root,11098400,16452192,1.7125970320776105,4.180625295266509,0.0018515773117542267,2.3416158873587847,5.895073904655874,53932692,10240641,0,605744907,669919929,2717084,347784,2369300,2717084,207,9.42,12.493625347,5.335471720382,4739633.028591377,7025999.477035142,,,,,48,9,6.32.10,,"{""eff_sum"": 2000393.9393367767, ""eff_hits"": 2075584}"
r5_strong_filter_rdf_t12,ok,3,ares,filter,rdf,vector,12,,,ds_x32.root,11098400,,0.9534769933670759,2.638784734532237,0.44434070121496916,1.6098969718441367,4.036602429114282,35955128,1756209,17977564,290977022,346667612,3655504,347656,3307848,3655504,234,6.89,10.866166888,6.7496039051199705,6893857.3052204605,,,,,,48,13,6.32.10,,"{""events_passed"": 1918272}"
r5_strong_chain_rdf-lazy_t12,ok,3,ares,chain,rdf-lazy,vector,12,5,,ds_x32.root,11098400,,0.9605251224711537,3.145174470730126,0.44887686986476183,2.4035425391048193,4.5545764630660415,35955128,6168803,17977564,489982423,550085607,3751316,347588,3403728,3751316,307,8.19,19.375321876,8.061152054007827,4617517.609708507,,1,,,,48,13,6.32.10,,"{""events_passed"": 1732992, ""intermediate"": null}"
r5_strong_eff_jit_t12,ok,3,ares,efficiency,jit,vector,12,,,ds_x32.root,11098400,16452192,1.7033595871180296,4.201126638799906,0.0017947182059288025,2.143355737440288,5.906280944123864,53932692,10240641,0,677655163,741830185,3675180,347920,3327260,3675180,244,9.29,15.539422764999998,7.250043701825261,5178048.518093554,7675903.590156294,,,,,48,13,6.32.10,,"{""eff_sum"": 2000393.9393367767, ""eff_hits"": 2075584}"
r5_strong_filter_rdf_t16,ok,3,ares,filter,rdf,vector,16,,,ds_x32.root,11098400,,0.9560280358418822,2.632160305045545,0.44216752611100674,1.7307860730215907,4.030355866998434,35955128,1756209,17977564,362887278,418577868,4671692,347716,4323976,4671692,279,7.01,14.307998221,8.266762972053055,6412346.4898377145,,,,,,48,17,6.32.10,,"{""events_passed"": 1918272}"
r5_strong_chain_rdf-lazy_t16,ok,3,ares,chain,rdf-lazy,vector,16,5,,ds_x32.root,11098400,,0.9578190725296736,3.151299001649022,0.4475849913433194,2.3670387594029307,4.556703065522015,35955128,6168803,17977564,561892679,621995863,4622736,347800,4274936,4622736,350,8.19,22.864603037000002,9.65958117338452,4688727.616272534,,1,,,,48,17,6.32.10,,"{""events_passed"": 1732992, ""intermediate"": null}"
r5_strong_eff_jit_t16,ok,3,ares,efficiency,jit,vector,16,,,ds_x32.root,11098400,16452192,1.7203754717484117,4.153081391006708,0.0017075100913643837,2.284689378924668,5.875164372846484,53932692,10240641,0,749565419,813740441,4606648,348004,4258644,4606648,284,9.37,19.611511682,8.583885346913341,4857728.189388998,7201062.933002969,,,,,48,17,6.32.10,,"{""eff_sum"": 2000393.9393367767, ""eff_hits"": 2075584}"
r5_strong_filter_rdf_t24,ok,3,ares,filter,rdf,vector,24,,,ds_x32.root,11098400,,0.9551450498402119,2.6293840734288096,0.44222769048064947,2.0436446303501725,4.026756813749671,35955128,1756209,17977564,506707790,562398380,6652800,347680,6305120,6652800,357,7.35,20.941894288,10.247326749960274,5430689.776088087,,,,,,48,25,6.32.10,,"{""events_passed"": 1918272}"
r5_strong_chain_rdf-lazy_t24,ok,3,ares,chain,rdf-lazy,vector,24,5,,ds_x32.root,11098400,,0.9539198623970151,3.1279532918706536,0.4444314166903496,2.4680978106334805,4.526304570958018,35955128,6168803,17977564,705713191,765816375,6709056,347668,6361388,6709056,425,8.28,29.408340809,11.915387097828118,4496742.370656453,,1,,,,48,25,6.32.10,,"{""events_passed"": 1732992, ""intermediate"": null}"
r5_strong_eff_jit_t24,ok,3,ares,efficiency,jit,vector,24,,,ds_x32.root,11098400,16452192,1.7043586857616901,4.198943207040429,0.0018473006784915924,2.3260530354455113,5.905149193480611,53932692,10240641,0,893385931,957560953,6747492,347852,6399640,6747492,353,9.5,26.398629627000002,11.349109080801266,4771344.346357224,7073008.116880231,,,,,48,25,6.32.10,,"{""eff_sum"": 2000393.9393367767, ""eff_hits"": 2075584}"
r5_strong_filter_rdf_t32,ok,3,ares,filter,rdf,vector,32,,,ds_x32.root,11098400,,0.9505075626075268,2.6055090529844165,0.44217960350215435,2.5262780636548996,3.9981962190940976,35955128,1756209,17977564,650528302,706218892,8612664,347680,8264984,8612664,429,7.83,28.273485166,11.19175500621466,4393182.2706576325,,,,,,48,33,6.32.10,,"{""events_passed"": 1918272}"
r5_strong_chain_rdf-lazy_t32,ok,3,ares,chain,rdf-lazy,vector,32,5,,ds_x32.root,11098400,,0.9537991965189576,3.1426753625273705,0.44494969956576824,2.819057052023709,4.541424258612096,35955128,6168803,17977564,849533703,909636887,8293876,347680,7946196,8293876,504,8.74,38.130598178,13.52601152595592,3936919.258882264,,1,,,,48,33,6.32.10,,"{""events_passed"": 1732992, ""intermediate"": null}"
r5_strong_eff_jit_t32,ok,3,ares,efficiency,jit,vector,32,,,ds_x32.root,11098400,16452192,1.7038420606404543,4.181068165227771,0.0018534744158387184,2.9196814503520727,5.886763700284064,53932692,10240641,0,1037206443,1101381465,8557216,347856,8209360,8557216,410,10.07,34.115856748,11.684787305781631,3801236.603623895,5634927.056174603,,,,,48,33,6.32.10,,"{""eff_sum"": 2000393.9393367767, ""eff_hits"": 2075584}"
r5_strong_filter_rdf_t48,ok,3,ares,filter,rdf,vector,48,,,ds_x32.root,11098400,,0.9556157467886806,2.607477717101574,0.44194322638213634,3.895178485661745,4.005036690272391,35955128,1756209,17977564,938169326,993859916,12672780,347792,12324988,12672780,580,9.3,48.495545013,12.450147070670415,2849266.09675359,,,,,,48,49,6.32.10,,"{""events_passed"": 1918272}"
r5_strong_chain_rdf-lazy_t48,ok,3,ares,chain,rdf-lazy,vector,48,5,,ds_x32.root,11098400,,0.9553572721779346,3.1761153042316437,0.4450112134218216,4.354161996394396,4.5764837898314,35955128,6168803,17977564,1137174727,1197277911,12726664,347684,12378980,12726664,633,10.34,59.39015718700001,13.639859342895358,2548917.56650083,,1,,,,48,49,6.32.10,,"{""events_passed"": 1732992, ""intermediate"": null}"
r5_strong_eff_jit_t48,ok,3,ares,efficiency,jit,vector,48,,,ds_x32.root,11098400,16452192,1.7019283939152956,4.202741502784193,0.0018748855218291283,4.606150666251779,5.906544782221317,53932692,10240641,0,1324847467,1389022489,12804076,347692,12456384,12804076,520,11.88,54.424076561999996,11.815522440625502,2409473.9412923376,3571787.636158209,,,,,48,49,6.32.10,,"{""eff_sum"": 2000393.9393367767, ""eff_hits"": 2075584}"
r1_weak_filter_rdf_t1,ok,3,ares,filter,rdf,vector,1,,,ds_x1.root,346825,,0.10255657881498337,2.624655461870134,0.04221669305115938,0.26531491335481405,2.7694287337362766,1127158,1756209,563579,2914331,6362966,503152,347596,155796,504164,98,4.19,0.23641069999999997,0.8910569594851249,1307220.1468606475,,,,,,48,2,6.32.10,,"{""events_passed"": 59946}"
r1_weak_chain_rdf-lazy_t1,ok,3,ares,chain,rdf-lazy,vector,1,5,,ds_x1.root,346825,,0.10284357238560915,3.137945837341249,0.0440779235213995,0.5718497075140476,3.2848673332482576,1127158,6168803,563579,9139955,17001184,514108,347592,166516,515036,98,5.01,0.5069489620000001,0.8865073380973038,606496.769068436,,1,,,,48,2,6.32.10,,"{""events_passed"": 54156, ""intermediate"": null}"
r1_weak_eff_jit_t1,ok,3,ares,efficiency,jit,vector,1,,,ds_x1.root,346825,514131,0.4182437928393483,4.161270818673074,0.0016211317852139473,0.5616333372890949,4.5811357432976365,1690737,10240641,0,15008984,26942051,562868,347956,214912,562868,98,6.26,0.5157595600000002,0.9183207722132035,617529.2258719241,915421.086792354,,,,,48,2,6.32.10,,"{""eff_sum"": 62512.31060427427, ""eff_hits"": 64862}"
r1_weak_filter_rdf_t2,ok,3,ares,filter,rdf,vector,2,,,ds_x2.root,693650,,0.1283146981149912,2.6008679009974003,0.05559520237147808,0.29628579691052437,2.7847778014838696,2127936,1756209,1063968,6769903,11719705,535580,347796,187784,535864,102,4.23,0.41960628200000016,1.4162213861595176,2341151.709710459,,,,,,48,3,6.32.10,,"{""events_passed"": 119892}"
r1_weak_chain_rdf-lazy_t2,ok,3,ares,chain,rdf-lazy,vector,2,5,,ds_x2.root,693650,,0.12577602360397577,3.1200281977653503,0.056864622980356216,0.6215830808505416,3.3026688443496823,2127936,6168803,1063968,19216656,28579052,548208,347844,200364,548652,105,5.1,0.9039792539999993,1.4543176637997317,1115940.9278818301,,1,,,,48,3,6.32.10,,"{""events_passed"": 108312, ""intermediate"": null}"
r1_weak_eff_jit_t2,ok,3,ares,efficiency,jit,vector,2,,,ds_x2.root,693650,1028262,0.461562380194664,4.148717438802123,0.0016273502260446548,0.5946535682305694,4.611907169222832,3191904,10240641,0,30950503,44384737,585984,347832,238152,586944,103,6.32,0.8207053740000001,1.3801403335425408,1166477.4871594582,1729178.2223045612,,,,,48,3,6.32.10,,"{""eff_sum"": 125024.62120854855, ""eff_hits"": 129724}"
r1_weak_filter_rdf_t4,ok,3,ares,filter,rdf,vector,4,,,ds_x4.root,1387300,,0.19035623129457235,2.619560812599957,0.08093003835529089,0.3865604531019926,2.8908470822498202,4228086,1756209,2114043,17727403,25827430,664172,347784,316388,664456,110,4.44,0.8958136250000002,2.3173959410784395,3588830.6443855646,,,,,,48,5,6.32.10,,"{""events_passed"": 239784}"
r1_weak_chain_rdf-lazy_t4,ok,3,ares,chain,rdf-lazy,vector,4,5,,ds_x4.root,1387300,,0.1887947041541338,3.1429404821246862,0.08314975071698427,0.6948698610067368,3.4148849369958043,4228086,6168803,2114043,42609492,55122113,676116,347816,328300,676316,121,5.27,1.8663998069999996,2.6859702970797072,1996488.9511685846,,1,,,,48,5,6.32.10,,"{""events_passed"": 216624, ""intermediate"": null}"
r1_weak_eff_jit_t4,ok,3,ares,efficiency,jit,vector,4,,,ds_x4.root,1387300,2056524,0.5409119464457035,4.158730210736394,0.001650497317314148,0.6819386072456837,4.701292654499412,6342129,10240641,0,66073122,82657581,707144,348392,358752,707236,112,6.5,1.5498993739999998,2.2727843203656803,2034347.3521806253,3015702.554671598,,,,,48,5,6.32.10,,"{""eff_sum"": 250049.2424170971, ""eff_hits"": 259448}"
r1_weak_filter_rdf_t8,ok,3,ares,filter,rdf,vector,8,,,ds_x8.root,2774600,,0.29743137769401073,2.8179808044806123,0.13166372943669558,0.5798978796228766,3.2470759116113186,8915354,1756209,4457677,54436989,69567918,1091792,351720,740072,1092068,138,5.03,2.531587085,4.3655739638957805,4784635.532387871,,,,,,48,9,6.32.10,,"{""events_passed"": 479568}"
r1_weak_chain_rdf-lazy_t8,ok,3,ares,chain,rdf-lazy,vector,8,5,,ds_x8.root,2774600,,0.2967707058414817,3.161653951741755,0.1318084169179201,0.8640346387401223,3.590233074501157,8915354,6168803,4457677,104196167,123739690,1093212,347940,745272,1093212,159,5.63,4.233298107,4.899454162130251,3211213.851386487,,1,,,,48,9,6.32.10,,"{""events_passed"": 433248, ""intermediate"": null}"
r1_weak_eff_jit_t8,ok,3,ares,efficiency,jit,vector,8,,,ds_x8.root,2774600,4113048,0.7011931827291846,4.134755022823811,0.0016325730830430984,0.8507504146546125,4.837580778636038,13373031,10240641,0,151121158,174736519,1125440,348000,777440,1125512,138,6.81,3.4792958439999992,4.08967869314824,3261356.036043111,4834611.807588497,,,,,48,9,6.32.10,,"{""eff_sum"": 500098.4848341942, ""eff_hits"": 518896}"
r1_weak_filter_rdf_t16,ok,3,ares,filter,rdf,vector,16,,,ds_x16.root,5549200,,0.5154050085693598,2.647041163407266,0.2392442300915718,1.1259072897955775,3.4016904020681977,17913808,1756209,8956904,180902396,209531006,2607520,347800,2259720,2607520,230,5.95,9.116742823,8.097241136661667,4928647.367588788,,,,,,48,17,6.32.10,,"{""events_passed"": 959136}"
r1_weak_chain_rdf-lazy_t16,ok,3,ares,chain,rdf-lazy,vector,16,5,,ds_x16.root,5549200,,0.5199798811227083,3.0990252401679754,0.24352672137320042,1.3976225592195988,3.862531842663884,17913808,6168803,8956904,280410140,313451344,2622812,351780,2271032,2622812,279,6.45,12.984517361999998,9.290432009948567,3970456.804230857,,1,,,,48,17,6.32.10,,"{""events_passed"": 866496, ""intermediate"": null}"
r1_weak_eff_jit_t16,ok,3,ares,efficiency,jit,vector,16,,,ds_x16.root,5549200,8226096,1.0505370562896132,4.19524784386158,0.0017902934923768044,1.420022001489997,5.24757519364357,26870712,10240641,0,374250515,411363557,2635380,347816,2287564,2635380,229,7.81,11.581440274,8.155817488635991,3907826.7760480824,5792935.596327764,,,,,48,17,6.32.10,,"{""eff_sum"": 1000196.9696683884, ""eff_hits"": 1037792}"
r1_weak_filter_rdf_t32,ok,3,ares,filter,rdf,vector,32,,,ds_x32.root,11098400,,0.9813329689204693,2.8203216874971986,0.44136130437254906,2.5577109223231673,4.243015960790217,35955128,1756209,17977564,650528302,706218892,8637672,347692,8289980,8637672,393,8.71,28.808496948000002,11.263390517108657,4339192.479938011,,,,,,48,33,6.32.10,,"{""events_passed"": 1918272}"
r1_weak_chain_rdf-lazy_t32,ok,3,ares,chain,rdf-lazy,vector,32,5,,ds_x32.root,11098400,,0.9520594459027052,3.168228137306869,0.44431242905557156,3.0375134432688355,4.564600012265146,35955128,6168803,17977564,849533703,909636887,8336952,347612,7989340,8336952,557,8.92,43.840105952,14.43289281538825,3653778.067910837,,1,,,,48,33,6.32.10,,"{""events_passed"": 1732992, ""intermediate"": null}"
r1_weak_eff_jit_t32,ok,3,ares,efficiency,jit,vector,32,,,ds_x32.root,11098400,16452192,1.7414247058331966,4.183562005870044,0.001805054023861885,3.048403838649392,5.926791765727103,53932692,10240641,0,1037206443,1101381465,8732800,347720,8385080,8732800,417,10.38,36.131587223000004,11.852624893363293,3640724.9785242337,5396985.724597831,,,,,48,33,6.32.10,,"{""eff_sum"": 2000393.9393367767, ""eff_hits"": 2075584}"
r2_weak_filter_rdf_t1,ok,3,ares,filter,rdf,vector,1,,,ds_x1.root,346825,,0.10271457582712173,2.6127695366740227,0.04216612596064806,0.2624518098309636,2.7576502384617925,1127158,1756209,563579,2914331,6362966,503208,347596,155852,504224,98,4.17,0.23315833399999963,0.8883853159563619,1321480.69477356,,,,,,48,2,6.32.10,,"{""events_passed"": 59946}"
r2_weak_chain_rdf-lazy_t1,ok,3,ares,chain,rdf-lazy,vector,1,5,,ds_x1.root,346825,,0.10244965180754662,3.14830304030329,0.043734993785619736,0.5646728882566094,3.2944876858964562,1127158,6168803,563579,9139955,17001184,514204,347716,166488,515132,98,5.01,0.5084022690000003,0.9003482893780486,614205.1570260429,,1,,,,48,2,6.32.10,,"{""events_passed"": 54156, ""intermediate"": null}"
r2_weak_eff_jit_t1,ok,3,ares,efficiency,jit,vector,1,,,ds_x1.root,346825,514131,0.41673770919442177,4.165674287825823,0.0016434630379080772,0.5638373391702771,4.584055460058153,1690737,10240641,0,15008984,26942051,562312,347728,214584,562312,98,6.26,0.515637559,0.9145147424233978,615115.3460506452,911842.767909938,,,,,48,2,6.32.10,,"{""eff_sum"": 62512.31060427427, ""eff_hits"": 64862}"
r2_weak_filter_rdf_t2,ok,3,ares,filter,rdf,vector,2,,,ds_x2.root,693650,,0.12916711531579494,2.6107704965397716,0.05545629467815161,0.26752152014523745,2.795393906533718,2127936,1756209,1063968,6769903,11719705,535756,347956,187800,536044,102,4.21,0.406408903,1.5191634033006414,2592875.5175412335,,,,,,48,3,6.32.10,,"{""events_passed"": 119892}"
r2_weak_chain_rdf-lazy_t2,ok,3,ares,chain,rdf-lazy,vector,2,5,,ds_x2.root,693650,,0.12904176209121943,3.1535099959000945,0.0575887281447649,0.549526802264154,3.340140486136079,2127936,6168803,1063968,19216656,28579052,547956,347736,200220,548408,106,5.04,0.919627545,1.6734898847717004,1262267.8223191868,,1,,,,48,3,6.32.10,,"{""events_passed"": 108312, ""intermediate"": null}"
r2_weak_eff_jit_t2,ok,3,ares,efficiency,jit,vector,2,,,ds_x2.root,693650,1028262,0.4591284906491637,4.133860652334988,0.0016938978806138039,0.5730742877349257,4.594683040864766,3191904,10240641,0,30950503,44384737,579296,347828,231468,580228,103,6.29,0.8299822509999997,1.4482978363599277,1210401.539286729,1794290.9357601826,,,,,48,3,6.32.10,,"{""eff_sum"": 125024.62120854855, ""eff_hits"": 129724}"
r2_weak_filter_rdf_t4,ok,3,ares,filter,rdf,vector,4,,,ds_x4.root,1387300,,0.18653452582657337,2.614468902349472,0.08108359202742577,0.38847887702286243,2.882087020203471,4228086,1756209,2114043,17727403,25827430,663480,347912,315568,663520,112,4.43,0.9695183740000002,2.495678481749068,3571107.9341859706,,,,,,48,5,6.32.10,,"{""events_passed"": 239784}"
r2_weak_chain_rdf-lazy_t4,ok,3,ares,chain,rdf-lazy,vector,4,5,,ds_x4.root,1387300,,0.18437639437615871,3.1208132412284613,0.08239376451820135,0.6539656482636929,3.3875834001228213,4228086,6168803,2114043,42609492,55122113,675324,347644,327680,675368,122,5.2,1.8502331219999997,2.8292512411201547,2121365.248592708,,1,,,,48,5,6.32.10,,"{""events_passed"": 216624, ""intermediate"": null}"
r2_weak_eff_jit_t4,ok,3,ares,efficiency,jit,vector,4,,,ds_x4.root,1387300,2056524,0.5411656070500612,4.156497195363045,0.0016450053080916405,0.6573064001277089,4.699307807721198,6342129,10240641,0,66073122,82657581,705676,347776,357900,705680,113,6.48,1.587006873,2.414409585380058,2110583.4352601157,3128714.401077542,,,,,48,5,6.32.10,,"{""eff_sum"": 250049.2424170971, ""eff_hits"": 259448}"
r2_weak_filter_rdf_t8,ok,3,ares,filter,rdf,vector,8,,,ds_x8.root,2774600,,0.2947855954989791,2.614799783565104,0.13039732910692692,0.5328350039198995,3.03998270817101,8915354,1756209,4457677,54436989,69567918,1084140,347788,736352,1084440,139,4.75,2.416195633,4.5346037989711805,5207240.477048506,,,,,,48,9,6.32.10,,"{""events_passed"": 479568}"
r2_weak_chain_rdf-lazy_t8,ok,3,ares,chain,rdf-lazy,vector,8,5,,ds_x8.root,2774600,,0.29390097968280315,3.123643111437559,0.1313032591715455,0.8793679121881723,3.548847350291908,8915354,6168803,4457677,104196167,123739690,1093624,347688,745936,1093624,163,5.59,4.461320906999999,5.073326926267625,3155220.882572157,,1,,,,48,9,6.32.10,,"{""events_passed"": 433248, ""intermediate"": null}"
r2_weak_eff_jit_t8,ok,3,ares,efficiency,jit,vector,8,,,ds_x8.root,2774600,4113048,0.6955391271039844,4.180338847450912,0.0016624554991722107,0.801989883184433,4.877540430054069,13373031,10240641,0,151121158,174736519,1122672,347816,774856,1122716,138,6.8,3.4681726379999995,4.324459336356026,3459644.639135588,5128553.472106737,,,,,48,9,6.32.10,,"{""eff_sum"": 500098.4848341942, ""eff_hits"": 518896}"
r2_weak_filter_rdf_t16,ok,3,ares,filter,rdf,vector,16,,,ds_x16.root,5549200,,0.5078241573646665,2.597830050624907,0.23646472860127687,1.0408331789076328,3.3421189365908504,17913808,1756209,8956904,180902396,209531006,2614768,347660,2267108,2614768,242,5.59,9.013026376000001,8.659434152031244,5331497.988778522,,,,,,48,17,6.32.10,,"{""events_passed"": 959136}"
r2_weak_chain_rdf-lazy_t16,ok,3,ares,chain,rdf-lazy,vector,16,5,,ds_x16.root,5549200,,0.5197659740224481,3.139247073791921,0.24294693861156702,1.2010128162801266,3.9019599864259362,17913808,6168803,8956904,280410140,313451344,2625516,347708,2277808,2625516,269,6.3,11.928898441000001,9.932365649475036,4620433.624669742,,1,,,,48,17,6.32.10,,"{""events_passed"": 866496, ""intermediate"": null}"
r2_weak_eff_jit_t16,ok,3,ares,efficiency,jit,vector,16,,,ds_x16.root,5549200,8226096,1.0362315010279417,4.2084182519465685,0.0017069056630134583,1.3903505448251963,5.246356658637524,26870712,10240641,0,374250515,411363557,2614140,347688,2266452,2614140,229,7.84,11.536381124999998,8.297462224859578,3991223.667048428,5916562.575256326,,,,,48,17,6.32.10,,"{""eff_sum"": 1000196.9696683884, ""eff_hits"": 1037792}"
r2_weak_filter_rdf_t32,ok,3,ares,filter,rdf,vector,32,,,ds_x32.root,11098400,,0.9550432646647096,2.6379763670265675,0.4412881154567003,2.543060217052698,4.034307747147977,35955128,1756209,17977564,650528302,706218892,8566120,347596,8218524,8566120,435,7.89,28.917839119,11.371275805853541,4364190.798778091,,,,,,48,33,6.32.10,,"{""events_passed"": 1918272}"
r2_weak_chain_rdf-lazy_t32,ok,3,ares,chain,rdf-lazy,vector,32,5,,ds_x32.root,11098400,,0.9508677506819367,3.154278926551342,0.4449704894796014,2.832419672049582,4.55011716671288,35955128,6168803,17977564,849533703,909636887,8240672,347688,7892984,8240672,499,8.7,37.551195113,13.257638154245477,3918345.896803149,,1,,,,48,33,6.32.10,,"{""events_passed"": 1732992, ""intermediate"": null}"
r2_weak_eff_jit_t32,ok,3,ares,efficiency,jit,vector,32,,,ds_x32.root,11098400,16452192,1.7014639591798186,4.182204453274608,0.0017993701621890068,2.852572706528008,5.885467782616615,53932692,10240641,0,1037206443,1101381465,8430256,347684,8082572,8430256,415,10.01,34.383862726,12.053632374492608,3890663.3210791503,5767492.608461745,,,,,48,33,6.32.10,,"{""eff_sum"": 2000393.9393367767, ""eff_hits"": 2075584}"
r3_weak_filter_rdf_t1,ok,3,ares,filter,rdf,vector,1,,,ds_x1.root,346825,,0.09735555294901133,2.643695409409702,0.041264371015131474,0.23173572309315205,2.7823153333738446,1127158,1756209,563579,2914331,6362966,505884,349608,156516,506896,99,4.18,0.23113304799999979,0.9973993000081821,1496640.2044996098,,,,,,48,2,6.32.10,,"{""events_passed"": 59946}"
r3_weak_chain_rdf-lazy_t1,ok,3,ares,chain,rdf-lazy,vector,1,5,,ds_x1.root,346825,,0.10234068054705858,3.162692107260227,0.043683973141014576,0.502742238342762,3.3087167609483004,1127158,6168803,563579,9139955,17001184,513776,347888,165888,514704,99,4.97,0.5016402529999997,0.9978080510076199,689866.4435740926,,1,,,,48,2,6.32.10,,"{""events_passed"": 54156, ""intermediate"": null}"
r3_weak_eff_jit_t1,ok,3,ares,efficiency,jit,vector,1,,,ds_x1.root,346825,514131,0.41687756311148405,4.1867340337485075,0.0016485005617141724,0.5149481426924467,4.605260097421706,1690737,10240641,0,15008984,26942051,568012,349772,218240,568012,99,6.23,0.5133909060000006,0.9969759349275367,673514.4206688431,998413.1553748806,,,,,48,2,6.32.10,,"{""eff_sum"": 62512.31060427427, ""eff_hits"": 64862}"
r3_weak_filter_rdf_t2,ok,3,ares,filter,rdf,vector,2,,,ds_x2.root,693650,,0.12264941912144423,2.6045196736231446,0.054577999748289585,0.27736422326415777,2.7817470924928784,2127936,1756209,1063968,6769903,11719705,537236,347748,189488,537524,103,4.2,0.42046523099999966,1.515931745095886,2500863.275864449,,,,,,48,3,6.32.10,,"{""events_passed"": 119892}"
r3_weak_chain_rdf-lazy_t2,ok,3,ares,chain,rdf-lazy,vector,2,5,,ds_x2.root,693650,,0.1254945257678628,3.119013551622629,0.05696137808263302,0.5388130899518728,3.301469455473125,2127936,6168803,1063968,19216656,28579052,551552,347856,203696,551748,106,4.99,0.9067581870000003,1.6828807686928924,1287366.6451977945,,1,,,,48,3,6.32.10,,"{""events_passed"": 108312, ""intermediate"": null}"
r3_weak_eff_jit_t2,ok,3,ares,efficiency,jit,vector,2,,,ds_x2.root,693650,1028262,0.45537731796503067,4.156516140326858,0.001636621542274952,0.5621803365647793,4.613530079834163,3191904,10240641,0,30950503,44384737,580584,347812,232772,581608,103,6.28,0.8181824719999993,1.455373692006962,1233856.7446854692,1829060.771287782,,,,,48,3,6.32.10,,"{""eff_sum"": 125024.62120854855, ""eff_hits"": 129724}"
r3_weak_filter_rdf_t4,ok,3,ares,filter,rdf,vector,4,,,ds_x4.root,1387300,,0.18554241862148046,2.613015577197075,0.08085550088435411,0.35516239143908024,2.8794134967029095,4228086,1756209,2114043,17727403,25827430,664532,349288,315244,665432,112,4.39,0.9076956699999998,2.555720120934296,3906100.514693597,,,,,,48,5,6.32.10,,"{""events_passed"": 239784}"
r3_weak_chain_rdf-lazy_t4,ok,3,ares,chain,rdf-lazy,vector,4,5,,ds_x4.root,1387300,,0.1880186451599002,3.157699669711292,0.08287050481885672,0.6441845968365669,3.4285888196900487,4228086,6168803,2114043,42609492,55122113,676968,347664,329304,677104,123,5.23,1.8779091240000003,2.915172348457186,2153575.2435135692,,1,,,,48,5,6.32.10,,"{""events_passed"": 216624, ""intermediate"": null}"
r3_weak_eff_jit_t4,ok,3,ares,efficiency,jit,vector,4,,,ds_x4.root,1387300,2056524,0.5399477956816554,4.158561012707651,0.0016394117847085,0.6789847137406468,4.700148220174015,6342129,10240641,0,66073122,82657581,707932,349624,358308,707932,113,6.52,1.6035382560000002,2.3616706290276026,2043197.691973239,3028822.237646921,,,,,48,5,6.32.10,,"{""eff_sum"": 250049.2424170971, ""eff_hits"": 259448}"
r3_weak_filter_rdf_t8,ok,3,ares,filter,rdf,vector,8,,,ds_x8.root,2774600,,0.29237167350947857,2.6235402319580317,0.13758195657283068,0.538107899017632,3.053493862040341,8915354,1756209,4457677,54436989,69567918,1082656,347708,734948,1083008,140,4.77,2.481696563,4.611893948277988,5156214.961841854,,,,,,48,9,6.32.10,,"{""events_passed"": 479568}"
r3_weak_chain_rdf-lazy_t8,ok,3,ares,chain,rdf-lazy,vector,8,5,,ds_x8.root,2774600,,0.29800665751099586,3.1535364165902138,0.1325360331684351,0.8185424339026213,3.5840791072696447,8915354,6168803,4457677,104196167,123739690,1095224,347944,747280,1095224,163,5.57,4.392810535000001,5.36662530011559,3389683.7660221816,,1,,,,48,9,6.32.10,,"{""events_passed"": 433248, ""intermediate"": null}"
r3_weak_eff_jit_t8,ok,3,ares,efficiency,jit,vector,8,,,ds_x8.root,2774600,4113048,0.6968312207609415,4.156403015367687,0.0016475459560751915,0.8100665425881743,4.8548817820847034,13373031,10240641,0,151121158,174736519,1124748,347792,776956,1124788,138,6.85,3.493285365,4.312343716651848,3425150.7180325123,5077419.9201694615,,,,,48,9,6.32.10,,"{""eff_sum"": 500098.4848341942, ""eff_hits"": 518896}"
r3_weak_filter_rdf_t16,ok,3,ares,filter,rdf,vector,16,,,ds_x16.root,5549200,,0.5129176834598184,2.62208610214293,0.23980617057532072,1.055521396920085,3.374809956178069,17913808,1756209,8956904,180902396,209531006,2612156,347804,2264352,2612156,240,5.66,9.021274389,8.546747053468794,5257306.972830734,,,,,,48,17,6.32.10,,"{""events_passed"": 959136}"
r3_weak_chain_rdf-lazy_t16,ok,3,ares,chain,rdf-lazy,vector,16,5,,ds_x16.root,5549200,,0.5185275264084339,3.1355871008709073,0.24396608117967844,1.2397672506049275,3.8980807084590197,17913808,6168803,8956904,280410140,313451344,2599184,347724,2251460,2599184,271,6.35,12.171554711999999,9.817612705982558,4476001.440828787,,1,,,,48,17,6.32.10,,"{""events_passed"": 866496, ""intermediate"": null}"
r3_weak_eff_jit_t16,ok,3,ares,efficiency,jit,vector,16,,,ds_x16.root,5549200,8226096,1.0336030153557658,4.161316154524684,0.002118721604347229,1.3783747060224414,5.197037891484797,26870712,10240641,0,374250515,411363557,2636296,347852,2288444,2636296,231,7.75,11.594988469,8.412072869836326,4025900.9221180915,5967967.9002075875,,,,,48,17,6.32.10,,"{""eff_sum"": 1000196.9696683884, ""eff_hits"": 1037792}"
r3_weak_filter_rdf_t32,ok,3,ares,filter,rdf,vector,32,,,ds_x32.root,11098400,,0.9537070570513606,2.6143325716257095,0.44129597675055265,2.5619541676715016,4.009335605427623,35955128,1756209,17977564,650528302,706218892,8660740,347476,8313264,8660740,442,7.87,29.498844972,11.514196992372737,4332005.677559434,,,,,,48,33,6.32.10,,"{""events_passed"": 1918272}"
r3_weak_chain_rdf-lazy_t32,ok,3,ares,chain,rdf-lazy,vector,32,5,,ds_x32.root,11098400,,0.9530420228838921,3.144763572141528,0.44294759538024664,2.95519560854882,4.540753190405667,35955128,6168803,17977564,849533703,909636887,8667828,349844,8317984,8667828,511,8.82,39.215450217,13.270001519884891,3755555.1205796446,,1,,,,48,33,6.32.10,,"{""events_passed"": 1732992, ""intermediate"": null}"
r3_weak_eff_jit_t32,ok,3,ares,efficiency,jit,vector,32,,,ds_x32.root,11098400,16452192,1.700497637502849,4.17792700137943,0.0017803758382797241,2.869966581463814,5.880205014720559,53932692,10240641,0,1037206443,1101381465,8318168,347744,7970424,8318168,419,10.02,34.786638067,12.120920951371227,3867083.356189921,5732537.8303215755,,,,,48,33,6.32.10,,"{""eff_sum"": 2000393.9393367767, ""eff_hits"": 2075584}"
r1_qstruct_chain_rdf-lazy_l1,ok,3,ares,chain,rdf-lazy,vector,0,1,,ds_x32.root,11098400,,0.9532876070588827,2.5311288414523005,0.44499427173286676,1.186190321110189,3.92941072024405,35955128,977524,17977564,8107918,63019823,756124,347680,408444,756124,99,6.28,1.1847055329999998,0.9987482716021494,9356340.04298121,,1,,,,48,2,6.32.10,,"{""events_passed"": 9970080, ""intermediate"": null}"
r1_qstruct_chain_rdf-eager_l1,ok,3,ares,chain,rdf-eager,vector,0,1,,ds_x32.root,11098400,,0.9413786847144365,2.5249590035527945,,2.471310888417065,3.466337688267231,35955128,977524,,26085482,63019823,755068,347888,407180,755068,99,7.09,2.4664039420000003,0.9980144358040651,4490895.925728226,,2,,,,48,2,6.32.10,,"{""events_passed"": 9970080, ""intermediate"": [11098400, 9970080]}"
r1_qstruct_chain_rdf-report_l1,ok,3,ares,chain,rdf-report,vector,0,1,,ds_x32.root,11098400,,0.9419460911303759,2.5276055419817567,1.4603903284296393,1.2648157151415944,4.929941961541772,35955128,977524,17977564,8107918,63019823,755032,347796,407236,755032,99,7.35,1.2627070519999997,0.9983328297424272,8774717.033585837,,1,,,,48,2,6.32.10,,"{""events_passed"": 9970080, ""intermediate"": [11098400, 9970080]}"
r1_qstruct_chain_rdf-lazy_l3,ok,3,ares,chain,rdf-lazy,vector,0,3,,ds_x32.root,11098400,,0.9469564175233245,2.8589643612504005,0.464869337156415,7.603344043716788,4.27079011593014,35955128,2236343,17977564,90182238,146352962,764988,347680,417308,764988,99,13.04,7.59229611,0.9985469638552108,1459673.5247264574,,1,,,,48,2,6.32.10,,"{""events_passed"": 2408800, ""intermediate"": null}"
r1_qstruct_chain_rdf-eager_l3,ok,3,ares,chain,rdf-eager,vector,0,3,,ds_x32.root,11098400,,0.9432680951431394,2.8575073881074786,,15.473787900991738,3.800775483250618,35955128,2236343,,173529133,211722293,762532,347700,414832,762532,99,20.45,15.451301233999999,0.9985467897624279,717238.7311376219,,4,,,,48,2,6.32.10,,"{""events_passed"": 2408800, ""intermediate"": [11098400, 9970080, 8855584, 2408800]}"
r1_qstruct_chain_rdf-report_l3,ok,3,ares,chain,rdf-report,vector,0,3,,ds_x32.root,11098400,,0.9455033782869577,2.8584826663136482,1.4769766619428992,7.589473469182849,5.280962706543505,35955128,2236343,17977564,90182238,146352962,761616,347792,413824,761616,99,14.03,7.580311826,0.9987928486448961,1462341.2342193685,,1,,,,48,2,6.32.10,,"{""events_passed"": 2408800, ""intermediate"": [11098400, 9970080, 8855584, 2408800]}"
r1_qstruct_chain_rdf-lazy_l5,ok,3,ares,chain,rdf-lazy,vector,0,5,,ds_x32.root,11098400,,0.9457416785880923,3.1503288699314,0.4463116228580475,9.86677411571145,4.54238217137754,35955128,6168803,17977564,256274091,316377275,767652,347792,419860,767652,99,15.6,9.854424866,0.9987484004836205,1124825.5883680724,,1,,,,48,2,6.32.10,,"{""events_passed"": 1732992, ""intermediate"": null}"
r1_qstruct_chain_rdf-eager_l5,ok,3,ares,chain,rdf-eager,vector,0,5,,ds_x32.root,11098400,,0.9439123729243875,3.127209858968854,,32.882626798935235,4.071122231893241,35955128,6168803,,519985462,562111082,768604,347592,421012,768604,99,38.13,32.833196128,0.9984967541906707,337515.61479143676,,6,,,,48,2,6.32.10,,"{""events_passed"": 1732992, ""intermediate"": [11098400, 9970080, 8855584, 2408800, 1918272, 1732992]}"
r1_qstruct_chain_rdf-report_l5,ok,3,ares,chain,rdf-report,vector,0,5,,ds_x32.root,11098400,,0.9449565093964338,3.1368977399542928,1.4634926188737154,10.067014073953032,5.545346868224442,35955128,6168803,17977564,256274091,316377275,771468,349800,421668,771468,99,16.77,10.053769756,0.9986843846789386,1102452.0198810024,,1,,,,48,2,6.32.10,,"{""events_passed"": 1732992, ""intermediate"": [11098400, 9970080, 8855584, 2408800, 1918272, 1732992]}"
r2_qstruct_chain_rdf-lazy_l1,ok,3,ares,chain,rdf-lazy,vector,0,1,,ds_x32.root,11098400,,0.941380494274199,2.519095677882433,0.4435054808855057,1.1275106705725193,3.9039816530421376,35955128,977524,17977564,8107918,63019823,755668,349420,406248,755668,99,6.2,1.126066969,0.9987195672642404,9843277.13223728,,1,,,,48,2,6.32.10,,"{""events_passed"": 9970080, ""intermediate"": null}"
r2_qstruct_chain_rdf-eager_l1,ok,3,ares,chain,rdf-eager,vector,0,1,,ds_x32.root,11098400,,0.9422575999051332,2.5178489703685045,,2.488520140759647,3.4601065702736378,35955128,977524,,26085482,63019823,759864,353288,406576,759864,99,7.12,2.483652972,0.9980441513492588,4459839.331102258,,2,,,,48,2,6.32.10,,"{""events_passed"": 9970080, ""intermediate"": [11098400, 9970080]}"
r2_qstruct_chain_rdf-report_l1,ok,3,ares,chain,rdf-report,vector,0,1,,ds_x32.root,11098400,,0.9388666115701199,2.497996506281197,1.5784159302711487,1.3223449643701315,5.015279048122466,35955128,977524,17977564,8107918,63019823,755824,349444,406380,755824,99,7.5,1.320471317,0.998583087302772,8392968.778223818,,1,,,,48,2,6.32.10,,"{""events_passed"": 9970080, ""intermediate"": [11098400, 9970080]}"
r2_qstruct_chain_rdf-lazy_l3,ok,3,ares,chain,rdf-lazy,vector,0,3,,ds_x32.root,11098400,,0.9636639403179288,2.8611556850373745,0.46391543932259083,7.429007445462048,4.288735064677894,35955128,2236343,17977564,90182238,146352962,763008,347756,415252,763008,99,12.89,7.419207153,0.9986808072903421,1493927.6991543968,,1,,,,48,2,6.32.10,,"{""events_passed"": 2408800, ""intermediate"": null}"
r2_qstruct_chain_rdf-eager_l3,ok,3,ares,chain,rdf-eager,vector,0,3,,ds_x32.root,11098400,,0.9490323206409812,2.8281166572123766,,15.834578211419284,3.777148977853358,35955128,2236343,,173529133,211722293,762148,347792,414356,762148,99,20.78,15.814259116,0.9987167896013402,700896.4717479032,,4,,,,48,2,6.32.10,,"{""events_passed"": 2408800, ""intermediate"": [11098400, 9970080, 8855584, 2408800]}"
r2_qstruct_chain_rdf-report_l3,ok,3,ares,chain,rdf-report,vector,0,3,,ds_x32.root,11098400,,0.9435231797397137,2.8521614326164126,1.4727901285514235,7.595492445863783,5.26847474090755,35955128,2236343,17977564,90182238,146352962,761500,347736,413764,761500,99,14.04,7.5860036310000005,0.9987507307878438,1461182.4156370226,,1,,,,48,2,6.32.10,,"{""events_passed"": 2408800, ""intermediate"": [11098400, 9970080, 8855584, 2408800]}"
r2_qstruct_chain_rdf-lazy_l5,ok,3,ares,chain,rdf-lazy,vector,0,5,,ds_x32.root,11098400,,0.9480576161295176,3.1350937839597464,0.4461714141070843,9.661670170724392,4.529322814196348,35955128,6168803,17977564,256274091,316377275,768300,347796,420504,768300,99,15.37,9.648516020999999,0.9986385221714305,1148704.0857210185,,1,,,,48,2,6.32.10,,"{""events_passed"": 1732992, ""intermediate"": null}"
r2_qstruct_chain_rdf-eager_l5,ok,3,ares,chain,rdf-eager,vector,0,5,,ds_x32.root,11098400,,0.945778850466013,3.1349601270630956,,32.86731712240726,4.0807389775291085,35955128,6168803,,519985462,562111082,768584,347928,420656,768584,99,38.13,32.826526048,0.9987589168213717,337672.83038851013,,6,,,,48,2,6.32.10,,"{""events_passed"": 1732992, ""intermediate"": [11098400, 9970080, 8855584, 2408800, 1918272, 1732992]}"
r2_qstruct_chain_rdf-report_l5,ok,3,ares,chain,rdf-report,vector,0,5,,ds_x32.root,11098400,,0.9411722309887409,3.1381249530240893,1.4566992791369557,9.905738138593733,5.535996463149786,35955128,6168803,17977564,256274091,316377275,769360,349740,419620,769360,99,16.6,9.891162685000001,0.9985285848071286,1120401.1094094582,,1,,,,48,2,6.32.10,,"{""events_passed"": 1732992, ""intermediate"": [11098400, 9970080, 8855584, 2408800, 1918272, 1732992]}"
r1_impl_filter_rdf,ok,3,ares,filter,rdf,vector,0,,,ds_x32.root,11098400,,0.9429374095052481,2.568705408833921,0.4450433189049363,3.3776541016995907,3.9566861372441053,35955128,1756209,17977564,57268690,112959280,758684,347624,411060,758684,99,8.49,3.3722336890000006,0.9983952137973919,3285830.8357908623,,,,,2,1,2,6.32.10,,"{""events_passed"": 1918272}"
r1_impl_filter_python_vector,ok,3,ares,filter,python,vector,0,,,ds_x32.root,11098400,,1.3026378899812698,,,73.96510842908174,1.3026378899812698,35978796,,,75246254,111226739,7730088,349380,7380708,7730088,99,76.44,73.595289629,0.9950000911519474,150049.12769973458,,,,,2,1,2,6.32.10,,"{""events_passed"": 1918272}"
r1_impl_filter_python_loop,ok,3,ares,filter,python,loop,0,,,ds_x32.root,11098400,,1.302459642291069,,,30.843885759823024,1.302459642291069,35978796,,,75246254,111226739,6027656,347616,5680040,6027656,99,33.31,30.750542977999995,0.9969737022582085,359824.9613042167,,,,,2,1,2,6.32.10,,"{""events_passed"": 1918272}"
r1_impl_filter_uproot,ok,3,ares,filter,uproot,vector,0,,,ds_x32.root,11098400,,0.6057756561785936,,,6.870423246175051,0.6057756561785936,17977564,,,67134112,17979253,1182976,347748,835228,1182976,59,11.2,4.639985621,0.6753565908160323,1615388.106719448,,,,,2,1,9,6.32.10,5.7.6,"{""events_passed"": 1918272}"
r1_impl_chain_rdf-lazy,ok,3,ares,chain,rdf-lazy,vector,0,5,,ds_x32.root,11098400,,0.9590949639678001,3.941985563375056,0.44506662897765636,15.459278520196676,5.346147156320512,35955128,6168803,17977564,256274091,316377275,769316,349504,419812,769316,55,28.67,10.090071301000002,0.652687076425843,717911.8990255959,,1,,,2,1,2,6.32.10,,"{""events_passed"": 1732992, ""intermediate"": null}"
r1_impl_chain_python,ok,3,ares,chain,python,shortcircuit,0,5,,ds_x32.root,11098400,,1.299373196437955,,,965.3097665682435,1.299373196437955,35978796,,,274251655,310232140,16993608,347728,16645880,16993608,99,967.78,962.963700272,0.9975696233711755,11497.24200911769,,1,,,2,1,2,6.32.10,,"{""events_passed"": 1732992, ""intermediate"": [11098400, 9970080, 8855584, 2408800, 1918272, 1732992]}"
r1_impl_chain_uproot,ok,3,ares,chain,uproot,shortcircuit,0,5,,ds_x32.root,11098400,,0.6052311426028609,,,11.654048511758447,0.6052311426028609,17977564,,,266274948,17979253,3858160,349696,3508464,3858160,95,14.3,11.575806274,0.9932862611924513,952321.4176431631,,1,,,2,1,27,6.32.10,5.7.6,"{""events_passed"": 1732992, ""intermediate"": [11098400, 9970080, 8855584, 2408800, 1918272, 1732992]}"
r1_impl_eff_jit,ok,3,ares,efficiency,jit,vector,0,,,ds_x32.root,11098400,16452192,1.7380426554009318,4.793694669380784,0.0017067436128854752,8.008219846524298,6.533444068394601,53932692,10240641,0,443946831,508121853,801792,347864,453928,801792,73,18.33,6.294371254,0.7859888183179514,1385876.0389572587,2054413.1299218175,,,,2,1,2,6.32.10,,"{""eff_sum"": 2000393.9393367767, ""eff_hits"": 2075584}"
r1_impl_eff_correctionlib,ok,3,ares,efficiency,correctionlib,vector,0,,,ds_x32.root,11098400,16452192,2.7645338093861938,,,30.76236315444112,2.7645338093861938,53956360,,,443946831,497904880,3500020,347684,3152336,3500020,99,34.66,30.661379381000003,0.9967172946716047,360778.52485782583,534815.6094966592,,,,2,1,2,6.32.10,,"{""eff_sum"": 2000393.9392929077, ""eff_hits"": 2075584}"
r1_impl_eff_python_vector,ok,3,ares,efficiency,python,vector,0,,,ds_x32.root,11098400,16452192,2.7587895756587386,,,43.85779571533203,2.7587895756587386,53956360,,,443946831,497904880,4673476,347864,4325612,4673476,99,47.75,43.68619713,0.9960873869164372,253054.21348661545,375125.82955117733,,,,2,1,2,6.32.10,,"{""eff_sum"": 2000393.9392929077, ""eff_hits"": 2075584}"
r1_impl_eff_python_loop,ok,3,ares,efficiency,python,loop,0,,,ds_x32.root,11098400,16452192,2.757039579562843,,,24.160739291459322,2.757039579562843,53956360,,,443946831,497904880,3501748,347836,3153912,3501748,99,28.04,24.059577784000002,0.9958129796344817,459356.80469526106,680947.3750588316,,,,2,1,2,6.32.10,,"{""eff_sum"": 2000393.9392929077, ""eff_hits"": 2075584}"
r1_impl_eff_uproot,ok,3,ares,efficiency,uproot,vector,0,,,ds_x32.root,11098400,16452192,0.7900827517732978,,,8.13027457240969,0.7900827517732978,17977564,,,453812253,17979253,4183760,349920,3833840,4183760,92,10.97,8.036350997000001,0.9884476748511766,1365070.7489834016,2023571.5108356816,,,,2,1,35,6.32.10,5.7.6,"{""eff_sum"": 2000393.9392929077, ""eff_hits"": 2075584}"
r2_impl_filter_rdf,ok,3,ares,filter,rdf,vector,0,,,ds_x32.root,11098400,,0.9550822703167796,3.1447666250169277,0.45502636954188347,3.9535724334418774,4.554875264875591,35955128,1756209,17977564,57268690,112959280,761604,349636,411968,761604,67,12.58,3.189496439000001,0.8067378283046425,2807182.6650050827,,,,,2,1,2,6.32.10,,"{""events_passed"": 1918272}"
r2_impl_filter_python_vector,ok,3,ares,filter,python,vector,0,,,ds_x32.root,11098400,,1.2979239281266928,,,72.95237886346877,1.2979239281266928,35978796,,,75246254,111226739,7726280,349380,7376900,7726280,99,75.52,72.367004002,0.9919759318258243,152132.11923864452,,,,,2,1,2,6.32.10,,"{""events_passed"": 1918272}"
r2_impl_filter_python_loop,ok,3,ares,filter,python,loop,0,,,ds_x32.root,11098400,,1.3184067597612739,,,31.29727596975863,1.3184067597612739,35978796,,,75246254,111226739,6027700,347556,5680144,6027700,98,34.02,31.191876887,0.9966323240763677,354612.3314605387,,,,,2,1,2,6.32.10,,"{""events_passed"": 1918272}"
r2_impl_filter_uproot,ok,3,ares,filter,uproot,vector,0,,,ds_x32.root,11098400,,0.6036296961829066,,,4.735762145370245,0.6036296961829066,17977564,,,67134112,17979253,1195960,347616,848344,1195960,86,7.33,4.331228466000001,0.9145789701947504,2343529.860520966,,,,,2,1,9,6.32.10,5.7.6,"{""events_passed"": 1918272}"
r2_impl_chain_rdf-lazy,ok,3,ares,chain,rdf-lazy,vector,0,5,,ds_x32.root,11098400,,0.9492128444835544,3.3483888059854507,0.44585792999714613,10.917092598974705,4.743459580466151,35955128,6168803,17977564,256274091,316377275,768880,347884,420996,768880,81,19.12,9.799926092,0.897668129417568,1016607.6635680752,,1,,,2,1,2,6.32.10,,"{""events_passed"": 1732992, ""intermediate"": null}"
r2_impl_chain_uproot,ok,3,ares,chain,uproot,shortcircuit,0,5,,ds_x32.root,11098400,,0.6026976061984897,,,11.540694126859307,0.6026976061984897,17977564,,,266274948,17979253,3856216,347784,3508432,3856216,94,14.16,11.430753105,0.9904736213740009,961675.2578313352,,1,,,2,1,27,6.32.10,5.7.6,"{""events_passed"": 1732992, ""intermediate"": [11098400, 9970080, 8855584, 2408800, 1918272, 1732992]}"
r2_impl_eff_jit,ok,3,ares,efficiency,jit,vector,0,,,ds_x32.root,11098400,16452192,1.7468828689306974,4.875033957883716,0.0017432207241654396,8.230063213966787,6.6236600475385785,53932692,10240641,0,443946831,508121853,800444,349696,450748,800444,70,18.91,6.181585662999999,0.751098199648038,1348519.4112683749,1999035.92138635,,,,2,1,2,6.32.10,,"{""eff_sum"": 2000393.9393367767, ""eff_hits"": 2075584}"
r2_impl_eff_correctionlib,ok,3,ares,efficiency,correctionlib,vector,0,,,ds_x32.root,11098400,16452192,2.8638938711956143,,,31.227826973423362,2.8638938711956143,53956360,,,443946831,497904880,3501988,347972,3154016,3501988,98,35.41,30.837970365,0.9875157304811778,355400.9700849618,526843.9592034931,,,,2,1,2,6.32.10,,"{""eff_sum"": 2000393.9392929077, ""eff_hits"": 2075584}"
r2_impl_eff_python_vector,ok,3,ares,efficiency,python,vector,0,,,ds_x32.root,11098400,16452192,2.7583482014015317,,,45.290117958560586,2.7583482014015317,53956360,,,443946831,497904880,4673852,349684,4324168,4673852,99,49.17,45.190842735000004,0.9978080157872096,245051.24959389112,363262.2907949451,,,,2,1,2,6.32.10,,"{""eff_sum"": 2000393.9392929077, ""eff_hits"": 2075584}"
r2_impl_eff_python_loop,ok,3,ares,efficiency,python,loop,0,,,ds_x32.root,11098400,16452192,2.7599059976637363,,,24.32384712714702,2.7599059976637363,53956360,,,443946831,497904880,3506396,351836,3154560,3506396,99,28.2,24.264597533,0.9975641355646865,456276.50683651323,676381.1626507991,,,,2,1,2,6.32.10,,"{""eff_sum"": 2000393.9392929077, ""eff_hits"": 2075584}"
r2_impl_eff_uproot,ok,3,ares,efficiency,uproot,vector,0,,,ds_x32.root,11098400,16452192,0.7907876158133149,,,8.029595478437841,0.7907876158133149,17977564,,,453812253,17979253,4187704,347588,3840116,4187704,91,11.05,7.979102961000001,0.9937116984817691,1382186.6904507119,2048944.0650129458,,,,2,1,35,6.32.10,5.7.6,"{""eff_sum"": 2000393.9392929077, ""eff_hits"": 2075584}"
r3_impl_filter_rdf,ok,3,ares,filter,rdf,vector,0,,,ds_x32.root,11098400,,0.9548996929079294,2.7682410944253206,0.4480211893096566,3.8577087922021747,4.171161976642907,35955128,1756209,17977564,57268690,112959280,758904,347836,411068,758904,70,11.85,3.161597121999999,0.8195530798982885,2876940.846969549,,,,,2,1,2,6.32.10,,"{""events_passed"": 1918272}"
r3_impl_filter_python_vector,ok,3,ares,filter,python,vector,0,,,ds_x32.root,11098400,,1.2973097516223788,,,71.87653877492994,1.2973097516223788,35978796,,,75246254,111226739,7726532,347644,7378888,7726532,99,74.34,71.704405619,0.9976051551888309,154409.21598566245,,,,,2,1,2,6.32.10,,"{""events_passed"": 1918272}"
r3_impl_filter_python_loop,ok,3,ares,filter,python,loop,0,,,ds_x32.root,11098400,,1.363015454262495,,,31.638405695557594,1.363015454262495,35978796,,,75246254,111226739,6027408,347912,5679496,6027408,97,34.59,31.208584209,0.9864145655538533,350788.85158737144,,,,,2,1,2,6.32.10,,"{""events_passed"": 1918272}"
r3_impl_filter_uproot,ok,3,ares,filter,uproot,vector,0,,,ds_x32.root,11098400,,0.6050490280613303,,,4.695405647158623,0.6050490280613303,17977564,,,67134112,17979253,1189196,347764,841432,1189196,82,7.78,4.415527515,0.9403931942859957,2363672.2434655,,,,,2,1,9,6.32.10,5.7.6,"{""events_passed"": 1918272}"
r3_impl_chain_rdf-lazy,ok,3,ares,chain,rdf-lazy,vector,0,5,,ds_x32.root,11098400,,0.9487801166251302,3.5629720529541373,0.4447469711303711,11.711362009868026,4.956499140709639,35955128,6168803,17977564,256274091,316377275,768024,347720,420304,768024,79,20.52,10.531565337,0.8992605068587304,947660.9117409622,,1,,,2,1,2,6.32.10,,"{""events_passed"": 1732992, ""intermediate"": null}"
r3_impl_chain_uproot,ok,3,ares,chain,uproot,shortcircuit,0,5,,ds_x32.root,11098400,,0.6064547561109066,,,11.47633720934391,0.6064547561109066,17977564,,,266274948,17979253,3856112,347828,3508284,3856112,94,14.18,11.413906398,0.9945600403504108,967068.1331116519,,1,,,2,1,27,6.32.10,5.7.6,"{""events_passed"": 1732992, ""intermediate"": [11098400, 9970080, 8855584, 2408800, 1918272, 1732992]}"
r3_impl_eff_jit,ok,3,ares,efficiency,jit,vector,0,,,ds_x32.root,11098400,16452192,1.757806339301169,4.7513876715675,0.001840454526245594,7.661786499433219,6.511034465394914,53932692,10240641,0,443946831,508121853,798100,347844,450256,798100,73,18.2,6.276697584,0.8192211548134783,1448539.449751178,2147304.940070707,,,,2,1,2,6.32.10,,"{""eff_sum"": 2000393.9393367767, ""eff_hits"": 2075584}"
r3_impl_eff_correctionlib,ok,3,ares,efficiency,correctionlib,vector,0,,,ds_x32.root,11098400,16452192,2.7591781727969646,,,30.585003026761115,2.7591781727969646,53956360,,,443946831,497904880,3505192,347784,3157408,3505192,99,34.47,30.392143607,0.9936943141842306,362870.65233536763,537916.9649126646,,,,2,1,2,6.32.10,,"{""eff_sum"": 2000393.9392929077, ""eff_hits"": 2075584}"
r3_impl_eff_python_vector,ok,3,ares,efficiency,python,vector,0,,,ds_x32.root,11098400,16452192,2.7709544682875276,,,44.03824933897704,2.7709544682875276,53956360,,,443946831,497904880,4672636,347608,4325028,4672636,99,47.95,43.935148659,0.9976588379073964,252017.28421518137,373588.69271487184,,,,2,1,2,6.32.10,,"{""eff_sum"": 2000393.9392929077, ""eff_hits"": 2075584}"
r3_impl_eff_python_loop,ok,3,ares,efficiency,python,loop,0,,,ds_x32.root,11098400,16452192,2.7590714171528816,,,24.200652894563973,2.7590714171528816,53956360,,,443946831,497904880,3502840,348004,3154836,3502840,99,28.07,24.136287016,0.9973403247075855,458599.1976478022,679824.3035705679,,,,2,1,2,6.32.10,,"{""eff_sum"": 2000393.9392929077, ""eff_hits"": 2075584}"
r3_impl_eff_uproot,ok,3,ares,efficiency,uproot,vector,0,,,ds_x32.root,11098400,16452192,0.792151091620326,,,8.064174134284258,0.792151091620326,17977564,,,453812253,17979253,4190756,347676,3843080,4190756,90,11.2,7.965224381999999,0.9877297103663001,1376259.9635362471,2040158.3257056274,,,,2,1,35,6.32.10,5.7.6,"{""eff_sum"": 2000393.9392929077, ""eff_hits"": 2075584}"
r1_impl_filter_uproot-default,ok,3,ares,filter,uproot,vector,0,,own-threads,ds_x32.root,11098400,,0.6456372840330005,,,3.998747699894011,0.6456372840330005,17977564,,,67134112,17979253,1238636,347796,890840,1238636,73,9.45,4.854726622,1.2140617479138975,2775468.930008805,,,,,,48,9,6.32.10,5.7.6,"{""events_passed"": 1918272}"
r1_impl_chain_uproot-default,ok,3,ares,chain,uproot,shortcircuit,0,5,own-threads,ds_x32.root,11098400,,0.6219639359042048,,,8.135370505042374,0.6219639359042048,17977564,,,266274948,17979253,3857532,349412,3508120,3857532,274,11.95,30.722598074,3.7764227277611835,1364215.6793130827,,1,,,,48,27,6.32.10,5.7.6,"{""events_passed"": 1732992, ""intermediate"": [11098400, 9970080, 8855584, 2408800, 1918272, 1732992]}"
r1_impl_eff_uproot-default,ok,3,ares,efficiency,uproot,vector,0,,own-threads,ds_x32.root,11098400,16452192,0.8988535180687904,,,6.272847601212561,0.8988535180687904,17977564,,,453812253,17979253,4139288,349144,3790144,4139288,279,12.83,33.547039993999995,5.347976250453661,1769276.2052524032,2622762.9054497895,,,,,48,35,6.32.10,5.7.6,"{""eff_sum"": 2000393.9392929077, ""eff_hits"": 2075584}"
r1_slim_filter_rdf_t0,ok,3,ares,filter,rdf,vector,0,,,ds_x32_slim.root,11098400,,0.05278861802071333,3.212256256490946,0.020876686088740826,3.9848672691732645,3.2859215606004,109014,1756209,54507,57265067,59186486,495348,351312,144036,495948,62,11.64,3.2337344889999997,0.811503688972531,2785136.680927034,,,,,,48,2,6.32.10,,"{""events_passed"": 1918272}"
r1_slim_chain_rdf-lazy_t0,ok,3,ares,chain,rdf-lazy,vector,0,5,,ds_x32_slim.root,11098400,,0.05327549669891596,3.1725462516769767,0.02231536991894245,11.12413324136287,3.248137118294835,109014,6168803,54507,256270359,262604372,513088,347616,165472,513088,91,15.53,9.892188361999999,0.889254753369716,997686.7194230302,,1,,,,48,2,6.32.10,,"{""events_passed"": 1732992, ""intermediate"": null}"
r1_slim_eff_jit_t0,ok,3,ares,efficiency,jit,vector,0,,,ds_x32_slim.root,11098400,16452192,0.3647610563784838,4.20872850716114,0.0013109920546412468,7.77010487858206,4.5748005555942655,163521,10240641,0,443934691,454340542,562396,347724,214672,562396,87,13.46,6.217133913,0.8001351346153956,1428346.2287095035,2117370.647769468,,,,,48,2,6.32.10,,"{""eff_sum"": 2000393.9393367767, ""eff_hits"": 2075584}"
r1_slim_filter_rdf_t1,ok,3,ares,filter,rdf,vector,1,,,ds_x32_slim.root,11098400,,0.059885600581765175,2.726747738197446,0.021205767057836056,4.01023609098047,2.807839105837047,109014,1756209,54507,57374081,59295500,492644,347788,144856,493420,76,9.39,3.2576046400000003,0.8123224084803302,2767517.8588516796,,,,,,48,2,6.32.10,,"{""events_passed"": 1918272}"
r1_slim_chain_rdf-lazy_t1,ok,3,ares,chain,rdf-lazy,vector,1,5,,ds_x32_slim.root,11098400,,0.06637537758797407,3.1792092164978385,0.022918932139873505,11.938845907337964,3.268503526225686,109014,6168803,54507,256379373,262713386,511916,347752,164164,511916,91,16.37,10.645976539,0.8917090162338616,929604.0912278296,,1,,,,48,2,6.32.10,,"{""events_passed"": 1732992, ""intermediate"": null}"
r1_slim_eff_jit_t1,ok,3,ares,efficiency,jit,vector,1,,,ds_x32_slim.root,11098400,16452192,0.3578533884137869,4.146691150031984,0.0012735100463032722,6.600457541644573,4.505818048492074,163521,10240641,0,444043705,454449556,563320,347968,215352,563320,96,12.2,6.146268361000001,0.9311882278192177,1681459.191272173,2492583.566547837,,,,,48,2,6.32.10,,"{""eff_sum"": 2000393.9393367767, ""eff_hits"": 2075584}"
r1_slim_filter_rdf_t2,ok,3,ares,filter,rdf,vector,2,,,ds_x32_slim.root,11098400,,0.05715067312121391,2.590342544950545,0.02106403559446335,1.716859764419496,2.668557253666222,109014,1756209,54507,57428588,59350007,494676,347792,146884,495452,127,5.51,3.24270941,1.8887444840880312,6464360.240716916,,,,,,48,3,6.32.10,,"{""events_passed"": 1918272}"
r1_slim_chain_rdf-lazy_t2,ok,3,ares,chain,rdf-lazy,vector,2,5,,ds_x32_slim.root,11098400,,0.06040793005377054,3.1452243300154805,0.02188603486865759,5.09589328058064,3.2275182949379086,109014,6168803,54507,256433880,262767893,513092,349352,163740,513092,149,9.49,9.790416868000001,1.9212366368246343,2177910.601521745,,1,,,,48,3,6.32.10,,"{""events_passed"": 1732992, ""intermediate"": null}"
r1_slim_eff_jit_t2,ok,3,ares,efficiency,jit,vector,2,,,ds_x32_slim.root,11098400,16452192,0.36031190212816,4.190974191762507,0.001353657804429531,3.4704719157889485,4.5526397516950965,163521,10240641,0,444098212,454504063,563320,347688,215632,563320,132,9.14,6.457471379999999,1.860689709264514,3197951.2496579248,4740620.987350619,,,,,48,3,6.32.10,,"{""eff_sum"": 2000393.9393367767, ""eff_hits"": 2075584}"
r1_slim_filter_rdf_t4,ok,3,ares,filter,rdf,vector,4,,,ds_x32_slim.root,11098400,,0.05738345347344875,2.6340711750090122,0.020813624374568462,1.3427931452170014,2.7122682528570294,109014,1756209,54507,57537602,59459021,497776,347932,149844,499004,167,5.21,4.898391354000001,3.6479120938678897,8265159.856923792,,,,,,48,5,6.32.10,,"{""events_passed"": 1918272}"
r1_slim_chain_rdf-lazy_t4,ok,3,ares,chain,rdf-lazy,vector,4,5,,ds_x32_slim.root,11098400,,0.06069925241172314,3.1732789957895875,0.02222219854593277,2.636345331557095,3.2562004467472434,109014,6168803,54507,256542894,262876907,516212,349636,166576,516976,204,7.04,10.00147062,3.7936876099963985,4209767.160300275,,1,,,,48,5,6.32.10,,"{""events_passed"": 1732992, ""intermediate"": null}"
r1_slim_eff_jit_t4,ok,3,ares,efficiency,jit,vector,4,,,ds_x32_slim.root,11098400,16452192,0.355582807213068,4.194792400114238,0.0013090837746858597,1.9707317957654595,4.551684291101992,163521,10240641,0,444207226,454613077,564204,347612,216592,565028,163,7.66,6.852432298999999,3.4771003917041994,5631613.608633755,8348265.367895858,,,,,48,5,6.32.10,,"{""eff_sum"": 2000393.9393367767, ""eff_hits"": 2075584}"
r1_slim_filter_rdf_t8,ok,3,ares,filter,rdf,vector,8,,,ds_x32_slim.root,11098400,,0.05786398332566023,2.6398392068222165,0.021065211854875088,0.5253774635493755,2.718768402002752,109014,1756209,54507,57755630,59677049,504980,347840,157140,506036,166,4.39,3.456160927,6.578433919968069,21124621.381779086,,,,,,48,9,6.32.10,,"{""events_passed"": 1918272}"
r1_slim_chain_rdf-lazy_t8,ok,3,ares,chain,rdf-lazy,vector,8,5,,ds_x32_slim.root,11098400,,0.06067515444010496,3.169022378511727,0.021830531768500805,1.4915951481088996,3.2515280647203326,109014,6168803,54507,256760922,263094935,526796,348072,178724,527576,257,5.9,10.817201924999999,7.252103185448447,7440624.900175473,,1,,,,48,9,6.32.10,,"{""events_passed"": 1732992, ""intermediate"": null}"
r1_slim_eff_jit_t8,ok,3,ares,efficiency,jit,vector,8,,,ds_x32_slim.root,11098400,16452192,0.3546965764835477,4.176558378152549,0.001314622350037098,1.1943038189783692,4.532569576986134,163521,10240641,0,444425254,454831105,577432,349416,228016,578980,189,6.83,7.360061601999999,6.1626375843760925,9292777.78705739,13775550.022165654,,,,,48,9,6.32.10,,"{""eff_sum"": 2000393.9393367767, ""eff_hits"": 2075584}"
r1_slim_filter_rdf_t12,ok,3,ares,filter,rdf,vector,12,,,ds_x32_slim.root,11098400,,0.05728311091661453,2.6402396904304624,0.02076488360762596,0.3951800260692835,2.718287684954703,109014,1756209,54507,57973658,59895077,515856,349724,166132,516432,175,4.25,3.623693567,9.169728548893534,28084415.374916278,,,,,,48,13,6.32.10,,"{""events_passed"": 1918272}"
r1_slim_chain_rdf-lazy_t12,ok,3,ares,chain,rdf-lazy,vector,12,5,,ds_x32_slim.root,11098400,,0.06043581943958998,3.1523016821593046,0.021774230524897575,1.136245901696384,3.234511732123792,109014,6168803,54507,256978950,263312963,542840,349440,193400,543972,291,5.52,11.763766423,10.353187109794648,9767603.987332666,,1,,,,48,13,6.32.10,,"{""events_passed"": 1732992, ""intermediate"": null}"
r1_slim_eff_jit_t12,ok,3,ares,efficiency,jit,vector,12,,,ds_x32_slim.root,11098400,16452192,0.3533457377925515,4.2090873355045915,0.0013065328821539879,0.8863899316638708,4.563739606179297,163521,10240641,0,444643282,455049133,593552,347788,245764,594048,198,6.55,7.36833554,8.312747332507108,12520900.343674753,18560896.74790988,,,,,48,13,6.32.10,,"{""eff_sum"": 2000393.9393367767, ""eff_hits"": 2075584}"
r1_slim_filter_rdf_t16,ok,3,ares,filter,rdf,vector,16,,,ds_x32_slim.root,11098400,,0.05686926003545523,2.6361070638522506,0.020876891911029816,0.33292799070477486,2.7138532157987356,109014,1756209,54507,58191686,60113105,513860,347784,166076,517264,182,4.18,3.797015903,11.404916405382743,33335737.186007734,,,,,,48,17,6.32.10,,"{""events_passed"": 1918272}"
r1_slim_chain_rdf-lazy_t16,ok,3,ares,chain,rdf-lazy,vector,16,5,,ds_x32_slim.root,11098400,,0.06094201188534498,3.147068561054766,0.02186354249715805,0.9196592587977648,3.229874115437269,109014,6168803,54507,257196978,263530991,552956,347896,205060,555668,310,5.3,12.119724938000001,13.178494993725884,12067947.877248049,,1,,,,48,17,6.32.10,,"{""events_passed"": 1732992, ""intermediate"": null}"
r1_slim_eff_jit_t16,ok,3,ares,efficiency,jit,vector,16,,,ds_x32_slim.root,11098400,16452192,0.35372353438287973,4.211515608243644,0.0013067927211523056,0.7825026623904705,4.566545935347676,163521,10240641,0,444861310,455267161,599640,347688,251952,601792,213,6.46,8.136798308,10.398428911593555,14183210.528760955,21025093.95909291,,,,,48,17,6.32.10,,"{""eff_sum"": 2000393.9393367767, ""eff_hits"": 2075584}"
r1_slim_filter_rdf_t24,ok,3,ares,filter,rdf,vector,24,,,ds_x32_slim.root,11098400,,0.05712421704083681,2.6543260291218758,0.020805110223591328,0.2743946863338351,2.732255356386304,109014,1756209,54507,58627742,60549161,529692,349372,180320,532172,196,4.15,4.307128241000001,15.696835454604416,40446847.37989941,,,,,,48,25,6.32.10,,"{""events_passed"": 1918272}"
r1_slim_chain_rdf-lazy_t24,ok,3,ares,chain,rdf-lazy,vector,24,5,,ds_x32_slim.root,11098400,,0.06064481753855944,3.172106323763728,0.021790926344692707,0.6910787736997008,3.2545420676469803,109014,6168803,54507,257633034,263967047,572024,347980,224044,575872,333,5.09,12.611259388999997,18.24865683760684,16059529.56793123,,1,,,,48,25,6.32.10,,"{""events_passed"": 1732992, ""intermediate"": null}"
r1_slim_eff_jit_t24,ok,3,ares,efficiency,jit,vector,24,,,ds_x32_slim.root,11098400,16452192,0.3543311757966876,4.196211339905858,0.0012977812439203262,0.68824861664325,4.551840296946466,163521,10240641,0,445297366,455703217,631980,347848,284132,632488,240,6.34,9.621531763,13.979732803425698,16125568.190938765,23904431.62856062,,,,,48,25,6.32.10,,"{""eff_sum"": 2000393.9393367767, ""eff_hits"": 2075584}"
r1_slim_filter_rdf_t32,ok,3,ares,filter,rdf,vector,32,,,ds_x32_slim.root,11098400,,0.05762483272701502,2.652711263857782,0.021034399047493935,0.2357079777866602,2.731370495632291,109014,1756209,54507,59063798,60985217,536188,347756,188432,538480,204,4.1,4.525873404,19.201188888465957,47085381.25953966,,,,,,48,33,6.32.10,,"{""events_passed"": 1918272}"
r1_slim_chain_rdf-lazy_t32,ok,3,ares,chain,rdf-lazy,vector,32,5,,ds_x32_slim.root,11098400,,0.05742198694497347,3.136341561563313,0.021052430383861065,0.6114258775487542,3.2148159788921475,109014,6168803,54507,258069090,264403103,601328,347812,253516,601976,367,4.96,13.900586176,22.73470372521416,18151668.759088513,,1,,,,48,33,6.32.10,,"{""events_passed"": 1732992, ""intermediate"": null}"
r1_slim_eff_jit_t32,ok,3,ares,efficiency,jit,vector,32,,,ds_x32_slim.root,11098400,16452192,0.35290007665753365,4.164483370259404,0.001302138902246952,0.5875376742333174,4.518685585819185,163521,10240641,0,445733422,456139273,648604,347976,300628,652324,248,6.23,9.883757487,16.822338243921795,18889682.290556755,28001935.401791207,,,,,48,33,6.32.10,,"{""eff_sum"": 2000393.9393367767, ""eff_hits"": 2075584}"
r1_slim_filter_rdf_t48,ok,3,ares,filter,rdf,vector,48,,,ds_x32_slim.root,11098400,,0.0574538903310895,2.607949453406036,0.020741870626807213,0.2235564412549138,2.6861452143639326,109014,1756209,54507,59935910,61857329,551152,347796,203356,558216,231,4.05,5.558551018,24.864195309236354,49644733.73122303,,,,,,48,49,6.32.10,,"{""events_passed"": 1918272}"
r1_slim_chain_rdf-lazy_t48,ok,3,ares,chain,rdf-lazy,vector,48,5,,ds_x32_slim.root,11098400,,0.06019721180200577,3.1526472521945834,0.021772781386971474,0.521016189828515,3.2346172453835607,109014,6168803,54507,258941202,265275215,640208,347708,292500,648040,392,4.91,14.907802751,28.612935724524583,21301449.391914055,,1,,,,48,49,6.32.10,,"{""events_passed"": 1732992, ""intermediate"": null}"
r1_slim_eff_jit_t48,ok,3,ares,efficiency,jit,vector,48,,,ds_x32_slim.root,11098400,16452192,0.353201936930418,4.1648941822350025,0.0012858491390943527,0.5198828866705298,4.519381968304515,163521,10240641,0,446605534,457011385,698744,349768,348976,701872,264,6.15,10.675320916999999,20.534087946936726,21347884.849753655,31645958.00674316,,,,,48,49,6.32.10,,"{""eff_sum"": 2000393.9393367767, ""eff_hits"": 2075584}"
r2_slim_filter_rdf_t0,ok,3,ares,filter,rdf,vector,0,,,ds_x32_slim.root,11098400,,0.04820948373526335,2.60814022552222,0.02110470551997423,3.153564498759806,2.6774544147774577,109014,1756209,54507,57265067,59186486,494824,347692,147132,494824,99,6.99,3.1497282920000003,0.9987835331221814,3519319.1718021426,,,,,,48,2,6.32.10,,"{""events_passed"": 1918272}"
r2_slim_chain_rdf-lazy_t0,ok,3,ares,chain,rdf-lazy,vector,0,5,,ds_x32_slim.root,11098400,,0.05086332466453314,3.168281693942845,0.02166559360921383,9.651592269539833,3.240810612216592,109014,6168803,54507,256270359,262604372,517104,353180,163924,517104,99,14.07,9.638506326000002,0.9986441673897549,1149903.5278382255,,1,,,,48,2,6.32.10,,"{""events_passed"": 1732992, ""intermediate"": null}"
r2_slim_eff_jit_t0,ok,3,ares,efficiency,jit,vector,0,,,ds_x32_slim.root,11098400,16452192,0.34475683234632015,4.175171648152173,0.0012768907472491264,6.2060976177453995,4.521205371245742,163521,10240641,0,443934691,454340542,563180,347896,215284,563180,99,11.83,6.19654411,0.9984606256082593,1788305.741157825,2650972.1588905468,,,,,48,2,6.32.10,,"{""eff_sum"": 2000393.9393367767, ""eff_hits"": 2075584}"
r2_slim_filter_rdf_t1,ok,3,ares,filter,rdf,vector,1,,,ds_x32_slim.root,11098400,,0.05740366317331791,2.6447988599538803,0.020937499590218067,3.260016920045018,2.7231400227174163,109014,1756209,54507,57374081,59295500,495840,347660,148180,496624,99,7.13,3.2561749090000003,0.998821475121373,3404399.508407073,,,,,,48,2,6.32.10,,"{""events_passed"": 1918272}"
r2_slim_chain_rdf-lazy_t1,ok,3,ares,chain,rdf-lazy,vector,1,5,,ds_x32_slim.root,11098400,,0.06029567401856184,3.1678847847506404,0.022011462599039078,9.980086863040924,3.2501919213682413,109014,6168803,54507,256379373,262713386,511268,347816,163452,512036,99,14.38,9.966566589000001,0.9986452749132884,1112054.4492553973,,1,,,,48,2,6.32.10,,"{""events_passed"": 1732992, ""intermediate"": null}"
r2_slim_eff_jit_t1,ok,3,ares,efficiency,jit,vector,1,,,ds_x32_slim.root,11098400,16452192,0.35934012196958065,4.180577387101948,0.0012818751856684685,6.097652004100382,4.541199384257197,163521,10240641,0,444043705,454449556,566312,347896,218416,566312,99,11.75,6.087748803,0.9983758992652052,1820110.428167572,2698119.2086620685,,,,,48,2,6.32.10,,"{""eff_sum"": 2000393.9393367767, ""eff_hits"": 2075584}"
r2_slim_filter_rdf_t2,ok,3,ares,filter,rdf,vector,2,,,ds_x32_slim.root,11098400,,0.05754388216882944,2.6416089655831456,0.020726226270198822,1.6998941591009498,2.719879074022174,109014,1756209,54507,57428588,59350007,495728,347636,148092,496504,127,5.56,3.240701749,1.9064138385615501,6528877.071893575,,,,,,48,3,6.32.10,,"{""events_passed"": 1918272}"
r2_slim_chain_rdf-lazy_t2,ok,3,ares,chain,rdf-lazy,vector,2,5,,ds_x32_slim.root,11098400,,0.06012885645031929,3.146995468996465,0.021742677316069603,5.052098386920989,3.228867002762854,109014,6168803,54507,256433880,262767893,513892,347788,166104,514648,149,9.43,9.73423426,1.9267705247388398,2196790.1553009823,,1,,,,48,3,6.32.10,,"{""events_passed"": 1732992, ""intermediate"": null}"
r2_slim_eff_jit_t2,ok,3,ares,efficiency,jit,vector,2,,,ds_x32_slim.root,11098400,16452192,0.3525708466768265,4.177822579629719,0.0012925425544381142,3.4047974264249206,4.531685968860984,163521,10240641,0,444098212,454504063,563996,347692,216304,564844,132,9.05,6.399417379000001,1.8795295512542338,3259635.9224969978,4832061.923071589,,,,,48,3,6.32.10,,"{""eff_sum"": 2000393.9393367767, ""eff_hits"": 2075584}"
r2_slim_filter_rdf_t4,ok,3,ares,filter,rdf,vector,4,,,ds_x32_slim.root,11098400,,0.05737819243222475,2.6160207455977798,0.020899164490401745,0.9492280017584562,2.6942981025204062,109014,1756209,54507,57537602,59459021,497684,347868,149816,498828,152,4.78,3.469040805,3.65459172988319,11692027.605001202,,,,,,48,5,6.32.10,,"{""events_passed"": 1918272}"
r2_slim_chain_rdf-lazy_t4,ok,3,ares,chain,rdf-lazy,vector,4,5,,ds_x32_slim.root,11098400,,0.06058141775429249,3.1530166920274496,0.021836147643625736,2.859439142048359,3.235434257425368,109014,6168803,54507,256542894,262876907,519268,347844,171424,520020,205,7.24,10.50417389,3.67350846378753,3881320.583745546,,1,,,,48,5,6.32.10,,"{""events_passed"": 1732992, ""intermediate"": null}"
r2_slim_eff_jit_t4,ok,3,ares,efficiency,jit,vector,4,,,ds_x32_slim.root,11098400,16452192,0.35334236919879913,4.189643852412701,0.0012646820396184921,2.0339987445622683,4.544250903651118,163521,10240641,0,444207226,454613077,567188,347736,219452,567964,165,7.68,7.095307839000001,3.4883540896810947,5456443.879166925,8088594.962992779,,,,,48,5,6.32.10,,"{""eff_sum"": 2000393.9393367767, ""eff_hits"": 2075584}"
r2_slim_filter_rdf_t8,ok,3,ares,filter,rdf,vector,8,,,ds_x32_slim.root,11098400,,0.057286446914076805,2.6472708974033594,0.02086401917040348,0.5248534120619297,2.7254213634878397,109014,1756209,54507,57755630,59677049,506612,347720,158892,507344,165,4.39,3.439277809,6.552835001088237,21145713.72680807,,,,,,48,9,6.32.10,,"{""events_passed"": 1918272}"
r2_slim_chain_rdf-lazy_t8,ok,3,ares,chain,rdf-lazy,vector,8,5,,ds_x32_slim.root,11098400,,0.057326958514750004,3.126979340799153,0.02125329151749611,1.5024802749976516,3.205559590831399,109014,6168803,54507,256760922,263094935,532688,347736,184952,533636,254,5.86,10.585884381,7.045606226688431,7386719.269920098,,1,,,,48,9,6.32.10,,"{""events_passed"": 1732992, ""intermediate"": null}"
r2_slim_eff_jit_t8,ok,3,ares,efficiency,jit,vector,8,,,ds_x32_slim.root,11098400,16452192,0.3531759809702635,4.13597300928086,0.001254366710782051,1.1693930234760046,4.490403356961906,163521,10240641,0,444425254,454831105,575932,347732,228200,576708,189,6.79,7.259084198,6.207565850207035,9490735.60145772,14069001.327796608,,,,,48,9,6.32.10,,"{""eff_sum"": 2000393.9393367767, ""eff_hits"": 2075584}"
r2_slim_filter_rdf_t12,ok,3,ares,filter,rdf,vector,12,,,ds_x32_slim.root,11098400,,0.062296632677316666,2.6048195846378803,0.02140115015208721,0.41863462049514055,2.688517367467284,109014,1756209,54507,57973658,59895077,515580,347720,167860,516080,179,4.26,3.806600636,9.092894972464865,26510946.435517814,,,,,,48,13,6.32.10,,"{""events_passed"": 1918272}"
r2_slim_chain_rdf-lazy_t12,ok,3,ares,chain,rdf-lazy,vector,12,5,,ds_x32_slim.root,11098400,,0.06048344634473324,3.1274447767063975,0.021959722973406315,1.084060993976891,3.209887946024537,109014,6168803,54507,256978950,263312963,539088,348064,191024,539748,282,5.43,11.022737649,10.168005038686017,10237800.328268785,,1,,,,48,13,6.32.10,,"{""events_passed"": 1732992, ""intermediate"": null}"
r2_slim_eff_jit_t12,ok,3,ares,efficiency,jit,vector,12,,,ds_x32_slim.root,11098400,16452192,0.37485825922340155,4.213077115826309,0.0013548294082283974,0.9268542155623436,4.589290204457939,163521,10240641,0,444643282,455049133,590008,347840,242168,591528,198,6.62,7.458373010999999,8.046975334168204,11974267.16483816,17750571.474736273,,,,,48,13,6.32.10,,"{""eff_sum"": 2000393.9393367767, ""eff_hits"": 2075584}"
r2_slim_filter_rdf_t16,ok,3,ares,filter,rdf,vector,16,,,ds_x32_slim.root,11098400,,0.05784527398645878,2.6079290779307485,0.021088341251015663,0.3535246644169092,2.686862693168223,109014,1756209,54507,58191686,60113105,512068,347732,164336,515456,192,4.16,4.233986444,11.97649519301117,31393566.32529529,,,,,,48,17,6.32.10,,"{""events_passed"": 1918272}"
r2_slim_chain_rdf-lazy_t16,ok,3,ares,chain,rdf-lazy,vector,16,5,,ds_x32_slim.root,11098400,,0.06123825442045927,3.165158991701901,0.021708794869482517,0.9576252140104771,3.2481060409918427,109014,6168803,54507,257196978,263530991,553312,347688,205624,553980,312,5.36,12.353305353,12.89993744135568,11589502.696488708,,1,,,,48,17,6.32.10,,"{""events_passed"": 1732992, ""intermediate"": null}"
r2_slim_eff_jit_t16,ok,3,ares,efficiency,jit,vector,16,,,ds_x32_slim.root,11098400,16452192,0.3541991515085101,4.177563275210559,0.0012906240299344063,0.8092002617195249,4.533053050749004,163521,10240641,0,444861310,455267161,600168,347792,252376,601328,216,6.44,8.310645201,10.27019588864213,13715269.909102911,20331421.995637536,,,,,48,17,6.32.10,,"{""eff_sum"": 2000393.9393367767, ""eff_hits"": 2075584}"
r2_slim_filter_rdf_t24,ok,3,ares,filter,rdf,vector,24,,,ds_x32_slim.root,11098400,,0.0532121742144227,2.6024147029966116,0.020658197812736034,0.26516663655638695,2.6762850750237703,109014,1756209,54507,58627742,60549161,526036,347652,178384,528652,192,4.06,4.044153478,15.251366199457834,41854435.928028055,,,,,,48,25,6.32.10,,"{""events_passed"": 1918272}"
r2_slim_chain_rdf-lazy_t24,ok,3,ares,chain,rdf-lazy,vector,24,5,,ds_x32_slim.root,11098400,,0.06091108359396458,3.1199434688314795,0.02190538216382265,0.7112144194543362,3.2027599345892668,109014,6168803,54507,257633034,263967047,573832,347808,226024,576248,336,5.04,12.667452029,17.811016878311925,15604857.967467822,,1,,,,48,25,6.32.10,,"{""events_passed"": 1732992, ""intermediate"": null}"
r2_slim_eff_jit_t24,ok,3,ares,efficiency,jit,vector,24,,,ds_x32_slim.root,11098400,16452192,0.38236219994723797,4.239306390285492,0.0013722460716962814,0.7336405394598842,4.623040836304426,163521,10240641,0,445297366,455703217,624940,347676,277264,627400,229,6.45,9.099782522,12.403598264484375,15127844.500210946,22425412.876055513,,,,,48,25,6.32.10,,"{""eff_sum"": 2000393.9393367767, ""eff_hits"": 2075584}"
r2_slim_filter_rdf_t32,ok,3,ares,filter,rdf,vector,32,,,ds_x32_slim.root,11098400,,0.05754055920988321,2.6168073480948806,0.020987962372601032,0.23256295919418335,2.695335869677365,109014,1756209,54507,59063798,60985217,537144,347784,189360,539320,203,4.07,4.480894787,19.267448275194084,47722130.98102676,,,,,,48,33,6.32.10,,"{""events_passed"": 1918272}"
r2_slim_chain_rdf-lazy_t32,ok,3,ares,chain,rdf-lazy,vector,32,5,,ds_x32_slim.root,11098400,,0.05804471205919981,3.1508719976991415,0.021486220881342888,0.5749983573332429,3.230402930639684,109014,6168803,54507,258069090,264403103,596320,347816,248504,603020,351,4.95,13.080586227,22.74891060152905,19301620.358487166,,1,,,,48,33,6.32.10,,"{""events_passed"": 1732992, ""intermediate"": null}"
r2_slim_eff_jit_t32,ok,3,ares,efficiency,jit,vector,32,,,ds_x32_slim.root,11098400,16452192,0.35332744382321835,4.160789301618934,0.0012720422819256783,0.5885753659531474,4.515388787724078,163521,10240641,0,445733422,456139273,648360,347708,300652,649760,249,6.2,9.89468648,16.811248061624873,18856378.710357834,27952566.403041832,,,,,48,33,6.32.10,,"{""eff_sum"": 2000393.9393367767, ""eff_hits"": 2075584}"
r2_slim_filter_rdf_t48,ok,3,ares,filter,rdf,vector,48,,,ds_x32_slim.root,11098400,,0.05741651076823473,2.611191501840949,0.021024752408266068,0.25478954520076513,2.68963276501745,109014,1756209,54507,59935910,61857329,554372,349652,204720,564624,267,4.07,7.0716669130000005,27.754933615615105,43559087.13308803,,,,,,48,49,6.32.10,,"{""events_passed"": 1918272}"
r2_slim_chain_rdf-lazy_t48,ok,3,ares,chain,rdf-lazy,vector,48,5,,ds_x32_slim.root,11098400,,0.057958606630563736,3.13212875649333,0.021452209912240505,0.4490952221676707,3.2115395730361342,109014,6168803,54507,258941202,265275215,639936,347896,292040,645732,365,4.8,13.224587884000002,29.4471800883746,24712799.095102347,,1,,,,48,49,6.32.10,,"{""events_passed"": 1732992, ""intermediate"": null}"
r2_slim_eff_jit_t48,ok,3,ares,efficiency,jit,vector,48,,,ds_x32_slim.root,11098400,16452192,0.3836370911449194,4.260696763172746,0.001370229758322239,0.6316511118784547,4.645704084075987,163521,10240641,0,446605534,457011385,698276,347908,350368,703292,278,6.39,12.059835486,19.092557994769447,17570459.057682473,26046327.93421855,,,,,48,49,6.32.10,,"{""eff_sum"": 2000393.9393367767, ""eff_hits"": 2075584}"
r3_slim_filter_rdf_t0,ok,3,ares,filter,rdf,vector,0,,,ds_x32_slim.root,11098400,,0.04795996379107237,2.6213151048868895,0.021468279883265495,3.213490078225732,2.6907433485612273,109014,1756209,54507,57265067,59186486,495248,347688,147560,495968,99,7.03,3.209685145,0.9988159499070765,3453690.4517619587,,,,,,48,2,6.32.10,,"{""events_passed"": 1918272}"
r3_slim_chain_rdf-lazy_t0,ok,3,ares,chain,rdf-lazy,vector,0,5,,ds_x32_slim.root,11098400,,0.05100729875266552,3.151924967765808,0.022197081707417965,9.694408849813044,3.2251293482258916,109014,6168803,54507,256270359,262604372,512396,347624,164772,512396,99,14.05,9.68122087,0.9986396303253398,1144824.8337714819,,1,,,,48,2,6.32.10,,"{""events_passed"": 1732992, ""intermediate"": null}"
r3_slim_eff_jit_t0,ok,3,ares,efficiency,jit,vector,0,,,ds_x32_slim.root,11098400,16452192,0.34510934818536043,4.173946458846331,0.0012467289343476295,6.069777061231434,4.520302535966039,163521,10240641,0,443934691,454340542,562912,347672,215240,562912,99,11.69,6.04923911,0.9966163582246516,1828469.1328923965,2710510.0951866237,,,,,48,2,6.32.10,,"{""eff_sum"": 2000393.9393367767, ""eff_hits"": 2075584}"
r3_slim_filter_rdf_t1,ok,3,ares,filter,rdf,vector,1,,,ds_x32_slim.root,11098400,,0.05731641594320536,2.601838679984212,0.021066494286060333,3.281416709534824,2.6802215902134776,109014,1756209,54507,57374081,59295500,497680,349644,148036,498524,99,7.09,3.2772982180000003,0.9987449044423842,3382197.6854543774,,,,,,48,2,6.32.10,,"{""events_passed"": 1918272}"
r3_slim_chain_rdf-lazy_t1,ok,3,ares,chain,rdf-lazy,vector,1,5,,ds_x32_slim.root,11098400,,0.06060948222875595,3.123063179664314,0.021955816075205803,9.817324547097087,3.2056284779682755,109014,6168803,54507,256379373,262713386,511740,347604,164136,512156,99,14.15,9.804325195,0.9986758763006435,1130491.3010420662,,1,,,,48,2,6.32.10,,"{""events_passed"": 1732992, ""intermediate"": null}"
r3_slim_eff_jit_t1,ok,3,ares,efficiency,jit,vector,1,,,ds_x32_slim.root,11098400,16452192,0.3733699098229408,4.243682626634836,0.001339482143521309,6.130727222189307,4.618392018601298,163521,10240641,0,444043705,454449556,563976,347704,216272,563976,99,11.85,6.119959924000001,0.9982437159901135,1810290.948817768,2683562.8798576454,,,,,48,2,6.32.10,,"{""eff_sum"": 2000393.9393367767, ""eff_hits"": 2075584}"
r3_slim_filter_rdf_t2,ok,3,ares,filter,rdf,vector,2,,,ds_x32_slim.root,11098400,,0.057106323540210724,2.6069184504449368,0.02085236832499504,1.6731201130896807,2.6848771423101425,109014,1756209,54507,57428588,59350007,499600,349676,149924,500320,127,5.48,3.1987580600000003,1.9118520152704328,6633355.198572714,,,,,,48,3,6.32.10,,"{""events_passed"": 1918272}"
r3_slim_chain_rdf-lazy_t2,ok,3,ares,chain,rdf-lazy,vector,2,5,,ds_x32_slim.root,11098400,,0.06063551176339388,3.123466692864895,0.02201682608574629,5.102073211222887,3.206119030714035,109014,6168803,54507,256433880,262767893,515584,347748,167836,516344,149,9.44,9.758393085000002,1.9126329005892622,2175272.588324911,,1,,,,48,3,6.32.10,,"{""events_passed"": 1732992, ""intermediate"": null}"
r3_slim_eff_jit_t2,ok,3,ares,efficiency,jit,vector,2,,,ds_x32_slim.root,11098400,16452192,0.3536710413172841,4.146751177497208,0.0012461580336093903,3.4205178506672382,4.501668376848102,163521,10240641,0,444098212,454504063,562980,347936,215044,563028,133,9.03,6.424797632000001,1.8783113880685405,3244654.8986245,4809854.156086536,,,,,48,3,6.32.10,,"{""eff_sum"": 2000393.9393367767, ""eff_hits"": 2075584}"
r3_slim_filter_rdf_t4,ok,3,ares,filter,rdf,vector,4,,,ds_x32_slim.root,11098400,,0.05770692601799965,2.6250027948990464,0.02104796562343836,0.9691771101206541,2.7037576865404844,109014,1756209,54507,57537602,59459021,503344,349692,153652,503988,152,4.8,3.5101204050000003,3.62175330839481,11451364.135723703,,,,,,48,5,6.32.10,,"{""events_passed"": 1918272}"
r3_slim_chain_rdf-lazy_t4,ok,3,ares,chain,rdf-lazy,vector,4,5,,ds_x32_slim.root,11098400,,0.0638276906684041,3.1229358576238155,0.022155681625008583,2.7245655581355095,3.208919229917228,109014,6168803,54507,256542894,262876907,516276,347864,168412,517036,202,7.08,9.99257388,3.6675843053812134,4073456.7633582368,,1,,,,48,5,6.32.10,,"{""events_passed"": 1732992, ""intermediate"": null}"
r3_slim_eff_jit_t4,ok,3,ares,efficiency,jit,vector,4,,,ds_x32_slim.root,11098400,16452192,0.35212022066116333,4.137996231205761,0.0012772530317306519,2.009533275850117,4.491393704898655,163521,10240641,0,444207226,454613077,568072,347936,220136,568844,164,7.59,6.959248807000001,3.4631169787700804,5522874.457157177,8187071.195942267,,,,,48,5,6.32.10,,"{""eff_sum"": 2000393.9393367767, ""eff_hits"": 2075584}"
r3_slim_filter_rdf_t8,ok,3,ares,filter,rdf,vector,8,,,ds_x32_slim.root,11098400,,0.05724633205682039,2.602840037085116,0.021110120229423046,0.5179321933537722,2.6811964893713593,109014,1756209,54507,57755630,59677049,505316,347948,157368,506360,166,4.32,3.4245047619999998,6.611878554652619,21428287.60678962,,,,,,48,9,6.32.10,,"{""events_passed"": 1918272}"
r3_slim_chain_rdf-lazy_t8,ok,3,ares,chain,rdf-lazy,vector,8,5,,ds_x32_slim.root,11098400,,0.05770230386406183,3.1299652559682727,0.021501192823052406,1.518193542957306,3.209168752655387,109014,6168803,54507,256760922,263094935,533856,347664,186192,534436,258,5.87,10.865736963,7.157016978108411,7310266.896789262,,1,,,,48,9,6.32.10,,"{""events_passed"": 1732992, ""intermediate"": null}"
r3_slim_eff_jit_t8,ok,3,ares,efficiency,jit,vector,8,,,ds_x32_slim.root,11098400,16452192,0.3531579105183482,4.146236278116703,0.001315997913479805,1.1827933927997947,4.500710186548531,163521,10240641,0,444425254,454831105,577044,347952,229092,578356,190,6.77,7.3458167990000005,6.210566311679921,9383211.021942671,13909607.62898409,,,,,48,9,6.32.10,,"{""eff_sum"": 2000393.9393367767, ""eff_hits"": 2075584}"
r3_slim_filter_rdf_t12,ok,3,ares,filter,rdf,vector,12,,,ds_x32_slim.root,11098400,,0.06080434937030077,2.6444702222943306,0.021516581065952778,0.4161025984212756,2.726791152730584,109014,1756209,54507,57973658,59895077,513496,347940,165556,514104,176,4.29,3.7051589300000005,8.904435934929632,26672267.95052028,,,,,,48,13,6.32.10,,"{""events_passed"": 1918272}"
r3_slim_chain_rdf-lazy_t12,ok,3,ares,chain,rdf-lazy,vector,12,5,,ds_x32_slim.root,11098400,,0.06105913035571575,3.146176353096962,0.022112124599516392,1.1198914805427194,3.229347608052194,109014,6168803,54507,256978950,263312963,536324,347680,188644,538232,291,5.48,11.664476904,10.415720725321696,9910245.941527762,,1,,,,48,13,6.32.10,,"{""events_passed"": 1732992, ""intermediate"": null}"
r3_slim_eff_jit_t12,ok,3,ares,efficiency,jit,vector,12,,,ds_x32_slim.root,11098400,16452192,0.3806546200066805,4.231625165790319,0.0013186335563659668,0.9334466587752104,4.613598419353366,163521,10240641,0,444643282,455049133,589356,347688,241668,591344,192,6.64,7.1130574619999996,7.620207748488972,11889699.208482228,17625208.516560733,,,,,48,13,6.32.10,,"{""eff_sum"": 2000393.9393367767, ""eff_hits"": 2075584}"
r3_slim_filter_rdf_t16,ok,3,ares,filter,rdf,vector,16,,,ds_x32_slim.root,11098400,,0.058410339057445526,2.6029925337061286,0.021075508557260036,0.35742086824029684,2.682478381320834,109014,1756209,54507,58191686,60113105,516680,347768,168912,517916,191,4.17,4.20008849,11.751100350347333,31051348.66534558,,,,,,48,17,6.32.10,,"{""events_passed"": 1918272}"
r3_slim_chain_rdf-lazy_t16,ok,3,ares,chain,rdf-lazy,vector,16,5,,ds_x32_slim.root,11098400,,0.06094974931329489,3.1418979801237583,0.02205558866262436,0.8715644227340817,3.2249033180996776,109014,6168803,54507,257196978,263530991,565252,347924,217328,568844,299,5.22,11.2896912,12.953363980352071,12733883.704413405,,1,,,,48,17,6.32.10,,"{""events_passed"": 1732992, ""intermediate"": null}"
r3_slim_eff_jit_t16,ok,3,ares,efficiency,jit,vector,16,,,ds_x32_slim.root,11098400,16452192,0.353533954359591,4.164215681143105,0.0013103839010000229,0.7384274704381824,4.519060019403696,163521,10240641,0,444861310,455267161,599500,347772,251728,601708,207,6.35,7.595551993999999,10.28611786272361,15029776.713770164,22280037.862401407,,,,,48,17,6.32.10,,"{""eff_sum"": 2000393.9393367767, ""eff_hits"": 2075584}"
r3_slim_filter_rdf_t24,ok,3,ares,filter,rdf,vector,24,,,ds_x32_slim.root,11098400,,0.05748315528035164,2.6104940697550774,0.021021762862801552,0.2796919709071517,2.6889989878982306,109014,1756209,54507,58627742,60549161,528100,349148,178952,530744,201,4.09,4.438583564,15.869542302569208,39680795.85553886,,,,,,48,25,6.32.10,,"{""events_passed"": 1918272}"
r3_slim_chain_rdf-lazy_t24,ok,3,ares,chain,rdf-lazy,vector,24,5,,ds_x32_slim.root,11098400,,0.05806699674576521,3.137858442030847,0.02149155270308256,1.17427515424788,3.217416991479695,109014,6168803,54507,257633034,263967047,576316,347716,228600,577120,512,5.52,23.979717961,20.420868034424984,9451277.20692387,,1,,,,48,25,6.32.10,,"{""events_passed"": 1732992, ""intermediate"": null}"
r3_slim_eff_jit_t24,ok,3,ares,efficiency,jit,vector,24,,,ds_x32_slim.root,11098400,16452192,0.35422320384532213,4.1815280159935355,0.0012616468593478203,0.6605823514983058,4.5370128666982055,163521,10240641,0,445297366,455703217,628532,347664,280868,630204,230,6.29,8.866589615999999,13.42238344074613,16800933.259611107,24905588.17183628,,,,,48,25,6.32.10,,"{""eff_sum"": 2000393.9393367767, ""eff_hits"": 2075584}"
r3_slim_filter_rdf_t32,ok,3,ares,filter,rdf,vector,32,,,ds_x32_slim.root,11098400,,0.05795685015618801,2.6106257187202573,0.02114482969045639,0.2300708731636405,2.6897273985669017,109014,1756209,54507,59063798,60985217,536332,347760,188572,538628,201,4.04,4.363786170000001,18.96713873422912,48239048.46097636,,,,,,48,33,6.32.10,,"{""events_passed"": 1918272}"
r3_slim_chain_rdf-lazy_t32,ok,3,ares,chain,rdf-lazy,vector,32,5,,ds_x32_slim.root,11098400,,0.05748946499079466,3.1489152209833264,0.021336580626666546,0.5518076745793223,3.2277412666007876,109014,6168803,54507,258069090,264403103,602640,347788,254852,603388,349,4.9,12.802559439,23.201126096624506,20112804.716717664,,1,,,,48,33,6.32.10,,"{""events_passed"": 1732992, ""intermediate"": null}"
r3_slim_eff_jit_t32,ok,3,ares,efficiency,jit,vector,32,,,ds_x32_slim.root,11098400,16452192,0.3546650754287839,4.184378574602306,0.0012699263170361519,0.6094624362885952,4.540313576348126,163521,10240641,0,445733422,456139273,648264,347832,300432,649748,238,6.25,9.273741924,15.216264976843721,18210146.08805954,26994595.598356925,,,,,48,33,6.32.10,,"{""eff_sum"": 2000393.9393367767, ""eff_hits"": 2075584}"
r3_slim_filter_rdf_t48,ok,3,ares,filter,rdf,vector,48,,,ds_x32_slim.root,11098400,,0.060443454422056675,2.834938956424594,0.022805565036833286,0.23353700432926416,2.918187975883484,109014,1756209,54507,59935910,61857329,559172,349156,210016,561380,213,4.3,5.140171858999999,22.010095889355775,47523089.678551964,,,,,,48,49,6.32.10,,"{""events_passed"": 1918272}"
r3_slim_chain_rdf-lazy_t48,ok,3,ares,chain,rdf-lazy,vector,48,5,,ds_x32_slim.root,11098400,,0.05765071138739586,3.1229099119082093,0.02123970538377762,0.45461320225149393,3.201800328679383,109014,6168803,54507,258941202,265275215,638272,347812,290460,643032,371,4.8,13.494120984,29.68264211679228,24412841.389195554,,1,,,,48,49,6.32.10,,"{""events_passed"": 1732992, ""intermediate"": null}"
r3_slim_eff_jit_t48,ok,3,ares,efficiency,jit,vector,48,,,ds_x32_slim.root,11098400,16452192,0.3560095187276602,4.134014799259603,0.0012937923893332481,0.5205236012116075,4.4913181103765965,163521,10240641,0,446605534,457011385,696552,347716,348836,701688,268,6.13,10.842253084000001,20.829512934212413,21321607.654612742,31607004.872986965,,,,,48,49,6.32.10,,"{""eff_sum"": 2000393.9393367767, ""eff_hits"": 2075584}"
r1_weakslim_filter_rdf_t1,ok,3,ares,filter,rdf,vector,1,,,ds_x1_slim.root,346825,,0.09041598346084356,2.6018811697140336,0.02080294582992792,0.19160214066505432,2.713100099004805,14998,1756209,7499,1803937,3584332,497312,349620,147692,497312,98,4.03,0.19032978200000006,0.9933593713481599,1810131.133170874,,,,,,48,2,6.32.10,,"{""events_passed"": 59946}"
r1_weakslim_chain_rdf-lazy_t1,ok,3,ares,chain,rdf-lazy,vector,1,5,,ds_x1_slim.root,346825,,0.05725748743861914,3.1386827481910586,0.021253693848848343,0.43708276841789484,3.217193929478526,14998,6168803,7499,8030579,14223568,513508,347880,165628,513508,99,4.79,0.43609070199999955,0.9977302550235823,793499.5956381438,,1,,,,48,2,6.32.10,,"{""events_passed"": 54156, ""intermediate"": null}"
r1_weakslim_eff_jit_t1,ok,3,ares,efficiency,jit,vector,1,,,ds_x1_slim.root,346825,514131,0.3536057788878679,4.146089486777782,0.0013113413006067276,0.44890672340989113,4.501006606966257,22497,10240641,0,13902657,24167484,562344,347760,214584,562344,99,6.04,0.44747610200000043,0.9968130987234415,772599.2548418982,1145295.8336080732,,,,,48,2,6.32.10,,"{""eff_sum"": 62512.31060427427, ""eff_hits"": 64862}"
r1_weakslim_filter_rdf_t2,ok,3,ares,filter,rdf,vector,2,,,ds_x2_slim.root,693650,,0.07854322995990515,2.6534824706614017,0.02066971268504858,0.19839881546795368,2.7526954133063555,18210,1756209,9105,3605436,5390649,498288,351664,146624,499196,101,4.1,0.307448462,1.549648677462293,3496240.632102169,,,,,,48,3,6.32.10,,"{""events_passed"": 119892}"
r1_weakslim_chain_rdf-lazy_t2,ok,3,ares,chain,rdf-lazy,vector,2,5,,ds_x2_slim.root,693650,,0.05959737952798605,3.1869229692965746,0.021485555917024612,0.4444226985797286,3.2680059047415853,18210,6168803,9105,16049495,22247302,511388,347740,163648,511388,105,4.85,0.7414702670000004,1.6683897320491654,1560788.866582971,,1,,,,48,3,6.32.10,,"{""events_passed"": 108312, ""intermediate"": null}"
r1_weakslim_eff_jit_t2,ok,3,ares,efficiency,jit,vector,2,,,ds_x2_slim.root,693650,1028262,0.35281204525381327,4.195806083269417,0.0012713735923171043,0.46069830656051636,4.549889502115548,27315,10240641,0,27788628,38058273,567744,349440,218304,567744,102,6.1,0.6469674339999996,1.4043191059896272,1505649.1203075077,2231963.9238025495,,,,,48,3,6.32.10,,"{""eff_sum"": 125024.62120854855, ""eff_hits"": 129724}"
r1_weakslim_filter_rdf_t4,ok,3,ares,filter,rdf,vector,4,,,ds_x4_slim.root,1387300,,0.059746925719082355,2.591648762114346,0.021013065241277218,0.2239860836416483,2.6724087530747056,24430,1756209,12215,7218931,9013474,494804,347968,146836,496380,106,4.03,0.5148026309999998,2.298368821089904,6193688.364226765,,,,,,48,5,6.32.10,,"{""events_passed"": 239784}"
r1_weakslim_chain_rdf-lazy_t4,ok,3,ares,chain,rdf-lazy,vector,4,5,,ds_x4_slim.root,1387300,,0.057467381469905376,3.1194439278915524,0.02110063750296831,0.46648038271814585,3.198011946864426,24430,6168803,12215,32101051,38308188,514716,347692,167024,516136,118,4.79,1.3838271250000007,2.966528017612541,2973972.864445677,,1,,,,48,5,6.32.10,,"{""events_passed"": 216624, ""intermediate"": null}"
r1_weakslim_eff_jit_t4,ok,3,ares,efficiency,jit,vector,4,,,ds_x4_slim.root,1387300,2056524,0.35532459523528814,4.154490484856069,0.0013082502409815788,0.516224293038249,4.511123330332339,36645,10240641,0,55568482,65847457,562624,347920,214704,563216,108,6.13,1.087674656,2.1069807652764028,2687397.7430140227,3983779.9726477116,,,,,48,5,6.32.10,,"{""eff_sum"": 250049.2424170971, ""eff_hits"": 259448}"
r1_weakslim_filter_rdf_t8,ok,3,ares,filter,rdf,vector,8,,,ds_x8_slim.root,2774600,,0.05831893067806959,2.6275502014905214,0.020513205789029598,0.23013297375291586,2.7063823379576206,44370,1756209,22185,14517561,16342014,500984,347868,153244,502244,117,4.08,0.953873427,4.144879420991335,12056507.830029486,,,,,,48,9,6.32.10,,"{""events_passed"": 479568}"
r1_weakslim_chain_rdf-lazy_t8,ok,3,ares,chain,rdf-lazy,vector,8,5,,ds_x8_slim.root,2774600,,0.05983803793787956,3.187866235151887,0.021609563380479813,0.5123318582773209,3.2693138364702463,44370,6168803,22185,64276739,70513786,523908,347668,176240,525480,147,4.92,2.861392758,5.5850377285168795,5415630.426203425,,1,,,,48,9,6.32.10,,"{""events_passed"": 433248, ""intermediate"": null}"
r1_weakslim_eff_jit_t8,ok,3,ares,efficiency,jit,vector,8,,,ds_x8_slim.root,2774600,4113048,0.35130163840949535,4.168915008194745,0.0012352364137768745,0.5561562050133944,4.521451883018017,66555,10240641,0,111201730,121510615,579924,349752,230172,580616,122,6.22,1.9973638659999997,3.5913720785546133,4988886.170807313,7395490.6246185675,,,,,48,9,6.32.10,,"{""eff_sum"": 500098.4848341942, ""eff_hits"": 518896}"
r1_weakslim_filter_rdf_t16,ok,3,ares,filter,rdf,vector,16,,,ds_x16_slim.root,5549200,,0.061193257570266724,2.599956442601979,0.02105823904275894,0.23509889468550682,2.6822079392150044,61022,1756209,30511,29149210,30998641,512856,349376,163480,514976,142,4.05,1.9622830869999999,8.34662829710432,23603683.91958285,,,,,,48,17,6.32.10,,"{""events_passed"": 959136}"
r1_weakslim_chain_rdf-lazy_t16,ok,3,ares,chain,rdf-lazy,vector,16,5,,ds_x16_slim.root,5549200,,0.05783978756517172,3.1138331424444914,0.02123843040317297,0.5543815810233355,3.192911360412836,61022,6168803,30511,128655006,134917031,556920,349400,207520,558100,212,4.89,6.063265105,10.936988732215438,10009712.0646698,,1,,,,48,17,6.32.10,,"{""events_passed"": 866496, ""intermediate"": null}"
r1_weakslim_eff_jit_t16,ok,3,ares,efficiency,jit,vector,16,,,ds_x16_slim.root,5549200,8226096,0.35539635643363,4.148054342716932,0.0013426858931779861,0.577956241555512,4.50479338504374,91533,10240641,0,222486767,232820630,598812,347776,251036,601676,159,6.18,4.2816628979999996,7.408282133049257,9601418.932798231,14233077.538639046,,,,,48,17,6.32.10,,"{""eff_sum"": 1000196.9696683884, ""eff_hits"": 1037792}"
r1_weakslim_filter_rdf_t32,ok,3,ares,filter,rdf,vector,32,,,ds_x32_slim.root,11098400,,0.05876085255295038,2.8349507451057434,0.020798247307538986,0.263099605217576,2.9145098449662328,109014,1756209,54507,59063798,60985217,541004,351460,189544,541540,193,4.65,5.061736305999999,19.238859373483606,42183263.60019405,,,,,,48,33,6.32.10,,"{""events_passed"": 1918272}"
r1_weakslim_chain_rdf-lazy_t32,ok,3,ares,chain,rdf-lazy,vector,32,5,,ds_x32_slim.root,11098400,,0.06238377559930086,3.118488933891058,0.022252301685512066,0.5958127807825804,3.203125011175871,109014,6168803,54507,258069090,264403103,594800,347956,246844,598032,355,4.95,13.271820430000002,22.275152292919774,18627327.8418476,,1,,,,48,33,6.32.10,,"{""events_passed"": 1732992, ""intermediate"": null}"
r1_weakslim_eff_jit_t32,ok,3,ares,efficiency,jit,vector,32,,,ds_x32_slim.root,11098400,16452192,0.3549869507551193,4.158104072324932,0.0012618079781532288,0.5751864342018962,4.514352831058204,163521,10240641,0,445733422,456139273,649832,347964,301868,653600,239,6.21,9.252828220000001,16.08665933305403,19295309.033843365,28603233.70252699,,,,,48,33,6.32.10,,"{""eff_sum"": 2000393.9393367767, ""eff_hits"": 2075584}"
r2_weakslim_filter_rdf_t1,ok,3,ares,filter,rdf,vector,1,,,ds_x1_slim.root,346825,,0.05731095001101494,2.6084689935669303,0.02056722715497017,0.17817686218768358,2.6863471707329154,14998,1756209,7499,1803937,3584332,493824,347812,146012,493824,99,3.99,0.17772242599999988,0.997449521884581,1946520.9777612425,,,,,,48,2,6.32.10,,"{""events_passed"": 59946}"
r2_weakslim_chain_rdf-lazy_t1,ok,3,ares,chain,rdf-lazy,vector,1,5,,ds_x1_slim.root,346825,,0.05928325466811657,3.1426568906754255,0.021477255038917065,0.42527326848357916,3.223417400382459,14998,6168803,7499,8030579,14223568,514144,347956,166188,514144,99,4.76,0.42433107999999997,0.9977845104468033,815534.4473841336,,1,,,,48,2,6.32.10,,"{""events_passed"": 54156, ""intermediate"": null}"
r2_weakslim_eff_jit_t1,ok,3,ares,efficiency,jit,vector,1,,,ds_x1_slim.root,346825,514131,0.3527796594426036,4.1587534081190825,0.0012694979086518288,0.4449996929615736,4.512802565470338,22497,10240641,0,13902657,24167484,562224,347656,214568,562224,99,6.04,0.4436096539999994,0.9968763147850211,779382.5602256064,1155351.358960142,,,,,48,2,6.32.10,,"{""eff_sum"": 62512.31060427427, ""eff_hits"": 64862}"
r2_weakslim_filter_rdf_t2,ok,3,ares,filter,rdf,vector,2,,,ds_x2_slim.root,693650,,0.05651901662349701,2.6085789799690247,0.020412513054907322,0.18517527729272842,2.685510509647429,18210,1756209,9105,3605436,5390649,496544,347776,148768,497400,101,3.99,0.28159531299999996,1.520696051421859,3745910.4160187948,,,,,,48,3,6.32.10,,"{""events_passed"": 119892}"
r2_weakslim_chain_rdf-lazy_t2,ok,3,ares,chain,rdf-lazy,vector,2,5,,ds_x2_slim.root,693650,,0.05676819942891598,3.1487959399819374,0.020946533419191837,0.4472864968702197,3.2265106728300452,18210,6168803,9105,16049495,22247302,511688,347692,163996,511688,105,4.8,0.7547830700000002,1.6874711740269699,1550795.7536246902,,1,,,,48,3,6.32.10,,"{""events_passed"": 108312, ""intermediate"": null}"
r2_weakslim_eff_jit_t2,ok,3,ares,efficiency,jit,vector,2,,,ds_x2_slim.root,693650,1028262,0.381280604749918,4.226242805831134,0.001366613432765007,0.5329186003655195,4.608890024013817,27315,10240641,0,27788628,38058273,566164,347860,218304,566164,102,6.25,0.7190243669999994,1.3492198743050687,1301605.9104040235,1929491.6696372263,,,,,48,3,6.32.10,,"{""eff_sum"": 125024.62120854855, ""eff_hits"": 129724}"
r2_weakslim_filter_rdf_t4,ok,3,ares,filter,rdf,vector,4,,,ds_x4_slim.root,1387300,,0.0567436907440424,2.616551429964602,0.020494460128247738,0.19458703976124525,2.693789580836892,24430,1756209,12215,7218931,9013474,496068,347716,148352,497600,107,4.01,0.5101669170000003,2.6217928882928985,7129457.345680328,,,,,,48,5,6.32.10,,"{""events_passed"": 239784}"
r2_weakslim_chain_rdf-lazy_t4,ok,3,ares,chain,rdf-lazy,vector,4,5,,ds_x4_slim.root,1387300,,0.06288371607661247,3.1479203598573804,0.022088991478085518,0.467072956264019,3.2328930674120784,24430,6168803,12215,32101051,38308188,517348,347824,169524,517916,119,4.88,1.4326264009999994,3.067243311321559,2970199.79725782,,1,,,,48,5,6.32.10,,"{""events_passed"": 216624, ""intermediate"": null}"
r2_weakslim_eff_jit_t4,ok,3,ares,efficiency,jit,vector,4,,,ds_x4_slim.root,1387300,2056524,0.35483084060251713,4.187837508507073,0.001294751651585102,0.4911680640652776,4.543963100761175,36645,10240641,0,55568482,65847457,563376,347932,215444,563976,109,6.12,1.0981490750000003,2.2357908735166734,2824491.4551602933,4187006.7507619597,,,,,48,5,6.32.10,,"{""eff_sum"": 250049.2424170971, ""eff_hits"": 259448}"
r2_weakslim_filter_rdf_t8,ok,3,ares,filter,rdf,vector,8,,,ds_x8_slim.root,2774600,,0.05616858974099159,2.6032323595136404,0.020594102330505848,0.20082711707800627,2.679995051585138,44370,1756209,22185,14517561,16342014,502904,347716,155188,504300,119,4.0,0.9837602400000001,4.8985428577251495,13815863.317513421,,,,,,48,9,6.32.10,,"{""events_passed"": 479568}"
r2_weakslim_chain_rdf-lazy_t8,ok,3,ares,chain,rdf-lazy,vector,8,5,,ds_x8_slim.root,2774600,,0.05998350586742163,3.120633563026786,0.02158646285533905,0.4763185800984502,3.2022035317495465,44370,6168803,22185,64276739,70513786,533452,347920,185668,535116,148,4.81,2.832874114,5.947435670921076,5825092.943942095,,1,,,,48,9,6.32.10,,"{""events_passed"": 433248, ""intermediate"": null}"
r2_weakslim_eff_jit_t8,ok,3,ares,efficiency,jit,vector,8,,,ds_x8_slim.root,2774600,4113048,0.352905529551208,4.168359336443245,0.001280263066291809,0.479316639713943,4.522545129060745,66555,10240641,0,111201730,121510615,575428,349768,225660,577160,123,6.1,1.9540379439999995,4.076716270827094,5788657.789255733,8581066.583573384,,,,,48,9,6.32.10,,"{""eff_sum"": 500098.4848341942, ""eff_hits"": 518896}"
r2_weakslim_filter_rdf_t16,ok,3,ares,filter,rdf,vector,16,,,ds_x16_slim.root,5549200,,0.05735814478248358,2.623366139829159,0.02077195793390274,0.21224671136587858,2.701496242545545,61022,1756209,30511,29149210,30998641,510296,347768,162528,512392,142,4.04,1.9681645550000004,9.273003771574142,26145045.84918674,,,,,,48,17,6.32.10,,"{""events_passed"": 959136}"
r2_weakslim_chain_rdf-lazy_t16,ok,3,ares,chain,rdf-lazy,vector,16,5,,ds_x16_slim.root,5549200,,0.05731784272938967,3.153957915492356,0.021051358431577682,0.5145918168127537,3.232327116653323,61022,6168803,30511,128655006,134917031,547180,347680,199500,549156,214,4.88,6.134338325000001,11.920784832907913,10783692.66415911,,1,,,,48,17,6.32.10,,"{""events_passed"": 866496, ""intermediate"": null}"
r2_weakslim_eff_jit_t16,ok,3,ares,efficiency,jit,vector,16,,,ds_x16_slim.root,5549200,8226096,0.35302811581641436,4.177027645520866,0.001300436444580555,0.5268942303955555,4.531356197781861,91533,10240641,0,222486767,232820630,600028,347784,252244,603084,159,6.15,4.227793107000001,8.023988237309162,10531905.038766598,15612423.75689789,,,,,48,17,6.32.10,,"{""eff_sum"": 1000196.9696683884, ""eff_hits"": 1037792}"
r2_weakslim_filter_rdf_t32,ok,3,ares,filter,rdf,vector,32,,,ds_x32_slim.root,11098400,,0.057674129493534565,2.626096023246646,0.021101633086800575,0.24683502782136202,2.704871785826981,109014,1756209,54507,59063798,60985217,541444,347760,193684,543260,207,4.07,4.64328482,18.81128809384546,44962824.352595806,,,,,,48,33,6.32.10,,"{""events_passed"": 1918272}"
r2_weakslim_chain_rdf-lazy_t32,ok,3,ares,chain,rdf-lazy,vector,32,5,,ds_x32_slim.root,11098400,,0.0579794580116868,3.1371361212804914,0.021588647738099098,0.5545984208583832,3.2167042270302773,109014,6168803,54507,258069090,264403103,594584,347812,246772,600868,352,4.91,12.991789601,23.42557986532287,20011596.82860687,,1,,,,48,33,6.32.10,,"{""events_passed"": 1732992, ""intermediate"": null}"
r2_weakslim_eff_jit_t32,ok,3,ares,efficiency,jit,vector,32,,,ds_x32_slim.root,11098400,16452192,0.35406045336276293,4.156397303566337,0.001321873627603054,0.6492132795974612,4.511779630556703,163521,10240641,0,445733422,456139273,649992,347880,302112,653124,252,6.26,10.228379201000001,15.75503693846499,17095152.46958821,25341736.709700443,,,,,48,33,6.32.10,,"{""eff_sum"": 2000393.9393367767, ""eff_hits"": 2075584}"
r3_weakslim_filter_rdf_t1,ok,3,ares,filter,rdf,vector,1,,,ds_x1_slim.root,346825,,0.05653984099626541,2.6144366217777133,0.02066032402217388,0.17895410396158695,2.6916367867961526,14998,1756209,7499,1803937,3584332,492788,347668,145120,493656,99,4.0,0.1784845060000002,0.9973758748685219,1938066.7574656296,,,,,,48,2,6.32.10,,"{""events_passed"": 59946}"
r3_weakslim_chain_rdf-lazy_t1,ok,3,ares,chain,rdf-lazy,vector,1,5,,ds_x1_slim.root,346825,,0.059834158048033714,3.1381775476038456,0.021660986356437206,0.4291447326540947,3.2196726920083165,14998,6168803,7499,8030579,14223568,514352,347752,166600,514352,99,4.78,0.4282022830000001,0.9978038885662981,808177.2269579568,,1,,,,48,2,6.32.10,,"{""events_passed"": 54156, ""intermediate"": null}"
r3_weakslim_eff_jit_t1,ok,3,ares,efficiency,jit,vector,1,,,ds_x1_slim.root,346825,514131,0.3505018958821893,4.11721193511039,0.0012924307957291603,0.45112274028360844,4.469006261788309,22497,10240641,0,13902657,24167484,563212,347972,215240,563212,99,6.0,0.44974181499999943,0.9969389144897887,768804.0726609363,1139669.8815865058,,,,,48,2,6.32.10,,"{""eff_sum"": 62512.31060427427, ""eff_hits"": 64862}"
r3_weakslim_filter_rdf_t2,ok,3,ares,filter,rdf,vector,2,,,ds_x2_slim.root,693650,,0.05667516216635704,2.6192766362801194,0.02052604779601097,0.18464534170925617,2.6964778462424874,18210,1756209,9105,3605436,5390649,496584,347856,148728,497384,101,4.01,0.2805873160000001,1.5196013796102954,3756661.2489592405,,,,,,48,3,6.32.10,,"{""events_passed"": 119892}"
r3_weakslim_chain_rdf-lazy_t2,ok,3,ares,chain,rdf-lazy,vector,2,5,,ds_x2_slim.root,693650,,0.05646144598722458,3.133992708288133,0.020926696248352528,0.44154185988008976,3.2113808505237103,18210,6168803,9105,16049495,22247302,510752,347780,162972,510752,105,4.78,0.733101381,1.6603213593363255,1570972.2294243532,,1,,,,48,3,6.32.10,,"{""events_passed"": 108312, ""intermediate"": null}"
r3_weakslim_eff_jit_t2,ok,3,ares,efficiency,jit,vector,2,,,ds_x2_slim.root,693650,1028262,0.3727372484281659,4.186947383917868,0.001362767070531845,0.5105568403378129,4.561047399416566,27315,10240641,0,27788628,38058273,565420,347684,217736,565420,102,6.18,0.6934688070000004,1.3582597513357428,1358614.6442402818,2014001.0254678882,,,,,48,3,6.32.10,,"{""eff_sum"": 125024.62120854855, ""eff_hits"": 129724}"
r3_weakslim_filter_rdf_t4,ok,3,ares,filter,rdf,vector,4,,,ds_x4_slim.root,1387300,,0.05690796859562397,2.6081490917131305,0.02070289570838213,0.18987587559968233,2.6857599560171366,24430,1756209,12215,7218931,9013474,494432,347876,146688,496080,107,4.0,0.5064561350000005,2.6673011165871765,7306352.087217556,,,,,,48,5,6.32.10,,"{""events_passed"": 239784}"
r3_weakslim_chain_rdf-lazy_t4,ok,3,ares,chain,rdf-lazy,vector,4,5,,ds_x4_slim.root,1387300,,0.06217433325946331,3.1392488945275545,0.021352890878915787,0.47349163703620434,3.2227761186659336,24430,6168803,12215,32101051,38308188,515384,347688,167696,516136,119,4.86,1.4550688449999996,3.0730613408674445,2929935.592281482,,1,,,,48,5,6.32.10,,"{""events_passed"": 216624, ""intermediate"": null}"
r3_weakslim_eff_jit_t4,ok,3,ares,efficiency,jit,vector,4,,,ds_x4_slim.root,1387300,2056524,0.35215897858142853,4.165001321583986,0.0012814095243811607,0.4796409523114562,4.518441709689796,36645,10240641,0,55568482,65847457,563268,347708,215560,563860,110,6.08,1.1155399389999996,2.3257812612206235,2892371.873824387,4287632.217577181,,,,,48,5,6.32.10,,"{""eff_sum"": 250049.2424170971, ""eff_hits"": 259448}"
r3_weakslim_filter_rdf_t8,ok,3,ares,filter,rdf,vector,8,,,ds_x8_slim.root,2774600,,0.0567709906026721,2.61332321818918,0.020828121341764927,0.1947684520855546,2.690922330133617,44370,1756209,22185,14517561,16342014,503184,347848,155336,504324,118,4.0,0.9449847300000003,4.851836731674098,14245633.573045086,,,,,,48,9,6.32.10,,"{""events_passed"": 479568}"
r3_weakslim_chain_rdf-lazy_t8,ok,3,ares,chain,rdf-lazy,vector,8,5,,ds_x8_slim.root,2774600,,0.06009747367352247,3.136184871196747,0.021595140919089317,0.47308328188955784,3.2178774857893586,44370,6168803,22185,64276739,70513786,526104,347684,178420,527552,147,4.82,2.7621794370000003,5.8386748015433705,5864929.297264272,,1,,,,48,9,6.32.10,,"{""events_passed"": 433248, ""intermediate"": null}"
r3_weakslim_eff_jit_t8,ok,3,ares,efficiency,jit,vector,8,,,ds_x8_slim.root,2774600,4113048,0.3849692642688751,4.202408969402313,0.001663966104388237,0.5361284455284476,4.589042199775577,66555,10240641,0,111201730,121510615,574476,347768,226708,576316,123,6.24,2.0554380299999995,3.833853710138451,5175252.3544337405,7671758.576334963,,,,,48,9,6.32.10,,"{""eff_sum"": 500098.4848341942, ""eff_hits"": 518896}"
r3_weakslim_filter_rdf_t16,ok,3,ares,filter,rdf,vector,16,,,ds_x16_slim.root,5549200,,0.056724611669778824,2.588918632827699,0.020701386034488678,0.20400342345237732,2.6663446305319667,61022,1756209,30511,29149210,30998641,510720,347652,163068,512720,142,4.0,1.913328437,9.378903572403278,27201504.298752166,,,,,,48,17,6.32.10,,"{""events_passed"": 959136}"
r3_weakslim_chain_rdf-lazy_t16,ok,3,ares,chain,rdf-lazy,vector,16,5,,ds_x16_slim.root,5549200,,0.05708182882517576,3.1403923043981194,0.021152772940695286,0.5323090059682727,3.2186269061639905,61022,6168803,30511,128655006,134917031,559072,349456,209616,560848,218,4.88,6.3456936399999995,11.921071349257282,10424771.960989047,,1,,,,48,17,6.32.10,,"{""events_passed"": 866496, ""intermediate"": null}"
r3_weakslim_eff_jit_t16,ok,3,ares,efficiency,jit,vector,16,,,ds_x16_slim.root,5549200,8226096,0.351525223813951,4.138664608821273,0.0012941565364599228,0.552521850913763,4.491483989171684,91533,10240641,0,222486767,232820630,596568,348032,248536,597976,163,6.13,4.4943775409999995,8.134298279004131,10043403.696745584,14888272.719704472,,,,,48,17,6.32.10,,"{""eff_sum"": 1000196.9696683884, ""eff_hits"": 1037792}"
r3_weakslim_filter_rdf_t32,ok,3,ares,filter,rdf,vector,32,,,ds_x32_slim.root,11098400,,0.057244799099862576,2.592379710637033,0.021144785918295383,0.25196400098502636,2.670769295655191,109014,1756209,54507,59063798,60985217,538252,347940,190312,540412,217,4.05,5.015381172,19.905149753111168,44047562.17797777,,,,,,48,33,6.32.10,,"{""events_passed"": 1918272}"
r3_weakslim_chain_rdf-lazy_t32,ok,3,ares,chain,rdf-lazy,vector,32,5,,ds_x32_slim.root,11098400,,0.06183713674545288,3.205004731193185,0.021843786351382732,0.574606548063457,3.2886856542900205,109014,6168803,54507,258069090,264403103,595640,347960,247680,600076,350,5.01,13.175362467,22.92936359915093,19314781.631716356,,1,,,,48,33,6.32.10,,"{""events_passed"": 1732992, ""intermediate"": null}"
r3_weakslim_eff_jit_t32,ok,3,ares,efficiency,jit,vector,32,,,ds_x32_slim.root,11098400,16452192,0.3565205065533519,4.167054057121277,0.0012781694531440735,0.5818974943831563,4.524852733127773,163521,10240641,0,445733422,456139273,651668,347880,303788,652944,244,6.21,9.56286773,16.43393866154583,19072775.02846944,28273350.820044756,,,,,48,33,6.32.10,,"{""eff_sum"": 2000393.9393367767, ""eff_hits"": 2075584}"
